﻿osgb4000000074335762,http://data.ordnancesurvey.co.uk/id/4000000074335762,Boddam,,,,populatedPlace,Village,439263.002,1115140.760,18000,250000,437877.580,1114072.639,440612.318,1116219.215,ZE2,http://data.ordnancesurvey.co.uk/id/postcodedistrict/ZE2,,,,,,,Shetland Islands,http://data.ordnancesurvey.co.uk/id/7000000000030514,http://data.ordnancesurvey.co.uk/ontology/admingeo/UnitaryAuthority,Scotland,http://data.ordnancesurvey.co.uk/id/7000000000041429,Scotland,http://data.ordnancesurvey.co.uk/id/country/scotland,,,
osgb4000000074813716,http://data.ordnancesurvey.co.uk/id/4000000074813716,Rerwick,,,,populatedPlace,Hamlet,437570.992,1119570.902,5000,25000,437253.056,1119292.124,437753.056,1119792.124,ZE2,http://data.ordnancesurvey.co.uk/id/postcodedistrict/ZE2,,,,,,,Shetland Islands,http://data.ordnancesurvey.co.uk/id/7000000000030514,http://data.ordnancesurvey.co.uk/ontology/admingeo/UnitaryAuthority,Scotland,http://data.ordnancesurvey.co.uk/id/7000000000041429,Scotland,http://data.ordnancesurvey.co.uk/id/country/scotland,,,
osgb4000000074555370,http://data.ordnancesurvey.co.uk/id/4000000074555370,Scatness,,,,populatedPlace,Village,438916.410,1110239.140,8000,250000,438769.267,1109506.016,439518.248,1110693.427,ZE3,http://data.ordnancesurvey.co.uk/id/postcodedistrict/ZE3,,,,,,,Shetland Islands,http://data.ordnancesurvey.co.uk/id/7000000000030514,http://data.ordnancesurvey.co.uk/ontology/admingeo/UnitaryAuthority,Scotland,http://data.ordnancesurvey.co.uk/id/7000000000041429,Scotland,http://data.ordnancesurvey.co.uk/id/country/scotland,,,
osgb4000000074556503,http://data.ordnancesurvey.co.uk/id/4000000074556503,Noss,,,,populatedPlace,Hamlet,435925.830,1116518.650,5000,25000,435656.956,1116268.324,436156.956,1116768.324,ZE2,http://data.ordnancesurvey.co.uk/id/postcodedistrict/ZE2,,,,,,,Shetland Islands,http://data.ordnancesurvey.co.uk/id/7000000000030514,http://data.ordnancesurvey.co.uk/ontology/admingeo/UnitaryAuthority,Scotland,http://data.ordnancesurvey.co.uk/id/7000000000041429,Scotland,http://data.ordnancesurvey.co.uk/id/country/scotland,,,
osgb4000000074555748,http://data.ordnancesurvey.co.uk/id/4000000074555748,Scousburgh,,,,populatedPlace,Hamlet,437856.280,1118232.990,5000,25000,437564.736,1117752.266,438064.736,1118456.264,ZE2,http://data.ordnancesurvey.co.uk/id/postcodedistrict/ZE2,,,,,,,Shetland Islands,http://data.ordnancesurvey.co.uk/id/7000000000030514,http://data.ordnancesurvey.co.uk/ontology/admingeo/UnitaryAuthority,Scotland,http://data.ordnancesurvey.co.uk/id/7000000000041429,Scotland,http://data.ordnancesurvey.co.uk/id/country/scotland,,,
osgb4000000074555371,http://data.ordnancesurvey.co.uk/id/4000000074555371,North Town,,,,populatedPlace,Suburban Area,439970.943,1112098.496,2000,25000,439697.807,1111769.370,440197.807,1112269.370,ZE3,http://data.ordnancesurvey.co.uk/id/postcodedistrict/ZE3,,,,,,,Shetland Islands,http://data.ordnancesurvey.co.uk/id/7000000000030514,http://data.ordnancesurvey.co.uk/ontology/admingeo/UnitaryAuthority,Scotland,http://data.ordnancesurvey.co.uk/id/7000000000041429,Scotland,http://data.ordnancesurvey.co.uk/id/country/scotland,,,
osgb4000000074555373,http://data.ordnancesurvey.co.uk/id/4000000074555373,Toab,,,,populatedPlace,Village,438840.000,1111751.000,7000,250000,438628.873,1111136.430,439128.873,1112136.603,ZE3,http://data.ordnancesurvey.co.uk/id/postcodedistrict/ZE3,,,,,,,Shetland Islands,http://data.ordnancesurvey.co.uk/id/7000000000030514,http://data.ordnancesurvey.co.uk/ontology/admingeo/UnitaryAuthority,Scotland,http://data.ordnancesurvey.co.uk/id/7000000000041429,Scotland,http://data.ordnancesurvey.co.uk/id/country/scotland,,,http://sws.geonames.org/2635713
osgb4000000074555747,http://data.ordnancesurvey.co.uk/id/4000000074555747,South Scousburgh,,,,populatedPlace,Hamlet,437995.720,1117241.730,5000,25000,437626.221,1116671.655,438204.340,1117571.498,ZE2,http://data.ordnancesurvey.co.uk/id/postcodedistrict/ZE2,,,,,,,Shetland Islands,http://data.ordnancesurvey.co.uk/id/7000000000030514,http://data.ordnancesurvey.co.uk/ontology/admingeo/UnitaryAuthority,Scotland,http://data.ordnancesurvey.co.uk/id/7000000000041429,Scotland,http://data.ordnancesurvey.co.uk/id/country/scotland,,,
osgb4000000074555375,http://data.ordnancesurvey.co.uk/id/4000000074555375,Ringasta,,,,populatedPlace,Suburban Area,437755.559,1114322.367,2000,25000,437586.005,1114112.281,438086.005,1114612.281,ZE2,http://data.ordnancesurvey.co.uk/id/postcodedistrict/ZE2,,,,,,,Shetland Islands,http://data.ordnancesurvey.co.uk/id/7000000000030514,http://data.ordnancesurvey.co.uk/ontology/admingeo/UnitaryAuthority,Scotland,http://data.ordnancesurvey.co.uk/id/7000000000041429,Scotland,http://data.ordnancesurvey.co.uk/id/country/scotland,,,
osgb4000000074556502,http://data.ordnancesurvey.co.uk/id/4000000074556502,Hillwell,,,,populatedPlace,Suburban Area,437373.610,1114099.360,2000,25000,437105.342,1113871.978,437605.342,1114371.978,ZE2,http://data.ordnancesurvey.co.uk/id/postcodedistrict/ZE2,,,,,,,Shetland Islands,http://data.ordnancesurvey.co.uk/id/7000000000030514,http://data.ordnancesurvey.co.uk/ontology/admingeo/UnitaryAuthority,Scotland,http://data.ordnancesurvey.co.uk/id/7000000000041429,Scotland,http://data.ordnancesurvey.co.uk/id/country/scotland,,,
osgb4000000074556501,http://data.ordnancesurvey.co.uk/id/4000000074556501,Gord,,,,populatedPlace,Suburban Area,437138.356,1113899.911,3000,25000,436930.324,1113610.823,437430.324,1114110.823,ZE2,http://data.ordnancesurvey.co.uk/id/postcodedistrict/ZE2,,,,,,,Shetland Islands,http://data.ordnancesurvey.co.uk/id/7000000000030514,http://data.ordnancesurvey.co.uk/ontology/admingeo/UnitaryAuthority,Scotland,http://data.ordnancesurvey.co.uk/id/7000000000041429,Scotland,http://data.ordnancesurvey.co.uk/id/country/scotland,,,
osgb4000000074555374,http://data.ordnancesurvey.co.uk/id/4000000074555374,Hestingott,,,,populatedPlace,Hamlet,438567.862,1112083.591,5000,25000,438354.852,1111850.248,438854.852,1112350.248,ZE3,http://data.ordnancesurvey.co.uk/id/postcodedistrict/ZE3,,,,,,,Shetland Islands,http://data.ordnancesurvey.co.uk/id/7000000000030514,http://data.ordnancesurvey.co.uk/ontology/admingeo/UnitaryAuthority,Scotland,http://data.ordnancesurvey.co.uk/id/7000000000041429,Scotland,http://data.ordnancesurvey.co.uk/id/country/scotland,,,
osgb4000000074555372,http://data.ordnancesurvey.co.uk/id/4000000074555372,Exnaboe,,,,populatedPlace,Other Settlement,439791.136,1111768.569,15000,25000,438918.185,1111264.380,440449.916,1112464.553,ZE3,http://data.ordnancesurvey.co.uk/id/postcodedistrict/ZE3,,,,,,,Shetland Islands,http://data.ordnancesurvey.co.uk/id/7000000000030514,http://data.ordnancesurvey.co.uk/ontology/admingeo/UnitaryAuthority,Scotland,http://data.ordnancesurvey.co.uk/id/7000000000041429,Scotland,http://data.ordnancesurvey.co.uk/id/country/scotland,,,
osgb4000000074541575,http://data.ordnancesurvey.co.uk/id/4000000074541575,Quendale,,,,populatedPlace,Other Settlement,437316.000,1114069.000,15000,25000,436921.262,1113005.273,438013.310,1114696.501,ZE2,http://data.ordnancesurvey.co.uk/id/postcodedistrict/ZE2,,,,,,,Shetland Islands,http://data.ordnancesurvey.co.uk/id/7000000000030514,http://data.ordnancesurvey.co.uk/ontology/admingeo/UnitaryAuthority,Scotland,http://data.ordnancesurvey.co.uk/id/7000000000041429,Scotland,http://data.ordnancesurvey.co.uk/id/country/scotland,,,
osgb4000000074540917,http://data.ordnancesurvey.co.uk/id/4000000074540917,Skelberry,,,,populatedPlace,Other Settlement,439109.299,1116404.046,15000,25000,438813.678,1116183.077,439313.678,1116683.077,ZE2,http://data.ordnancesurvey.co.uk/id/postcodedistrict/ZE2,,,,,,,Shetland Islands,http://data.ordnancesurvey.co.uk/id/7000000000030514,http://data.ordnancesurvey.co.uk/ontology/admingeo/UnitaryAuthority,Scotland,http://data.ordnancesurvey.co.uk/id/7000000000041429,Scotland,http://data.ordnancesurvey.co.uk/id/country/scotland,,,
ZE39JS,http://data.ordnancesurvey.co.uk/id/postcodeunit/ZE39JS,ZE3 9JS,,,,other,Postcode,439599.000,1111933.000,3500,18000,,,,,,,Exnaboe,http://data.ordnancesurvey.co.uk/id/4000000074555372,http://www.ordnancesurvey.co.uk/xml/codelists/localtype.xml#otherSettlement,,,,Shetland Islands,http://data.ordnancesurvey.co.uk/id/7000000000030514,http://data.ordnancesurvey.co.uk/ontology/admingeo/UnitaryAuthority,Scotland,http://data.ordnancesurvey.co.uk/id/7000000000041429,Scotland,http://data.ordnancesurvey.co.uk/id/country/scotland,,,
ZE39JZ,http://data.ordnancesurvey.co.uk/id/postcodeunit/ZE39JZ,ZE3 9JZ,,,,other,Postcode,438662.000,1112122.000,3500,18000,,,,,,,Hestingott,http://data.ordnancesurvey.co.uk/id/4000000074555374,http://www.ordnancesurvey.co.uk/xml/codelists/localtype.xml#hamlet,,,,Shetland Islands,http://data.ordnancesurvey.co.uk/id/7000000000030514,http://data.ordnancesurvey.co.uk/ontology/admingeo/UnitaryAuthority,Scotland,http://data.ordnancesurvey.co.uk/id/7000000000041429,Scotland,http://data.ordnancesurvey.co.uk/id/country/scotland,,,
ZE39JT,http://data.ordnancesurvey.co.uk/id/postcodeunit/ZE39JT,ZE3 9JT,,,,other,Postcode,438916.000,1109922.000,3500,18000,,,,,,,Scatness,http://data.ordnancesurvey.co.uk/id/4000000074555370,http://www.ordnancesurvey.co.uk/xml/codelists/localtype.xml#village,,,,Shetland Islands,http://data.ordnancesurvey.co.uk/id/7000000000030514,http://data.ordnancesurvey.co.uk/ontology/admingeo/UnitaryAuthority,Scotland,http://data.ordnancesurvey.co.uk/id/7000000000041429,Scotland,http://data.ordnancesurvey.co.uk/id/country/scotland,,,
ZE29JG,http://data.ordnancesurvey.co.uk/id/postcodeunit/ZE29JG,ZE2 9JG,,,,other,Postcode,439766.000,1114789.000,3500,18000,,,,,,,Boddam,http://data.ordnancesurvey.co.uk/id/4000000074335762,http://www.ordnancesurvey.co.uk/xml/codelists/localtype.xml#village,,,,Shetland Islands,http://data.ordnancesurvey.co.uk/id/7000000000030514,http://data.ordnancesurvey.co.uk/ontology/admingeo/UnitaryAuthority,Scotland,http://data.ordnancesurvey.co.uk/id/7000000000041429,Scotland,http://data.ordnancesurvey.co.uk/id/country/scotland,,,
ZE29JH,http://data.ordnancesurvey.co.uk/id/postcodeunit/ZE29JH,ZE2 9JH,,,,other,Postcode,438554.000,1116708.000,3500,18000,,,,,,,,,,,,,Shetland Islands,http://data.ordnancesurvey.co.uk/id/7000000000030514,http://data.ordnancesurvey.co.uk/ontology/admingeo/UnitaryAuthority,Scotland,http://data.ordnancesurvey.co.uk/id/7000000000041429,Scotland,http://data.ordnancesurvey.co.uk/id/country/scotland,,,
ZE29JB,http://data.ordnancesurvey.co.uk/id/postcodeunit/ZE29JB,ZE2 9JB,,,,other,Postcode,438790.000,1115078.000,3500,18000,,,,,,,,,,,,,Shetland Islands,http://data.ordnancesurvey.co.uk/id/7000000000030514,http://data.ordnancesurvey.co.uk/ontology/admingeo/UnitaryAuthority,Scotland,http://data.ordnancesurvey.co.uk/id/7000000000041429,Scotland,http://data.ordnancesurvey.co.uk/id/country/scotland,,,
ZE39JL,http://data.ordnancesurvey.co.uk/id/postcodeunit/ZE39JL,ZE3 9JL,,,,other,Postcode,438892.000,1111459.000,3500,18000,,,,,,,Toab,http://data.ordnancesurvey.co.uk/id/4000000074555373,http://www.ordnancesurvey.co.uk/xml/codelists/localtype.xml#village,,,,Shetland Islands,http://data.ordnancesurvey.co.uk/id/7000000000030514,http://data.ordnancesurvey.co.uk/ontology/admingeo/UnitaryAuthority,Scotland,http://data.ordnancesurvey.co.uk/id/7000000000041429,Scotland,http://data.ordnancesurvey.co.uk/id/country/scotland,,,
ZE29JR,http://data.ordnancesurvey.co.uk/id/postcodeunit/ZE29JR,ZE2 9JR,,,,other,Postcode,439573.000,1115460.000,3500,18000,,,,,,,Boddam,http://data.ordnancesurvey.co.uk/id/4000000074335762,http://www.ordnancesurvey.co.uk/xml/codelists/localtype.xml#village,,,,Shetland Islands,http://data.ordnancesurvey.co.uk/id/7000000000030514,http://data.ordnancesurvey.co.uk/ontology/admingeo/UnitaryAuthority,Scotland,http://data.ordnancesurvey.co.uk/id/7000000000041429,Scotland,http://data.ordnancesurvey.co.uk/id/country/scotland,,,
ZE29JD,http://data.ordnancesurvey.co.uk/id/postcodeunit/ZE29JD,ZE2 9JD,,,,other,Postcode,437380.000,1114202.000,3500,18000,,,,,,,Quendale,http://data.ordnancesurvey.co.uk/id/4000000074541575,http://www.ordnancesurvey.co.uk/xml/codelists/localtype.xml#otherSettlement,,,,Shetland Islands,http://data.ordnancesurvey.co.uk/id/7000000000030514,http://data.ordnancesurvey.co.uk/ontology/admingeo/UnitaryAuthority,Scotland,http://data.ordnancesurvey.co.uk/id/7000000000041429,Scotland,http://data.ordnancesurvey.co.uk/id/country/scotland,,,
ZE39JU,http://data.ordnancesurvey.co.uk/id/postcodeunit/ZE39JU,ZE3 9JU,,,,other,Postcode,438872.000,1111807.000,3500,18000,,,,,,,Toab,http://data.ordnancesurvey.co.uk/id/4000000074555373,http://www.ordnancesurvey.co.uk/xml/codelists/localtype.xml#village,,,,Shetland Islands,http://data.ordnancesurvey.co.uk/id/7000000000030514,http://data.ordnancesurvey.co.uk/ontology/admingeo/UnitaryAuthority,Scotland,http://data.ordnancesurvey.co.uk/id/7000000000041429,Scotland,http://data.ordnancesurvey.co.uk/id/country/scotland,,,
ZE39JP,http://data.ordnancesurvey.co.uk/id/postcodeunit/ZE39JP,ZE3 9JP,,,,other,Postcode,439324.000,1110386.000,3500,18000,,,,,,,Scatness,http://data.ordnancesurvey.co.uk/id/4000000074555370,http://www.ordnancesurvey.co.uk/xml/codelists/localtype.xml#village,,,,Shetland Islands,http://data.ordnancesurvey.co.uk/id/7000000000030514,http://data.ordnancesurvey.co.uk/ontology/admingeo/UnitaryAuthority,Scotland,http://data.ordnancesurvey.co.uk/id/7000000000041429,Scotland,http://data.ordnancesurvey.co.uk/id/country/scotland,,,
ZE29JW,http://data.ordnancesurvey.co.uk/id/postcodeunit/ZE29JW,ZE2 9JW,,,,other,Postcode,439399.000,1115480.000,3500,18000,,,,,,,Boddam,http://data.ordnancesurvey.co.uk/id/4000000074335762,http://www.ordnancesurvey.co.uk/xml/codelists/localtype.xml#village,,,,Shetland Islands,http://data.ordnancesurvey.co.uk/id/7000000000030514,http://data.ordnancesurvey.co.uk/ontology/admingeo/UnitaryAuthority,Scotland,http://data.ordnancesurvey.co.uk/id/7000000000041429,Scotland,http://data.ordnancesurvey.co.uk/id/country/scotland,,,
ZE39JW,http://data.ordnancesurvey.co.uk/id/postcodeunit/ZE39JW,ZE3 9JW,,,,other,Postcode,438975.000,1110038.000,3500,18000,,,,,,,Scatness,http://data.ordnancesurvey.co.uk/id/4000000074555370,http://www.ordnancesurvey.co.uk/xml/codelists/localtype.xml#village,,,,Shetland Islands,http://data.ordnancesurvey.co.uk/id/7000000000030514,http://data.ordnancesurvey.co.uk/ontology/admingeo/UnitaryAuthority,Scotland,http://data.ordnancesurvey.co.uk/id/7000000000041429,Scotland,http://data.ordnancesurvey.co.uk/id/country/scotland,,,
ZE39JJ,http://data.ordnancesurvey.co.uk/id/postcodeunit/ZE39JJ,ZE3 9JJ,,,,other,Postcode,438851.000,1111529.000,3500,18000,,,,,,,Toab,http://data.ordnancesurvey.co.uk/id/4000000074555373,http://www.ordnancesurvey.co.uk/xml/codelists/localtype.xml#village,,,,Shetland Islands,http://data.ordnancesurvey.co.uk/id/7000000000030514,http://data.ordnancesurvey.co.uk/ontology/admingeo/UnitaryAuthority,Scotland,http://data.ordnancesurvey.co.uk/id/7000000000041429,Scotland,http://data.ordnancesurvey.co.uk/id/country/scotland,,,
ZE29GB,http://data.ordnancesurvey.co.uk/id/postcodeunit/ZE29GB,ZE2 9GB,,,,other,Postcode,438418.000,1114797.000,3500,18000,,,,,,,Boddam,http://data.ordnancesurvey.co.uk/id/4000000074335762,http://www.ordnancesurvey.co.uk/xml/codelists/localtype.xml#village,,,,Shetland Islands,http://data.ordnancesurvey.co.uk/id/7000000000030514,http://data.ordnancesurvey.co.uk/ontology/admingeo/UnitaryAuthority,Scotland,http://data.ordnancesurvey.co.uk/id/7000000000041429,Scotland,http://data.ordnancesurvey.co.uk/id/country/scotland,,,
ZE39JX,http://data.ordnancesurvey.co.uk/id/postcodeunit/ZE39JX,ZE3 9JX,,,,other,Postcode,438872.000,1110219.000,3500,18000,,,,,,,Scatness,http://data.ordnancesurvey.co.uk/id/4000000074555370,http://www.ordnancesurvey.co.uk/xml/codelists/localtype.xml#village,,,,Shetland Islands,http://data.ordnancesurvey.co.uk/id/7000000000030514,http://data.ordnancesurvey.co.uk/ontology/admingeo/UnitaryAuthority,Scotland,http://data.ordnancesurvey.co.uk/id/7000000000041429,Scotland,http://data.ordnancesurvey.co.uk/id/country/scotland,,,
ZE39JR,http://data.ordnancesurvey.co.uk/id/postcodeunit/ZE39JR,ZE3 9JR,,,,other,Postcode,438625.000,1112054.000,3500,18000,,,,,,,Hestingott,http://data.ordnancesurvey.co.uk/id/4000000074555374,http://www.ordnancesurvey.co.uk/xml/codelists/localtype.xml#hamlet,,,,Shetland Islands,http://data.ordnancesurvey.co.uk/id/7000000000030514,http://data.ordnancesurvey.co.uk/ontology/admingeo/UnitaryAuthority,Scotland,http://data.ordnancesurvey.co.uk/id/7000000000041429,Scotland,http://data.ordnancesurvey.co.uk/id/country/scotland,,,
osgb4000000003222290,http://data.ordnancesurvey.co.uk/id/4000000003222290,Sanblister Place,,,,transportNetwork,Named Road,438918.577,1110254.755,1000,20000,438906.412,1110159.819,438930.000,1110354.000,ZE3,http://data.ordnancesurvey.co.uk/id/postcodedistrict/ZE3,Scatness,http://data.ordnancesurvey.co.uk/id/4000000074555370,http://www.ordnancesurvey.co.uk/xml/codelists/localtype.xml#village,,,,Shetland Islands,http://data.ordnancesurvey.co.uk/id/7000000000030514,http://data.ordnancesurvey.co.uk/ontology/admingeo/UnitaryAuthority,Scotland,http://data.ordnancesurvey.co.uk/id/7000000000041429,Scotland,http://data.ordnancesurvey.co.uk/id/country/scotland,,,
osgb5000005132382168,http://data.ordnancesurvey.co.uk/id/5000005132382168,Millpund,,,,transportNetwork,Named Road,439321.000,1115397.000,1000,20000,439299.000,1115388.652,439368.955,1115432.308,ZE2,http://data.ordnancesurvey.co.uk/id/postcodedistrict/ZE2,Boddam,http://data.ordnancesurvey.co.uk/id/4000000074335762,http://www.ordnancesurvey.co.uk/xml/codelists/localtype.xml#village,,,,Shetland Islands,http://data.ordnancesurvey.co.uk/id/7000000000030514,http://data.ordnancesurvey.co.uk/ontology/admingeo/UnitaryAuthority,Scotland,http://data.ordnancesurvey.co.uk/id/7000000000041429,Scotland,http://data.ordnancesurvey.co.uk/id/country/scotland,,,
osgb5000005132382170,http://data.ordnancesurvey.co.uk/id/5000005132382170,Turniebrae,,,,transportNetwork,Named Road,439368.000,1115486.000,1000,20000,439322.000,1115450.628,439406.516,1115519.114,ZE2,http://data.ordnancesurvey.co.uk/id/postcodedistrict/ZE2,Boddam,http://data.ordnancesurvey.co.uk/id/4000000074335762,http://www.ordnancesurvey.co.uk/xml/codelists/localtype.xml#village,,,,Shetland Islands,http://data.ordnancesurvey.co.uk/id/7000000000030514,http://data.ordnancesurvey.co.uk/ontology/admingeo/UnitaryAuthority,Scotland,http://data.ordnancesurvey.co.uk/id/7000000000041429,Scotland,http://data.ordnancesurvey.co.uk/id/country/scotland,,,
osgb4000000003222458,http://data.ordnancesurvey.co.uk/id/4000000003222458,B9122,,,,transportNetwork,Numbered Road,437820.000,1119537.000,42000,250000,437581.000,1116199.000,439965.000,1122657.000,ZE2,http://data.ordnancesurvey.co.uk/id/postcodedistrict/ZE2,,,,,,,Shetland Islands,http://data.ordnancesurvey.co.uk/id/7000000000030514,http://data.ordnancesurvey.co.uk/ontology/admingeo/UnitaryAuthority,Scotland,http://data.ordnancesurvey.co.uk/id/7000000000041429,Scotland,http://data.ordnancesurvey.co.uk/id/country/scotland,,,
osgb4000000003225212,http://data.ordnancesurvey.co.uk/id/4000000003225212,Hillock,,,,transportNetwork,Named Road,439566.000,1115426.000,1000,20000,439537.049,1115400.000,439654.000,1115464.093,ZE2,http://data.ordnancesurvey.co.uk/id/postcodedistrict/ZE2,Boddam,http://data.ordnancesurvey.co.uk/id/4000000074335762,http://www.ordnancesurvey.co.uk/xml/codelists/localtype.xml#village,,,,Shetland Islands,http://data.ordnancesurvey.co.uk/id/7000000000030514,http://data.ordnancesurvey.co.uk/ontology/admingeo/UnitaryAuthority,Scotland,http://data.ordnancesurvey.co.uk/id/7000000000041429,Scotland,http://data.ordnancesurvey.co.uk/id/country/scotland,,,
osgb4000000003222359,http://data.ordnancesurvey.co.uk/id/4000000003222359,Thistle Court,,,,transportNetwork,Named Road,438639.000,1112107.000,1000,20000,438590.000,1112066.000,438719.000,1112164.000,ZE3,http://data.ordnancesurvey.co.uk/id/postcodedistrict/ZE3,Hestingott,http://data.ordnancesurvey.co.uk/id/4000000074555374,http://www.ordnancesurvey.co.uk/xml/codelists/localtype.xml#hamlet,,,,Shetland Islands,http://data.ordnancesurvey.co.uk/id/7000000000030514,http://data.ordnancesurvey.co.uk/ontology/admingeo/UnitaryAuthority,Scotland,http://data.ordnancesurvey.co.uk/id/7000000000041429,Scotland,http://data.ordnancesurvey.co.uk/id/country/scotland,,,
osgb4000000003222292,http://data.ordnancesurvey.co.uk/id/4000000003222292,Dale Park,,,,transportNetwork,Named Road,438093.000,1116864.000,1000,20000,438013.994,1116846.107,438159.000,1116916.000,ZE2,http://data.ordnancesurvey.co.uk/id/postcodedistrict/ZE2,South Scousburgh,http://data.ordnancesurvey.co.uk/id/4000000074555747,http://www.ordnancesurvey.co.uk/xml/codelists/localtype.xml#hamlet,,,,Shetland Islands,http://data.ordnancesurvey.co.uk/id/7000000000030514,http://data.ordnancesurvey.co.uk/ontology/admingeo/UnitaryAuthority,Scotland,http://data.ordnancesurvey.co.uk/id/7000000000041429,Scotland,http://data.ordnancesurvey.co.uk/id/country/scotland,,,
osgb4000000003222291,http://data.ordnancesurvey.co.uk/id/4000000003222291,Ninian Drive,,,,transportNetwork,Named Road,438510.000,1112055.000,1000,20000,438445.400,1112011.600,438588.293,1112087.000,ZE3,http://data.ordnancesurvey.co.uk/id/postcodedistrict/ZE3,Hestingott,http://data.ordnancesurvey.co.uk/id/4000000074555374,http://www.ordnancesurvey.co.uk/xml/codelists/localtype.xml#hamlet,,,,Shetland Islands,http://data.ordnancesurvey.co.uk/id/7000000000030514,http://data.ordnancesurvey.co.uk/ontology/admingeo/UnitaryAuthority,Scotland,http://data.ordnancesurvey.co.uk/id/7000000000041429,Scotland,http://data.ordnancesurvey.co.uk/id/country/scotland,,,
osgb4000000003222360,http://data.ordnancesurvey.co.uk/id/4000000003222360,Hardbrakes Place,,,,transportNetwork,Named Road,438407.722,1114781.983,1000,20000,438368.614,1114730.346,438441.000,1114843.000,ZE2,http://data.ordnancesurvey.co.uk/id/postcodedistrict/ZE2,Boddam,http://data.ordnancesurvey.co.uk/id/4000000074335762,http://www.ordnancesurvey.co.uk/xml/codelists/localtype.xml#village,,,,Shetland Islands,http://data.ordnancesurvey.co.uk/id/7000000000030514,http://data.ordnancesurvey.co.uk/ontology/admingeo/UnitaryAuthority,Scotland,http://data.ordnancesurvey.co.uk/id/7000000000041429,Scotland,http://data.ordnancesurvey.co.uk/id/country/scotland,,,
ZE29JE,http://data.ordnancesurvey.co.uk/id/postcodeunit/ZE29JE,ZE2 9JE,,,,other,Postcode,437674.000,1117312.000,3500,18000,,,,,,,South Scousburgh,http://data.ordnancesurvey.co.uk/id/4000000074555747,http://www.ordnancesurvey.co.uk/xml/codelists/localtype.xml#hamlet,,,,Shetland Islands,http://data.ordnancesurvey.co.uk/id/7000000000030514,http://data.ordnancesurvey.co.uk/ontology/admingeo/UnitaryAuthority,Scotland,http://data.ordnancesurvey.co.uk/id/7000000000041429,Scotland,http://data.ordnancesurvey.co.uk/id/country/scotland,,,
ZE39JY,http://data.ordnancesurvey.co.uk/id/postcodeunit/ZE39JY,ZE3 9JY,,,,other,Postcode,438498.000,1112029.000,3500,18000,,,,,,,Hestingott,http://data.ordnancesurvey.co.uk/id/4000000074555374,http://www.ordnancesurvey.co.uk/xml/codelists/localtype.xml#hamlet,,,,Shetland Islands,http://data.ordnancesurvey.co.uk/id/7000000000030514,http://data.ordnancesurvey.co.uk/ontology/admingeo/UnitaryAuthority,Scotland,http://data.ordnancesurvey.co.uk/id/7000000000041429,Scotland,http://data.ordnancesurvey.co.uk/id/country/scotland,,,
osgb4000000003223628,http://data.ordnancesurvey.co.uk/id/4000000003223628,Horseshoe Close,,,,transportNetwork,Named Road,438859.000,1111800.000,1000,20000,438770.069,1111737.000,438975.000,1111868.881,ZE3,http://data.ordnancesurvey.co.uk/id/postcodedistrict/ZE3,Toab,http://data.ordnancesurvey.co.uk/id/4000000074555373,http://www.ordnancesurvey.co.uk/xml/codelists/localtype.xml#village,,,,Shetland Islands,http://data.ordnancesurvey.co.uk/id/7000000000030514,http://data.ordnancesurvey.co.uk/ontology/admingeo/UnitaryAuthority,Scotland,http://data.ordnancesurvey.co.uk/id/7000000000041429,Scotland,http://data.ordnancesurvey.co.uk/id/country/scotland,,,
