﻿osgb4000000074557243,http://data.ordnancesurvey.co.uk/id/4000000074557243,Hamnavoe,,,,populatedPlace,Village,437689.000,1135477.000,11000,250000,436762.295,1134598.614,438141.372,1136224.618,ZE2,http://data.ordnancesurvey.co.uk/id/postcodedistrict/ZE2,,,,,,,Shetland Islands,http://data.ordnancesurvey.co.uk/id/7000000000030514,http://data.ordnancesurvey.co.uk/ontology/admingeo/UnitaryAuthority,Scotland,http://data.ordnancesurvey.co.uk/id/7000000000041429,Scotland,http://data.ordnancesurvey.co.uk/id/country/scotland,,,
osgb4000000074556881,http://data.ordnancesurvey.co.uk/id/4000000074556881,Toogs,,,,populatedPlace,Hamlet,437329.590,1133736.090,5000,25000,437110.962,1133493.840,437668.972,1134051.430,ZE2,http://data.ordnancesurvey.co.uk/id/postcodedistrict/ZE2,,,,,,,Shetland Islands,http://data.ordnancesurvey.co.uk/id/7000000000030514,http://data.ordnancesurvey.co.uk/ontology/admingeo/UnitaryAuthority,Scotland,http://data.ordnancesurvey.co.uk/id/7000000000041429,Scotland,http://data.ordnancesurvey.co.uk/id/country/scotland,,,
osgb4000000074555749,http://data.ordnancesurvey.co.uk/id/4000000074555749,Cannygates,,,,populatedPlace,Hamlet,438483.000,1121429.000,5000,25000,438250.936,1121145.765,438750.936,1121935.019,ZE2,http://data.ordnancesurvey.co.uk/id/postcodedistrict/ZE2,,,,,,,Shetland Islands,http://data.ordnancesurvey.co.uk/id/7000000000030514,http://data.ordnancesurvey.co.uk/ontology/admingeo/UnitaryAuthority,Scotland,http://data.ordnancesurvey.co.uk/id/7000000000041429,Scotland,http://data.ordnancesurvey.co.uk/id/country/scotland,,,
osgb4000000074556875,http://data.ordnancesurvey.co.uk/id/4000000074556875,Houss,,,,populatedPlace,Hamlet,437755.370,1131448.800,5000,25000,437333.508,1131000.404,437833.508,1131548.357,ZE2,http://data.ordnancesurvey.co.uk/id/postcodedistrict/ZE2,,,,,,,Shetland Islands,http://data.ordnancesurvey.co.uk/id/7000000000030514,http://data.ordnancesurvey.co.uk/ontology/admingeo/UnitaryAuthority,Scotland,http://data.ordnancesurvey.co.uk/id/7000000000041429,Scotland,http://data.ordnancesurvey.co.uk/id/country/scotland,,,
osgb4000000074335820,http://data.ordnancesurvey.co.uk/id/4000000074335820,Bridge End,,,,populatedPlace,Village,437024.170,1133080.450,7000,250000,436477.544,1132749.833,437563.402,1133388.270,ZE2,http://data.ordnancesurvey.co.uk/id/postcodedistrict/ZE2,,,,,,,Shetland Islands,http://data.ordnancesurvey.co.uk/id/7000000000030514,http://data.ordnancesurvey.co.uk/ontology/admingeo/UnitaryAuthority,Scotland,http://data.ordnancesurvey.co.uk/id/7000000000041429,Scotland,http://data.ordnancesurvey.co.uk/id/country/scotland,,,
osgb4000000074556136,http://data.ordnancesurvey.co.uk/id/4000000074556136,Ireland,,,,populatedPlace,Hamlet,437706.060,1122036.490,5000,25000,437450.271,1121809.345,438103.800,1122729.301,ZE2,http://data.ordnancesurvey.co.uk/id/postcodedistrict/ZE2,,,,,,,Shetland Islands,http://data.ordnancesurvey.co.uk/id/7000000000030514,http://data.ordnancesurvey.co.uk/ontology/admingeo/UnitaryAuthority,Scotland,http://data.ordnancesurvey.co.uk/id/7000000000041429,Scotland,http://data.ordnancesurvey.co.uk/id/country/scotland,,,
osgb4000000074557990,http://data.ordnancesurvey.co.uk/id/4000000074557990,Cauldhame,,,,populatedPlace,Hamlet,439761.000,1138300.000,5000,25000,439371.354,1138060.363,440051.580,1138577.515,ZE1,http://data.ordnancesurvey.co.uk/id/postcodedistrict/ZE1,,,,,,,Shetland Islands,http://data.ordnancesurvey.co.uk/id/7000000000030514,http://data.ordnancesurvey.co.uk/ontology/admingeo/UnitaryAuthority,Scotland,http://data.ordnancesurvey.co.uk/id/7000000000041429,Scotland,http://data.ordnancesurvey.co.uk/id/country/scotland,,,
osgb4000000074556880,http://data.ordnancesurvey.co.uk/id/4000000074556880,Papil,,,,populatedPlace,Hamlet,436856.310,1131777.290,5000,25000,436637.253,1131256.780,437137.253,1131985.712,ZE2,http://data.ordnancesurvey.co.uk/id/postcodedistrict/ZE2,,,,,,,Shetland Islands,http://data.ordnancesurvey.co.uk/id/7000000000030514,http://data.ordnancesurvey.co.uk/ontology/admingeo/UnitaryAuthority,Scotland,http://data.ordnancesurvey.co.uk/id/7000000000041429,Scotland,http://data.ordnancesurvey.co.uk/id/country/scotland,,,
osgb4000000074541539,http://data.ordnancesurvey.co.uk/id/4000000074541539,Runn,,,,populatedPlace,Hamlet,438370.960,1122436.380,5000,25000,438145.366,1122131.073,438645.366,1122764.491,ZE2,http://data.ordnancesurvey.co.uk/id/postcodedistrict/ZE2,,,,,,,Shetland Islands,http://data.ordnancesurvey.co.uk/id/7000000000030514,http://data.ordnancesurvey.co.uk/ontology/admingeo/UnitaryAuthority,Scotland,http://data.ordnancesurvey.co.uk/id/7000000000041429,Scotland,http://data.ordnancesurvey.co.uk/id/country/scotland,,,
osgb4000000074335757,http://data.ordnancesurvey.co.uk/id/4000000074335757,Duncansclett,,,,populatedPlace,Hamlet,436843.254,1131147.988,5000,25000,436466.333,1130788.103,436966.333,1131288.103,ZE2,http://data.ordnancesurvey.co.uk/id/postcodedistrict/ZE2,,,,,,,Shetland Islands,http://data.ordnancesurvey.co.uk/id/7000000000030514,http://data.ordnancesurvey.co.uk/ontology/admingeo/UnitaryAuthority,Scotland,http://data.ordnancesurvey.co.uk/id/7000000000041429,Scotland,http://data.ordnancesurvey.co.uk/id/country/scotland,,,
osgb4000000074579210,http://data.ordnancesurvey.co.uk/id/4000000074579210,Grunasound,,,,populatedPlace,Hamlet,437250.720,1133313.810,5000,25000,436965.535,1133177.364,437465.535,1133677.364,ZE2,http://data.ordnancesurvey.co.uk/id/postcodedistrict/ZE2,,,,,,,Shetland Islands,http://data.ordnancesurvey.co.uk/id/7000000000030514,http://data.ordnancesurvey.co.uk/ontology/admingeo/UnitaryAuthority,Scotland,http://data.ordnancesurvey.co.uk/id/7000000000041429,Scotland,http://data.ordnancesurvey.co.uk/id/country/scotland,,,
osgb4000000074555750,http://data.ordnancesurvey.co.uk/id/4000000074555750,Bigton,,,,populatedPlace,Village,437931.810,1121303.580,4000,250000,437650.196,1120909.492,438150.196,1121507.711,ZE2,http://data.ordnancesurvey.co.uk/id/postcodedistrict/ZE2,,,,,,,Shetland Islands,http://data.ordnancesurvey.co.uk/id/7000000000030514,http://data.ordnancesurvey.co.uk/ontology/admingeo/UnitaryAuthority,Scotland,http://data.ordnancesurvey.co.uk/id/7000000000041429,Scotland,http://data.ordnancesurvey.co.uk/id/country/scotland,,,
osgb4000000074336836,http://data.ordnancesurvey.co.uk/id/4000000074336836,Freefield,,,,populatedPlace,Hamlet,437064.670,1133050.260,5000,25000,436862.653,1132837.916,437362.653,1133337.916,ZE2,http://data.ordnancesurvey.co.uk/id/postcodedistrict/ZE2,,,,,,,Shetland Islands,http://data.ordnancesurvey.co.uk/id/7000000000030514,http://data.ordnancesurvey.co.uk/ontology/admingeo/UnitaryAuthority,Scotland,http://data.ordnancesurvey.co.uk/id/7000000000041429,Scotland,http://data.ordnancesurvey.co.uk/id/country/scotland,,,
ZE29LA,http://data.ordnancesurvey.co.uk/id/postcodeunit/ZE29LA,ZE2 9LA,,,,other,Postcode,437088.000,1135781.000,3500,18000,,,,,,,Hamnavoe,http://data.ordnancesurvey.co.uk/id/4000000074557243,http://www.ordnancesurvey.co.uk/xml/codelists/localtype.xml#village,,,,Shetland Islands,http://data.ordnancesurvey.co.uk/id/7000000000030514,http://data.ordnancesurvey.co.uk/ontology/admingeo/UnitaryAuthority,Scotland,http://data.ordnancesurvey.co.uk/id/7000000000041429,Scotland,http://data.ordnancesurvey.co.uk/id/country/scotland,,,
ZE29JT,http://data.ordnancesurvey.co.uk/id/postcodeunit/ZE29JT,ZE2 9JT,,,,other,Postcode,437580.000,1133803.000,3500,18000,,,,,,,Toogs,http://data.ordnancesurvey.co.uk/id/4000000074556881,http://www.ordnancesurvey.co.uk/xml/codelists/localtype.xml#hamlet,,,,Shetland Islands,http://data.ordnancesurvey.co.uk/id/7000000000030514,http://data.ordnancesurvey.co.uk/ontology/admingeo/UnitaryAuthority,Scotland,http://data.ordnancesurvey.co.uk/id/7000000000041429,Scotland,http://data.ordnancesurvey.co.uk/id/country/scotland,,,
ZE29JA,http://data.ordnancesurvey.co.uk/id/postcodeunit/ZE29JA,ZE2 9JA,,,,other,Postcode,438002.000,1121445.000,3500,18000,,,,,,,Bigton,http://data.ordnancesurvey.co.uk/id/4000000074555750,http://www.ordnancesurvey.co.uk/xml/codelists/localtype.xml#village,,,,Shetland Islands,http://data.ordnancesurvey.co.uk/id/7000000000030514,http://data.ordnancesurvey.co.uk/ontology/admingeo/UnitaryAuthority,Scotland,http://data.ordnancesurvey.co.uk/id/7000000000041429,Scotland,http://data.ordnancesurvey.co.uk/id/country/scotland,,,
ZE29JZ,http://data.ordnancesurvey.co.uk/id/postcodeunit/ZE29JZ,ZE2 9JZ,,,,other,Postcode,437072.000,1136013.000,3500,18000,,,,,,,Hamnavoe,http://data.ordnancesurvey.co.uk/id/4000000074557243,http://www.ordnancesurvey.co.uk/xml/codelists/localtype.xml#village,,,,Shetland Islands,http://data.ordnancesurvey.co.uk/id/7000000000030514,http://data.ordnancesurvey.co.uk/ontology/admingeo/UnitaryAuthority,Scotland,http://data.ordnancesurvey.co.uk/id/7000000000041429,Scotland,http://data.ordnancesurvey.co.uk/id/country/scotland,,,
ZE10XB,http://data.ordnancesurvey.co.uk/id/postcodeunit/ZE10XB,ZE1 0XB,,,,other,Postcode,439965.000,1139456.000,3500,18000,,,,,,,Scalloway,http://data.ordnancesurvey.co.uk/id/4000000074557991,http://www.ordnancesurvey.co.uk/xml/codelists/localtype.xml#village,,,,Shetland Islands,http://data.ordnancesurvey.co.uk/id/7000000000030514,http://data.ordnancesurvey.co.uk/ontology/admingeo/UnitaryAuthority,Scotland,http://data.ordnancesurvey.co.uk/id/7000000000041429,Scotland,http://data.ordnancesurvey.co.uk/id/country/scotland,,,
ZE10UN,http://data.ordnancesurvey.co.uk/id/postcodeunit/ZE10UN,ZE1 0UN,,,,other,Postcode,439712.000,1138965.000,3500,18000,,,,,,,Scalloway,http://data.ordnancesurvey.co.uk/id/4000000074557991,http://www.ordnancesurvey.co.uk/xml/codelists/localtype.xml#village,,,,Shetland Islands,http://data.ordnancesurvey.co.uk/id/7000000000030514,http://data.ordnancesurvey.co.uk/ontology/admingeo/UnitaryAuthority,Scotland,http://data.ordnancesurvey.co.uk/id/7000000000041429,Scotland,http://data.ordnancesurvey.co.uk/id/country/scotland,,,
ZE29JF,http://data.ordnancesurvey.co.uk/id/postcodeunit/ZE29JF,ZE2 9JF,,,,other,Postcode,438509.000,1121581.000,3500,18000,,,,,,,Cannygates,http://data.ordnancesurvey.co.uk/id/4000000074555749,http://www.ordnancesurvey.co.uk/xml/codelists/localtype.xml#hamlet,,,,Shetland Islands,http://data.ordnancesurvey.co.uk/id/7000000000030514,http://data.ordnancesurvey.co.uk/ontology/admingeo/UnitaryAuthority,Scotland,http://data.ordnancesurvey.co.uk/id/7000000000041429,Scotland,http://data.ordnancesurvey.co.uk/id/country/scotland,,,
ZE29GA,http://data.ordnancesurvey.co.uk/id/postcodeunit/ZE29GA,ZE2 9GA,,,,other,Postcode,438042.000,1121432.000,3500,18000,,,,,,,Bigton,http://data.ordnancesurvey.co.uk/id/4000000074555750,http://www.ordnancesurvey.co.uk/xml/codelists/localtype.xml#village,,,,Shetland Islands,http://data.ordnancesurvey.co.uk/id/7000000000030514,http://data.ordnancesurvey.co.uk/ontology/admingeo/UnitaryAuthority,Scotland,http://data.ordnancesurvey.co.uk/id/7000000000041429,Scotland,http://data.ordnancesurvey.co.uk/id/country/scotland,,,
ZE10XL,http://data.ordnancesurvey.co.uk/id/postcodeunit/ZE10XL,ZE1 0XL,,,,other,Postcode,439717.000,1137814.000,3500,18000,,,,,,,,,,,,,Shetland Islands,http://data.ordnancesurvey.co.uk/id/7000000000030514,http://data.ordnancesurvey.co.uk/ontology/admingeo/UnitaryAuthority,Scotland,http://data.ordnancesurvey.co.uk/id/7000000000041429,Scotland,http://data.ordnancesurvey.co.uk/id/country/scotland,,,
ZE29LB,http://data.ordnancesurvey.co.uk/id/postcodeunit/ZE29LB,ZE2 9LB,,,,other,Postcode,437809.000,1135415.000,3500,18000,,,,,,,Hamnavoe,http://data.ordnancesurvey.co.uk/id/4000000074557243,http://www.ordnancesurvey.co.uk/xml/codelists/localtype.xml#village,,,,Shetland Islands,http://data.ordnancesurvey.co.uk/id/7000000000030514,http://data.ordnancesurvey.co.uk/ontology/admingeo/UnitaryAuthority,Scotland,http://data.ordnancesurvey.co.uk/id/7000000000041429,Scotland,http://data.ordnancesurvey.co.uk/id/country/scotland,,,
ZE29XW,http://data.ordnancesurvey.co.uk/id/postcodeunit/ZE29XW,ZE2 9XW,,,,other,Postcode,436956.000,1136073.000,3500,18000,,,,,,,Hamnavoe,http://data.ordnancesurvey.co.uk/id/4000000074557243,http://www.ordnancesurvey.co.uk/xml/codelists/localtype.xml#village,,,,Shetland Islands,http://data.ordnancesurvey.co.uk/id/7000000000030514,http://data.ordnancesurvey.co.uk/ontology/admingeo/UnitaryAuthority,Scotland,http://data.ordnancesurvey.co.uk/id/7000000000041429,Scotland,http://data.ordnancesurvey.co.uk/id/country/scotland,,,
ZE10UW,http://data.ordnancesurvey.co.uk/id/postcodeunit/ZE10UW,ZE1 0UW,,,,other,Postcode,439662.000,1138987.000,3500,18000,,,,,,,Scalloway,http://data.ordnancesurvey.co.uk/id/4000000074557991,http://www.ordnancesurvey.co.uk/xml/codelists/localtype.xml#village,,,,Shetland Islands,http://data.ordnancesurvey.co.uk/id/7000000000030514,http://data.ordnancesurvey.co.uk/ontology/admingeo/UnitaryAuthority,Scotland,http://data.ordnancesurvey.co.uk/id/7000000000041429,Scotland,http://data.ordnancesurvey.co.uk/id/country/scotland,,,
ZE29XN,http://data.ordnancesurvey.co.uk/id/postcodeunit/ZE29XN,ZE2 9XN,,,,other,Postcode,436956.000,1135966.000,3500,18000,,,,,,,Hamnavoe,http://data.ordnancesurvey.co.uk/id/4000000074557243,http://www.ordnancesurvey.co.uk/xml/codelists/localtype.xml#village,,,,Shetland Islands,http://data.ordnancesurvey.co.uk/id/7000000000030514,http://data.ordnancesurvey.co.uk/ontology/admingeo/UnitaryAuthority,Scotland,http://data.ordnancesurvey.co.uk/id/7000000000041429,Scotland,http://data.ordnancesurvey.co.uk/id/country/scotland,,,
ZE29LE,http://data.ordnancesurvey.co.uk/id/postcodeunit/ZE29LE,ZE2 9LE,,,,other,Postcode,437688.000,1132287.000,3500,18000,,,,,,,,,,,,,Shetland Islands,http://data.ordnancesurvey.co.uk/id/7000000000030514,http://data.ordnancesurvey.co.uk/ontology/admingeo/UnitaryAuthority,Scotland,http://data.ordnancesurvey.co.uk/id/7000000000041429,Scotland,http://data.ordnancesurvey.co.uk/id/country/scotland,,,
ZE29JY,http://data.ordnancesurvey.co.uk/id/postcodeunit/ZE29JY,ZE2 9JY,,,,other,Postcode,436962.000,1135922.000,3500,18000,,,,,,,Hamnavoe,http://data.ordnancesurvey.co.uk/id/4000000074557243,http://www.ordnancesurvey.co.uk/xml/codelists/localtype.xml#village,,,,Shetland Islands,http://data.ordnancesurvey.co.uk/id/7000000000030514,http://data.ordnancesurvey.co.uk/ontology/admingeo/UnitaryAuthority,Scotland,http://data.ordnancesurvey.co.uk/id/7000000000041429,Scotland,http://data.ordnancesurvey.co.uk/id/country/scotland,,,
ZE10XG,http://data.ordnancesurvey.co.uk/id/postcodeunit/ZE10XG,ZE1 0XG,,,,other,Postcode,439848.000,1139344.000,3500,18000,,,,,,,Scalloway,http://data.ordnancesurvey.co.uk/id/4000000074557991,http://www.ordnancesurvey.co.uk/xml/codelists/localtype.xml#village,,,,Shetland Islands,http://data.ordnancesurvey.co.uk/id/7000000000030514,http://data.ordnancesurvey.co.uk/ontology/admingeo/UnitaryAuthority,Scotland,http://data.ordnancesurvey.co.uk/id/7000000000041429,Scotland,http://data.ordnancesurvey.co.uk/id/country/scotland,,,
ZE29LF,http://data.ordnancesurvey.co.uk/id/postcodeunit/ZE29LF,ZE2 9LF,,,,other,Postcode,437332.000,1135732.000,3500,18000,,,,,,,Hamnavoe,http://data.ordnancesurvey.co.uk/id/4000000074557243,http://www.ordnancesurvey.co.uk/xml/codelists/localtype.xml#village,,,,Shetland Islands,http://data.ordnancesurvey.co.uk/id/7000000000030514,http://data.ordnancesurvey.co.uk/ontology/admingeo/UnitaryAuthority,Scotland,http://data.ordnancesurvey.co.uk/id/7000000000041429,Scotland,http://data.ordnancesurvey.co.uk/id/country/scotland,,,
ZE29LD,http://data.ordnancesurvey.co.uk/id/postcodeunit/ZE29LD,ZE2 9LD,,,,other,Postcode,437132.000,1133263.000,3500,18000,,,,,,,Bridge End,http://data.ordnancesurvey.co.uk/id/4000000074335820,http://www.ordnancesurvey.co.uk/xml/codelists/localtype.xml#village,,,,Shetland Islands,http://data.ordnancesurvey.co.uk/id/7000000000030514,http://data.ordnancesurvey.co.uk/ontology/admingeo/UnitaryAuthority,Scotland,http://data.ordnancesurvey.co.uk/id/7000000000041429,Scotland,http://data.ordnancesurvey.co.uk/id/country/scotland,,,
osgb4000000003222270,http://data.ordnancesurvey.co.uk/id/4000000003222270,Roadside,,,,transportNetwork,Named Road,437104.000,1135794.000,1000,20000,436997.000,1135793.000,437215.000,1135817.000,ZE2,http://data.ordnancesurvey.co.uk/id/postcodedistrict/ZE2,Hamnavoe,http://data.ordnancesurvey.co.uk/id/4000000074557243,http://www.ordnancesurvey.co.uk/xml/codelists/localtype.xml#village,,,,Shetland Islands,http://data.ordnancesurvey.co.uk/id/7000000000030514,http://data.ordnancesurvey.co.uk/ontology/admingeo/UnitaryAuthority,Scotland,http://data.ordnancesurvey.co.uk/id/7000000000041429,Scotland,http://data.ordnancesurvey.co.uk/id/country/scotland,,,
012d86a8-8f96-49cb-91c1-d92d4a92fa8a,http://data.ordnancesurvey.co.uk/id/012d86a8-8f96-49cb-91c1-d92d4a92fa8a,North Toogs,,,,transportNetwork,Section Of Named Road,437525.000,1133773.000,1000,25000,437457.651,1133668.515,437611.542,1133874.453,ZE2,http://data.ordnancesurvey.co.uk/id/postcodedistrict/ZE2,Toogs,http://data.ordnancesurvey.co.uk/id/4000000074556881,http://www.ordnancesurvey.co.uk/xml/codelists/localtype.xml#hamlet,,,,Shetland Islands,http://data.ordnancesurvey.co.uk/id/7000000000030514,http://data.ordnancesurvey.co.uk/ontology/admingeo/UnitaryAuthority,Scotland,http://data.ordnancesurvey.co.uk/id/7000000000041429,Scotland,http://data.ordnancesurvey.co.uk/id/country/scotland,osgb4000000003225377,,
osgb4000000003222273,http://data.ordnancesurvey.co.uk/id/4000000003222273,Hillside Road,,,,transportNetwork,Named Road,439991.000,1139499.000,1000,20000,439976.000,1139388.000,440025.988,1139617.702,ZE1,http://data.ordnancesurvey.co.uk/id/postcodedistrict/ZE1,Scalloway,http://data.ordnancesurvey.co.uk/id/4000000074557991,http://www.ordnancesurvey.co.uk/xml/codelists/localtype.xml#village,,,,Shetland Islands,http://data.ordnancesurvey.co.uk/id/7000000000030514,http://data.ordnancesurvey.co.uk/ontology/admingeo/UnitaryAuthority,Scotland,http://data.ordnancesurvey.co.uk/id/7000000000041429,Scotland,http://data.ordnancesurvey.co.uk/id/country/scotland,,,
osgb4000000003222269,http://data.ordnancesurvey.co.uk/id/4000000003222269,Duke Street,,,,transportNetwork,Named Road,437018.718,1135688.564,2000,20000,436986.114,1135567.000,437051.000,1135812.180,ZE2,http://data.ordnancesurvey.co.uk/id/postcodedistrict/ZE2,Hamnavoe,http://data.ordnancesurvey.co.uk/id/4000000074557243,http://www.ordnancesurvey.co.uk/xml/codelists/localtype.xml#village,,,,Shetland Islands,http://data.ordnancesurvey.co.uk/id/7000000000030514,http://data.ordnancesurvey.co.uk/ontology/admingeo/UnitaryAuthority,Scotland,http://data.ordnancesurvey.co.uk/id/7000000000041429,Scotland,http://data.ordnancesurvey.co.uk/id/country/scotland,,,
osgb4000000003224814,http://data.ordnancesurvey.co.uk/id/4000000003224814,Old School Road,,,,transportNetwork,Named Road,439715.624,1137920.668,2000,20000,439683.225,1137760.440,439825.000,1138039.000,ZE1,http://data.ordnancesurvey.co.uk/id/postcodedistrict/ZE1,,,,,,,Shetland Islands,http://data.ordnancesurvey.co.uk/id/7000000000030514,http://data.ordnancesurvey.co.uk/ontology/admingeo/UnitaryAuthority,Scotland,http://data.ordnancesurvey.co.uk/id/7000000000041429,Scotland,http://data.ordnancesurvey.co.uk/id/country/scotland,,,
osgb4000000003222268,http://data.ordnancesurvey.co.uk/id/4000000003222268,Meadows Road,,,,transportNetwork,Named Road,437583.078,1131359.083,2000,20000,437486.663,1131252.399,437755.368,1131468.049,ZE2,http://data.ordnancesurvey.co.uk/id/postcodedistrict/ZE2,Houss,http://data.ordnancesurvey.co.uk/id/4000000074556875,http://www.ordnancesurvey.co.uk/xml/codelists/localtype.xml#hamlet,,,,Shetland Islands,http://data.ordnancesurvey.co.uk/id/7000000000030514,http://data.ordnancesurvey.co.uk/ontology/admingeo/UnitaryAuthority,Scotland,http://data.ordnancesurvey.co.uk/id/7000000000041429,Scotland,http://data.ordnancesurvey.co.uk/id/country/scotland,,,
osgb4000000003227236,http://data.ordnancesurvey.co.uk/id/4000000003227236,Highmount,,,,transportNetwork,Named Road,436894.000,1135963.000,1000,20000,436838.000,1135889.000,436997.750,1136022.000,ZE2,http://data.ordnancesurvey.co.uk/id/postcodedistrict/ZE2,Hamnavoe,http://data.ordnancesurvey.co.uk/id/4000000074557243,http://www.ordnancesurvey.co.uk/xml/codelists/localtype.xml#village,,,,Shetland Islands,http://data.ordnancesurvey.co.uk/id/7000000000030514,http://data.ordnancesurvey.co.uk/ontology/admingeo/UnitaryAuthority,Scotland,http://data.ordnancesurvey.co.uk/id/7000000000041429,Scotland,http://data.ordnancesurvey.co.uk/id/country/scotland,,,
osgb4000000003223683,http://data.ordnancesurvey.co.uk/id/4000000003223683,Gudda Taing,,,,transportNetwork,Named Road,436911.719,1136123.847,1000,20000,436861.396,1136092.917,436956.394,1136160.788,ZE2,http://data.ordnancesurvey.co.uk/id/postcodedistrict/ZE2,Hamnavoe,http://data.ordnancesurvey.co.uk/id/4000000074557243,http://www.ordnancesurvey.co.uk/xml/codelists/localtype.xml#village,,,,Shetland Islands,http://data.ordnancesurvey.co.uk/id/7000000000030514,http://data.ordnancesurvey.co.uk/ontology/admingeo/UnitaryAuthority,Scotland,http://data.ordnancesurvey.co.uk/id/7000000000041429,Scotland,http://data.ordnancesurvey.co.uk/id/country/scotland,,,
osgb4000000003222298,http://data.ordnancesurvey.co.uk/id/4000000003222298,Glenburn Road,,,,transportNetwork,Named Road,437067.000,1136027.000,1000,20000,436997.750,1136000.000,437119.000,1136028.000,ZE2,http://data.ordnancesurvey.co.uk/id/postcodedistrict/ZE2,Hamnavoe,http://data.ordnancesurvey.co.uk/id/4000000074557243,http://www.ordnancesurvey.co.uk/xml/codelists/localtype.xml#village,,,,Shetland Islands,http://data.ordnancesurvey.co.uk/id/7000000000030514,http://data.ordnancesurvey.co.uk/ontology/admingeo/UnitaryAuthority,Scotland,http://data.ordnancesurvey.co.uk/id/7000000000041429,Scotland,http://data.ordnancesurvey.co.uk/id/country/scotland,,,
osgb4000000003223682,http://data.ordnancesurvey.co.uk/id/4000000003223682,Atlaness,,,,transportNetwork,Named Road,436938.000,1136084.000,1000,20000,436886.000,1136049.000,436976.350,1136149.585,ZE2,http://data.ordnancesurvey.co.uk/id/postcodedistrict/ZE2,Hamnavoe,http://data.ordnancesurvey.co.uk/id/4000000074557243,http://www.ordnancesurvey.co.uk/xml/codelists/localtype.xml#village,,,,Shetland Islands,http://data.ordnancesurvey.co.uk/id/7000000000030514,http://data.ordnancesurvey.co.uk/ontology/admingeo/UnitaryAuthority,Scotland,http://data.ordnancesurvey.co.uk/id/7000000000041429,Scotland,http://data.ordnancesurvey.co.uk/id/country/scotland,,,
osgb4000000003222299,http://data.ordnancesurvey.co.uk/id/4000000003222299,Hulsidale,,,,transportNetwork,Named Road,437298.000,1135762.000,1000,20000,437243.000,1135730.000,437356.000,1135793.000,ZE2,http://data.ordnancesurvey.co.uk/id/postcodedistrict/ZE2,Hamnavoe,http://data.ordnancesurvey.co.uk/id/4000000074557243,http://www.ordnancesurvey.co.uk/xml/codelists/localtype.xml#village,,,,Shetland Islands,http://data.ordnancesurvey.co.uk/id/7000000000030514,http://data.ordnancesurvey.co.uk/ontology/admingeo/UnitaryAuthority,Scotland,http://data.ordnancesurvey.co.uk/id/7000000000041429,Scotland,http://data.ordnancesurvey.co.uk/id/country/scotland,,,
osgb4000000003222301,http://data.ordnancesurvey.co.uk/id/4000000003222301,Ladysmith Road,,,,transportNetwork,Named Road,439843.000,1139431.000,1000,20000,439759.049,1139310.461,439960.000,1139459.000,ZE1,http://data.ordnancesurvey.co.uk/id/postcodedistrict/ZE1,Scalloway,http://data.ordnancesurvey.co.uk/id/4000000074557991,http://www.ordnancesurvey.co.uk/xml/codelists/localtype.xml#village,,,,Shetland Islands,http://data.ordnancesurvey.co.uk/id/7000000000030514,http://data.ordnancesurvey.co.uk/ontology/admingeo/UnitaryAuthority,Scotland,http://data.ordnancesurvey.co.uk/id/7000000000041429,Scotland,http://data.ordnancesurvey.co.uk/id/country/scotland,,,
osgb4000000003225377,http://data.ordnancesurvey.co.uk/id/4000000003225377,North Toogs,,,,transportNetwork,Named Road,437525.000,1133773.000,1000,20000,437457.651,1133668.515,437614.870,1133876.511,ZE2,http://data.ordnancesurvey.co.uk/id/postcodedistrict/ZE2,Toogs,http://data.ordnancesurvey.co.uk/id/4000000074556881,http://www.ordnancesurvey.co.uk/xml/codelists/localtype.xml#hamlet,,,,Shetland Islands,http://data.ordnancesurvey.co.uk/id/7000000000030514,http://data.ordnancesurvey.co.uk/ontology/admingeo/UnitaryAuthority,Scotland,http://data.ordnancesurvey.co.uk/id/7000000000041429,Scotland,http://data.ordnancesurvey.co.uk/id/country/scotland,,,
ZE10XD,http://data.ordnancesurvey.co.uk/id/postcodeunit/ZE10XD,ZE1 0XD,,,,other,Postcode,439876.000,1139432.000,3500,18000,,,,,,,Scalloway,http://data.ordnancesurvey.co.uk/id/4000000074557991,http://www.ordnancesurvey.co.uk/xml/codelists/localtype.xml#village,,,,Shetland Islands,http://data.ordnancesurvey.co.uk/id/7000000000030514,http://data.ordnancesurvey.co.uk/ontology/admingeo/UnitaryAuthority,Scotland,http://data.ordnancesurvey.co.uk/id/7000000000041429,Scotland,http://data.ordnancesurvey.co.uk/id/country/scotland,,,
ZE29UY,http://data.ordnancesurvey.co.uk/id/postcodeunit/ZE29UY,ZE2 9UY,,,,other,Postcode,436936.000,1131536.000,3500,18000,,,,,,,Papil,http://data.ordnancesurvey.co.uk/id/4000000074556880,http://www.ordnancesurvey.co.uk/xml/codelists/localtype.xml#hamlet,,,,Shetland Islands,http://data.ordnancesurvey.co.uk/id/7000000000030514,http://data.ordnancesurvey.co.uk/ontology/admingeo/UnitaryAuthority,Scotland,http://data.ordnancesurvey.co.uk/id/7000000000041429,Scotland,http://data.ordnancesurvey.co.uk/id/country/scotland,,,
ZE29XU,http://data.ordnancesurvey.co.uk/id/postcodeunit/ZE29XU,ZE2 9XU,,,,other,Postcode,436914.000,1136139.000,3500,18000,,,,,,,Hamnavoe,http://data.ordnancesurvey.co.uk/id/4000000074557243,http://www.ordnancesurvey.co.uk/xml/codelists/localtype.xml#village,,,,Shetland Islands,http://data.ordnancesurvey.co.uk/id/7000000000030514,http://data.ordnancesurvey.co.uk/ontology/admingeo/UnitaryAuthority,Scotland,http://data.ordnancesurvey.co.uk/id/7000000000041429,Scotland,http://data.ordnancesurvey.co.uk/id/country/scotland,,,
osgb4000000003222297,http://data.ordnancesurvey.co.uk/id/4000000003222297,Glen,,,,transportNetwork,Named Road,436999.391,1135913.930,1000,20000,436997.000,1135817.000,436999.415,1136001.000,ZE2,http://data.ordnancesurvey.co.uk/id/postcodedistrict/ZE2,Hamnavoe,http://data.ordnancesurvey.co.uk/id/4000000074557243,http://www.ordnancesurvey.co.uk/xml/codelists/localtype.xml#village,,,,Shetland Islands,http://data.ordnancesurvey.co.uk/id/7000000000030514,http://data.ordnancesurvey.co.uk/ontology/admingeo/UnitaryAuthority,Scotland,http://data.ordnancesurvey.co.uk/id/7000000000041429,Scotland,http://data.ordnancesurvey.co.uk/id/country/scotland,,,
