﻿osgb4000000074541010,http://data.ordnancesurvey.co.uk/id/4000000074541010,Sandsound,,,,populatedPlace,Other Settlement,435460.660,1148927.750,15000,25000,435307.745,1148245.207,435807.745,1149894.085,ZE2,http://data.ordnancesurvey.co.uk/id/postcodedistrict/ZE2,,,,,,,Shetland Islands,http://data.ordnancesurvey.co.uk/id/7000000000030514,http://data.ordnancesurvey.co.uk/ontology/admingeo/UnitaryAuthority,Scotland,http://data.ordnancesurvey.co.uk/id/7000000000041429,Scotland,http://data.ordnancesurvey.co.uk/id/country/scotland,,,
osgb4000000074566033,http://data.ordnancesurvey.co.uk/id/4000000074566033,Hestinsetter,,,,populatedPlace,Other Settlement,429216.033,1145457.886,15000,25000,428895.284,1145145.698,429573.147,1145690.211,ZE2,http://data.ordnancesurvey.co.uk/id/postcodedistrict/ZE2,,,,,,,Shetland Islands,http://data.ordnancesurvey.co.uk/id/7000000000030514,http://data.ordnancesurvey.co.uk/ontology/admingeo/UnitaryAuthority,Scotland,http://data.ordnancesurvey.co.uk/id/7000000000041429,Scotland,http://data.ordnancesurvey.co.uk/id/country/scotland,,,
osgb4000000074554297,http://data.ordnancesurvey.co.uk/id/4000000074554297,West Burrafirth,,,,populatedPlace,Other Settlement,425736.000,1156527.000,15000,25000,423532.501,1155925.879,427021.638,1157676.618,ZE2,http://data.ordnancesurvey.co.uk/id/postcodedistrict/ZE2,,,,,,,Shetland Islands,http://data.ordnancesurvey.co.uk/id/7000000000030514,http://data.ordnancesurvey.co.uk/ontology/admingeo/UnitaryAuthority,Scotland,http://data.ordnancesurvey.co.uk/id/7000000000041429,Scotland,http://data.ordnancesurvey.co.uk/id/country/scotland,,,
osgb4000000074558373,http://data.ordnancesurvey.co.uk/id/4000000074558373,Wester Skeld,,,,populatedPlace,Hamlet,429602.400,1143845.800,5000,25000,429304.604,1143477.412,430003.373,1144095.745,ZE2,http://data.ordnancesurvey.co.uk/id/postcodedistrict/ZE2,,,,,,,Shetland Islands,http://data.ordnancesurvey.co.uk/id/7000000000030514,http://data.ordnancesurvey.co.uk/ontology/admingeo/UnitaryAuthority,Scotland,http://data.ordnancesurvey.co.uk/id/7000000000041429,Scotland,http://data.ordnancesurvey.co.uk/id/country/scotland,,,
osgb4000000074558750,http://data.ordnancesurvey.co.uk/id/4000000074558750,Gruting,,,,populatedPlace,Hamlet,428015.000,1149358.000,5000,25000,427646.119,1148775.966,428253.945,1149504.897,ZE2,http://data.ordnancesurvey.co.uk/id/postcodedistrict/ZE2,,,,,,,Shetland Islands,http://data.ordnancesurvey.co.uk/id/7000000000030514,http://data.ordnancesurvey.co.uk/ontology/admingeo/UnitaryAuthority,Scotland,http://data.ordnancesurvey.co.uk/id/7000000000041429,Scotland,http://data.ordnancesurvey.co.uk/id/country/scotland,,http://dbpedia.org/resource/Gruting,
osgb4000000074566031,http://data.ordnancesurvey.co.uk/id/4000000074566031,Leeans,,,,populatedPlace,Hamlet,433902.020,1148025.260,5000,25000,433533.182,1147657.036,434033.182,1148511.641,ZE2,http://data.ordnancesurvey.co.uk/id/postcodedistrict/ZE2,,,,,,,Shetland Islands,http://data.ordnancesurvey.co.uk/id/7000000000030514,http://data.ordnancesurvey.co.uk/ontology/admingeo/UnitaryAuthority,Scotland,http://data.ordnancesurvey.co.uk/id/7000000000041429,Scotland,http://data.ordnancesurvey.co.uk/id/country/scotland,,,
osgb4000000074554287,http://data.ordnancesurvey.co.uk/id/4000000074554287,Stanydale,,,,populatedPlace,Other Settlement,428390.000,1151000.000,15000,25000,428118.503,1150723.519,428935.728,1151223.519,ZE2,http://data.ordnancesurvey.co.uk/id/postcodedistrict/ZE2,,,,,,,Shetland Islands,http://data.ordnancesurvey.co.uk/id/7000000000030514,http://data.ordnancesurvey.co.uk/ontology/admingeo/UnitaryAuthority,Scotland,http://data.ordnancesurvey.co.uk/id/7000000000041429,Scotland,http://data.ordnancesurvey.co.uk/id/country/scotland,,http://dbpedia.org/resource/Stanydale,
osgb4000000074558372,http://data.ordnancesurvey.co.uk/id/4000000074558372,Easter Skeld,,,,populatedPlace,Village,431132.590,1144919.310,9000,250000,430496.024,1143939.910,431793.022,1145287.164,ZE2,http://data.ordnancesurvey.co.uk/id/postcodedistrict/ZE2,,,,,,,Shetland Islands,http://data.ordnancesurvey.co.uk/id/7000000000030514,http://data.ordnancesurvey.co.uk/ontology/admingeo/UnitaryAuthority,Scotland,http://data.ordnancesurvey.co.uk/id/7000000000041429,Scotland,http://data.ordnancesurvey.co.uk/id/country/scotland,,,
osgb4000000074558369,http://data.ordnancesurvey.co.uk/id/4000000074558369,Kalliness,,,,populatedPlace,Village,438715.870,1149867.430,4000,250000,438437.962,1149652.795,438937.962,1150312.946,ZE2,http://data.ordnancesurvey.co.uk/id/postcodedistrict/ZE2,,,,,,,Shetland Islands,http://data.ordnancesurvey.co.uk/id/7000000000030514,http://data.ordnancesurvey.co.uk/ontology/admingeo/UnitaryAuthority,Scotland,http://data.ordnancesurvey.co.uk/id/7000000000041429,Scotland,http://data.ordnancesurvey.co.uk/id/country/scotland,,,
osgb4000000074558370,http://data.ordnancesurvey.co.uk/id/4000000074558370,Silwick,,,,populatedPlace,Other Settlement,429369.450,1142585.500,15000,25000,429112.419,1142312.479,429612.419,1142812.479,ZE2,http://data.ordnancesurvey.co.uk/id/postcodedistrict/ZE2,,,,,,,Shetland Islands,http://data.ordnancesurvey.co.uk/id/7000000000030514,http://data.ordnancesurvey.co.uk/ontology/admingeo/UnitaryAuthority,Scotland,http://data.ordnancesurvey.co.uk/id/7000000000041429,Scotland,http://data.ordnancesurvey.co.uk/id/country/scotland,,,
osgb4000000074541938,http://data.ordnancesurvey.co.uk/id/4000000074541938,Semblister,,,,populatedPlace,Hamlet,433511.000,1150461.000,5000,25000,433234.364,1150199.881,433734.364,1150699.881,ZE2,http://data.ordnancesurvey.co.uk/id/postcodedistrict/ZE2,,,,,,,Shetland Islands,http://data.ordnancesurvey.co.uk/id/7000000000030514,http://data.ordnancesurvey.co.uk/ontology/admingeo/UnitaryAuthority,Scotland,http://data.ordnancesurvey.co.uk/id/7000000000041429,Scotland,http://data.ordnancesurvey.co.uk/id/country/scotland,,,
osgb4000000074554290,http://data.ordnancesurvey.co.uk/id/4000000074554290,Hestaford,,,,populatedPlace,Other Settlement,427609.377,1150837.305,15000,25000,427367.968,1150761.208,427867.968,1151424.255,ZE2,http://data.ordnancesurvey.co.uk/id/postcodedistrict/ZE2,,,,,,,Shetland Islands,http://data.ordnancesurvey.co.uk/id/7000000000030514,http://data.ordnancesurvey.co.uk/ontology/admingeo/UnitaryAuthority,Scotland,http://data.ordnancesurvey.co.uk/id/7000000000041429,Scotland,http://data.ordnancesurvey.co.uk/id/country/scotland,,,
osgb4000000074566032,http://data.ordnancesurvey.co.uk/id/4000000074566032,Garderhouse,,,,populatedPlace,Hamlet,433158.480,1147855.830,5000,25000,432927.416,1147672.112,433427.416,1148225.093,ZE2,http://data.ordnancesurvey.co.uk/id/postcodedistrict/ZE2,,,,,,,Shetland Islands,http://data.ordnancesurvey.co.uk/id/7000000000030514,http://data.ordnancesurvey.co.uk/ontology/admingeo/UnitaryAuthority,Scotland,http://data.ordnancesurvey.co.uk/id/7000000000041429,Scotland,http://data.ordnancesurvey.co.uk/id/country/scotland,,,
osgb4000000074558368,http://data.ordnancesurvey.co.uk/id/4000000074558368,Hellister,,,,populatedPlace,Hamlet,438799.950,1149344.590,5000,25000,438616.733,1149099.813,439164.683,1149749.917,ZE2,http://data.ordnancesurvey.co.uk/id/postcodedistrict/ZE2,,,,,,,Shetland Islands,http://data.ordnancesurvey.co.uk/id/7000000000030514,http://data.ordnancesurvey.co.uk/ontology/admingeo/UnitaryAuthority,Scotland,http://data.ordnancesurvey.co.uk/id/7000000000041429,Scotland,http://data.ordnancesurvey.co.uk/id/country/scotland,,,
osgb4000000074554650,http://data.ordnancesurvey.co.uk/id/4000000074554650,Bixter,,,,populatedPlace,Hamlet,433183.000,1152254.000,5000,25000,432942.845,1151976.108,433536.044,1152476.108,ZE2,http://data.ordnancesurvey.co.uk/id/postcodedistrict/ZE2,,,,,,,Shetland Islands,http://data.ordnancesurvey.co.uk/id/7000000000030514,http://data.ordnancesurvey.co.uk/ontology/admingeo/UnitaryAuthority,Scotland,http://data.ordnancesurvey.co.uk/id/7000000000041429,Scotland,http://data.ordnancesurvey.co.uk/id/country/scotland,,,
osgb4000000074554652,http://data.ordnancesurvey.co.uk/id/4000000074554652,Aith,,,,populatedPlace,Village,434170.000,1155796.000,17000,250000,433752.213,1154736.789,435270.393,1157305.634,ZE2,http://data.ordnancesurvey.co.uk/id/postcodedistrict/ZE2,,,,,,,Shetland Islands,http://data.ordnancesurvey.co.uk/id/7000000000030514,http://data.ordnancesurvey.co.uk/ontology/admingeo/UnitaryAuthority,Scotland,http://data.ordnancesurvey.co.uk/id/7000000000041429,Scotland,http://data.ordnancesurvey.co.uk/id/country/scotland,,http://dbpedia.org/resource/Aith,http://sws.geonames.org/2657586
osgb4000000074579211,http://data.ordnancesurvey.co.uk/id/4000000074579211,Twatt,,,,populatedPlace,Village,432874.000,1153354.000,10000,250000,432318.084,1152532.270,433067.114,1154095.693,ZE2,http://data.ordnancesurvey.co.uk/id/postcodedistrict/ZE2,,,,,,,Shetland Islands,http://data.ordnancesurvey.co.uk/id/7000000000030514,http://data.ordnancesurvey.co.uk/ontology/admingeo/UnitaryAuthority,Scotland,http://data.ordnancesurvey.co.uk/id/7000000000041429,Scotland,http://data.ordnancesurvey.co.uk/id/country/scotland,,,http://sws.geonames.org/2635320
osgb4000000074558371,http://data.ordnancesurvey.co.uk/id/4000000074558371,Westerwick,,,,populatedPlace,Other Settlement,428491.910,1142902.870,15000,25000,428240.219,1142651.812,428740.219,1143151.812,ZE2,http://data.ordnancesurvey.co.uk/id/postcodedistrict/ZE2,,,,,,,Shetland Islands,http://data.ordnancesurvey.co.uk/id/7000000000030514,http://data.ordnancesurvey.co.uk/ontology/admingeo/UnitaryAuthority,Scotland,http://data.ordnancesurvey.co.uk/id/7000000000041429,Scotland,http://data.ordnancesurvey.co.uk/id/country/scotland,,,
osgb4000000074335710,http://data.ordnancesurvey.co.uk/id/4000000074335710,Walls,,,,populatedPlace,Village,423836.830,1149358.810,10000,250000,423277.118,1148383.858,424840.547,1149992.527,ZE2,http://data.ordnancesurvey.co.uk/id/postcodedistrict/ZE2,,,,,,,Shetland Islands,http://data.ordnancesurvey.co.uk/id/7000000000030514,http://data.ordnancesurvey.co.uk/ontology/admingeo/UnitaryAuthority,Scotland,http://data.ordnancesurvey.co.uk/id/7000000000041429,Scotland,http://data.ordnancesurvey.co.uk/id/country/scotland,,"http://dbpedia.org/resource/Walls,_Shetland",http://sws.geonames.org/2634865
osgb4000000074554653,http://data.ordnancesurvey.co.uk/id/4000000074554653,Clousta,,,,populatedPlace,Other Settlement,431230.990,1157226.510,15000,25000,430214.884,1156061.500,431408.175,1157619.684,ZE2,http://data.ordnancesurvey.co.uk/id/postcodedistrict/ZE2,,,,,,,Shetland Islands,http://data.ordnancesurvey.co.uk/id/7000000000030514,http://data.ordnancesurvey.co.uk/ontology/admingeo/UnitaryAuthority,Scotland,http://data.ordnancesurvey.co.uk/id/7000000000041429,Scotland,http://data.ordnancesurvey.co.uk/id/country/scotland,,,
osgb4000000074554289,http://data.ordnancesurvey.co.uk/id/4000000074554289,Browland,,,,populatedPlace,Other Settlement,426986.000,1150592.000,15000,25000,426767.012,1150286.506,427267.012,1150786.506,ZE2,http://data.ordnancesurvey.co.uk/id/postcodedistrict/ZE2,,,,,,,Shetland Islands,http://data.ordnancesurvey.co.uk/id/7000000000030514,http://data.ordnancesurvey.co.uk/ontology/admingeo/UnitaryAuthority,Scotland,http://data.ordnancesurvey.co.uk/id/7000000000041429,Scotland,http://data.ordnancesurvey.co.uk/id/country/scotland,,http://dbpedia.org/resource/Browland,
osgb4000000074566685,http://data.ordnancesurvey.co.uk/id/4000000074566685,Effirth,,,,populatedPlace,Other Settlement,431473.000,1152000.000,15000,25000,430794.874,1151561.378,431473.525,1152572.479,ZE2,http://data.ordnancesurvey.co.uk/id/postcodedistrict/ZE2,,,,,,,Shetland Islands,http://data.ordnancesurvey.co.uk/id/7000000000030514,http://data.ordnancesurvey.co.uk/ontology/admingeo/UnitaryAuthority,Scotland,http://data.ordnancesurvey.co.uk/id/7000000000041429,Scotland,http://data.ordnancesurvey.co.uk/id/country/scotland,,,
osgb4000000074554285,http://data.ordnancesurvey.co.uk/id/4000000074554285,Weisdale,,,,populatedPlace,Village,439485.000,1152885.000,24000,250000,438683.790,1151147.447,439799.800,1154857.445,ZE2,http://data.ordnancesurvey.co.uk/id/postcodedistrict/ZE2,,,,,,,Shetland Islands,http://data.ordnancesurvey.co.uk/id/7000000000030514,http://data.ordnancesurvey.co.uk/ontology/admingeo/UnitaryAuthority,Scotland,http://data.ordnancesurvey.co.uk/id/7000000000041429,Scotland,http://data.ordnancesurvey.co.uk/id/country/scotland,,,
osgb4000000074554651,http://data.ordnancesurvey.co.uk/id/4000000074554651,East Houlland,,,,populatedPlace,Other Settlement,434554.000,1153570.000,15000,25000,434291.537,1153350.670,434791.537,1153850.670,ZE2,http://data.ordnancesurvey.co.uk/id/postcodedistrict/ZE2,,,,,,,Shetland Islands,http://data.ordnancesurvey.co.uk/id/7000000000030514,http://data.ordnancesurvey.co.uk/ontology/admingeo/UnitaryAuthority,Scotland,http://data.ordnancesurvey.co.uk/id/7000000000041429,Scotland,http://data.ordnancesurvey.co.uk/id/country/scotland,,,
osgb4000000074554291,http://data.ordnancesurvey.co.uk/id/4000000074554291,East Burrafirth,,,,populatedPlace,Hamlet,436694.000,1158019.000,5000,25000,435315.633,1157852.431,436748.361,1158352.431,ZE2,http://data.ordnancesurvey.co.uk/id/postcodedistrict/ZE2,,,,,,,Shetland Islands,http://data.ordnancesurvey.co.uk/id/7000000000030514,http://data.ordnancesurvey.co.uk/ontology/admingeo/UnitaryAuthority,Scotland,http://data.ordnancesurvey.co.uk/id/7000000000041429,Scotland,http://data.ordnancesurvey.co.uk/id/country/scotland,,,
osgb4000000074554296,http://data.ordnancesurvey.co.uk/id/4000000074554296,Brunatwatt,,,,populatedPlace,Hamlet,424602.000,1150945.000,5000,25000,424419.358,1150658.515,424919.358,1151158.515,ZE2,http://data.ordnancesurvey.co.uk/id/postcodedistrict/ZE2,,,,,,,Shetland Islands,http://data.ordnancesurvey.co.uk/id/7000000000030514,http://data.ordnancesurvey.co.uk/ontology/admingeo/UnitaryAuthority,Scotland,http://data.ordnancesurvey.co.uk/id/7000000000041429,Scotland,http://data.ordnancesurvey.co.uk/id/country/scotland,,,
osgb4000000074554292,http://data.ordnancesurvey.co.uk/id/4000000074554292,Braewick,,,,populatedPlace,Hamlet,433573.700,1158144.250,5000,25000,433334.963,1157456.451,434184.543,1158466.892,ZE2,http://data.ordnancesurvey.co.uk/id/postcodedistrict/ZE2,,,,,,,Shetland Islands,http://data.ordnancesurvey.co.uk/id/7000000000030514,http://data.ordnancesurvey.co.uk/ontology/admingeo/UnitaryAuthority,Scotland,http://data.ordnancesurvey.co.uk/id/7000000000041429,Scotland,http://data.ordnancesurvey.co.uk/id/country/scotland,,,
osgb4000000074335940,http://data.ordnancesurvey.co.uk/id/4000000074335940,Huxter,,,,populatedPlace,Other Settlement,439099.562,1150659.707,15000,25000,438911.365,1150382.169,439411.365,1150882.169,ZE2,http://data.ordnancesurvey.co.uk/id/postcodedistrict/ZE2,,,,,,,Shetland Islands,http://data.ordnancesurvey.co.uk/id/7000000000030514,http://data.ordnancesurvey.co.uk/ontology/admingeo/UnitaryAuthority,Scotland,http://data.ordnancesurvey.co.uk/id/7000000000041429,Scotland,http://data.ordnancesurvey.co.uk/id/country/scotland,,,
osgb4000000074554654,http://data.ordnancesurvey.co.uk/id/4000000074554654,Noonsbrough,,,,populatedPlace,Hamlet,429657.240,1157275.380,5000,25000,429367.118,1157170.891,429895.025,1157670.891,ZE2,http://data.ordnancesurvey.co.uk/id/postcodedistrict/ZE2,,,,,,,Shetland Islands,http://data.ordnancesurvey.co.uk/id/7000000000030514,http://data.ordnancesurvey.co.uk/ontology/admingeo/UnitaryAuthority,Scotland,http://data.ordnancesurvey.co.uk/id/7000000000041429,Scotland,http://data.ordnancesurvey.co.uk/id/country/scotland,,,
osgb4000000074541947,http://data.ordnancesurvey.co.uk/id/4000000074541947,Reawick,,,,populatedPlace,Other Settlement,432846.110,1144523.950,15000,25000,432270.592,1143789.093,433115.142,1145111.215,ZE2,http://data.ordnancesurvey.co.uk/id/postcodedistrict/ZE2,,,,,,,Shetland Islands,http://data.ordnancesurvey.co.uk/id/7000000000030514,http://data.ordnancesurvey.co.uk/ontology/admingeo/UnitaryAuthority,Scotland,http://data.ordnancesurvey.co.uk/id/7000000000041429,Scotland,http://data.ordnancesurvey.co.uk/id/country/scotland,,,
osgb4000000074542499,http://data.ordnancesurvey.co.uk/id/4000000074542499,Ayres of Selivoe,,,,populatedPlace,Hamlet,428617.150,1148616.710,5000,25000,428384.645,1148297.236,428977.844,1148797.236,ZE2,http://data.ordnancesurvey.co.uk/id/postcodedistrict/ZE2,,,,,,,Shetland Islands,http://data.ordnancesurvey.co.uk/id/7000000000030514,http://data.ordnancesurvey.co.uk/ontology/admingeo/UnitaryAuthority,Scotland,http://data.ordnancesurvey.co.uk/id/7000000000041429,Scotland,http://data.ordnancesurvey.co.uk/id/country/scotland,,,
osgb4000000074335706,http://data.ordnancesurvey.co.uk/id/4000000074335706,Cott,,,,populatedPlace,Hamlet,437935.370,1149568.830,5000,25000,437684.751,1149242.182,438184.751,1149943.021,ZE2,http://data.ordnancesurvey.co.uk/id/postcodedistrict/ZE2,,,,,,,Shetland Islands,http://data.ordnancesurvey.co.uk/id/7000000000030514,http://data.ordnancesurvey.co.uk/ontology/admingeo/UnitaryAuthority,Scotland,http://data.ordnancesurvey.co.uk/id/7000000000041429,Scotland,http://data.ordnancesurvey.co.uk/id/country/scotland,,,
osgb4000000074541940,http://data.ordnancesurvey.co.uk/id/4000000074541940,Unifirth,,,,populatedPlace,Other Settlement,428240.360,1156025.780,15000,25000,427699.744,1155173.804,428636.754,1156714.943,ZE2,http://data.ordnancesurvey.co.uk/id/postcodedistrict/ZE2,,,,,,,Shetland Islands,http://data.ordnancesurvey.co.uk/id/7000000000030514,http://data.ordnancesurvey.co.uk/ontology/admingeo/UnitaryAuthority,Scotland,http://data.ordnancesurvey.co.uk/id/7000000000041429,Scotland,http://data.ordnancesurvey.co.uk/id/country/scotland,,,
osgb4000000074554288,http://data.ordnancesurvey.co.uk/id/4000000074554288,West Houlland,,,,populatedPlace,Other Settlement,427707.080,1150387.871,15000,25000,427192.914,1150124.090,427742.984,1150826.031,ZE2,http://data.ordnancesurvey.co.uk/id/postcodedistrict/ZE2,,,,,,,Shetland Islands,http://data.ordnancesurvey.co.uk/id/7000000000030514,http://data.ordnancesurvey.co.uk/ontology/admingeo/UnitaryAuthority,Scotland,http://data.ordnancesurvey.co.uk/id/7000000000041429,Scotland,http://data.ordnancesurvey.co.uk/id/country/scotland,,,
osgb4000000074558749,http://data.ordnancesurvey.co.uk/id/4000000074558749,Culswick,,,,populatedPlace,Other Settlement,428176.000,1145031.000,15000,25000,427293.766,1144849.809,428233.835,1145769.766,ZE2,http://data.ordnancesurvey.co.uk/id/postcodedistrict/ZE2,,,,,,,Shetland Islands,http://data.ordnancesurvey.co.uk/id/7000000000030514,http://data.ordnancesurvey.co.uk/ontology/admingeo/UnitaryAuthority,Scotland,http://data.ordnancesurvey.co.uk/id/7000000000041429,Scotland,http://data.ordnancesurvey.co.uk/id/country/scotland,,,
osgb4000000074554655,http://data.ordnancesurvey.co.uk/id/4000000074554655,Brindister,,,,populatedPlace,Hamlet,428132.540,1157544.040,5000,25000,427862.703,1157097.144,428362.703,1157956.498,ZE2,http://data.ordnancesurvey.co.uk/id/postcodedistrict/ZE2,,,,,,,Shetland Islands,http://data.ordnancesurvey.co.uk/id/7000000000030514,http://data.ordnancesurvey.co.uk/ontology/admingeo/UnitaryAuthority,Scotland,http://data.ordnancesurvey.co.uk/id/7000000000041429,Scotland,http://data.ordnancesurvey.co.uk/id/country/scotland,,http://dbpedia.org/resource/Brindister,
osgb4000000074566036,http://data.ordnancesurvey.co.uk/id/4000000074566036,White Ness,,,,populatedPlace,Village,438947.920,1145507.900,38000,250000,437757.556,1142710.372,440108.850,1148550.930,ZE2,http://data.ordnancesurvey.co.uk/id/postcodedistrict/ZE2,,,,,,,Shetland Islands,http://data.ordnancesurvey.co.uk/id/7000000000030514,http://data.ordnancesurvey.co.uk/ontology/admingeo/UnitaryAuthority,Scotland,http://data.ordnancesurvey.co.uk/id/7000000000041429,Scotland,http://data.ordnancesurvey.co.uk/id/country/scotland,,,
osgb4000000074554649,http://data.ordnancesurvey.co.uk/id/4000000074554649,Tresta,,,,populatedPlace,Other Settlement,436352.830,1151025.380,15000,25000,435375.962,1150363.221,436537.221,1151680.314,ZE2,http://data.ordnancesurvey.co.uk/id/postcodedistrict/ZE2,,,,,,,Shetland Islands,http://data.ordnancesurvey.co.uk/id/7000000000030514,http://data.ordnancesurvey.co.uk/ontology/admingeo/UnitaryAuthority,Scotland,http://data.ordnancesurvey.co.uk/id/7000000000041429,Scotland,http://data.ordnancesurvey.co.uk/id/country/scotland,,,http://sws.geonames.org/2635486
osgb4000000074541939,http://data.ordnancesurvey.co.uk/id/4000000074541939,Tumblin,,,,populatedPlace,Other Settlement,433862.000,1153000.000,15000,25000,433540.851,1152539.568,434187.264,1153469.602,ZE2,http://data.ordnancesurvey.co.uk/id/postcodedistrict/ZE2,,,,,,,Shetland Islands,http://data.ordnancesurvey.co.uk/id/7000000000030514,http://data.ordnancesurvey.co.uk/ontology/admingeo/UnitaryAuthority,Scotland,http://data.ordnancesurvey.co.uk/id/7000000000041429,Scotland,http://data.ordnancesurvey.co.uk/id/country/scotland,,,
osgb4000000074554283,http://data.ordnancesurvey.co.uk/id/4000000074554283,Sound,,,,populatedPlace,Hamlet,438346.000,1150484.000,5000,25000,437993.373,1149974.432,438688.820,1151011.716,ZE2,http://data.ordnancesurvey.co.uk/id/postcodedistrict/ZE2,,,,,,,Shetland Islands,http://data.ordnancesurvey.co.uk/id/7000000000030514,http://data.ordnancesurvey.co.uk/ontology/admingeo/UnitaryAuthority,Scotland,http://data.ordnancesurvey.co.uk/id/7000000000041429,Scotland,http://data.ordnancesurvey.co.uk/id/country/scotland,,,
osgb4000000074558751,http://data.ordnancesurvey.co.uk/id/4000000074558751,Mid Walls,,,,populatedPlace,Other Settlement,420021.000,1150300.000,15000,25000,419254.304,1149872.282,421868.070,1151185.006,ZE2,http://data.ordnancesurvey.co.uk/id/postcodedistrict/ZE2,,,,,,,Shetland Islands,http://data.ordnancesurvey.co.uk/id/7000000000030514,http://data.ordnancesurvey.co.uk/ontology/admingeo/UnitaryAuthority,Scotland,http://data.ordnancesurvey.co.uk/id/7000000000041429,Scotland,http://data.ordnancesurvey.co.uk/id/country/scotland,,,
osgb4000000074542500,http://data.ordnancesurvey.co.uk/id/4000000074542500,Bridge of Walls,,,,populatedPlace,Hamlet,426652.230,1151119.050,5000,25000,426325.788,1150919.920,427150.228,1151419.920,ZE2,http://data.ordnancesurvey.co.uk/id/postcodedistrict/ZE2,,,,,,,Shetland Islands,http://data.ordnancesurvey.co.uk/id/7000000000030514,http://data.ordnancesurvey.co.uk/ontology/admingeo/UnitaryAuthority,Scotland,http://data.ordnancesurvey.co.uk/id/7000000000041429,Scotland,http://data.ordnancesurvey.co.uk/id/country/scotland,,,
osgb4000000074566034,http://data.ordnancesurvey.co.uk/id/4000000074566034,Burraland,,,,populatedPlace,Hamlet,422511.000,1149484.000,5000,25000,422239.997,1149193.216,422849.818,1149836.682,ZE2,http://data.ordnancesurvey.co.uk/id/postcodedistrict/ZE2,,,,,,,Shetland Islands,http://data.ordnancesurvey.co.uk/id/7000000000030514,http://data.ordnancesurvey.co.uk/ontology/admingeo/UnitaryAuthority,Scotland,http://data.ordnancesurvey.co.uk/id/7000000000041429,Scotland,http://data.ordnancesurvey.co.uk/id/country/scotland,,,
osgb4000000074541943,http://data.ordnancesurvey.co.uk/id/4000000074541943,Scarvister,,,,populatedPlace,Other Settlement,430402.010,1142560.860,15000,25000,430163.977,1142321.717,430663.977,1142821.717,ZE2,http://data.ordnancesurvey.co.uk/id/postcodedistrict/ZE2,,,,,,,Shetland Islands,http://data.ordnancesurvey.co.uk/id/7000000000030514,http://data.ordnancesurvey.co.uk/ontology/admingeo/UnitaryAuthority,Scotland,http://data.ordnancesurvey.co.uk/id/7000000000041429,Scotland,http://data.ordnancesurvey.co.uk/id/country/scotland,,,
ZE29NS,http://data.ordnancesurvey.co.uk/id/postcodeunit/ZE29NS,ZE2 9NS,,,,other,Postcode,430172.000,1150358.000,3500,18000,,,,,,,,,,,,,Shetland Islands,http://data.ordnancesurvey.co.uk/id/7000000000030514,http://data.ordnancesurvey.co.uk/ontology/admingeo/UnitaryAuthority,Scotland,http://data.ordnancesurvey.co.uk/id/7000000000041429,Scotland,http://data.ordnancesurvey.co.uk/id/country/scotland,,,
ZE29NB,http://data.ordnancesurvey.co.uk/id/postcodeunit/ZE29NB,ZE2 9NB,,,,other,Postcode,434329.000,1155640.000,3500,18000,,,,,,,Aith,http://data.ordnancesurvey.co.uk/id/4000000074554652,http://www.ordnancesurvey.co.uk/xml/codelists/localtype.xml#village,,,,Shetland Islands,http://data.ordnancesurvey.co.uk/id/7000000000030514,http://data.ordnancesurvey.co.uk/ontology/admingeo/UnitaryAuthority,Scotland,http://data.ordnancesurvey.co.uk/id/7000000000041429,Scotland,http://data.ordnancesurvey.co.uk/id/country/scotland,,,
ZE29PF,http://data.ordnancesurvey.co.uk/id/postcodeunit/ZE29PF,ZE2 9PF,,,,other,Postcode,424596.000,1149053.000,3500,18000,,,,,,,Walls,http://data.ordnancesurvey.co.uk/id/4000000074335710,http://www.ordnancesurvey.co.uk/xml/codelists/localtype.xml#village,,,,Shetland Islands,http://data.ordnancesurvey.co.uk/id/7000000000030514,http://data.ordnancesurvey.co.uk/ontology/admingeo/UnitaryAuthority,Scotland,http://data.ordnancesurvey.co.uk/id/7000000000041429,Scotland,http://data.ordnancesurvey.co.uk/id/country/scotland,,,
ZE10XN,http://data.ordnancesurvey.co.uk/id/postcodeunit/ZE10XN,ZE1 0XN,,,,other,Postcode,439374.000,1140895.000,3500,18000,,,,,,,,,,,,,Shetland Islands,http://data.ordnancesurvey.co.uk/id/7000000000030514,http://data.ordnancesurvey.co.uk/ontology/admingeo/UnitaryAuthority,Scotland,http://data.ordnancesurvey.co.uk/id/7000000000041429,Scotland,http://data.ordnancesurvey.co.uk/id/country/scotland,,,
ZE29LT,http://data.ordnancesurvey.co.uk/id/postcodeunit/ZE29LT,ZE2 9LT,,,,other,Postcode,435973.000,1151137.000,3500,18000,,,,,,,Tresta,http://data.ordnancesurvey.co.uk/id/4000000074554649,http://www.ordnancesurvey.co.uk/xml/codelists/localtype.xml#otherSettlement,,,,Shetland Islands,http://data.ordnancesurvey.co.uk/id/7000000000030514,http://data.ordnancesurvey.co.uk/ontology/admingeo/UnitaryAuthority,Scotland,http://data.ordnancesurvey.co.uk/id/7000000000041429,Scotland,http://data.ordnancesurvey.co.uk/id/country/scotland,,,
ZE29GJ,http://data.ordnancesurvey.co.uk/id/postcodeunit/ZE29GJ,ZE2 9GJ,,,,other,Postcode,439222.000,1147353.000,3500,18000,,,,,,,White Ness,http://data.ordnancesurvey.co.uk/id/4000000074566036,http://www.ordnancesurvey.co.uk/xml/codelists/localtype.xml#village,,,,Shetland Islands,http://data.ordnancesurvey.co.uk/id/7000000000030514,http://data.ordnancesurvey.co.uk/ontology/admingeo/UnitaryAuthority,Scotland,http://data.ordnancesurvey.co.uk/id/7000000000041429,Scotland,http://data.ordnancesurvey.co.uk/id/country/scotland,,,
ZE29NA,http://data.ordnancesurvey.co.uk/id/postcodeunit/ZE29NA,ZE2 9NA,,,,other,Postcode,433078.000,1152292.000,3500,18000,,,,,,,Bixter,http://data.ordnancesurvey.co.uk/id/4000000074554650,http://www.ordnancesurvey.co.uk/xml/codelists/localtype.xml#hamlet,,,,Shetland Islands,http://data.ordnancesurvey.co.uk/id/7000000000030514,http://data.ordnancesurvey.co.uk/ontology/admingeo/UnitaryAuthority,Scotland,http://data.ordnancesurvey.co.uk/id/7000000000041429,Scotland,http://data.ordnancesurvey.co.uk/id/country/scotland,,,
ZE29LG,http://data.ordnancesurvey.co.uk/id/postcodeunit/ZE29LG,ZE2 9LG,,,,other,Postcode,439134.000,1148189.000,3500,18000,,,,,,,White Ness,http://data.ordnancesurvey.co.uk/id/4000000074566036,http://www.ordnancesurvey.co.uk/xml/codelists/localtype.xml#village,,,,Shetland Islands,http://data.ordnancesurvey.co.uk/id/7000000000030514,http://data.ordnancesurvey.co.uk/ontology/admingeo/UnitaryAuthority,Scotland,http://data.ordnancesurvey.co.uk/id/7000000000041429,Scotland,http://data.ordnancesurvey.co.uk/id/country/scotland,,,
ZE29PH,http://data.ordnancesurvey.co.uk/id/postcodeunit/ZE29PH,ZE2 9PH,,,,other,Postcode,424184.000,1150180.000,3500,18000,,,,,,,,,,,,,Shetland Islands,http://data.ordnancesurvey.co.uk/id/7000000000030514,http://data.ordnancesurvey.co.uk/ontology/admingeo/UnitaryAuthority,Scotland,http://data.ordnancesurvey.co.uk/id/7000000000041429,Scotland,http://data.ordnancesurvey.co.uk/id/country/scotland,,,
ZE29GZ,http://data.ordnancesurvey.co.uk/id/postcodeunit/ZE29GZ,ZE2 9GZ,,,,other,Postcode,434472.000,1155814.000,3500,18000,,,,,,,Aith,http://data.ordnancesurvey.co.uk/id/4000000074554652,http://www.ordnancesurvey.co.uk/xml/codelists/localtype.xml#village,,,,Shetland Islands,http://data.ordnancesurvey.co.uk/id/7000000000030514,http://data.ordnancesurvey.co.uk/ontology/admingeo/UnitaryAuthority,Scotland,http://data.ordnancesurvey.co.uk/id/7000000000041429,Scotland,http://data.ordnancesurvey.co.uk/id/country/scotland,,,
ZE29NQ,http://data.ordnancesurvey.co.uk/id/postcodeunit/ZE29NQ,ZE2 9NQ,,,,other,Postcode,434347.000,1147784.000,3500,18000,,,,,,,,,,,,,Shetland Islands,http://data.ordnancesurvey.co.uk/id/7000000000030514,http://data.ordnancesurvey.co.uk/ontology/admingeo/UnitaryAuthority,Scotland,http://data.ordnancesurvey.co.uk/id/7000000000041429,Scotland,http://data.ordnancesurvey.co.uk/id/country/scotland,,,
ZE29LU,http://data.ordnancesurvey.co.uk/id/postcodeunit/ZE29LU,ZE2 9LU,,,,other,Postcode,435455.000,1148759.000,3500,18000,,,,,,,Sandsound,http://data.ordnancesurvey.co.uk/id/4000000074541010,http://www.ordnancesurvey.co.uk/xml/codelists/localtype.xml#otherSettlement,,,,Shetland Islands,http://data.ordnancesurvey.co.uk/id/7000000000030514,http://data.ordnancesurvey.co.uk/ontology/admingeo/UnitaryAuthority,Scotland,http://data.ordnancesurvey.co.uk/id/7000000000041429,Scotland,http://data.ordnancesurvey.co.uk/id/country/scotland,,,
ZE29NL,http://data.ordnancesurvey.co.uk/id/postcodeunit/ZE29NL,ZE2 9NL,,,,other,Postcode,430549.000,1143986.000,3500,18000,,,,,,,Easter Skeld,http://data.ordnancesurvey.co.uk/id/4000000074558372,http://www.ordnancesurvey.co.uk/xml/codelists/localtype.xml#village,,,,Shetland Islands,http://data.ordnancesurvey.co.uk/id/7000000000030514,http://data.ordnancesurvey.co.uk/ontology/admingeo/UnitaryAuthority,Scotland,http://data.ordnancesurvey.co.uk/id/7000000000041429,Scotland,http://data.ordnancesurvey.co.uk/id/country/scotland,,,
ZE29NH,http://data.ordnancesurvey.co.uk/id/postcodeunit/ZE29NH,ZE2 9NH,,,,other,Postcode,433156.000,1147970.000,3500,18000,,,,,,,Garderhouse,http://data.ordnancesurvey.co.uk/id/4000000074566032,http://www.ordnancesurvey.co.uk/xml/codelists/localtype.xml#hamlet,,,,Shetland Islands,http://data.ordnancesurvey.co.uk/id/7000000000030514,http://data.ordnancesurvey.co.uk/ontology/admingeo/UnitaryAuthority,Scotland,http://data.ordnancesurvey.co.uk/id/7000000000041429,Scotland,http://data.ordnancesurvey.co.uk/id/country/scotland,,,
ZE29NG,http://data.ordnancesurvey.co.uk/id/postcodeunit/ZE29NG,ZE2 9NG,,,,other,Postcode,433425.000,1150484.000,3500,18000,,,,,,,Semblister,http://data.ordnancesurvey.co.uk/id/4000000074541938,http://www.ordnancesurvey.co.uk/xml/codelists/localtype.xml#hamlet,,,,Shetland Islands,http://data.ordnancesurvey.co.uk/id/7000000000030514,http://data.ordnancesurvey.co.uk/ontology/admingeo/UnitaryAuthority,Scotland,http://data.ordnancesurvey.co.uk/id/7000000000041429,Scotland,http://data.ordnancesurvey.co.uk/id/country/scotland,,,
ZE29LZ,http://data.ordnancesurvey.co.uk/id/postcodeunit/ZE29LZ,ZE2 9LZ,,,,other,Postcode,429775.000,1152434.000,3500,18000,,,,,,,,,,,,,Shetland Islands,http://data.ordnancesurvey.co.uk/id/7000000000030514,http://data.ordnancesurvey.co.uk/ontology/admingeo/UnitaryAuthority,Scotland,http://data.ordnancesurvey.co.uk/id/7000000000041429,Scotland,http://data.ordnancesurvey.co.uk/id/country/scotland,,,
ZE29LS,http://data.ordnancesurvey.co.uk/id/postcodeunit/ZE29LS,ZE2 9LS,,,,other,Postcode,434030.000,1153297.000,3500,18000,,,,,,,Tumblin,http://data.ordnancesurvey.co.uk/id/4000000074541939,http://www.ordnancesurvey.co.uk/xml/codelists/localtype.xml#otherSettlement,,,,Shetland Islands,http://data.ordnancesurvey.co.uk/id/7000000000030514,http://data.ordnancesurvey.co.uk/ontology/admingeo/UnitaryAuthority,Scotland,http://data.ordnancesurvey.co.uk/id/7000000000041429,Scotland,http://data.ordnancesurvey.co.uk/id/country/scotland,,,
ZE29LX,http://data.ordnancesurvey.co.uk/id/postcodeunit/ZE29LX,ZE2 9LX,,,,other,Postcode,431887.000,1156179.000,3500,18000,,,,,,,,,,,,,Shetland Islands,http://data.ordnancesurvey.co.uk/id/7000000000030514,http://data.ordnancesurvey.co.uk/ontology/admingeo/UnitaryAuthority,Scotland,http://data.ordnancesurvey.co.uk/id/7000000000041429,Scotland,http://data.ordnancesurvey.co.uk/id/country/scotland,,,
ZE29LQ,http://data.ordnancesurvey.co.uk/id/postcodeunit/ZE29LQ,ZE2 9LQ,,,,other,Postcode,438808.000,1150105.000,3500,18000,,,,,,,Kalliness,http://data.ordnancesurvey.co.uk/id/4000000074558369,http://www.ordnancesurvey.co.uk/xml/codelists/localtype.xml#village,,,,Shetland Islands,http://data.ordnancesurvey.co.uk/id/7000000000030514,http://data.ordnancesurvey.co.uk/ontology/admingeo/UnitaryAuthority,Scotland,http://data.ordnancesurvey.co.uk/id/7000000000041429,Scotland,http://data.ordnancesurvey.co.uk/id/country/scotland,,,
ZE29NF,http://data.ordnancesurvey.co.uk/id/postcodeunit/ZE29NF,ZE2 9NF,,,,other,Postcode,434882.000,1155688.000,3500,18000,,,,,,,Aith,http://data.ordnancesurvey.co.uk/id/4000000074554652,http://www.ordnancesurvey.co.uk/xml/codelists/localtype.xml#village,,,,Shetland Islands,http://data.ordnancesurvey.co.uk/id/7000000000030514,http://data.ordnancesurvey.co.uk/ontology/admingeo/UnitaryAuthority,Scotland,http://data.ordnancesurvey.co.uk/id/7000000000041429,Scotland,http://data.ordnancesurvey.co.uk/id/country/scotland,,,
ZE29PJ,http://data.ordnancesurvey.co.uk/id/postcodeunit/ZE29PJ,ZE2 9PJ,,,,other,Postcode,424662.000,1150965.000,3500,18000,,,,,,,Brunatwatt,http://data.ordnancesurvey.co.uk/id/4000000074554296,http://www.ordnancesurvey.co.uk/xml/codelists/localtype.xml#hamlet,,,,Shetland Islands,http://data.ordnancesurvey.co.uk/id/7000000000030514,http://data.ordnancesurvey.co.uk/ontology/admingeo/UnitaryAuthority,Scotland,http://data.ordnancesurvey.co.uk/id/7000000000041429,Scotland,http://data.ordnancesurvey.co.uk/id/country/scotland,,,
ZE29NR,http://data.ordnancesurvey.co.uk/id/postcodeunit/ZE29NR,ZE2 9NR,,,,other,Postcode,428202.000,1149264.000,3500,18000,,,,,,,Gruting,http://data.ordnancesurvey.co.uk/id/4000000074558750,http://www.ordnancesurvey.co.uk/xml/codelists/localtype.xml#hamlet,,,,Shetland Islands,http://data.ordnancesurvey.co.uk/id/7000000000030514,http://data.ordnancesurvey.co.uk/ontology/admingeo/UnitaryAuthority,Scotland,http://data.ordnancesurvey.co.uk/id/7000000000041429,Scotland,http://data.ordnancesurvey.co.uk/id/country/scotland,,,
ZE29NX,http://data.ordnancesurvey.co.uk/id/postcodeunit/ZE29NX,ZE2 9NX,,,,other,Postcode,438697.000,1150065.000,3500,18000,,,,,,,Kalliness,http://data.ordnancesurvey.co.uk/id/4000000074558369,http://www.ordnancesurvey.co.uk/xml/codelists/localtype.xml#village,,,,Shetland Islands,http://data.ordnancesurvey.co.uk/id/7000000000030514,http://data.ordnancesurvey.co.uk/ontology/admingeo/UnitaryAuthority,Scotland,http://data.ordnancesurvey.co.uk/id/7000000000041429,Scotland,http://data.ordnancesurvey.co.uk/id/country/scotland,,,
ZE29NJ,http://data.ordnancesurvey.co.uk/id/postcodeunit/ZE29NJ,ZE2 9NJ,,,,other,Postcode,432471.000,1144549.000,3500,18000,,,,,,,Reawick,http://data.ordnancesurvey.co.uk/id/4000000074541947,http://www.ordnancesurvey.co.uk/xml/codelists/localtype.xml#otherSettlement,,,,Shetland Islands,http://data.ordnancesurvey.co.uk/id/7000000000030514,http://data.ordnancesurvey.co.uk/ontology/admingeo/UnitaryAuthority,Scotland,http://data.ordnancesurvey.co.uk/id/7000000000041429,Scotland,http://data.ordnancesurvey.co.uk/id/country/scotland,,,
ZE29LR,http://data.ordnancesurvey.co.uk/id/postcodeunit/ZE29LR,ZE2 9LR,,,,other,Postcode,438667.000,1149799.000,3500,18000,,,,,,,Kalliness,http://data.ordnancesurvey.co.uk/id/4000000074558369,http://www.ordnancesurvey.co.uk/xml/codelists/localtype.xml#village,,,,Shetland Islands,http://data.ordnancesurvey.co.uk/id/7000000000030514,http://data.ordnancesurvey.co.uk/ontology/admingeo/UnitaryAuthority,Scotland,http://data.ordnancesurvey.co.uk/id/7000000000041429,Scotland,http://data.ordnancesurvey.co.uk/id/country/scotland,,,
ZE29PA,http://data.ordnancesurvey.co.uk/id/postcodeunit/ZE29PA,ZE2 9PA,,,,other,Postcode,422629.000,1146904.000,3500,18000,,,,,,,,,,,,,Shetland Islands,http://data.ordnancesurvey.co.uk/id/7000000000030514,http://data.ordnancesurvey.co.uk/ontology/admingeo/UnitaryAuthority,Scotland,http://data.ordnancesurvey.co.uk/id/7000000000041429,Scotland,http://data.ordnancesurvey.co.uk/id/country/scotland,,,
ZE29LL,http://data.ordnancesurvey.co.uk/id/postcodeunit/ZE29LL,ZE2 9LL,,,,other,Postcode,438760.000,1144492.000,3500,18000,,,,,,,White Ness,http://data.ordnancesurvey.co.uk/id/4000000074566036,http://www.ordnancesurvey.co.uk/xml/codelists/localtype.xml#village,,,,Shetland Islands,http://data.ordnancesurvey.co.uk/id/7000000000030514,http://data.ordnancesurvey.co.uk/ontology/admingeo/UnitaryAuthority,Scotland,http://data.ordnancesurvey.co.uk/id/7000000000041429,Scotland,http://data.ordnancesurvey.co.uk/id/country/scotland,,,
ZE29NN,http://data.ordnancesurvey.co.uk/id/postcodeunit/ZE29NN,ZE2 9NN,,,,other,Postcode,433376.000,1152242.000,3500,18000,,,,,,,Bixter,http://data.ordnancesurvey.co.uk/id/4000000074554650,http://www.ordnancesurvey.co.uk/xml/codelists/localtype.xml#hamlet,,,,Shetland Islands,http://data.ordnancesurvey.co.uk/id/7000000000030514,http://data.ordnancesurvey.co.uk/ontology/admingeo/UnitaryAuthority,Scotland,http://data.ordnancesurvey.co.uk/id/7000000000041429,Scotland,http://data.ordnancesurvey.co.uk/id/country/scotland,,,
ZE29NE,http://data.ordnancesurvey.co.uk/id/postcodeunit/ZE29NE,ZE2 9NE,,,,other,Postcode,435630.000,1157490.000,3500,18000,,,,,,,,,,,,,Shetland Islands,http://data.ordnancesurvey.co.uk/id/7000000000030514,http://data.ordnancesurvey.co.uk/ontology/admingeo/UnitaryAuthority,Scotland,http://data.ordnancesurvey.co.uk/id/7000000000041429,Scotland,http://data.ordnancesurvey.co.uk/id/country/scotland,,,
ZE29LW,http://data.ordnancesurvey.co.uk/id/postcodeunit/ZE29LW,ZE2 9LW,,,,other,Postcode,439487.000,1153093.000,3500,18000,,,,,,,Weisdale,http://data.ordnancesurvey.co.uk/id/4000000074554285,http://www.ordnancesurvey.co.uk/xml/codelists/localtype.xml#village,,,,Shetland Islands,http://data.ordnancesurvey.co.uk/id/7000000000030514,http://data.ordnancesurvey.co.uk/ontology/admingeo/UnitaryAuthority,Scotland,http://data.ordnancesurvey.co.uk/id/7000000000041429,Scotland,http://data.ordnancesurvey.co.uk/id/country/scotland,,,
ZE29LJ,http://data.ordnancesurvey.co.uk/id/postcodeunit/ZE29LJ,ZE2 9LJ,,,,other,Postcode,439867.000,1145916.000,3500,18000,,,,,,,White Ness,http://data.ordnancesurvey.co.uk/id/4000000074566036,http://www.ordnancesurvey.co.uk/xml/codelists/localtype.xml#village,,,,Shetland Islands,http://data.ordnancesurvey.co.uk/id/7000000000030514,http://data.ordnancesurvey.co.uk/ontology/admingeo/UnitaryAuthority,Scotland,http://data.ordnancesurvey.co.uk/id/7000000000041429,Scotland,http://data.ordnancesurvey.co.uk/id/country/scotland,,,
ZE29LY,http://data.ordnancesurvey.co.uk/id/postcodeunit/ZE29LY,ZE2 9LY,,,,other,Postcode,431021.000,1152196.000,3500,18000,,,,,,,Effirth,http://data.ordnancesurvey.co.uk/id/4000000074566685,http://www.ordnancesurvey.co.uk/xml/codelists/localtype.xml#otherSettlement,,,,Shetland Islands,http://data.ordnancesurvey.co.uk/id/7000000000030514,http://data.ordnancesurvey.co.uk/ontology/admingeo/UnitaryAuthority,Scotland,http://data.ordnancesurvey.co.uk/id/7000000000041429,Scotland,http://data.ordnancesurvey.co.uk/id/country/scotland,,,
ZE29PB,http://data.ordnancesurvey.co.uk/id/postcodeunit/ZE29PB,ZE2 9PB,,,,other,Postcode,423708.000,1149099.000,3500,18000,,,,,,,Walls,http://data.ordnancesurvey.co.uk/id/4000000074335710,http://www.ordnancesurvey.co.uk/xml/codelists/localtype.xml#village,,,,Shetland Islands,http://data.ordnancesurvey.co.uk/id/7000000000030514,http://data.ordnancesurvey.co.uk/ontology/admingeo/UnitaryAuthority,Scotland,http://data.ordnancesurvey.co.uk/id/7000000000041429,Scotland,http://data.ordnancesurvey.co.uk/id/country/scotland,,,
ZE29LN,http://data.ordnancesurvey.co.uk/id/postcodeunit/ZE29LN,ZE2 9LN,,,,other,Postcode,438503.000,1150670.000,3500,18000,,,,,,,Sound,http://data.ordnancesurvey.co.uk/id/4000000074554283,http://www.ordnancesurvey.co.uk/xml/codelists/localtype.xml#hamlet,,,,Shetland Islands,http://data.ordnancesurvey.co.uk/id/7000000000030514,http://data.ordnancesurvey.co.uk/ontology/admingeo/UnitaryAuthority,Scotland,http://data.ordnancesurvey.co.uk/id/7000000000041429,Scotland,http://data.ordnancesurvey.co.uk/id/country/scotland,,,
ZE29ND,http://data.ordnancesurvey.co.uk/id/postcodeunit/ZE29ND,ZE2 9ND,,,,other,Postcode,434060.000,1157415.000,3500,18000,,,,,,,,,,,,,Shetland Islands,http://data.ordnancesurvey.co.uk/id/7000000000030514,http://data.ordnancesurvey.co.uk/ontology/admingeo/UnitaryAuthority,Scotland,http://data.ordnancesurvey.co.uk/id/7000000000041429,Scotland,http://data.ordnancesurvey.co.uk/id/country/scotland,,,
ZE29NW,http://data.ordnancesurvey.co.uk/id/postcodeunit/ZE29NW,ZE2 9NW,,,,other,Postcode,434672.000,1155592.000,3500,18000,,,,,,,Aith,http://data.ordnancesurvey.co.uk/id/4000000074554652,http://www.ordnancesurvey.co.uk/xml/codelists/localtype.xml#village,,,,Shetland Islands,http://data.ordnancesurvey.co.uk/id/7000000000030514,http://data.ordnancesurvey.co.uk/ontology/admingeo/UnitaryAuthority,Scotland,http://data.ordnancesurvey.co.uk/id/7000000000041429,Scotland,http://data.ordnancesurvey.co.uk/id/country/scotland,,,
ZE29XB,http://data.ordnancesurvey.co.uk/id/postcodeunit/ZE29XB,ZE2 9XB,,,,other,Postcode,424222.000,1149682.000,3500,18000,,,,,,,Walls,http://data.ordnancesurvey.co.uk/id/4000000074335710,http://www.ordnancesurvey.co.uk/xml/codelists/localtype.xml#village,,,,Shetland Islands,http://data.ordnancesurvey.co.uk/id/7000000000030514,http://data.ordnancesurvey.co.uk/ontology/admingeo/UnitaryAuthority,Scotland,http://data.ordnancesurvey.co.uk/id/7000000000041429,Scotland,http://data.ordnancesurvey.co.uk/id/country/scotland,,,
ZE29QX,http://data.ordnancesurvey.co.uk/id/postcodeunit/ZE29QX,ZE2 9QX,,,,other,Postcode,424082.000,1149867.000,3500,18000,,,,,,,Walls,http://data.ordnancesurvey.co.uk/id/4000000074335710,http://www.ordnancesurvey.co.uk/xml/codelists/localtype.xml#village,,,,Shetland Islands,http://data.ordnancesurvey.co.uk/id/7000000000030514,http://data.ordnancesurvey.co.uk/ontology/admingeo/UnitaryAuthority,Scotland,http://data.ordnancesurvey.co.uk/id/7000000000041429,Scotland,http://data.ordnancesurvey.co.uk/id/country/scotland,,,
ZE29GL,http://data.ordnancesurvey.co.uk/id/postcodeunit/ZE29GL,ZE2 9GL,,,,other,Postcode,439233.000,1148388.000,3500,18000,,,,,,,White Ness,http://data.ordnancesurvey.co.uk/id/4000000074566036,http://www.ordnancesurvey.co.uk/xml/codelists/localtype.xml#village,,,,Shetland Islands,http://data.ordnancesurvey.co.uk/id/7000000000030514,http://data.ordnancesurvey.co.uk/ontology/admingeo/UnitaryAuthority,Scotland,http://data.ordnancesurvey.co.uk/id/7000000000041429,Scotland,http://data.ordnancesurvey.co.uk/id/country/scotland,,,
ZE29NT,http://data.ordnancesurvey.co.uk/id/postcodeunit/ZE29NT,ZE2 9NT,,,,other,Postcode,426502.000,1157095.000,3500,18000,,,,,,,West Burrafirth,http://data.ordnancesurvey.co.uk/id/4000000074554297,http://www.ordnancesurvey.co.uk/xml/codelists/localtype.xml#otherSettlement,,,,Shetland Islands,http://data.ordnancesurvey.co.uk/id/7000000000030514,http://data.ordnancesurvey.co.uk/ontology/admingeo/UnitaryAuthority,Scotland,http://data.ordnancesurvey.co.uk/id/7000000000041429,Scotland,http://data.ordnancesurvey.co.uk/id/country/scotland,,,
ZE29NY,http://data.ordnancesurvey.co.uk/id/postcodeunit/ZE29NY,ZE2 9NY,,,,other,Postcode,431198.000,1144738.000,3500,18000,,,,,,,Easter Skeld,http://data.ordnancesurvey.co.uk/id/4000000074558372,http://www.ordnancesurvey.co.uk/xml/codelists/localtype.xml#village,,,,Shetland Islands,http://data.ordnancesurvey.co.uk/id/7000000000030514,http://data.ordnancesurvey.co.uk/ontology/admingeo/UnitaryAuthority,Scotland,http://data.ordnancesurvey.co.uk/id/7000000000041429,Scotland,http://data.ordnancesurvey.co.uk/id/country/scotland,,,
ZE29PG,http://data.ordnancesurvey.co.uk/id/postcodeunit/ZE29PG,ZE2 9PG,,,,other,Postcode,423908.000,1149089.000,3500,18000,,,,,,,Walls,http://data.ordnancesurvey.co.uk/id/4000000074335710,http://www.ordnancesurvey.co.uk/xml/codelists/localtype.xml#village,,,,Shetland Islands,http://data.ordnancesurvey.co.uk/id/7000000000030514,http://data.ordnancesurvey.co.uk/ontology/admingeo/UnitaryAuthority,Scotland,http://data.ordnancesurvey.co.uk/id/7000000000041429,Scotland,http://data.ordnancesurvey.co.uk/id/country/scotland,,,
ZE29PD,http://data.ordnancesurvey.co.uk/id/postcodeunit/ZE29PD,ZE2 9PD,,,,other,Postcode,421969.000,1148528.000,3500,18000,,,,,,,,,,,,,Shetland Islands,http://data.ordnancesurvey.co.uk/id/7000000000030514,http://data.ordnancesurvey.co.uk/ontology/admingeo/UnitaryAuthority,Scotland,http://data.ordnancesurvey.co.uk/id/7000000000041429,Scotland,http://data.ordnancesurvey.co.uk/id/country/scotland,,,
osgb4000000003222715,http://data.ordnancesurvey.co.uk/id/4000000003222715,B9071,,,,transportNetwork,Numbered Road,435148.462,1155903.703,133000,250000,427655.574,1144818.901,447535.000,1165315.000,ZE2,http://data.ordnancesurvey.co.uk/id/postcodedistrict/ZE2,Aith,http://data.ordnancesurvey.co.uk/id/4000000074554652,http://www.ordnancesurvey.co.uk/xml/codelists/localtype.xml#village,,,,Shetland Islands,http://data.ordnancesurvey.co.uk/id/7000000000030514,http://data.ordnancesurvey.co.uk/ontology/admingeo/UnitaryAuthority,Scotland,http://data.ordnancesurvey.co.uk/id/7000000000041429,Scotland,http://data.ordnancesurvey.co.uk/id/country/scotland,,,
osgb4000000003222386,http://data.ordnancesurvey.co.uk/id/4000000003222386,Whitelaw Road,,,,transportNetwork,Named Road,434855.749,1155719.308,1000,20000,434847.057,1155652.421,434874.422,1155736.113,ZE2,http://data.ordnancesurvey.co.uk/id/postcodedistrict/ZE2,Aith,http://data.ordnancesurvey.co.uk/id/4000000074554652,http://www.ordnancesurvey.co.uk/xml/codelists/localtype.xml#village,,,,Shetland Islands,http://data.ordnancesurvey.co.uk/id/7000000000030514,http://data.ordnancesurvey.co.uk/ontology/admingeo/UnitaryAuthority,Scotland,http://data.ordnancesurvey.co.uk/id/7000000000041429,Scotland,http://data.ordnancesurvey.co.uk/id/country/scotland,,,
osgb4000000003224665,http://data.ordnancesurvey.co.uk/id/4000000003224665,Grindibrek,,,,transportNetwork,Named Road,431180.275,1144770.197,1000,20000,431178.775,1144710.451,431181.409,1144778.897,ZE2,http://data.ordnancesurvey.co.uk/id/postcodedistrict/ZE2,Easter Skeld,http://data.ordnancesurvey.co.uk/id/4000000074558372,http://www.ordnancesurvey.co.uk/xml/codelists/localtype.xml#village,,,,Shetland Islands,http://data.ordnancesurvey.co.uk/id/7000000000030514,http://data.ordnancesurvey.co.uk/ontology/admingeo/UnitaryAuthority,Scotland,http://data.ordnancesurvey.co.uk/id/7000000000041429,Scotland,http://data.ordnancesurvey.co.uk/id/country/scotland,,,
osgb4000000003222914,http://data.ordnancesurvey.co.uk/id/4000000003222914,Vagaland,,,,transportNetwork,Named Road,424214.085,1149559.696,1000,20000,424184.022,1149546.699,424235.991,1149559.955,ZE2,http://data.ordnancesurvey.co.uk/id/postcodedistrict/ZE2,Walls,http://data.ordnancesurvey.co.uk/id/4000000074335710,http://www.ordnancesurvey.co.uk/xml/codelists/localtype.xml#village,,,,Shetland Islands,http://data.ordnancesurvey.co.uk/id/7000000000030514,http://data.ordnancesurvey.co.uk/ontology/admingeo/UnitaryAuthority,Scotland,http://data.ordnancesurvey.co.uk/id/7000000000041429,Scotland,http://data.ordnancesurvey.co.uk/id/country/scotland,,,
osgb4000000003223759,http://data.ordnancesurvey.co.uk/id/4000000003223759,Wirligert,,,,transportNetwork,Named Road,434655.200,1155588.100,1000,20000,434620.100,1155550.750,434707.250,1155617.709,ZE2,http://data.ordnancesurvey.co.uk/id/postcodedistrict/ZE2,Aith,http://data.ordnancesurvey.co.uk/id/4000000074554652,http://www.ordnancesurvey.co.uk/xml/codelists/localtype.xml#village,,,,Shetland Islands,http://data.ordnancesurvey.co.uk/id/7000000000030514,http://data.ordnancesurvey.co.uk/ontology/admingeo/UnitaryAuthority,Scotland,http://data.ordnancesurvey.co.uk/id/7000000000041429,Scotland,http://data.ordnancesurvey.co.uk/id/country/scotland,,,
osgb5000005132648506,http://data.ordnancesurvey.co.uk/id/5000005132648506,Marthastoon,,,,transportNetwork,Named Road,434441.726,1155811.632,1000,20000,434434.016,1155782.391,434478.908,1155852.093,ZE2,http://data.ordnancesurvey.co.uk/id/postcodedistrict/ZE2,Aith,http://data.ordnancesurvey.co.uk/id/4000000074554652,http://www.ordnancesurvey.co.uk/xml/codelists/localtype.xml#village,,,,Shetland Islands,http://data.ordnancesurvey.co.uk/id/7000000000030514,http://data.ordnancesurvey.co.uk/ontology/admingeo/UnitaryAuthority,Scotland,http://data.ordnancesurvey.co.uk/id/7000000000041429,Scotland,http://data.ordnancesurvey.co.uk/id/country/scotland,,,
osgb4000000003222332,http://data.ordnancesurvey.co.uk/id/4000000003222332,Kallibrig,,,,transportNetwork,Named Road,438716.919,1150080.968,1000,20000,438657.467,1150076.000,438788.000,1150096.092,ZE2,http://data.ordnancesurvey.co.uk/id/postcodedistrict/ZE2,Kalliness,http://data.ordnancesurvey.co.uk/id/4000000074558369,http://www.ordnancesurvey.co.uk/xml/codelists/localtype.xml#village,,,,Shetland Islands,http://data.ordnancesurvey.co.uk/id/7000000000030514,http://data.ordnancesurvey.co.uk/ontology/admingeo/UnitaryAuthority,Scotland,http://data.ordnancesurvey.co.uk/id/7000000000041429,Scotland,http://data.ordnancesurvey.co.uk/id/country/scotland,,,
osgb4000000003222253,http://data.ordnancesurvey.co.uk/id/4000000003222253,Pier Road,,,,transportNetwork,Named Road,423927.030,1149020.271,3000,20000,423814.934,1148802.262,424022.110,1149301.264,ZE2,http://data.ordnancesurvey.co.uk/id/postcodedistrict/ZE2,Walls,http://data.ordnancesurvey.co.uk/id/4000000074335710,http://www.ordnancesurvey.co.uk/xml/codelists/localtype.xml#village,,,,Shetland Islands,http://data.ordnancesurvey.co.uk/id/7000000000030514,http://data.ordnancesurvey.co.uk/ontology/admingeo/UnitaryAuthority,Scotland,http://data.ordnancesurvey.co.uk/id/7000000000041429,Scotland,http://data.ordnancesurvey.co.uk/id/country/scotland,,,
osgb4000000003222714,http://data.ordnancesurvey.co.uk/id/4000000003222714,A971,,,,transportNetwork,Numbered Road,430423.500,1152372.400,156000,1000000,418653.780,1145038.000,442694.000,1157899.004,ZE2,http://data.ordnancesurvey.co.uk/id/postcodedistrict/ZE2,,,,,,,Shetland Islands,http://data.ordnancesurvey.co.uk/id/7000000000030514,http://data.ordnancesurvey.co.uk/ontology/admingeo/UnitaryAuthority,Scotland,http://data.ordnancesurvey.co.uk/id/7000000000041429,Scotland,http://data.ordnancesurvey.co.uk/id/country/scotland,,,
osgb5000005185351463,http://data.ordnancesurvey.co.uk/id/5000005185351463,New Road,,,,transportNetwork,Named Road,424027.899,1149347.182,1000,20000,424022.110,1149301.264,424028.531,1149404.000,ZE2,http://data.ordnancesurvey.co.uk/id/postcodedistrict/ZE2,Walls,http://data.ordnancesurvey.co.uk/id/4000000074335710,http://www.ordnancesurvey.co.uk/xml/codelists/localtype.xml#village,,,,Shetland Islands,http://data.ordnancesurvey.co.uk/id/7000000000030514,http://data.ordnancesurvey.co.uk/ontology/admingeo/UnitaryAuthority,Scotland,http://data.ordnancesurvey.co.uk/id/7000000000041429,Scotland,http://data.ordnancesurvey.co.uk/id/country/scotland,,,
ZE29NP,http://data.ordnancesurvey.co.uk/id/postcodeunit/ZE29NP,ZE2 9NP,,,,other,Postcode,426662.000,1151228.000,3500,18000,,,,,,,Bridge of Walls,http://data.ordnancesurvey.co.uk/id/4000000074542500,http://www.ordnancesurvey.co.uk/xml/codelists/localtype.xml#hamlet,,,,Shetland Islands,http://data.ordnancesurvey.co.uk/id/7000000000030514,http://data.ordnancesurvey.co.uk/ontology/admingeo/UnitaryAuthority,Scotland,http://data.ordnancesurvey.co.uk/id/7000000000041429,Scotland,http://data.ordnancesurvey.co.uk/id/country/scotland,,,
ZE29PQ,http://data.ordnancesurvey.co.uk/id/postcodeunit/ZE29PQ,ZE2 9PQ,,,,other,Postcode,424010.000,1149358.000,3500,18000,,,,,,,Walls,http://data.ordnancesurvey.co.uk/id/4000000074335710,http://www.ordnancesurvey.co.uk/xml/codelists/localtype.xml#village,,,,Shetland Islands,http://data.ordnancesurvey.co.uk/id/7000000000030514,http://data.ordnancesurvey.co.uk/ontology/admingeo/UnitaryAuthority,Scotland,http://data.ordnancesurvey.co.uk/id/7000000000041429,Scotland,http://data.ordnancesurvey.co.uk/id/country/scotland,,,
