﻿osgb4000000074555018,http://data.ordnancesurvey.co.uk/id/4000000074555018,Hogaland,,,,populatedPlace,Hamlet,435116.000,1178915.000,5000,25000,434764.987,1178811.008,435735.950,1179660.585,ZE2,http://data.ordnancesurvey.co.uk/id/postcodedistrict/ZE2,,,,,,,Shetland Islands,http://data.ordnancesurvey.co.uk/id/7000000000030514,http://data.ordnancesurvey.co.uk/ontology/admingeo/UnitaryAuthority,Scotland,http://data.ordnancesurvey.co.uk/id/7000000000041429,Scotland,http://data.ordnancesurvey.co.uk/id/country/scotland,,,
osgb4000000074555021,http://data.ordnancesurvey.co.uk/id/4000000074555021,Assater,,,,populatedPlace,Hamlet,429784.000,1179678.000,5000,25000,429520.569,1179433.469,430020.569,1179933.469,ZE2,http://data.ordnancesurvey.co.uk/id/postcodedistrict/ZE2,,,,,,,Shetland Islands,http://data.ordnancesurvey.co.uk/id/7000000000030514,http://data.ordnancesurvey.co.uk/ontology/admingeo/UnitaryAuthority,Scotland,http://data.ordnancesurvey.co.uk/id/7000000000041429,Scotland,http://data.ordnancesurvey.co.uk/id/country/scotland,,http://dbpedia.org/resource/Assater,
osgb4000000074555379,http://data.ordnancesurvey.co.uk/id/4000000074555379,West Heogaland,,,,populatedPlace,Other Settlement,422109.680,1178007.730,15000,25000,421846.843,1177760.847,422346.843,1178260.847,ZE2,http://data.ordnancesurvey.co.uk/id/postcodedistrict/ZE2,,,,,,,Shetland Islands,http://data.ordnancesurvey.co.uk/id/7000000000030514,http://data.ordnancesurvey.co.uk/ontology/admingeo/UnitaryAuthority,Scotland,http://data.ordnancesurvey.co.uk/id/7000000000041429,Scotland,http://data.ordnancesurvey.co.uk/id/country/scotland,,,
osgb4000000074555378,http://data.ordnancesurvey.co.uk/id/4000000074555378,Braewick,,,,populatedPlace,Other Settlement,424250.020,1178997.180,15000,25000,424088.797,1178638.925,424588.797,1179138.925,ZE2,http://data.ordnancesurvey.co.uk/id/postcodedistrict/ZE2,,,,,,,Shetland Islands,http://data.ordnancesurvey.co.uk/id/7000000000030514,http://data.ordnancesurvey.co.uk/ontology/admingeo/UnitaryAuthority,Scotland,http://data.ordnancesurvey.co.uk/id/7000000000041429,Scotland,http://data.ordnancesurvey.co.uk/id/country/scotland,,,
osgb4000000074555013,http://data.ordnancesurvey.co.uk/id/4000000074555013,The Houllands,,,,populatedPlace,Hamlet,436161.130,1166380.760,5000,25000,435927.672,1166200.938,436430.382,1166723.758,ZE2,http://data.ordnancesurvey.co.uk/id/postcodedistrict/ZE2,,,,,,,Shetland Islands,http://data.ordnancesurvey.co.uk/id/7000000000030514,http://data.ordnancesurvey.co.uk/ontology/admingeo/UnitaryAuthority,Scotland,http://data.ordnancesurvey.co.uk/id/7000000000041429,Scotland,http://data.ordnancesurvey.co.uk/id/country/scotland,,,
osgb4000000074555017,http://data.ordnancesurvey.co.uk/id/4000000074555017,North Gluss,,,,populatedPlace,Hamlet,434716.000,1177620.000,5000,25000,434499.911,1177377.122,434999.911,1177877.122,ZE2,http://data.ordnancesurvey.co.uk/id/postcodedistrict/ZE2,,,,,,,Shetland Islands,http://data.ordnancesurvey.co.uk/id/7000000000030514,http://data.ordnancesurvey.co.uk/ontology/admingeo/UnitaryAuthority,Scotland,http://data.ordnancesurvey.co.uk/id/7000000000041429,Scotland,http://data.ordnancesurvey.co.uk/id/country/scotland,,,
osgb4000000074555014,http://data.ordnancesurvey.co.uk/id/4000000074555014,Brae,,,,populatedPlace,Village,435890.210,1167920.380,14000,250000,434243.594,1166653.298,436405.251,1168759.655,ZE2,http://data.ordnancesurvey.co.uk/id/postcodedistrict/ZE2,,,,,,,Shetland Islands,http://data.ordnancesurvey.co.uk/id/7000000000030514,http://data.ordnancesurvey.co.uk/ontology/admingeo/UnitaryAuthority,Scotland,http://data.ordnancesurvey.co.uk/id/7000000000041429,Scotland,http://data.ordnancesurvey.co.uk/id/country/scotland,,http://dbpedia.org/resource/Brae,http://sws.geonames.org/2654970
osgb4000000074555015,http://data.ordnancesurvey.co.uk/id/4000000074555015,Voxter,,,,populatedPlace,Hamlet,437179.040,1169889.200,5000,25000,436988.320,1169666.716,437488.320,1170169.432,ZE2,http://data.ordnancesurvey.co.uk/id/postcodedistrict/ZE2,,,,,,,Shetland Islands,http://data.ordnancesurvey.co.uk/id/7000000000030514,http://data.ordnancesurvey.co.uk/ontology/admingeo/UnitaryAuthority,Scotland,http://data.ordnancesurvey.co.uk/id/7000000000041429,Scotland,http://data.ordnancesurvey.co.uk/id/country/scotland,,,
osgb4000000074554666,http://data.ordnancesurvey.co.uk/id/4000000074554666,Bardister,,,,populatedPlace,Hamlet,435845.000,1177347.000,5000,25000,435615.921,1177060.418,436115.921,1177560.418,ZE2,http://data.ordnancesurvey.co.uk/id/postcodedistrict/ZE2,,,,,,,Shetland Islands,http://data.ordnancesurvey.co.uk/id/7000000000030514,http://data.ordnancesurvey.co.uk/ontology/admingeo/UnitaryAuthority,Scotland,http://data.ordnancesurvey.co.uk/id/7000000000041429,Scotland,http://data.ordnancesurvey.co.uk/id/country/scotland,,,
osgb4000000074555020,http://data.ordnancesurvey.co.uk/id/4000000074555020,Hillswick,,,,populatedPlace,Village,428069.080,1176687.600,10000,250000,427887.922,1176558.863,429250.269,1178072.020,ZE2,http://data.ordnancesurvey.co.uk/id/postcodedistrict/ZE2,,,,,,,Shetland Islands,http://data.ordnancesurvey.co.uk/id/7000000000030514,http://data.ordnancesurvey.co.uk/ontology/admingeo/UnitaryAuthority,Scotland,http://data.ordnancesurvey.co.uk/id/7000000000041429,Scotland,http://data.ordnancesurvey.co.uk/id/country/scotland,,,http://sws.geonames.org/2646885
osgb4000000074541589,http://data.ordnancesurvey.co.uk/id/4000000074541589,Wethersta,,,,populatedPlace,Hamlet,435994.000,1165345.000,5000,25000,435691.402,1165069.841,436425.352,1165869.153,ZE2,http://data.ordnancesurvey.co.uk/id/postcodedistrict/ZE2,,,,,,,Shetland Islands,http://data.ordnancesurvey.co.uk/id/7000000000030514,http://data.ordnancesurvey.co.uk/ontology/admingeo/UnitaryAuthority,Scotland,http://data.ordnancesurvey.co.uk/id/7000000000041429,Scotland,http://data.ordnancesurvey.co.uk/id/country/scotland,,,
osgb4000000074566688,http://data.ordnancesurvey.co.uk/id/4000000074566688,Innbanks,,,,populatedPlace,Other Settlement,433652.000,1169878.000,15000,25000,433390.344,1169608.151,433890.344,1170108.151,ZE2,http://data.ordnancesurvey.co.uk/id/postcodedistrict/ZE2,,,,,,,Shetland Islands,http://data.ordnancesurvey.co.uk/id/7000000000030514,http://data.ordnancesurvey.co.uk/ontology/admingeo/UnitaryAuthority,Scotland,http://data.ordnancesurvey.co.uk/id/7000000000041429,Scotland,http://data.ordnancesurvey.co.uk/id/country/scotland,,,
osgb4000000074554295,http://data.ordnancesurvey.co.uk/id/4000000074554295,Nibon,,,,populatedPlace,Other Settlement,430500.000,1173153.090,15000,25000,430294.744,1173021.149,430794.744,1173521.149,ZE2,http://data.ordnancesurvey.co.uk/id/postcodedistrict/ZE2,,,,,,,Shetland Islands,http://data.ordnancesurvey.co.uk/id/7000000000030514,http://data.ordnancesurvey.co.uk/ontology/admingeo/UnitaryAuthority,Scotland,http://data.ordnancesurvey.co.uk/id/7000000000041429,Scotland,http://data.ordnancesurvey.co.uk/id/country/scotland,,,
osgb4000000074541552,http://data.ordnancesurvey.co.uk/id/4000000074541552,Tangwick,,,,populatedPlace,Hamlet,423284.370,1177837.760,5000,25000,422734.824,1177592.997,423454.024,1178147.428,ZE2,http://data.ordnancesurvey.co.uk/id/postcodedistrict/ZE2,,,,,,,Shetland Islands,http://data.ordnancesurvey.co.uk/id/7000000000030514,http://data.ordnancesurvey.co.uk/ontology/admingeo/UnitaryAuthority,Scotland,http://data.ordnancesurvey.co.uk/id/7000000000041429,Scotland,http://data.ordnancesurvey.co.uk/id/country/scotland,,,
osgb4000000074554293,http://data.ordnancesurvey.co.uk/id/4000000074554293,Gonfirth,,,,populatedPlace,Hamlet,436802.000,1161314.000,5000,25000,436670.429,1161198.980,437469.738,1161872.617,ZE2,http://data.ordnancesurvey.co.uk/id/postcodedistrict/ZE2,,,,,,,Shetland Islands,http://data.ordnancesurvey.co.uk/id/7000000000030514,http://data.ordnancesurvey.co.uk/ontology/admingeo/UnitaryAuthority,Scotland,http://data.ordnancesurvey.co.uk/id/7000000000041429,Scotland,http://data.ordnancesurvey.co.uk/id/country/scotland,,,
osgb4000000074554294,http://data.ordnancesurvey.co.uk/id/4000000074554294,Sullom,,,,populatedPlace,Other Settlement,435606.920,1173254.310,15000,25000,435007.070,1172381.349,436237.926,1173859.316,ZE2,http://data.ordnancesurvey.co.uk/id/postcodedistrict/ZE2,,,,,,,Shetland Islands,http://data.ordnancesurvey.co.uk/id/7000000000030514,http://data.ordnancesurvey.co.uk/ontology/admingeo/UnitaryAuthority,Scotland,http://data.ordnancesurvey.co.uk/id/7000000000041429,Scotland,http://data.ordnancesurvey.co.uk/id/country/scotland,,,
osgb4000000074541584,http://data.ordnancesurvey.co.uk/id/4000000074541584,Scatsta,,,,populatedPlace,Other Settlement,438703.000,1172069.000,15000,25000,438400.869,1171788.138,439157.725,1173052.157,ZE2,http://data.ordnancesurvey.co.uk/id/postcodedistrict/ZE2,,,,,,,Shetland Islands,http://data.ordnancesurvey.co.uk/id/7000000000030514,http://data.ordnancesurvey.co.uk/ontology/admingeo/UnitaryAuthority,Scotland,http://data.ordnancesurvey.co.uk/id/7000000000041429,Scotland,http://data.ordnancesurvey.co.uk/id/country/scotland,,,
osgb4000000074813609,http://data.ordnancesurvey.co.uk/id/4000000074813609,Urafirth,,,,populatedPlace,Village,429426.646,1178358.632,9000,250000,429174.860,1178016.725,430567.904,1179113.002,ZE2,http://data.ordnancesurvey.co.uk/id/postcodedistrict/ZE2,,,,,,,Shetland Islands,http://data.ordnancesurvey.co.uk/id/7000000000030514,http://data.ordnancesurvey.co.uk/ontology/admingeo/UnitaryAuthority,Scotland,http://data.ordnancesurvey.co.uk/id/7000000000041429,Scotland,http://data.ordnancesurvey.co.uk/id/country/scotland,,,
osgb4000000074555016,http://data.ordnancesurvey.co.uk/id/4000000074555016,Haggrister,,,,populatedPlace,Other Settlement,434641.400,1170503.970,15000,25000,434394.336,1170273.486,434894.336,1170773.486,ZE2,http://data.ordnancesurvey.co.uk/id/postcodedistrict/ZE2,,,,,,,Shetland Islands,http://data.ordnancesurvey.co.uk/id/7000000000030514,http://data.ordnancesurvey.co.uk/ontology/admingeo/UnitaryAuthority,Scotland,http://data.ordnancesurvey.co.uk/id/7000000000041429,Scotland,http://data.ordnancesurvey.co.uk/id/country/scotland,,,
osgb4000000074335918,http://data.ordnancesurvey.co.uk/id/4000000074335918,Burnside,,,,populatedPlace,Hamlet,427775.000,1178277.000,5000,25000,427626.512,1178078.401,428180.003,1178578.401,ZE2,http://data.ordnancesurvey.co.uk/id/postcodedistrict/ZE2,,,,,,,Shetland Islands,http://data.ordnancesurvey.co.uk/id/7000000000030514,http://data.ordnancesurvey.co.uk/ontology/admingeo/UnitaryAuthority,Scotland,http://data.ordnancesurvey.co.uk/id/7000000000041429,Scotland,http://data.ordnancesurvey.co.uk/id/country/scotland,,,
ZE29QS,http://data.ordnancesurvey.co.uk/id/postcodeunit/ZE29QS,ZE2 9QS,,,,other,Postcode,437238.000,1165192.000,3500,18000,,,,,,,,,,,,,Shetland Islands,http://data.ordnancesurvey.co.uk/id/7000000000030514,http://data.ordnancesurvey.co.uk/ontology/admingeo/UnitaryAuthority,Scotland,http://data.ordnancesurvey.co.uk/id/7000000000041429,Scotland,http://data.ordnancesurvey.co.uk/id/country/scotland,,,
ZE29PY,http://data.ordnancesurvey.co.uk/id/postcodeunit/ZE29PY,ZE2 9PY,,,,other,Postcode,436868.000,1161993.000,3500,18000,,,,,,,,,,,,,Shetland Islands,http://data.ordnancesurvey.co.uk/id/7000000000030514,http://data.ordnancesurvey.co.uk/ontology/admingeo/UnitaryAuthority,Scotland,http://data.ordnancesurvey.co.uk/id/7000000000041429,Scotland,http://data.ordnancesurvey.co.uk/id/country/scotland,,,
ZE29TZ,http://data.ordnancesurvey.co.uk/id/postcodeunit/ZE29TZ,ZE2 9TZ,,,,other,Postcode,434708.000,1167580.000,3500,18000,,,,,,,Brae,http://data.ordnancesurvey.co.uk/id/4000000074555014,http://www.ordnancesurvey.co.uk/xml/codelists/localtype.xml#village,,,,Shetland Islands,http://data.ordnancesurvey.co.uk/id/7000000000030514,http://data.ordnancesurvey.co.uk/ontology/admingeo/UnitaryAuthority,Scotland,http://data.ordnancesurvey.co.uk/id/7000000000041429,Scotland,http://data.ordnancesurvey.co.uk/id/country/scotland,,,
ZE29RG,http://data.ordnancesurvey.co.uk/id/postcodeunit/ZE29RG,ZE2 9RG,,,,other,Postcode,431148.000,1176841.000,3500,18000,,,,,,,,,,,,,Shetland Islands,http://data.ordnancesurvey.co.uk/id/7000000000030514,http://data.ordnancesurvey.co.uk/ontology/admingeo/UnitaryAuthority,Scotland,http://data.ordnancesurvey.co.uk/id/7000000000041429,Scotland,http://data.ordnancesurvey.co.uk/id/country/scotland,,,
ZE29RE,http://data.ordnancesurvey.co.uk/id/postcodeunit/ZE29RE,ZE2 9RE,,,,other,Postcode,433688.000,1169788.000,3500,18000,,,,,,,Innbanks,http://data.ordnancesurvey.co.uk/id/4000000074566688,http://www.ordnancesurvey.co.uk/xml/codelists/localtype.xml#otherSettlement,,,,Shetland Islands,http://data.ordnancesurvey.co.uk/id/7000000000030514,http://data.ordnancesurvey.co.uk/ontology/admingeo/UnitaryAuthority,Scotland,http://data.ordnancesurvey.co.uk/id/7000000000041429,Scotland,http://data.ordnancesurvey.co.uk/id/country/scotland,,,
ZE29SS,http://data.ordnancesurvey.co.uk/id/postcodeunit/ZE29SS,ZE2 9SS,,,,other,Postcode,436001.000,1168415.000,3500,18000,,,,,,,Brae,http://data.ordnancesurvey.co.uk/id/4000000074555014,http://www.ordnancesurvey.co.uk/xml/codelists/localtype.xml#village,,,,Shetland Islands,http://data.ordnancesurvey.co.uk/id/7000000000030514,http://data.ordnancesurvey.co.uk/ontology/admingeo/UnitaryAuthority,Scotland,http://data.ordnancesurvey.co.uk/id/7000000000041429,Scotland,http://data.ordnancesurvey.co.uk/id/country/scotland,,,
ZE29UA,http://data.ordnancesurvey.co.uk/id/postcodeunit/ZE29UA,ZE2 9UA,,,,other,Postcode,435024.000,1167958.000,3500,18000,,,,,,,Brae,http://data.ordnancesurvey.co.uk/id/4000000074555014,http://www.ordnancesurvey.co.uk/xml/codelists/localtype.xml#village,,,,Shetland Islands,http://data.ordnancesurvey.co.uk/id/7000000000030514,http://data.ordnancesurvey.co.uk/ontology/admingeo/UnitaryAuthority,Scotland,http://data.ordnancesurvey.co.uk/id/7000000000041429,Scotland,http://data.ordnancesurvey.co.uk/id/country/scotland,,,
ZE29SX,http://data.ordnancesurvey.co.uk/id/postcodeunit/ZE29SX,ZE2 9SX,,,,other,Postcode,435836.000,1168385.000,3500,18000,,,,,,,Brae,http://data.ordnancesurvey.co.uk/id/4000000074555014,http://www.ordnancesurvey.co.uk/xml/codelists/localtype.xml#village,,,,Shetland Islands,http://data.ordnancesurvey.co.uk/id/7000000000030514,http://data.ordnancesurvey.co.uk/ontology/admingeo/UnitaryAuthority,Scotland,http://data.ordnancesurvey.co.uk/id/7000000000041429,Scotland,http://data.ordnancesurvey.co.uk/id/country/scotland,,,
ZE29XS,http://data.ordnancesurvey.co.uk/id/postcodeunit/ZE29XS,ZE2 9XS,,,,other,Postcode,436027.000,1167854.000,3500,18000,,,,,,,Brae,http://data.ordnancesurvey.co.uk/id/4000000074555014,http://www.ordnancesurvey.co.uk/xml/codelists/localtype.xml#village,,,,Shetland Islands,http://data.ordnancesurvey.co.uk/id/7000000000030514,http://data.ordnancesurvey.co.uk/ontology/admingeo/UnitaryAuthority,Scotland,http://data.ordnancesurvey.co.uk/id/7000000000041429,Scotland,http://data.ordnancesurvey.co.uk/id/country/scotland,,,
ZE29RD,http://data.ordnancesurvey.co.uk/id/postcodeunit/ZE29RD,ZE2 9RD,,,,other,Postcode,435417.000,1172697.000,3500,18000,,,,,,,Sullom,http://data.ordnancesurvey.co.uk/id/4000000074554294,http://www.ordnancesurvey.co.uk/xml/codelists/localtype.xml#otherSettlement,,,,Shetland Islands,http://data.ordnancesurvey.co.uk/id/7000000000030514,http://data.ordnancesurvey.co.uk/ontology/admingeo/UnitaryAuthority,Scotland,http://data.ordnancesurvey.co.uk/id/7000000000041429,Scotland,http://data.ordnancesurvey.co.uk/id/country/scotland,,,
ZE29RP,http://data.ordnancesurvey.co.uk/id/postcodeunit/ZE29RP,ZE2 9RP,,,,other,Postcode,427750.000,1178219.000,3500,18000,,,,,,,Burnside,http://data.ordnancesurvey.co.uk/id/4000000074335918,http://www.ordnancesurvey.co.uk/xml/codelists/localtype.xml#hamlet,,,,Shetland Islands,http://data.ordnancesurvey.co.uk/id/7000000000030514,http://data.ordnancesurvey.co.uk/ontology/admingeo/UnitaryAuthority,Scotland,http://data.ordnancesurvey.co.uk/id/7000000000041429,Scotland,http://data.ordnancesurvey.co.uk/id/country/scotland,,,
ZE29RW,http://data.ordnancesurvey.co.uk/id/postcodeunit/ZE29RW,ZE2 9RW,,,,other,Postcode,428568.000,1177325.000,3500,18000,,,,,,,Hillswick,http://data.ordnancesurvey.co.uk/id/4000000074555020,http://www.ordnancesurvey.co.uk/xml/codelists/localtype.xml#village,,,,Shetland Islands,http://data.ordnancesurvey.co.uk/id/7000000000030514,http://data.ordnancesurvey.co.uk/ontology/admingeo/UnitaryAuthority,Scotland,http://data.ordnancesurvey.co.uk/id/7000000000041429,Scotland,http://data.ordnancesurvey.co.uk/id/country/scotland,,,
ZE29SP,http://data.ordnancesurvey.co.uk/id/postcodeunit/ZE29SP,ZE2 9SP,,,,other,Postcode,435960.000,1168521.000,3500,18000,,,,,,,Brae,http://data.ordnancesurvey.co.uk/id/4000000074555014,http://www.ordnancesurvey.co.uk/xml/codelists/localtype.xml#village,,,,Shetland Islands,http://data.ordnancesurvey.co.uk/id/7000000000030514,http://data.ordnancesurvey.co.uk/ontology/admingeo/UnitaryAuthority,Scotland,http://data.ordnancesurvey.co.uk/id/7000000000041429,Scotland,http://data.ordnancesurvey.co.uk/id/country/scotland,,,
ZE29SY,http://data.ordnancesurvey.co.uk/id/postcodeunit/ZE29SY,ZE2 9SY,,,,other,Postcode,435765.000,1168364.000,3500,18000,,,,,,,Brae,http://data.ordnancesurvey.co.uk/id/4000000074555014,http://www.ordnancesurvey.co.uk/xml/codelists/localtype.xml#village,,,,Shetland Islands,http://data.ordnancesurvey.co.uk/id/7000000000030514,http://data.ordnancesurvey.co.uk/ontology/admingeo/UnitaryAuthority,Scotland,http://data.ordnancesurvey.co.uk/id/7000000000041429,Scotland,http://data.ordnancesurvey.co.uk/id/country/scotland,,,
ZE29QN,http://data.ordnancesurvey.co.uk/id/postcodeunit/ZE29QN,ZE2 9QN,,,,other,Postcode,434649.000,1167179.000,3500,18000,,,,,,,Brae,http://data.ordnancesurvey.co.uk/id/4000000074555014,http://www.ordnancesurvey.co.uk/xml/codelists/localtype.xml#village,,,,Shetland Islands,http://data.ordnancesurvey.co.uk/id/7000000000030514,http://data.ordnancesurvey.co.uk/ontology/admingeo/UnitaryAuthority,Scotland,http://data.ordnancesurvey.co.uk/id/7000000000041429,Scotland,http://data.ordnancesurvey.co.uk/id/country/scotland,,,
ZE29RQ,http://data.ordnancesurvey.co.uk/id/postcodeunit/ZE29RQ,ZE2 9RQ,,,,other,Postcode,430618.000,1173363.000,3500,18000,,,,,,,Nibon,http://data.ordnancesurvey.co.uk/id/4000000074554295,http://www.ordnancesurvey.co.uk/xml/codelists/localtype.xml#otherSettlement,,,,Shetland Islands,http://data.ordnancesurvey.co.uk/id/7000000000030514,http://data.ordnancesurvey.co.uk/ontology/admingeo/UnitaryAuthority,Scotland,http://data.ordnancesurvey.co.uk/id/7000000000041429,Scotland,http://data.ordnancesurvey.co.uk/id/country/scotland,,,
ZE29ST,http://data.ordnancesurvey.co.uk/id/postcodeunit/ZE29ST,ZE2 9ST,,,,other,Postcode,435909.000,1168431.000,3500,18000,,,,,,,Brae,http://data.ordnancesurvey.co.uk/id/4000000074555014,http://www.ordnancesurvey.co.uk/xml/codelists/localtype.xml#village,,,,Shetland Islands,http://data.ordnancesurvey.co.uk/id/7000000000030514,http://data.ordnancesurvey.co.uk/ontology/admingeo/UnitaryAuthority,Scotland,http://data.ordnancesurvey.co.uk/id/7000000000041429,Scotland,http://data.ordnancesurvey.co.uk/id/country/scotland,,,
ZE29TY,http://data.ordnancesurvey.co.uk/id/postcodeunit/ZE29TY,ZE2 9TY,,,,other,Postcode,435982.000,1168011.000,3500,18000,,,,,,,Brae,http://data.ordnancesurvey.co.uk/id/4000000074555014,http://www.ordnancesurvey.co.uk/xml/codelists/localtype.xml#village,,,,Shetland Islands,http://data.ordnancesurvey.co.uk/id/7000000000030514,http://data.ordnancesurvey.co.uk/ontology/admingeo/UnitaryAuthority,Scotland,http://data.ordnancesurvey.co.uk/id/7000000000041429,Scotland,http://data.ordnancesurvey.co.uk/id/country/scotland,,,
ZE29QQ,http://data.ordnancesurvey.co.uk/id/postcodeunit/ZE29QQ,ZE2 9QQ,,,,other,Postcode,436031.000,1167547.000,3500,18000,,,,,,,Brae,http://data.ordnancesurvey.co.uk/id/4000000074555014,http://www.ordnancesurvey.co.uk/xml/codelists/localtype.xml#village,,,,Shetland Islands,http://data.ordnancesurvey.co.uk/id/7000000000030514,http://data.ordnancesurvey.co.uk/ontology/admingeo/UnitaryAuthority,Scotland,http://data.ordnancesurvey.co.uk/id/7000000000041429,Scotland,http://data.ordnancesurvey.co.uk/id/country/scotland,,,
ZE29UX,http://data.ordnancesurvey.co.uk/id/postcodeunit/ZE29UX,ZE2 9UX,,,,other,Postcode,435960.000,1168758.000,3500,18000,,,,,,,,,,,,,Shetland Islands,http://data.ordnancesurvey.co.uk/id/7000000000030514,http://data.ordnancesurvey.co.uk/ontology/admingeo/UnitaryAuthority,Scotland,http://data.ordnancesurvey.co.uk/id/7000000000041429,Scotland,http://data.ordnancesurvey.co.uk/id/country/scotland,,,
ZE29QG,http://data.ordnancesurvey.co.uk/id/postcodeunit/ZE29QG,ZE2 9QG,,,,other,Postcode,435403.000,1168044.000,3500,18000,,,,,,,Brae,http://data.ordnancesurvey.co.uk/id/4000000074555014,http://www.ordnancesurvey.co.uk/xml/codelists/localtype.xml#village,,,,Shetland Islands,http://data.ordnancesurvey.co.uk/id/7000000000030514,http://data.ordnancesurvey.co.uk/ontology/admingeo/UnitaryAuthority,Scotland,http://data.ordnancesurvey.co.uk/id/7000000000041429,Scotland,http://data.ordnancesurvey.co.uk/id/country/scotland,,,
ZE29RF,http://data.ordnancesurvey.co.uk/id/postcodeunit/ZE29RF,ZE2 9RF,,,,other,Postcode,434318.000,1175238.000,3500,18000,,,,,,,,,,,,,Shetland Islands,http://data.ordnancesurvey.co.uk/id/7000000000030514,http://data.ordnancesurvey.co.uk/ontology/admingeo/UnitaryAuthority,Scotland,http://data.ordnancesurvey.co.uk/id/7000000000041429,Scotland,http://data.ordnancesurvey.co.uk/id/country/scotland,,,
ZE29RN,http://data.ordnancesurvey.co.uk/id/postcodeunit/ZE29RN,ZE2 9RN,,,,other,Postcode,435162.000,1172685.000,3500,18000,,,,,,,Sullom,http://data.ordnancesurvey.co.uk/id/4000000074554294,http://www.ordnancesurvey.co.uk/xml/codelists/localtype.xml#otherSettlement,,,,Shetland Islands,http://data.ordnancesurvey.co.uk/id/7000000000030514,http://data.ordnancesurvey.co.uk/ontology/admingeo/UnitaryAuthority,Scotland,http://data.ordnancesurvey.co.uk/id/7000000000041429,Scotland,http://data.ordnancesurvey.co.uk/id/country/scotland,,,
ZE29QP,http://data.ordnancesurvey.co.uk/id/postcodeunit/ZE29QP,ZE2 9QP,,,,other,Postcode,437679.000,1170941.000,3500,18000,,,,,,,,,,,,,Shetland Islands,http://data.ordnancesurvey.co.uk/id/7000000000030514,http://data.ordnancesurvey.co.uk/ontology/admingeo/UnitaryAuthority,Scotland,http://data.ordnancesurvey.co.uk/id/7000000000041429,Scotland,http://data.ordnancesurvey.co.uk/id/country/scotland,,,
ZE29RH,http://data.ordnancesurvey.co.uk/id/postcodeunit/ZE29RH,ZE2 9RH,,,,other,Postcode,430200.000,1178622.000,3500,18000,,,,,,,Urafirth,http://data.ordnancesurvey.co.uk/id/4000000074813609,http://www.ordnancesurvey.co.uk/xml/codelists/localtype.xml#village,,,,Shetland Islands,http://data.ordnancesurvey.co.uk/id/7000000000030514,http://data.ordnancesurvey.co.uk/ontology/admingeo/UnitaryAuthority,Scotland,http://data.ordnancesurvey.co.uk/id/7000000000041429,Scotland,http://data.ordnancesurvey.co.uk/id/country/scotland,,,
ZE29XP,http://data.ordnancesurvey.co.uk/id/postcodeunit/ZE29XP,ZE2 9XP,,,,other,Postcode,428653.000,1177267.000,3500,18000,,,,,,,Hillswick,http://data.ordnancesurvey.co.uk/id/4000000074555020,http://www.ordnancesurvey.co.uk/xml/codelists/localtype.xml#village,,,,Shetland Islands,http://data.ordnancesurvey.co.uk/id/7000000000030514,http://data.ordnancesurvey.co.uk/ontology/admingeo/UnitaryAuthority,Scotland,http://data.ordnancesurvey.co.uk/id/7000000000041429,Scotland,http://data.ordnancesurvey.co.uk/id/country/scotland,,,
ZE29SR,http://data.ordnancesurvey.co.uk/id/postcodeunit/ZE29SR,ZE2 9SR,,,,other,Postcode,435967.000,1168443.000,3500,18000,,,,,,,Brae,http://data.ordnancesurvey.co.uk/id/4000000074555014,http://www.ordnancesurvey.co.uk/xml/codelists/localtype.xml#village,,,,Shetland Islands,http://data.ordnancesurvey.co.uk/id/7000000000030514,http://data.ordnancesurvey.co.uk/ontology/admingeo/UnitaryAuthority,Scotland,http://data.ordnancesurvey.co.uk/id/7000000000041429,Scotland,http://data.ordnancesurvey.co.uk/id/country/scotland,,,
ZE29BY,http://data.ordnancesurvey.co.uk/id/postcodeunit/ZE29BY,ZE2 9BY,,,,other,Postcode,435846.000,1167228.000,3500,18000,,,,,,,,,,,,,Shetland Islands,http://data.ordnancesurvey.co.uk/id/7000000000030514,http://data.ordnancesurvey.co.uk/ontology/admingeo/UnitaryAuthority,Scotland,http://data.ordnancesurvey.co.uk/id/7000000000041429,Scotland,http://data.ordnancesurvey.co.uk/id/country/scotland,,,
ZE29QW,http://data.ordnancesurvey.co.uk/id/postcodeunit/ZE29QW,ZE2 9QW,,,,other,Postcode,434089.000,1164584.000,3500,18000,,,,,,,,,,,,,Shetland Islands,http://data.ordnancesurvey.co.uk/id/7000000000030514,http://data.ordnancesurvey.co.uk/ontology/admingeo/UnitaryAuthority,Scotland,http://data.ordnancesurvey.co.uk/id/7000000000041429,Scotland,http://data.ordnancesurvey.co.uk/id/country/scotland,,,
ZE29SN,http://data.ordnancesurvey.co.uk/id/postcodeunit/ZE29SN,ZE2 9SN,,,,other,Postcode,435849.000,1168512.000,3500,18000,,,,,,,Brae,http://data.ordnancesurvey.co.uk/id/4000000074555014,http://www.ordnancesurvey.co.uk/xml/codelists/localtype.xml#village,,,,Shetland Islands,http://data.ordnancesurvey.co.uk/id/7000000000030514,http://data.ordnancesurvey.co.uk/ontology/admingeo/UnitaryAuthority,Scotland,http://data.ordnancesurvey.co.uk/id/7000000000041429,Scotland,http://data.ordnancesurvey.co.uk/id/country/scotland,,,
ZE29SL,http://data.ordnancesurvey.co.uk/id/postcodeunit/ZE29SL,ZE2 9SL,,,,other,Postcode,435865.000,1167760.000,3500,18000,,,,,,,Brae,http://data.ordnancesurvey.co.uk/id/4000000074555014,http://www.ordnancesurvey.co.uk/xml/codelists/localtype.xml#village,,,,Shetland Islands,http://data.ordnancesurvey.co.uk/id/7000000000030514,http://data.ordnancesurvey.co.uk/ontology/admingeo/UnitaryAuthority,Scotland,http://data.ordnancesurvey.co.uk/id/7000000000041429,Scotland,http://data.ordnancesurvey.co.uk/id/country/scotland,,,
ZE29QJ,http://data.ordnancesurvey.co.uk/id/postcodeunit/ZE29QJ,ZE2 9QJ,,,,other,Postcode,436046.000,1167312.000,3500,18000,,,,,,,Brae,http://data.ordnancesurvey.co.uk/id/4000000074555014,http://www.ordnancesurvey.co.uk/xml/codelists/localtype.xml#village,,,,Shetland Islands,http://data.ordnancesurvey.co.uk/id/7000000000030514,http://data.ordnancesurvey.co.uk/ontology/admingeo/UnitaryAuthority,Scotland,http://data.ordnancesurvey.co.uk/id/7000000000041429,Scotland,http://data.ordnancesurvey.co.uk/id/country/scotland,,,
ZE29RS,http://data.ordnancesurvey.co.uk/id/postcodeunit/ZE29RS,ZE2 9RS,,,,other,Postcode,423424.000,1179683.000,3500,18000,,,,,,,,,,,,,Shetland Islands,http://data.ordnancesurvey.co.uk/id/7000000000030514,http://data.ordnancesurvey.co.uk/ontology/admingeo/UnitaryAuthority,Scotland,http://data.ordnancesurvey.co.uk/id/7000000000041429,Scotland,http://data.ordnancesurvey.co.uk/id/country/scotland,,,
ZE29SZ,http://data.ordnancesurvey.co.uk/id/postcodeunit/ZE29SZ,ZE2 9SZ,,,,other,Postcode,435801.000,1168495.000,3500,18000,,,,,,,Brae,http://data.ordnancesurvey.co.uk/id/4000000074555014,http://www.ordnancesurvey.co.uk/xml/codelists/localtype.xml#village,,,,Shetland Islands,http://data.ordnancesurvey.co.uk/id/7000000000030514,http://data.ordnancesurvey.co.uk/ontology/admingeo/UnitaryAuthority,Scotland,http://data.ordnancesurvey.co.uk/id/7000000000041429,Scotland,http://data.ordnancesurvey.co.uk/id/country/scotland,,,
ZE29QY,http://data.ordnancesurvey.co.uk/id/postcodeunit/ZE29QY,ZE2 9QY,,,,other,Postcode,436057.000,1167391.000,3500,18000,,,,,,,Brae,http://data.ordnancesurvey.co.uk/id/4000000074555014,http://www.ordnancesurvey.co.uk/xml/codelists/localtype.xml#village,,,,Shetland Islands,http://data.ordnancesurvey.co.uk/id/7000000000030514,http://data.ordnancesurvey.co.uk/ontology/admingeo/UnitaryAuthority,Scotland,http://data.ordnancesurvey.co.uk/id/7000000000041429,Scotland,http://data.ordnancesurvey.co.uk/id/country/scotland,,,
ZE29RU,http://data.ordnancesurvey.co.uk/id/postcodeunit/ZE29RU,ZE2 9RU,,,,other,Postcode,434882.000,1177793.000,3500,18000,,,,,,,North Gluss,http://data.ordnancesurvey.co.uk/id/4000000074555017,http://www.ordnancesurvey.co.uk/xml/codelists/localtype.xml#hamlet,,,,Shetland Islands,http://data.ordnancesurvey.co.uk/id/7000000000030514,http://data.ordnancesurvey.co.uk/ontology/admingeo/UnitaryAuthority,Scotland,http://data.ordnancesurvey.co.uk/id/7000000000041429,Scotland,http://data.ordnancesurvey.co.uk/id/country/scotland,,,
ZE29RJ,http://data.ordnancesurvey.co.uk/id/postcodeunit/ZE29RJ,ZE2 9RJ,,,,other,Postcode,430373.000,1178354.000,3500,18000,,,,,,,Urafirth,http://data.ordnancesurvey.co.uk/id/4000000074813609,http://www.ordnancesurvey.co.uk/xml/codelists/localtype.xml#village,,,,Shetland Islands,http://data.ordnancesurvey.co.uk/id/7000000000030514,http://data.ordnancesurvey.co.uk/ontology/admingeo/UnitaryAuthority,Scotland,http://data.ordnancesurvey.co.uk/id/7000000000041429,Scotland,http://data.ordnancesurvey.co.uk/id/country/scotland,,,
ZE29SU,http://data.ordnancesurvey.co.uk/id/postcodeunit/ZE29SU,ZE2 9SU,,,,other,Postcode,435891.000,1168377.000,3500,18000,,,,,,,Brae,http://data.ordnancesurvey.co.uk/id/4000000074555014,http://www.ordnancesurvey.co.uk/xml/codelists/localtype.xml#village,,,,Shetland Islands,http://data.ordnancesurvey.co.uk/id/7000000000030514,http://data.ordnancesurvey.co.uk/ontology/admingeo/UnitaryAuthority,Scotland,http://data.ordnancesurvey.co.uk/id/7000000000041429,Scotland,http://data.ordnancesurvey.co.uk/id/country/scotland,,,
ZE29QH,http://data.ordnancesurvey.co.uk/id/postcodeunit/ZE29QH,ZE2 9QH,,,,other,Postcode,435920.000,1167323.000,3500,18000,,,,,,,Brae,http://data.ordnancesurvey.co.uk/id/4000000074555014,http://www.ordnancesurvey.co.uk/xml/codelists/localtype.xml#village,,,,Shetland Islands,http://data.ordnancesurvey.co.uk/id/7000000000030514,http://data.ordnancesurvey.co.uk/ontology/admingeo/UnitaryAuthority,Scotland,http://data.ordnancesurvey.co.uk/id/7000000000041429,Scotland,http://data.ordnancesurvey.co.uk/id/country/scotland,,,
ZE29WL,http://data.ordnancesurvey.co.uk/id/postcodeunit/ZE29WL,ZE2 9WL,,,,other,Postcode,434798.000,1167495.000,3500,18000,,,,,,,Brae,http://data.ordnancesurvey.co.uk/id/4000000074555014,http://www.ordnancesurvey.co.uk/xml/codelists/localtype.xml#village,,,,Shetland Islands,http://data.ordnancesurvey.co.uk/id/7000000000030514,http://data.ordnancesurvey.co.uk/ontology/admingeo/UnitaryAuthority,Scotland,http://data.ordnancesurvey.co.uk/id/7000000000041429,Scotland,http://data.ordnancesurvey.co.uk/id/country/scotland,,,
ZE29UR,http://data.ordnancesurvey.co.uk/id/postcodeunit/ZE29UR,ZE2 9UR,,,,other,Postcode,439920.000,1173615.000,3500,18000,,,,,,,Sella Ness,http://data.ordnancesurvey.co.uk/id/4000000074555012,http://www.ordnancesurvey.co.uk/xml/codelists/localtype.xml#otherSettlement,,,,Shetland Islands,http://data.ordnancesurvey.co.uk/id/7000000000030514,http://data.ordnancesurvey.co.uk/ontology/admingeo/UnitaryAuthority,Scotland,http://data.ordnancesurvey.co.uk/id/7000000000041429,Scotland,http://data.ordnancesurvey.co.uk/id/country/scotland,,,
ZE29UZ,http://data.ordnancesurvey.co.uk/id/postcodeunit/ZE29UZ,ZE2 9UZ,,,,other,Postcode,436063.000,1168567.000,3500,18000,,,,,,,,,,,,,Shetland Islands,http://data.ordnancesurvey.co.uk/id/7000000000030514,http://data.ordnancesurvey.co.uk/ontology/admingeo/UnitaryAuthority,Scotland,http://data.ordnancesurvey.co.uk/id/7000000000041429,Scotland,http://data.ordnancesurvey.co.uk/id/country/scotland,,,
d98688f7-5686-4e8e-876b-b314db03e285,http://data.ordnancesurvey.co.uk/id/d98688f7-5686-4e8e-876b-b314db03e285,Gary Couper Road,,,,transportNetwork,Section Of Named Road,436049.936,1168553.779,1000,25000,436001.380,1168541.410,436070.785,1168580.691,ZE2,http://data.ordnancesurvey.co.uk/id/postcodedistrict/ZE2,Brae,http://data.ordnancesurvey.co.uk/id/4000000074555014,http://www.ordnancesurvey.co.uk/xml/codelists/localtype.xml#village,,,,Shetland Islands,http://data.ordnancesurvey.co.uk/id/7000000000030514,http://data.ordnancesurvey.co.uk/ontology/admingeo/UnitaryAuthority,Scotland,http://data.ordnancesurvey.co.uk/id/7000000000041429,Scotland,http://data.ordnancesurvey.co.uk/id/country/scotland,osgb5000005131939477,,
osgb4000000003224484,http://data.ordnancesurvey.co.uk/id/4000000003224484,Hevdaland,,,,transportNetwork,Named Road,436008.570,1168378.500,1000,20000,435998.379,1168360.000,436023.207,1168406.153,ZE2,http://data.ordnancesurvey.co.uk/id/postcodedistrict/ZE2,Brae,http://data.ordnancesurvey.co.uk/id/4000000074555014,http://www.ordnancesurvey.co.uk/xml/codelists/localtype.xml#village,,,,Shetland Islands,http://data.ordnancesurvey.co.uk/id/7000000000030514,http://data.ordnancesurvey.co.uk/ontology/admingeo/UnitaryAuthority,Scotland,http://data.ordnancesurvey.co.uk/id/7000000000041429,Scotland,http://data.ordnancesurvey.co.uk/id/country/scotland,,,
osgb4000000003222842,http://data.ordnancesurvey.co.uk/id/4000000003222842,Ladieside,,,,transportNetwork,Named Road,435837.625,1168367.381,1000,20000,435813.000,1168330.000,435864.000,1168394.000,ZE2,http://data.ordnancesurvey.co.uk/id/postcodedistrict/ZE2,Brae,http://data.ordnancesurvey.co.uk/id/4000000074555014,http://www.ordnancesurvey.co.uk/xml/codelists/localtype.xml#village,,,,Shetland Islands,http://data.ordnancesurvey.co.uk/id/7000000000030514,http://data.ordnancesurvey.co.uk/ontology/admingeo/UnitaryAuthority,Scotland,http://data.ordnancesurvey.co.uk/id/7000000000041429,Scotland,http://data.ordnancesurvey.co.uk/id/country/scotland,,,
osgb4000000003222836,http://data.ordnancesurvey.co.uk/id/4000000003222836,Lingapund,,,,transportNetwork,Named Road,435860.626,1168552.841,1000,20000,435827.757,1168517.191,435906.049,1168621.000,ZE2,http://data.ordnancesurvey.co.uk/id/postcodedistrict/ZE2,Brae,http://data.ordnancesurvey.co.uk/id/4000000074555014,http://www.ordnancesurvey.co.uk/xml/codelists/localtype.xml#village,,,,Shetland Islands,http://data.ordnancesurvey.co.uk/id/7000000000030514,http://data.ordnancesurvey.co.uk/ontology/admingeo/UnitaryAuthority,Scotland,http://data.ordnancesurvey.co.uk/id/7000000000041429,Scotland,http://data.ordnancesurvey.co.uk/id/country/scotland,,,
e2f0e371-3e4b-413b-b82a-26175d0cb1c8,http://data.ordnancesurvey.co.uk/id/e2f0e371-3e4b-413b-b82a-26175d0cb1c8,Nort Greenhoulls,,,,transportNetwork,Section Of Named Road,435051.684,1167936.848,1000,25000,435019.796,1167839.173,435060.316,1168026.047,ZE2,http://data.ordnancesurvey.co.uk/id/postcodedistrict/ZE2,Brae,http://data.ordnancesurvey.co.uk/id/4000000074555014,http://www.ordnancesurvey.co.uk/xml/codelists/localtype.xml#village,,,,Shetland Islands,http://data.ordnancesurvey.co.uk/id/7000000000030514,http://data.ordnancesurvey.co.uk/ontology/admingeo/UnitaryAuthority,Scotland,http://data.ordnancesurvey.co.uk/id/7000000000041429,Scotland,http://data.ordnancesurvey.co.uk/id/country/scotland,osgb4000000003226969,,
osgb4000000003222415,http://data.ordnancesurvey.co.uk/id/4000000003222415,Roebrek,,,,transportNetwork,Named Road,436059.931,1167385.212,1000,20000,436007.735,1167350.000,436111.011,1167445.000,ZE2,http://data.ordnancesurvey.co.uk/id/postcodedistrict/ZE2,Brae,http://data.ordnancesurvey.co.uk/id/4000000074555014,http://www.ordnancesurvey.co.uk/xml/codelists/localtype.xml#village,,,,Shetland Islands,http://data.ordnancesurvey.co.uk/id/7000000000030514,http://data.ordnancesurvey.co.uk/ontology/admingeo/UnitaryAuthority,Scotland,http://data.ordnancesurvey.co.uk/id/7000000000041429,Scotland,http://data.ordnancesurvey.co.uk/id/country/scotland,,,
osgb4000000003222838,http://data.ordnancesurvey.co.uk/id/4000000003222838,Ockragarth,,,,transportNetwork,Named Road,435930.099,1168628.715,1000,20000,435896.023,1168583.687,435945.512,1168654.843,ZE2,http://data.ordnancesurvey.co.uk/id/postcodedistrict/ZE2,Brae,http://data.ordnancesurvey.co.uk/id/4000000074555014,http://www.ordnancesurvey.co.uk/xml/codelists/localtype.xml#village,,,,Shetland Islands,http://data.ordnancesurvey.co.uk/id/7000000000030514,http://data.ordnancesurvey.co.uk/ontology/admingeo/UnitaryAuthority,Scotland,http://data.ordnancesurvey.co.uk/id/7000000000041429,Scotland,http://data.ordnancesurvey.co.uk/id/country/scotland,,,
osgb4000000003222388,http://data.ordnancesurvey.co.uk/id/4000000003222388,Vistavird,,,,transportNetwork,Named Road,435890.000,1167784.000,1000,20000,435858.000,1167765.166,435928.000,1167819.000,ZE2,http://data.ordnancesurvey.co.uk/id/postcodedistrict/ZE2,Brae,http://data.ordnancesurvey.co.uk/id/4000000074555014,http://www.ordnancesurvey.co.uk/xml/codelists/localtype.xml#village,,,,Shetland Islands,http://data.ordnancesurvey.co.uk/id/7000000000030514,http://data.ordnancesurvey.co.uk/ontology/admingeo/UnitaryAuthority,Scotland,http://data.ordnancesurvey.co.uk/id/7000000000041429,Scotland,http://data.ordnancesurvey.co.uk/id/country/scotland,,,
7381eec9-bb4a-4e31-817b-447c60b341d6,http://data.ordnancesurvey.co.uk/id/7381eec9-bb4a-4e31-817b-447c60b341d6,Saand View,,,,transportNetwork,Section Of Named Road,424290.413,1179038.875,1000,25000,424289.185,1178997.592,424290.413,1179038.875,ZE2,http://data.ordnancesurvey.co.uk/id/postcodedistrict/ZE2,,,,,,,Shetland Islands,http://data.ordnancesurvey.co.uk/id/7000000000030514,http://data.ordnancesurvey.co.uk/ontology/admingeo/UnitaryAuthority,Scotland,http://data.ordnancesurvey.co.uk/id/7000000000041429,Scotland,http://data.ordnancesurvey.co.uk/id/country/scotland,osgb5000005103477913,,
osgb5000005103477913,http://data.ordnancesurvey.co.uk/id/5000005103477913,Saand View,,,,transportNetwork,Named Road,424290.601,1179045.195,1000,20000,424263.328,1178997.592,424290.601,1179046.331,ZE2,http://data.ordnancesurvey.co.uk/id/postcodedistrict/ZE2,,,,,,,Shetland Islands,http://data.ordnancesurvey.co.uk/id/7000000000030514,http://data.ordnancesurvey.co.uk/ontology/admingeo/UnitaryAuthority,Scotland,http://data.ordnancesurvey.co.uk/id/7000000000041429,Scotland,http://data.ordnancesurvey.co.uk/id/country/scotland,,,
40943c93-febc-451d-945f-3f6311420a3c,http://data.ordnancesurvey.co.uk/id/40943c93-febc-451d-945f-3f6311420a3c,Camp,,,,transportNetwork,Section Of Named Road,435926.365,1167192.997,1000,25000,435845.773,1167178.709,435961.205,1167273.166,ZE2,http://data.ordnancesurvey.co.uk/id/postcodedistrict/ZE2,Brae,http://data.ordnancesurvey.co.uk/id/4000000074555014,http://www.ordnancesurvey.co.uk/xml/codelists/localtype.xml#village,,,,Shetland Islands,http://data.ordnancesurvey.co.uk/id/7000000000030514,http://data.ordnancesurvey.co.uk/ontology/admingeo/UnitaryAuthority,Scotland,http://data.ordnancesurvey.co.uk/id/7000000000041429,Scotland,http://data.ordnancesurvey.co.uk/id/country/scotland,osgb5000005110307313,,
osgb4000000003224309,http://data.ordnancesurvey.co.uk/id/4000000003224309,Gossaford,,,,transportNetwork,Named Road,435970.000,1168509.000,1000,20000,435947.923,1168478.737,436012.328,1168532.362,ZE2,http://data.ordnancesurvey.co.uk/id/postcodedistrict/ZE2,Brae,http://data.ordnancesurvey.co.uk/id/4000000074555014,http://www.ordnancesurvey.co.uk/xml/codelists/localtype.xml#village,,,,Shetland Islands,http://data.ordnancesurvey.co.uk/id/7000000000030514,http://data.ordnancesurvey.co.uk/ontology/admingeo/UnitaryAuthority,Scotland,http://data.ordnancesurvey.co.uk/id/7000000000041429,Scotland,http://data.ordnancesurvey.co.uk/id/country/scotland,,,
osgb5000005153985573,http://data.ordnancesurvey.co.uk/id/5000005153985573,Culsetter Park,,,,transportNetwork,Named Road,434752.818,1167513.753,1000,20000,434667.082,1167467.445,434831.206,1167541.682,ZE2,http://data.ordnancesurvey.co.uk/id/postcodedistrict/ZE2,Brae,http://data.ordnancesurvey.co.uk/id/4000000074555014,http://www.ordnancesurvey.co.uk/xml/codelists/localtype.xml#village,,,,Shetland Islands,http://data.ordnancesurvey.co.uk/id/7000000000030514,http://data.ordnancesurvey.co.uk/ontology/admingeo/UnitaryAuthority,Scotland,http://data.ordnancesurvey.co.uk/id/7000000000041429,Scotland,http://data.ordnancesurvey.co.uk/id/country/scotland,,,
osgb4000000003222839,http://data.ordnancesurvey.co.uk/id/4000000003222839,Runafirth,,,,transportNetwork,Named Road,435929.000,1168375.000,1000,20000,435910.753,1168343.000,435933.000,1168420.800,ZE2,http://data.ordnancesurvey.co.uk/id/postcodedistrict/ZE2,Brae,http://data.ordnancesurvey.co.uk/id/4000000074555014,http://www.ordnancesurvey.co.uk/xml/codelists/localtype.xml#village,,,,Shetland Islands,http://data.ordnancesurvey.co.uk/id/7000000000030514,http://data.ordnancesurvey.co.uk/ontology/admingeo/UnitaryAuthority,Scotland,http://data.ordnancesurvey.co.uk/id/7000000000041429,Scotland,http://data.ordnancesurvey.co.uk/id/country/scotland,,,
osgb5000005110307313,http://data.ordnancesurvey.co.uk/id/5000005110307313,Camp,,,,transportNetwork,Named Road,435926.365,1167192.997,1000,20000,435845.773,1167178.709,435961.205,1167273.166,ZE2,http://data.ordnancesurvey.co.uk/id/postcodedistrict/ZE2,Brae,http://data.ordnancesurvey.co.uk/id/4000000074555014,http://www.ordnancesurvey.co.uk/xml/codelists/localtype.xml#village,,,,Shetland Islands,http://data.ordnancesurvey.co.uk/id/7000000000030514,http://data.ordnancesurvey.co.uk/ontology/admingeo/UnitaryAuthority,Scotland,http://data.ordnancesurvey.co.uk/id/7000000000041429,Scotland,http://data.ordnancesurvey.co.uk/id/country/scotland,,,
osgb4000000003223209,http://data.ordnancesurvey.co.uk/id/4000000003223209,Ladies Mire,,,,transportNetwork,Named Road,434722.172,1167606.564,1000,20000,434652.899,1167565.843,434840.290,1167633.136,ZE2,http://data.ordnancesurvey.co.uk/id/postcodedistrict/ZE2,Brae,http://data.ordnancesurvey.co.uk/id/4000000074555014,http://www.ordnancesurvey.co.uk/xml/codelists/localtype.xml#village,,,,Shetland Islands,http://data.ordnancesurvey.co.uk/id/7000000000030514,http://data.ordnancesurvey.co.uk/ontology/admingeo/UnitaryAuthority,Scotland,http://data.ordnancesurvey.co.uk/id/7000000000041429,Scotland,http://data.ordnancesurvey.co.uk/id/country/scotland,,,
osgb5000005131939477,http://data.ordnancesurvey.co.uk/id/5000005131939477,Gary Couper Road,,,,transportNetwork,Named Road,436049.936,1168553.779,1000,20000,436001.380,1168541.410,436110.124,1168595.221,ZE2,http://data.ordnancesurvey.co.uk/id/postcodedistrict/ZE2,Brae,http://data.ordnancesurvey.co.uk/id/4000000074555014,http://www.ordnancesurvey.co.uk/xml/codelists/localtype.xml#village,,,,Shetland Islands,http://data.ordnancesurvey.co.uk/id/7000000000030514,http://data.ordnancesurvey.co.uk/ontology/admingeo/UnitaryAuthority,Scotland,http://data.ordnancesurvey.co.uk/id/7000000000041429,Scotland,http://data.ordnancesurvey.co.uk/id/country/scotland,,,
osgb4000000003222835,http://data.ordnancesurvey.co.uk/id/4000000003222835,Grindahoul,,,,transportNetwork,Named Road,436006.089,1167866.575,1000,20000,435975.884,1167801.000,436030.058,1167924.742,ZE2,http://data.ordnancesurvey.co.uk/id/postcodedistrict/ZE2,Brae,http://data.ordnancesurvey.co.uk/id/4000000074555014,http://www.ordnancesurvey.co.uk/xml/codelists/localtype.xml#village,,,,Shetland Islands,http://data.ordnancesurvey.co.uk/id/7000000000030514,http://data.ordnancesurvey.co.uk/ontology/admingeo/UnitaryAuthority,Scotland,http://data.ordnancesurvey.co.uk/id/7000000000041429,Scotland,http://data.ordnancesurvey.co.uk/id/country/scotland,,,
osgb4000000003222464,http://data.ordnancesurvey.co.uk/id/4000000003222464,B9079,,,,transportNetwork,Numbered Road,435437.000,1179198.000,19000,250000,433667.422,1178598.383,436616.000,1180616.000,ZE2,http://data.ordnancesurvey.co.uk/id/postcodedistrict/ZE2,Hogaland,http://data.ordnancesurvey.co.uk/id/4000000074555018,http://www.ordnancesurvey.co.uk/xml/codelists/localtype.xml#hamlet,,,,Shetland Islands,http://data.ordnancesurvey.co.uk/id/7000000000030514,http://data.ordnancesurvey.co.uk/ontology/admingeo/UnitaryAuthority,Scotland,http://data.ordnancesurvey.co.uk/id/7000000000041429,Scotland,http://data.ordnancesurvey.co.uk/id/country/scotland,,,
osgb4000000003222841,http://data.ordnancesurvey.co.uk/id/4000000003222841,Housaquoy,,,,transportNetwork,Named Road,435876.000,1168353.000,1000,20000,435848.000,1168345.951,435900.779,1168353.000,ZE2,http://data.ordnancesurvey.co.uk/id/postcodedistrict/ZE2,Brae,http://data.ordnancesurvey.co.uk/id/4000000074555014,http://www.ordnancesurvey.co.uk/xml/codelists/localtype.xml#village,,,,Shetland Islands,http://data.ordnancesurvey.co.uk/id/7000000000030514,http://data.ordnancesurvey.co.uk/ontology/admingeo/UnitaryAuthority,Scotland,http://data.ordnancesurvey.co.uk/id/7000000000041429,Scotland,http://data.ordnancesurvey.co.uk/id/country/scotland,,,
osgb4000000003222463,http://data.ordnancesurvey.co.uk/id/4000000003222463,B9076,,,,transportNetwork,Numbered Road,438874.000,1172184.000,51000,250000,435680.000,1168223.000,443531.029,1174110.196,ZE2,http://data.ordnancesurvey.co.uk/id/postcodedistrict/ZE2,Scatsta,http://data.ordnancesurvey.co.uk/id/4000000074541584,http://www.ordnancesurvey.co.uk/xml/codelists/localtype.xml#otherSettlement,,,,Shetland Islands,http://data.ordnancesurvey.co.uk/id/7000000000030514,http://data.ordnancesurvey.co.uk/ontology/admingeo/UnitaryAuthority,Scotland,http://data.ordnancesurvey.co.uk/id/7000000000041429,Scotland,http://data.ordnancesurvey.co.uk/id/country/scotland,,,
osgb5000005110307315,http://data.ordnancesurvey.co.uk/id/5000005110307315,Grindwell Road,,,,transportNetwork,Named Road,435906.000,1167328.000,1000,20000,435900.827,1167295.810,435910.019,1167347.440,ZE2,http://data.ordnancesurvey.co.uk/id/postcodedistrict/ZE2,Brae,http://data.ordnancesurvey.co.uk/id/4000000074555014,http://www.ordnancesurvey.co.uk/xml/codelists/localtype.xml#village,,,,Shetland Islands,http://data.ordnancesurvey.co.uk/id/7000000000030514,http://data.ordnancesurvey.co.uk/ontology/admingeo/UnitaryAuthority,Scotland,http://data.ordnancesurvey.co.uk/id/7000000000041429,Scotland,http://data.ordnancesurvey.co.uk/id/country/scotland,,,
osgb4000000003222837,http://data.ordnancesurvey.co.uk/id/4000000003222837,Havragord,,,,transportNetwork,Named Road,435795.000,1168478.000,1000,20000,435745.000,1168478.000,435845.633,1168502.000,ZE2,http://data.ordnancesurvey.co.uk/id/postcodedistrict/ZE2,Brae,http://data.ordnancesurvey.co.uk/id/4000000074555014,http://www.ordnancesurvey.co.uk/xml/codelists/localtype.xml#village,,,,Shetland Islands,http://data.ordnancesurvey.co.uk/id/7000000000030514,http://data.ordnancesurvey.co.uk/ontology/admingeo/UnitaryAuthority,Scotland,http://data.ordnancesurvey.co.uk/id/7000000000041429,Scotland,http://data.ordnancesurvey.co.uk/id/country/scotland,,,
osgb4000000003224376,http://data.ordnancesurvey.co.uk/id/4000000003224376,Burgadale,,,,transportNetwork,Named Road,435990.000,1168451.000,1000,20000,435966.000,1168449.172,436037.175,1168456.755,ZE2,http://data.ordnancesurvey.co.uk/id/postcodedistrict/ZE2,Brae,http://data.ordnancesurvey.co.uk/id/4000000074555014,http://www.ordnancesurvey.co.uk/xml/codelists/localtype.xml#village,,,,Shetland Islands,http://data.ordnancesurvey.co.uk/id/7000000000030514,http://data.ordnancesurvey.co.uk/ontology/admingeo/UnitaryAuthority,Scotland,http://data.ordnancesurvey.co.uk/id/7000000000041429,Scotland,http://data.ordnancesurvey.co.uk/id/country/scotland,,,
osgb4000000003222460,http://data.ordnancesurvey.co.uk/id/4000000003222460,B9078,,,,transportNetwork,Numbered Road,425391.000,1178419.000,50000,250000,421363.000,1177204.571,429034.000,1179060.000,ZE2,http://data.ordnancesurvey.co.uk/id/postcodedistrict/ZE2,,,,,,,Shetland Islands,http://data.ordnancesurvey.co.uk/id/7000000000030514,http://data.ordnancesurvey.co.uk/ontology/admingeo/UnitaryAuthority,Scotland,http://data.ordnancesurvey.co.uk/id/7000000000041429,Scotland,http://data.ordnancesurvey.co.uk/id/country/scotland,,,
osgb4000000003222840,http://data.ordnancesurvey.co.uk/id/4000000003222840,Tronaster,,,,transportNetwork,Named Road,435786.627,1168339.466,1000,20000,435786.627,1168317.000,435790.000,1168359.319,ZE2,http://data.ordnancesurvey.co.uk/id/postcodedistrict/ZE2,Brae,http://data.ordnancesurvey.co.uk/id/4000000074555014,http://www.ordnancesurvey.co.uk/xml/codelists/localtype.xml#village,,,,Shetland Islands,http://data.ordnancesurvey.co.uk/id/7000000000030514,http://data.ordnancesurvey.co.uk/ontology/admingeo/UnitaryAuthority,Scotland,http://data.ordnancesurvey.co.uk/id/7000000000041429,Scotland,http://data.ordnancesurvey.co.uk/id/country/scotland,,,
osgb4000000003224390,http://data.ordnancesurvey.co.uk/id/4000000003224390,Valladale,,,,transportNetwork,Named Road,430358.823,1178331.176,2000,20000,430328.225,1178218.000,430393.751,1178456.598,ZE2,http://data.ordnancesurvey.co.uk/id/postcodedistrict/ZE2,Urafirth,http://data.ordnancesurvey.co.uk/id/4000000074813609,http://www.ordnancesurvey.co.uk/xml/codelists/localtype.xml#village,,,,Shetland Islands,http://data.ordnancesurvey.co.uk/id/7000000000030514,http://data.ordnancesurvey.co.uk/ontology/admingeo/UnitaryAuthority,Scotland,http://data.ordnancesurvey.co.uk/id/7000000000041429,Scotland,http://data.ordnancesurvey.co.uk/id/country/scotland,,,
ZE29TT,http://data.ordnancesurvey.co.uk/id/postcodeunit/ZE29TT,ZE2 9TT,,,,other,Postcode,435207.000,1167869.000,3500,18000,,,,,,,Brae,http://data.ordnancesurvey.co.uk/id/4000000074555014,http://www.ordnancesurvey.co.uk/xml/codelists/localtype.xml#village,,,,Shetland Islands,http://data.ordnancesurvey.co.uk/id/7000000000030514,http://data.ordnancesurvey.co.uk/ontology/admingeo/UnitaryAuthority,Scotland,http://data.ordnancesurvey.co.uk/id/7000000000041429,Scotland,http://data.ordnancesurvey.co.uk/id/country/scotland,,,
ZE29QU,http://data.ordnancesurvey.co.uk/id/postcodeunit/ZE29QU,ZE2 9QU,,,,other,Postcode,436137.000,1166325.000,3500,18000,,,,,,,The Houllands,http://data.ordnancesurvey.co.uk/id/4000000074555013,http://www.ordnancesurvey.co.uk/xml/codelists/localtype.xml#hamlet,,,,Shetland Islands,http://data.ordnancesurvey.co.uk/id/7000000000030514,http://data.ordnancesurvey.co.uk/ontology/admingeo/UnitaryAuthority,Scotland,http://data.ordnancesurvey.co.uk/id/7000000000041429,Scotland,http://data.ordnancesurvey.co.uk/id/country/scotland,,,
ZE29SW,http://data.ordnancesurvey.co.uk/id/postcodeunit/ZE29SW,ZE2 9SW,,,,other,Postcode,435913.000,1168617.000,3500,18000,,,,,,,Brae,http://data.ordnancesurvey.co.uk/id/4000000074555014,http://www.ordnancesurvey.co.uk/xml/codelists/localtype.xml#village,,,,Shetland Islands,http://data.ordnancesurvey.co.uk/id/7000000000030514,http://data.ordnancesurvey.co.uk/ontology/admingeo/UnitaryAuthority,Scotland,http://data.ordnancesurvey.co.uk/id/7000000000041429,Scotland,http://data.ordnancesurvey.co.uk/id/country/scotland,,,
osgb4000000003222387,http://data.ordnancesurvey.co.uk/id/4000000003222387,Greenhoulls Park,,,,transportNetwork,Named Road,435217.000,1167896.000,1000,20000,435185.000,1167875.000,435233.116,1167934.000,ZE2,http://data.ordnancesurvey.co.uk/id/postcodedistrict/ZE2,Brae,http://data.ordnancesurvey.co.uk/id/4000000074555014,http://www.ordnancesurvey.co.uk/xml/codelists/localtype.xml#village,,,,Shetland Islands,http://data.ordnancesurvey.co.uk/id/7000000000030514,http://data.ordnancesurvey.co.uk/ontology/admingeo/UnitaryAuthority,Scotland,http://data.ordnancesurvey.co.uk/id/7000000000041429,Scotland,http://data.ordnancesurvey.co.uk/id/country/scotland,,,
osgb4000000003226969,http://data.ordnancesurvey.co.uk/id/4000000003226969,Nort Greenhoulls,,,,transportNetwork,Named Road,435051.684,1167936.848,1000,20000,435019.796,1167839.173,435060.316,1168053.612,ZE2,http://data.ordnancesurvey.co.uk/id/postcodedistrict/ZE2,Brae,http://data.ordnancesurvey.co.uk/id/4000000074555014,http://www.ordnancesurvey.co.uk/xml/codelists/localtype.xml#village,,,,Shetland Islands,http://data.ordnancesurvey.co.uk/id/7000000000030514,http://data.ordnancesurvey.co.uk/ontology/admingeo/UnitaryAuthority,Scotland,http://data.ordnancesurvey.co.uk/id/7000000000041429,Scotland,http://data.ordnancesurvey.co.uk/id/country/scotland,,,
ZE29SJ,http://data.ordnancesurvey.co.uk/id/postcodeunit/ZE29SJ,ZE2 9SJ,,,,other,Postcode,436102.000,1168468.000,3500,18000,,,,,,,Brae,http://data.ordnancesurvey.co.uk/id/4000000074555014,http://www.ordnancesurvey.co.uk/xml/codelists/localtype.xml#village,,,,Shetland Islands,http://data.ordnancesurvey.co.uk/id/7000000000030514,http://data.ordnancesurvey.co.uk/ontology/admingeo/UnitaryAuthority,Scotland,http://data.ordnancesurvey.co.uk/id/7000000000041429,Scotland,http://data.ordnancesurvey.co.uk/id/country/scotland,,,
ZE29QL,http://data.ordnancesurvey.co.uk/id/postcodeunit/ZE29QL,ZE2 9QL,,,,other,Postcode,435971.000,1165487.000,3500,18000,,,,,,,Wethersta,http://data.ordnancesurvey.co.uk/id/4000000074541589,http://www.ordnancesurvey.co.uk/xml/codelists/localtype.xml#hamlet,,,,Shetland Islands,http://data.ordnancesurvey.co.uk/id/7000000000030514,http://data.ordnancesurvey.co.uk/ontology/admingeo/UnitaryAuthority,Scotland,http://data.ordnancesurvey.co.uk/id/7000000000041429,Scotland,http://data.ordnancesurvey.co.uk/id/country/scotland,,,
osgb4000000003222333,http://data.ordnancesurvey.co.uk/id/4000000003222333,Skelladale,,,,transportNetwork,Named Road,435916.000,1167850.000,5000,20000,435717.000,1167474.952,436031.763,1168223.000,ZE2,http://data.ordnancesurvey.co.uk/id/postcodedistrict/ZE2,Brae,http://data.ordnancesurvey.co.uk/id/4000000074555014,http://www.ordnancesurvey.co.uk/xml/codelists/localtype.xml#village,,,,Shetland Islands,http://data.ordnancesurvey.co.uk/id/7000000000030514,http://data.ordnancesurvey.co.uk/ontology/admingeo/UnitaryAuthority,Scotland,http://data.ordnancesurvey.co.uk/id/7000000000041429,Scotland,http://data.ordnancesurvey.co.uk/id/country/scotland,,,
