﻿osgb4000000074554646,http://data.ordnancesurvey.co.uk/id/4000000074554646,Costa,,,,populatedPlace,Suburban Area,333450.841,1028178.523,18000,25000,331669.236,1027541.916,334505.457,1029349.540,KW17,http://data.ordnancesurvey.co.uk/id/postcodedistrict/KW17,,,,,,,Orkney Islands,http://data.ordnancesurvey.co.uk/id/7000000000029961,http://data.ordnancesurvey.co.uk/ontology/admingeo/UnitaryAuthority,Scotland,http://data.ordnancesurvey.co.uk/id/7000000000041429,Scotland,http://data.ordnancesurvey.co.uk/id/country/scotland,,,
osgb4000000074559851,http://data.ordnancesurvey.co.uk/id/4000000074559851,Skeabrae,,,,populatedPlace,Village,327609.708,1020925.313,10000,250000,326692.306,1019806.286,328202.254,1021300.694,KW17,http://data.ordnancesurvey.co.uk/id/postcodedistrict/KW17,,,,,,,Orkney Islands,http://data.ordnancesurvey.co.uk/id/7000000000029961,http://data.ordnancesurvey.co.uk/ontology/admingeo/UnitaryAuthority,Scotland,http://data.ordnancesurvey.co.uk/id/7000000000041429,Scotland,http://data.ordnancesurvey.co.uk/id/country/scotland,,,
osgb4000000074559853,http://data.ordnancesurvey.co.uk/id/4000000074559853,Beaquoy,,,,populatedPlace,Hamlet,330160.220,1021732.940,5000,25000,329821.563,1021207.702,330321.563,1022022.098,KW17,http://data.ordnancesurvey.co.uk/id/postcodedistrict/KW17,,,,,,,Orkney Islands,http://data.ordnancesurvey.co.uk/id/7000000000029961,http://data.ordnancesurvey.co.uk/ontology/admingeo/UnitaryAuthority,Scotland,http://data.ordnancesurvey.co.uk/id/7000000000041429,Scotland,http://data.ordnancesurvey.co.uk/id/country/scotland,,,
osgb4000000074559491,http://data.ordnancesurvey.co.uk/id/4000000074559491,Knarston,,,,populatedPlace,Hamlet,330297.000,1020777.000,5000,25000,330162.049,1020332.992,330750.218,1020896.021,KW17,http://data.ordnancesurvey.co.uk/id/postcodedistrict/KW17,,,,,,,Orkney Islands,http://data.ordnancesurvey.co.uk/id/7000000000029961,http://data.ordnancesurvey.co.uk/ontology/admingeo/UnitaryAuthority,Scotland,http://data.ordnancesurvey.co.uk/id/7000000000041429,Scotland,http://data.ordnancesurvey.co.uk/id/country/scotland,,,
osgb4000000074554271,http://data.ordnancesurvey.co.uk/id/4000000074554271,Wasbister,,,,populatedPlace,Other Settlement,339092.220,1033300.310,15000,25000,338270.580,1031843.987,339909.582,1033383.326,KW17,http://data.ordnancesurvey.co.uk/id/postcodedistrict/KW17,,,,,,,Orkney Islands,http://data.ordnancesurvey.co.uk/id/7000000000029961,http://data.ordnancesurvey.co.uk/ontology/admingeo/UnitaryAuthority,Scotland,http://data.ordnancesurvey.co.uk/id/7000000000041429,Scotland,http://data.ordnancesurvey.co.uk/id/country/scotland,,,
osgb4000000074540858,http://data.ordnancesurvey.co.uk/id/4000000074540858,Evie,,,,populatedPlace,Other Settlement,335760.622,1026582.859,15000,25000,331669.236,1023561.714,339164.316,1029349.540,KW17,http://data.ordnancesurvey.co.uk/id/postcodedistrict/KW17,,,,,,,Orkney Islands,http://data.ordnancesurvey.co.uk/id/7000000000029961,http://data.ordnancesurvey.co.uk/ontology/admingeo/UnitaryAuthority,Scotland,http://data.ordnancesurvey.co.uk/id/7000000000041429,Scotland,http://data.ordnancesurvey.co.uk/id/country/scotland,,,
osgb4000000074575082,http://data.ordnancesurvey.co.uk/id/4000000074575082,Kirbuster,,,,populatedPlace,Other Settlement,328556.800,1025644.400,15000,25000,327876.781,1024780.589,329259.759,1025934.449,KW17,http://data.ordnancesurvey.co.uk/id/postcodedistrict/KW17,,,,,,,Orkney Islands,http://data.ordnancesurvey.co.uk/id/7000000000029961,http://data.ordnancesurvey.co.uk/ontology/admingeo/UnitaryAuthority,Scotland,http://data.ordnancesurvey.co.uk/id/7000000000041429,Scotland,http://data.ordnancesurvey.co.uk/id/country/scotland,,,
osgb4000000074542505,http://data.ordnancesurvey.co.uk/id/4000000074542505,Abune-the-Hill,,,,populatedPlace,Other Settlement,329408.000,1028348.600,15000,25000,327405.288,1027870.005,329568.849,1029038.790,KW17,http://data.ordnancesurvey.co.uk/id/postcodedistrict/KW17,,,,,,,Orkney Islands,http://data.ordnancesurvey.co.uk/id/7000000000029961,http://data.ordnancesurvey.co.uk/ontology/admingeo/UnitaryAuthority,Scotland,http://data.ordnancesurvey.co.uk/id/7000000000041429,Scotland,http://data.ordnancesurvey.co.uk/id/country/scotland,,,
osgb4000000074578147,http://data.ordnancesurvey.co.uk/id/4000000074578147,Mirbister,,,,populatedPlace,Other Settlement,331005.800,1020148.400,15000,25000,330237.458,1019496.831,331221.456,1020329.943,KW17,http://data.ordnancesurvey.co.uk/id/postcodedistrict/KW17,,,,,,,Orkney Islands,http://data.ordnancesurvey.co.uk/id/7000000000029961,http://data.ordnancesurvey.co.uk/ontology/admingeo/UnitaryAuthority,Scotland,http://data.ordnancesurvey.co.uk/id/7000000000041429,Scotland,http://data.ordnancesurvey.co.uk/id/country/scotland,,,
osgb4000000074578148,http://data.ordnancesurvey.co.uk/id/4000000074578148,Hourston,,,,populatedPlace,Other Settlement,330019.490,1020025.620,15000,25000,329258.035,1019020.058,330398.162,1020463.695,KW17,http://data.ordnancesurvey.co.uk/id/postcodedistrict/KW17,,,,,,,Orkney Islands,http://data.ordnancesurvey.co.uk/id/7000000000029961,http://data.ordnancesurvey.co.uk/ontology/admingeo/UnitaryAuthority,Scotland,http://data.ordnancesurvey.co.uk/id/7000000000041429,Scotland,http://data.ordnancesurvey.co.uk/id/country/scotland,,,
osgb4000000074554269,http://data.ordnancesurvey.co.uk/id/4000000074554269,Scarwell,,,,populatedPlace,Village,324294.350,1021162.030,6000,250000,323912.721,1020583.690,324742.191,1021548.894,KW16,http://data.ordnancesurvey.co.uk/id/postcodedistrict/KW16,,,,,,,Orkney Islands,http://data.ordnancesurvey.co.uk/id/7000000000029961,http://data.ordnancesurvey.co.uk/ontology/admingeo/UnitaryAuthority,Scotland,http://data.ordnancesurvey.co.uk/id/7000000000041429,Scotland,http://data.ordnancesurvey.co.uk/id/country/scotland,,,
osgb4000000074541567,http://data.ordnancesurvey.co.uk/id/4000000074541567,Northdyke,,,,populatedPlace,Other Settlement,323289.470,1020514.430,15000,25000,322912.983,1020016.203,323646.933,1021066.942,KW16,http://data.ordnancesurvey.co.uk/id/postcodedistrict/KW16,,,,,,,Orkney Islands,http://data.ordnancesurvey.co.uk/id/7000000000029961,http://data.ordnancesurvey.co.uk/ontology/admingeo/UnitaryAuthority,Scotland,http://data.ordnancesurvey.co.uk/id/7000000000041429,Scotland,http://data.ordnancesurvey.co.uk/id/country/scotland,,,
osgb4000000074335839,http://data.ordnancesurvey.co.uk/id/4000000074335839,Swannay,,,,populatedPlace,Other Settlement,330096.320,1027944.180,15000,25000,329384.589,1027253.311,331149.510,1029344.203,KW17,http://data.ordnancesurvey.co.uk/id/postcodedistrict/KW17,,,,,,,Orkney Islands,http://data.ordnancesurvey.co.uk/id/7000000000029961,http://data.ordnancesurvey.co.uk/ontology/admingeo/UnitaryAuthority,Scotland,http://data.ordnancesurvey.co.uk/id/7000000000041429,Scotland,http://data.ordnancesurvey.co.uk/id/country/scotland,,,
osgb4000000074542373,http://data.ordnancesurvey.co.uk/id/4000000074542373,Northside,,,,populatedPlace,Hamlet,325322.200,1028510.900,5000,25000,325190.252,1028224.372,326371.621,1028724.372,KW17,http://data.ordnancesurvey.co.uk/id/postcodedistrict/KW17,,,,,,,Orkney Islands,http://data.ordnancesurvey.co.uk/id/7000000000029961,http://data.ordnancesurvey.co.uk/ontology/admingeo/UnitaryAuthority,Scotland,http://data.ordnancesurvey.co.uk/id/7000000000041429,Scotland,http://data.ordnancesurvey.co.uk/id/country/scotland,,,
osgb4000000074541591,http://data.ordnancesurvey.co.uk/id/4000000074541591,Twatt,,,,populatedPlace,Other Settlement,327059.660,1024226.020,15000,25000,326457.081,1023825.512,327502.720,1024812.130,KW17,http://data.ordnancesurvey.co.uk/id/postcodedistrict/KW17,,,,,,,Orkney Islands,http://data.ordnancesurvey.co.uk/id/7000000000029961,http://data.ordnancesurvey.co.uk/ontology/admingeo/UnitaryAuthority,Scotland,http://data.ordnancesurvey.co.uk/id/7000000000041429,Scotland,http://data.ordnancesurvey.co.uk/id/country/scotland,,"http://dbpedia.org/resource/Twatt,_Orkney",
osgb4000000074559852,http://data.ordnancesurvey.co.uk/id/4000000074559852,Tronston,,,,populatedPlace,Other Settlement,326106.610,1020048.920,15000,25000,325577.341,1019638.311,326636.914,1020815.594,KW16,http://data.ordnancesurvey.co.uk/id/postcodedistrict/KW16,,,,,,,Orkney Islands,http://data.ordnancesurvey.co.uk/id/7000000000029961,http://data.ordnancesurvey.co.uk/ontology/admingeo/UnitaryAuthority,Scotland,http://data.ordnancesurvey.co.uk/id/7000000000041429,Scotland,http://data.ordnancesurvey.co.uk/id/country/scotland,,,
osgb4000000074558745,http://data.ordnancesurvey.co.uk/id/4000000074558745,Woodwick,,,,populatedPlace,Suburban Area,338342.891,1024010.949,9000,25000,338133.761,1023561.714,339164.316,1024914.002,KW17,http://data.ordnancesurvey.co.uk/id/postcodedistrict/KW17,,,,,,,Orkney Islands,http://data.ordnancesurvey.co.uk/id/7000000000029961,http://data.ordnancesurvey.co.uk/ontology/admingeo/UnitaryAuthority,Scotland,http://data.ordnancesurvey.co.uk/id/7000000000041429,Scotland,http://data.ordnancesurvey.co.uk/id/country/scotland,,,
osgb4000000074554272,http://data.ordnancesurvey.co.uk/id/4000000074554272,Georth,,,,populatedPlace,Suburban Area,336448.913,1025796.126,7000,25000,335949.219,1025274.696,336983.814,1026376.234,KW17,http://data.ordnancesurvey.co.uk/id/postcodedistrict/KW17,,,,,,,Orkney Islands,http://data.ordnancesurvey.co.uk/id/7000000000029961,http://data.ordnancesurvey.co.uk/ontology/admingeo/UnitaryAuthority,Scotland,http://data.ordnancesurvey.co.uk/id/7000000000041429,Scotland,http://data.ordnancesurvey.co.uk/id/country/scotland,,,
osgb4000000074559854,http://data.ordnancesurvey.co.uk/id/4000000074559854,Greeny,,,,populatedPlace,Hamlet,328571.530,1022922.480,5000,25000,328005.429,1022551.295,328980.680,1023051.295,KW17,http://data.ordnancesurvey.co.uk/id/postcodedistrict/KW17,,,,,,,Orkney Islands,http://data.ordnancesurvey.co.uk/id/7000000000029961,http://data.ordnancesurvey.co.uk/ontology/admingeo/UnitaryAuthority,Scotland,http://data.ordnancesurvey.co.uk/id/7000000000041429,Scotland,http://data.ordnancesurvey.co.uk/id/country/scotland,,,
osgb4000000074554645,http://data.ordnancesurvey.co.uk/id/4000000074554645,Marwick,,,,populatedPlace,Other Settlement,323335.960,1024733.810,15000,25000,322734.378,1023925.634,325214.608,1025448.828,KW17,http://data.ordnancesurvey.co.uk/id/postcodedistrict/KW17,,,,,,,Orkney Islands,http://data.ordnancesurvey.co.uk/id/7000000000029961,http://data.ordnancesurvey.co.uk/ontology/admingeo/UnitaryAuthority,Scotland,http://data.ordnancesurvey.co.uk/id/7000000000041429,Scotland,http://data.ordnancesurvey.co.uk/id/country/scotland,,,
osgb4000000074559492,http://data.ordnancesurvey.co.uk/id/4000000074559492,Dounby,,,,populatedPlace,Village,329466.980,1020723.190,9000,250000,328719.270,1020177.147,329940.858,1021534.468,KW17,http://data.ordnancesurvey.co.uk/id/postcodedistrict/KW17,,,,,,,Orkney Islands,http://data.ordnancesurvey.co.uk/id/7000000000029961,http://data.ordnancesurvey.co.uk/ontology/admingeo/UnitaryAuthority,Scotland,http://data.ordnancesurvey.co.uk/id/7000000000041429,Scotland,http://data.ordnancesurvey.co.uk/id/country/scotland,,http://dbpedia.org/resource/Dounby,http://sws.geonames.org/6619443
osgb4000000074558744,http://data.ordnancesurvey.co.uk/id/4000000074558744,Hackland,,,,populatedPlace,Other Settlement,339270.000,1020657.000,15000,25000,338998.421,1019536.740,340144.600,1020887.223,KW17,http://data.ordnancesurvey.co.uk/id/postcodedistrict/KW17,,,,,,,Orkney Islands,http://data.ordnancesurvey.co.uk/id/7000000000029961,http://data.ordnancesurvey.co.uk/ontology/admingeo/UnitaryAuthority,Scotland,http://data.ordnancesurvey.co.uk/id/7000000000041429,Scotland,http://data.ordnancesurvey.co.uk/id/country/scotland,,,
osgb4000000074335891,http://data.ordnancesurvey.co.uk/id/4000000074335891,Rendall,,,,populatedPlace,Other Settlement,339288.290,1021318.090,15000,25000,338601.281,1020862.091,339531.291,1022304.868,KW17,http://data.ordnancesurvey.co.uk/id/postcodedistrict/KW17,,,,,,,Orkney Islands,http://data.ordnancesurvey.co.uk/id/7000000000029961,http://data.ordnancesurvey.co.uk/ontology/admingeo/UnitaryAuthority,Scotland,http://data.ordnancesurvey.co.uk/id/7000000000041429,Scotland,http://data.ordnancesurvey.co.uk/id/country/scotland,,,
osgb4000000074558746,http://data.ordnancesurvey.co.uk/id/4000000074558746,Redland,,,,populatedPlace,Suburban Area,337818.159,1024699.388,7000,25000,337052.936,1024275.561,338138.788,1025426.766,KW17,http://data.ordnancesurvey.co.uk/id/postcodedistrict/KW17,,,,,,,Orkney Islands,http://data.ordnancesurvey.co.uk/id/7000000000029961,http://data.ordnancesurvey.co.uk/ontology/admingeo/UnitaryAuthority,Scotland,http://data.ordnancesurvey.co.uk/id/7000000000041429,Scotland,http://data.ordnancesurvey.co.uk/id/country/scotland,,,http://sws.geonames.org/3209937
osgb4000000074541574,http://data.ordnancesurvey.co.uk/id/4000000074541574,Stenso,,,,populatedPlace,Suburban Area,335887.664,1025246.294,4000,25000,335616.444,1024988.152,336300.129,1025676.864,KW17,http://data.ordnancesurvey.co.uk/id/postcodedistrict/KW17,,,,,,,Orkney Islands,http://data.ordnancesurvey.co.uk/id/7000000000029961,http://data.ordnancesurvey.co.uk/ontology/admingeo/UnitaryAuthority,Scotland,http://data.ordnancesurvey.co.uk/id/7000000000041429,Scotland,http://data.ordnancesurvey.co.uk/id/country/scotland,,,
osgb4000000074576765,http://data.ordnancesurvey.co.uk/id/4000000074576765,The Barony,,,,populatedPlace,Other Settlement,325704.500,1027494.400,15000,25000,325154.402,1026888.326,326723.520,1028295.903,KW17,http://data.ordnancesurvey.co.uk/id/postcodedistrict/KW17,,,,,,,Orkney Islands,http://data.ordnancesurvey.co.uk/id/7000000000029961,http://data.ordnancesurvey.co.uk/ontology/admingeo/UnitaryAuthority,Scotland,http://data.ordnancesurvey.co.uk/id/7000000000041429,Scotland,http://data.ordnancesurvey.co.uk/id/country/scotland,,,
KW163LZ,http://data.ordnancesurvey.co.uk/id/postcodeunit/KW163LZ,KW16 3LZ,,,,other,Postcode,324318.000,1020840.000,3500,18000,,,,,,,Scarwell,http://data.ordnancesurvey.co.uk/id/4000000074554269,http://www.ordnancesurvey.co.uk/xml/codelists/localtype.xml#village,,,,Orkney Islands,http://data.ordnancesurvey.co.uk/id/7000000000029961,http://data.ordnancesurvey.co.uk/ontology/admingeo/UnitaryAuthority,Scotland,http://data.ordnancesurvey.co.uk/id/7000000000041429,Scotland,http://data.ordnancesurvey.co.uk/id/country/scotland,,,
KW172LZ,http://data.ordnancesurvey.co.uk/id/postcodeunit/KW172LZ,KW17 2LZ,,,,other,Postcode,326637.000,1025243.000,3500,18000,,,,,,,,,,,,,Orkney Islands,http://data.ordnancesurvey.co.uk/id/7000000000029961,http://data.ordnancesurvey.co.uk/ontology/admingeo/UnitaryAuthority,Scotland,http://data.ordnancesurvey.co.uk/id/7000000000041429,Scotland,http://data.ordnancesurvey.co.uk/id/country/scotland,,,
KW172JE,http://data.ordnancesurvey.co.uk/id/postcodeunit/KW172JE,KW17 2JE,,,,other,Postcode,329029.000,1020217.000,3500,18000,,,,,,,Dounby,http://data.ordnancesurvey.co.uk/id/4000000074559492,http://www.ordnancesurvey.co.uk/xml/codelists/localtype.xml#village,,,,Orkney Islands,http://data.ordnancesurvey.co.uk/id/7000000000029961,http://data.ordnancesurvey.co.uk/ontology/admingeo/UnitaryAuthority,Scotland,http://data.ordnancesurvey.co.uk/id/7000000000041429,Scotland,http://data.ordnancesurvey.co.uk/id/country/scotland,,,
KW172HD,http://data.ordnancesurvey.co.uk/id/postcodeunit/KW172HD,KW17 2HD,,,,other,Postcode,339845.000,1023026.000,3500,18000,,,,,,,Tingwall,http://data.ordnancesurvey.co.uk/id/4000000074335889,http://www.ordnancesurvey.co.uk/xml/codelists/localtype.xml#hamlet,,,,Orkney Islands,http://data.ordnancesurvey.co.uk/id/7000000000029961,http://data.ordnancesurvey.co.uk/ontology/admingeo/UnitaryAuthority,Scotland,http://data.ordnancesurvey.co.uk/id/7000000000041429,Scotland,http://data.ordnancesurvey.co.uk/id/country/scotland,,,
KW172LY,http://data.ordnancesurvey.co.uk/id/postcodeunit/KW172LY,KW17 2LY,,,,other,Postcode,325460.000,1027434.000,3500,18000,,,,,,,The Barony,http://data.ordnancesurvey.co.uk/id/4000000074576765,http://www.ordnancesurvey.co.uk/xml/codelists/localtype.xml#otherSettlement,,,,Orkney Islands,http://data.ordnancesurvey.co.uk/id/7000000000029961,http://data.ordnancesurvey.co.uk/ontology/admingeo/UnitaryAuthority,Scotland,http://data.ordnancesurvey.co.uk/id/7000000000041429,Scotland,http://data.ordnancesurvey.co.uk/id/country/scotland,,,
KW172LP,http://data.ordnancesurvey.co.uk/id/postcodeunit/KW172LP,KW17 2LP,,,,other,Postcode,328825.000,1026952.000,3500,18000,,,,,,,,,,,,,Orkney Islands,http://data.ordnancesurvey.co.uk/id/7000000000029961,http://data.ordnancesurvey.co.uk/ontology/admingeo/UnitaryAuthority,Scotland,http://data.ordnancesurvey.co.uk/id/7000000000041429,Scotland,http://data.ordnancesurvey.co.uk/id/country/scotland,,,
KW172LS,http://data.ordnancesurvey.co.uk/id/postcodeunit/KW172LS,KW17 2LS,,,,other,Postcode,326410.000,1027345.000,3500,18000,,,,,,,,,,,,,Orkney Islands,http://data.ordnancesurvey.co.uk/id/7000000000029961,http://data.ordnancesurvey.co.uk/ontology/admingeo/UnitaryAuthority,Scotland,http://data.ordnancesurvey.co.uk/id/7000000000041429,Scotland,http://data.ordnancesurvey.co.uk/id/country/scotland,,,
KW172HY,http://data.ordnancesurvey.co.uk/id/postcodeunit/KW172HY,KW17 2HY,,,,other,Postcode,330152.000,1021952.000,3500,18000,,,,,,,Beaquoy,http://data.ordnancesurvey.co.uk/id/4000000074559853,http://www.ordnancesurvey.co.uk/xml/codelists/localtype.xml#hamlet,,,,Orkney Islands,http://data.ordnancesurvey.co.uk/id/7000000000029961,http://data.ordnancesurvey.co.uk/ontology/admingeo/UnitaryAuthority,Scotland,http://data.ordnancesurvey.co.uk/id/7000000000041429,Scotland,http://data.ordnancesurvey.co.uk/id/country/scotland,,,
KW172NR,http://data.ordnancesurvey.co.uk/id/postcodeunit/KW172NR,KW17 2NR,,,,other,Postcode,329570.000,1028108.000,3500,18000,,,,,,,,,,,,,Orkney Islands,http://data.ordnancesurvey.co.uk/id/7000000000029961,http://data.ordnancesurvey.co.uk/ontology/admingeo/UnitaryAuthority,Scotland,http://data.ordnancesurvey.co.uk/id/7000000000041429,Scotland,http://data.ordnancesurvey.co.uk/id/country/scotland,,,
KW163LY,http://data.ordnancesurvey.co.uk/id/postcodeunit/KW163LY,KW16 3LY,,,,other,Postcode,324498.000,1020331.000,3500,18000,,,,,,,,,,,,,Orkney Islands,http://data.ordnancesurvey.co.uk/id/7000000000029961,http://data.ordnancesurvey.co.uk/ontology/admingeo/UnitaryAuthority,Scotland,http://data.ordnancesurvey.co.uk/id/7000000000041429,Scotland,http://data.ordnancesurvey.co.uk/id/country/scotland,,,
KW163LX,http://data.ordnancesurvey.co.uk/id/postcodeunit/KW163LX,KW16 3LX,,,,other,Postcode,324664.000,1020844.000,3500,18000,,,,,,,Scarwell,http://data.ordnancesurvey.co.uk/id/4000000074554269,http://www.ordnancesurvey.co.uk/xml/codelists/localtype.xml#village,,,,Orkney Islands,http://data.ordnancesurvey.co.uk/id/7000000000029961,http://data.ordnancesurvey.co.uk/ontology/admingeo/UnitaryAuthority,Scotland,http://data.ordnancesurvey.co.uk/id/7000000000041429,Scotland,http://data.ordnancesurvey.co.uk/id/country/scotland,,,
KW172PE,http://data.ordnancesurvey.co.uk/id/postcodeunit/KW172PE,KW17 2PE,,,,other,Postcode,337674.000,1024520.000,3500,18000,,,,,,,Evie,http://data.ordnancesurvey.co.uk/id/4000000074540858,http://www.ordnancesurvey.co.uk/xml/codelists/localtype.xml#otherSettlement,,,,Orkney Islands,http://data.ordnancesurvey.co.uk/id/7000000000029961,http://data.ordnancesurvey.co.uk/ontology/admingeo/UnitaryAuthority,Scotland,http://data.ordnancesurvey.co.uk/id/7000000000041429,Scotland,http://data.ordnancesurvey.co.uk/id/country/scotland,,,
KW172JG,http://data.ordnancesurvey.co.uk/id/postcodeunit/KW172JG,KW17 2JG,,,,other,Postcode,326339.000,1021282.000,3500,18000,,,,,,,,,,,,,Orkney Islands,http://data.ordnancesurvey.co.uk/id/7000000000029961,http://data.ordnancesurvey.co.uk/ontology/admingeo/UnitaryAuthority,Scotland,http://data.ordnancesurvey.co.uk/id/7000000000041429,Scotland,http://data.ordnancesurvey.co.uk/id/country/scotland,,,
KW172JQ,http://data.ordnancesurvey.co.uk/id/postcodeunit/KW172JQ,KW17 2JQ,,,,other,Postcode,327847.000,1020988.000,3500,18000,,,,,,,Skeabrae,http://data.ordnancesurvey.co.uk/id/4000000074559851,http://www.ordnancesurvey.co.uk/xml/codelists/localtype.xml#village,,,,Orkney Islands,http://data.ordnancesurvey.co.uk/id/7000000000029961,http://data.ordnancesurvey.co.uk/ontology/admingeo/UnitaryAuthority,Scotland,http://data.ordnancesurvey.co.uk/id/7000000000041429,Scotland,http://data.ordnancesurvey.co.uk/id/country/scotland,,,
KW172PF,http://data.ordnancesurvey.co.uk/id/postcodeunit/KW172PF,KW17 2PF,,,,other,Postcode,338662.000,1024318.000,3500,18000,,,,,,,Evie,http://data.ordnancesurvey.co.uk/id/4000000074540858,http://www.ordnancesurvey.co.uk/xml/codelists/localtype.xml#otherSettlement,,,,Orkney Islands,http://data.ordnancesurvey.co.uk/id/7000000000029961,http://data.ordnancesurvey.co.uk/ontology/admingeo/UnitaryAuthority,Scotland,http://data.ordnancesurvey.co.uk/id/7000000000041429,Scotland,http://data.ordnancesurvey.co.uk/id/country/scotland,,,
KW172NJ,http://data.ordnancesurvey.co.uk/id/postcodeunit/KW172NJ,KW17 2NJ,,,,other,Postcode,333953.000,1027947.000,3500,18000,,,,,,,Evie,http://data.ordnancesurvey.co.uk/id/4000000074540858,http://www.ordnancesurvey.co.uk/xml/codelists/localtype.xml#otherSettlement,,,,Orkney Islands,http://data.ordnancesurvey.co.uk/id/7000000000029961,http://data.ordnancesurvey.co.uk/ontology/admingeo/UnitaryAuthority,Scotland,http://data.ordnancesurvey.co.uk/id/7000000000041429,Scotland,http://data.ordnancesurvey.co.uk/id/country/scotland,,,
KW172JA,http://data.ordnancesurvey.co.uk/id/postcodeunit/KW172JA,KW17 2JA,,,,other,Postcode,329930.000,1020167.000,3500,18000,,,,,,,Hourston,http://data.ordnancesurvey.co.uk/id/4000000074578148,http://www.ordnancesurvey.co.uk/xml/codelists/localtype.xml#otherSettlement,,,,Orkney Islands,http://data.ordnancesurvey.co.uk/id/7000000000029961,http://data.ordnancesurvey.co.uk/ontology/admingeo/UnitaryAuthority,Scotland,http://data.ordnancesurvey.co.uk/id/7000000000041429,Scotland,http://data.ordnancesurvey.co.uk/id/country/scotland,,,
KW172LR,http://data.ordnancesurvey.co.uk/id/postcodeunit/KW172LR,KW17 2LR,,,,other,Postcode,327350.000,1026706.000,3500,18000,,,,,,,,,,,,,Orkney Islands,http://data.ordnancesurvey.co.uk/id/7000000000029961,http://data.ordnancesurvey.co.uk/ontology/admingeo/UnitaryAuthority,Scotland,http://data.ordnancesurvey.co.uk/id/7000000000041429,Scotland,http://data.ordnancesurvey.co.uk/id/country/scotland,,,
KW163LT,http://data.ordnancesurvey.co.uk/id/postcodeunit/KW163LT,KW16 3LT,,,,other,Postcode,324655.000,1021165.000,3500,18000,,,,,,,,,,,,,Orkney Islands,http://data.ordnancesurvey.co.uk/id/7000000000029961,http://data.ordnancesurvey.co.uk/ontology/admingeo/UnitaryAuthority,Scotland,http://data.ordnancesurvey.co.uk/id/7000000000041429,Scotland,http://data.ordnancesurvey.co.uk/id/country/scotland,,,
KW163LU,http://data.ordnancesurvey.co.uk/id/postcodeunit/KW163LU,KW16 3LU,,,,other,Postcode,324414.000,1021723.000,3500,18000,,,,,,,,,,,,,Orkney Islands,http://data.ordnancesurvey.co.uk/id/7000000000029961,http://data.ordnancesurvey.co.uk/ontology/admingeo/UnitaryAuthority,Scotland,http://data.ordnancesurvey.co.uk/id/7000000000041429,Scotland,http://data.ordnancesurvey.co.uk/id/country/scotland,,,
KW172NB,http://data.ordnancesurvey.co.uk/id/postcodeunit/KW172NB,KW17 2NB,,,,other,Postcode,324037.000,1023660.000,3500,18000,,,,,,,,,,,,,Orkney Islands,http://data.ordnancesurvey.co.uk/id/7000000000029961,http://data.ordnancesurvey.co.uk/ontology/admingeo/UnitaryAuthority,Scotland,http://data.ordnancesurvey.co.uk/id/7000000000041429,Scotland,http://data.ordnancesurvey.co.uk/id/country/scotland,,,
KW172JH,http://data.ordnancesurvey.co.uk/id/postcodeunit/KW172JH,KW17 2JH,,,,other,Postcode,326439.000,1022392.000,3500,18000,,,,,,,,,,,,,Orkney Islands,http://data.ordnancesurvey.co.uk/id/7000000000029961,http://data.ordnancesurvey.co.uk/ontology/admingeo/UnitaryAuthority,Scotland,http://data.ordnancesurvey.co.uk/id/7000000000041429,Scotland,http://data.ordnancesurvey.co.uk/id/country/scotland,,,
KW172LW,http://data.ordnancesurvey.co.uk/id/postcodeunit/KW172LW,KW17 2LW,,,,other,Postcode,328282.000,1025440.000,3500,18000,,,,,,,Kirbuster,http://data.ordnancesurvey.co.uk/id/4000000074575082,http://www.ordnancesurvey.co.uk/xml/codelists/localtype.xml#otherSettlement,,,,Orkney Islands,http://data.ordnancesurvey.co.uk/id/7000000000029961,http://data.ordnancesurvey.co.uk/ontology/admingeo/UnitaryAuthority,Scotland,http://data.ordnancesurvey.co.uk/id/7000000000041429,Scotland,http://data.ordnancesurvey.co.uk/id/country/scotland,,,
KW172LL,http://data.ordnancesurvey.co.uk/id/postcodeunit/KW172LL,KW17 2LL,,,,other,Postcode,324882.000,1027854.000,3500,18000,,,,,,,,,,,,,Orkney Islands,http://data.ordnancesurvey.co.uk/id/7000000000029961,http://data.ordnancesurvey.co.uk/ontology/admingeo/UnitaryAuthority,Scotland,http://data.ordnancesurvey.co.uk/id/7000000000041429,Scotland,http://data.ordnancesurvey.co.uk/id/country/scotland,,,
KW172NW,http://data.ordnancesurvey.co.uk/id/postcodeunit/KW172NW,KW17 2NW,,,,other,Postcode,331901.000,1028725.000,3500,18000,,,,,,,Evie,http://data.ordnancesurvey.co.uk/id/4000000074540858,http://www.ordnancesurvey.co.uk/xml/codelists/localtype.xml#otherSettlement,,,,Orkney Islands,http://data.ordnancesurvey.co.uk/id/7000000000029961,http://data.ordnancesurvey.co.uk/ontology/admingeo/UnitaryAuthority,Scotland,http://data.ordnancesurvey.co.uk/id/7000000000041429,Scotland,http://data.ordnancesurvey.co.uk/id/country/scotland,,,
KW172JB,http://data.ordnancesurvey.co.uk/id/postcodeunit/KW172JB,KW17 2JB,,,,other,Postcode,330707.000,1021362.000,3500,18000,,,,,,,,,,,,,Orkney Islands,http://data.ordnancesurvey.co.uk/id/7000000000029961,http://data.ordnancesurvey.co.uk/ontology/admingeo/UnitaryAuthority,Scotland,http://data.ordnancesurvey.co.uk/id/7000000000041429,Scotland,http://data.ordnancesurvey.co.uk/id/country/scotland,,,
KW172NL,http://data.ordnancesurvey.co.uk/id/postcodeunit/KW172NL,KW17 2NL,,,,other,Postcode,333370.000,1027922.000,3500,18000,,,,,,,Evie,http://data.ordnancesurvey.co.uk/id/4000000074540858,http://www.ordnancesurvey.co.uk/xml/codelists/localtype.xml#otherSettlement,,,,Orkney Islands,http://data.ordnancesurvey.co.uk/id/7000000000029961,http://data.ordnancesurvey.co.uk/ontology/admingeo/UnitaryAuthority,Scotland,http://data.ordnancesurvey.co.uk/id/7000000000041429,Scotland,http://data.ordnancesurvey.co.uk/id/country/scotland,,,
KW172NP,http://data.ordnancesurvey.co.uk/id/postcodeunit/KW172NP,KW17 2NP,,,,other,Postcode,329320.000,1028721.000,3500,18000,,,,,,,Abune-the-Hill,http://data.ordnancesurvey.co.uk/id/4000000074542505,http://www.ordnancesurvey.co.uk/xml/codelists/localtype.xml#otherSettlement,,,,Orkney Islands,http://data.ordnancesurvey.co.uk/id/7000000000029961,http://data.ordnancesurvey.co.uk/ontology/admingeo/UnitaryAuthority,Scotland,http://data.ordnancesurvey.co.uk/id/7000000000041429,Scotland,http://data.ordnancesurvey.co.uk/id/country/scotland,,,
KW172HR,http://data.ordnancesurvey.co.uk/id/postcodeunit/KW172HR,KW17 2HR,,,,other,Postcode,328504.000,1022931.000,3500,18000,,,,,,,Greeny,http://data.ordnancesurvey.co.uk/id/4000000074559854,http://www.ordnancesurvey.co.uk/xml/codelists/localtype.xml#hamlet,,,,Orkney Islands,http://data.ordnancesurvey.co.uk/id/7000000000029961,http://data.ordnancesurvey.co.uk/ontology/admingeo/UnitaryAuthority,Scotland,http://data.ordnancesurvey.co.uk/id/7000000000041429,Scotland,http://data.ordnancesurvey.co.uk/id/country/scotland,,,
KW172NS,http://data.ordnancesurvey.co.uk/id/postcodeunit/KW172NS,KW17 2NS,,,,other,Postcode,328411.000,1028774.000,3500,18000,,,,,,,Abune-the-Hill,http://data.ordnancesurvey.co.uk/id/4000000074542505,http://www.ordnancesurvey.co.uk/xml/codelists/localtype.xml#otherSettlement,,,,Orkney Islands,http://data.ordnancesurvey.co.uk/id/7000000000029961,http://data.ordnancesurvey.co.uk/ontology/admingeo/UnitaryAuthority,Scotland,http://data.ordnancesurvey.co.uk/id/7000000000041429,Scotland,http://data.ordnancesurvey.co.uk/id/country/scotland,,,
KW172LT,http://data.ordnancesurvey.co.uk/id/postcodeunit/KW172LT,KW17 2LT,,,,other,Postcode,326500.000,1028099.000,3500,18000,,,,,,,The Barony,http://data.ordnancesurvey.co.uk/id/4000000074576765,http://www.ordnancesurvey.co.uk/xml/codelists/localtype.xml#otherSettlement,,,,Orkney Islands,http://data.ordnancesurvey.co.uk/id/7000000000029961,http://data.ordnancesurvey.co.uk/ontology/admingeo/UnitaryAuthority,Scotland,http://data.ordnancesurvey.co.uk/id/7000000000041429,Scotland,http://data.ordnancesurvey.co.uk/id/country/scotland,,,
KW172PL,http://data.ordnancesurvey.co.uk/id/postcodeunit/KW172PL,KW17 2PL,,,,other,Postcode,335735.000,1025104.000,3500,18000,,,,,,,Evie,http://data.ordnancesurvey.co.uk/id/4000000074540858,http://www.ordnancesurvey.co.uk/xml/codelists/localtype.xml#otherSettlement,,,,Orkney Islands,http://data.ordnancesurvey.co.uk/id/7000000000029961,http://data.ordnancesurvey.co.uk/ontology/admingeo/UnitaryAuthority,Scotland,http://data.ordnancesurvey.co.uk/id/7000000000041429,Scotland,http://data.ordnancesurvey.co.uk/id/country/scotland,,,
KW172ND,http://data.ordnancesurvey.co.uk/id/postcodeunit/KW172ND,KW17 2ND,,,,other,Postcode,324261.000,1025518.000,3500,18000,,,,,,,,,,,,,Orkney Islands,http://data.ordnancesurvey.co.uk/id/7000000000029961,http://data.ordnancesurvey.co.uk/ontology/admingeo/UnitaryAuthority,Scotland,http://data.ordnancesurvey.co.uk/id/7000000000041429,Scotland,http://data.ordnancesurvey.co.uk/id/country/scotland,,,
KW172JD,http://data.ordnancesurvey.co.uk/id/postcodeunit/KW172JD,KW17 2JD,,,,other,Postcode,330809.000,1024528.000,3500,18000,,,,,,,,,,,,,Orkney Islands,http://data.ordnancesurvey.co.uk/id/7000000000029961,http://data.ordnancesurvey.co.uk/ontology/admingeo/UnitaryAuthority,Scotland,http://data.ordnancesurvey.co.uk/id/7000000000041429,Scotland,http://data.ordnancesurvey.co.uk/id/country/scotland,,,
KW172HN,http://data.ordnancesurvey.co.uk/id/postcodeunit/KW172HN,KW17 2HN,,,,other,Postcode,329411.000,1020946.000,3500,18000,,,,,,,Dounby,http://data.ordnancesurvey.co.uk/id/4000000074559492,http://www.ordnancesurvey.co.uk/xml/codelists/localtype.xml#village,,,,Orkney Islands,http://data.ordnancesurvey.co.uk/id/7000000000029961,http://data.ordnancesurvey.co.uk/ontology/admingeo/UnitaryAuthority,Scotland,http://data.ordnancesurvey.co.uk/id/7000000000041429,Scotland,http://data.ordnancesurvey.co.uk/id/country/scotland,,,
KW172PH,http://data.ordnancesurvey.co.uk/id/postcodeunit/KW172PH,KW17 2PH,,,,other,Postcode,337115.000,1025336.000,3500,18000,,,,,,,Evie,http://data.ordnancesurvey.co.uk/id/4000000074540858,http://www.ordnancesurvey.co.uk/xml/codelists/localtype.xml#otherSettlement,,,,Orkney Islands,http://data.ordnancesurvey.co.uk/id/7000000000029961,http://data.ordnancesurvey.co.uk/ontology/admingeo/UnitaryAuthority,Scotland,http://data.ordnancesurvey.co.uk/id/7000000000041429,Scotland,http://data.ordnancesurvey.co.uk/id/country/scotland,,,
KW172LU,http://data.ordnancesurvey.co.uk/id/postcodeunit/KW172LU,KW17 2LU,,,,other,Postcode,325713.000,1028487.000,3500,18000,,,,,,,Northside,http://data.ordnancesurvey.co.uk/id/4000000074542373,http://www.ordnancesurvey.co.uk/xml/codelists/localtype.xml#hamlet,,,,Orkney Islands,http://data.ordnancesurvey.co.uk/id/7000000000029961,http://data.ordnancesurvey.co.uk/ontology/admingeo/UnitaryAuthority,Scotland,http://data.ordnancesurvey.co.uk/id/7000000000041429,Scotland,http://data.ordnancesurvey.co.uk/id/country/scotland,,,
KW163LS,http://data.ordnancesurvey.co.uk/id/postcodeunit/KW163LS,KW16 3LS,,,,other,Postcode,323784.000,1020724.000,3500,18000,,,,,,,,,,,,,Orkney Islands,http://data.ordnancesurvey.co.uk/id/7000000000029961,http://data.ordnancesurvey.co.uk/ontology/admingeo/UnitaryAuthority,Scotland,http://data.ordnancesurvey.co.uk/id/7000000000041429,Scotland,http://data.ordnancesurvey.co.uk/id/country/scotland,,,
KW172NA,http://data.ordnancesurvey.co.uk/id/postcodeunit/KW172NA,KW17 2NA,,,,other,Postcode,325562.000,1024535.000,3500,18000,,,,,,,,,,,,,Orkney Islands,http://data.ordnancesurvey.co.uk/id/7000000000029961,http://data.ordnancesurvey.co.uk/ontology/admingeo/UnitaryAuthority,Scotland,http://data.ordnancesurvey.co.uk/id/7000000000041429,Scotland,http://data.ordnancesurvey.co.uk/id/country/scotland,,,
KW172HX,http://data.ordnancesurvey.co.uk/id/postcodeunit/KW172HX,KW17 2HX,,,,other,Postcode,329846.000,1021179.000,3500,18000,,,,,,,Dounby,http://data.ordnancesurvey.co.uk/id/4000000074559492,http://www.ordnancesurvey.co.uk/xml/codelists/localtype.xml#village,,,,Orkney Islands,http://data.ordnancesurvey.co.uk/id/7000000000029961,http://data.ordnancesurvey.co.uk/ontology/admingeo/UnitaryAuthority,Scotland,http://data.ordnancesurvey.co.uk/id/7000000000041429,Scotland,http://data.ordnancesurvey.co.uk/id/country/scotland,,,
KW172LX,http://data.ordnancesurvey.co.uk/id/postcodeunit/KW172LX,KW17 2LX,,,,other,Postcode,324783.000,1027660.000,3500,18000,,,,,,,,,,,,,Orkney Islands,http://data.ordnancesurvey.co.uk/id/7000000000029961,http://data.ordnancesurvey.co.uk/ontology/admingeo/UnitaryAuthority,Scotland,http://data.ordnancesurvey.co.uk/id/7000000000041429,Scotland,http://data.ordnancesurvey.co.uk/id/country/scotland,,,
KW172HZ,http://data.ordnancesurvey.co.uk/id/postcodeunit/KW172HZ,KW17 2HZ,,,,other,Postcode,330691.000,1020380.000,3500,18000,,,,,,,Knarston,http://data.ordnancesurvey.co.uk/id/4000000074559491,http://www.ordnancesurvey.co.uk/xml/codelists/localtype.xml#hamlet,,,,Orkney Islands,http://data.ordnancesurvey.co.uk/id/7000000000029961,http://data.ordnancesurvey.co.uk/ontology/admingeo/UnitaryAuthority,Scotland,http://data.ordnancesurvey.co.uk/id/7000000000041429,Scotland,http://data.ordnancesurvey.co.uk/id/country/scotland,,,
KW172GY,http://data.ordnancesurvey.co.uk/id/postcodeunit/KW172GY,KW17 2GY,,,,other,Postcode,329267.000,1020993.000,3500,18000,,,,,,,Dounby,http://data.ordnancesurvey.co.uk/id/4000000074559492,http://www.ordnancesurvey.co.uk/xml/codelists/localtype.xml#village,,,,Orkney Islands,http://data.ordnancesurvey.co.uk/id/7000000000029961,http://data.ordnancesurvey.co.uk/ontology/admingeo/UnitaryAuthority,Scotland,http://data.ordnancesurvey.co.uk/id/7000000000041429,Scotland,http://data.ordnancesurvey.co.uk/id/country/scotland,,,
KW172PS,http://data.ordnancesurvey.co.uk/id/postcodeunit/KW172PS,KW17 2PS,,,,other,Postcode,339432.000,1032964.000,3500,18000,,,,,,,Wasbister,http://data.ordnancesurvey.co.uk/id/4000000074554271,http://www.ordnancesurvey.co.uk/xml/codelists/localtype.xml#otherSettlement,,,,Orkney Islands,http://data.ordnancesurvey.co.uk/id/7000000000029961,http://data.ordnancesurvey.co.uk/ontology/admingeo/UnitaryAuthority,Scotland,http://data.ordnancesurvey.co.uk/id/7000000000041429,Scotland,http://data.ordnancesurvey.co.uk/id/country/scotland,,,
KW172GZ,http://data.ordnancesurvey.co.uk/id/postcodeunit/KW172GZ,KW17 2GZ,,,,other,Postcode,329295.000,1021028.000,3500,18000,,,,,,,Dounby,http://data.ordnancesurvey.co.uk/id/4000000074559492,http://www.ordnancesurvey.co.uk/xml/codelists/localtype.xml#village,,,,Orkney Islands,http://data.ordnancesurvey.co.uk/id/7000000000029961,http://data.ordnancesurvey.co.uk/ontology/admingeo/UnitaryAuthority,Scotland,http://data.ordnancesurvey.co.uk/id/7000000000041429,Scotland,http://data.ordnancesurvey.co.uk/id/country/scotland,,,
KW172HE,http://data.ordnancesurvey.co.uk/id/postcodeunit/KW172HE,KW17 2HE,,,,other,Postcode,339412.000,1022764.000,3500,18000,,,,,,,,,,,,,Orkney Islands,http://data.ordnancesurvey.co.uk/id/7000000000029961,http://data.ordnancesurvey.co.uk/ontology/admingeo/UnitaryAuthority,Scotland,http://data.ordnancesurvey.co.uk/id/7000000000041429,Scotland,http://data.ordnancesurvey.co.uk/id/country/scotland,,,
KW172HW,http://data.ordnancesurvey.co.uk/id/postcodeunit/KW172HW,KW17 2HW,,,,other,Postcode,329647.000,1021042.000,3500,18000,,,,,,,Dounby,http://data.ordnancesurvey.co.uk/id/4000000074559492,http://www.ordnancesurvey.co.uk/xml/codelists/localtype.xml#village,,,,Orkney Islands,http://data.ordnancesurvey.co.uk/id/7000000000029961,http://data.ordnancesurvey.co.uk/ontology/admingeo/UnitaryAuthority,Scotland,http://data.ordnancesurvey.co.uk/id/7000000000041429,Scotland,http://data.ordnancesurvey.co.uk/id/country/scotland,,,
KW172HP,http://data.ordnancesurvey.co.uk/id/postcodeunit/KW172HP,KW17 2HP,,,,other,Postcode,328017.000,1023521.000,3500,18000,,,,,,,,,,,,,Orkney Islands,http://data.ordnancesurvey.co.uk/id/7000000000029961,http://data.ordnancesurvey.co.uk/ontology/admingeo/UnitaryAuthority,Scotland,http://data.ordnancesurvey.co.uk/id/7000000000041429,Scotland,http://data.ordnancesurvey.co.uk/id/country/scotland,,,
KW172PG,http://data.ordnancesurvey.co.uk/id/postcodeunit/KW172PG,KW17 2PG,,,,other,Postcode,338405.000,1023636.000,3500,18000,,,,,,,Evie,http://data.ordnancesurvey.co.uk/id/4000000074540858,http://www.ordnancesurvey.co.uk/xml/codelists/localtype.xml#otherSettlement,,,,Orkney Islands,http://data.ordnancesurvey.co.uk/id/7000000000029961,http://data.ordnancesurvey.co.uk/ontology/admingeo/UnitaryAuthority,Scotland,http://data.ordnancesurvey.co.uk/id/7000000000041429,Scotland,http://data.ordnancesurvey.co.uk/id/country/scotland,,,
KW172NN,http://data.ordnancesurvey.co.uk/id/postcodeunit/KW172NN,KW17 2NN,,,,other,Postcode,333066.000,1028285.000,3500,18000,,,,,,,Evie,http://data.ordnancesurvey.co.uk/id/4000000074540858,http://www.ordnancesurvey.co.uk/xml/codelists/localtype.xml#otherSettlement,,,,Orkney Islands,http://data.ordnancesurvey.co.uk/id/7000000000029961,http://data.ordnancesurvey.co.uk/ontology/admingeo/UnitaryAuthority,Scotland,http://data.ordnancesurvey.co.uk/id/7000000000041429,Scotland,http://data.ordnancesurvey.co.uk/id/country/scotland,,,
KW172HS,http://data.ordnancesurvey.co.uk/id/postcodeunit/KW172HS,KW17 2HS,,,,other,Postcode,328794.000,1021464.000,3500,18000,,,,,,,Dounby,http://data.ordnancesurvey.co.uk/id/4000000074559492,http://www.ordnancesurvey.co.uk/xml/codelists/localtype.xml#village,,,,Orkney Islands,http://data.ordnancesurvey.co.uk/id/7000000000029961,http://data.ordnancesurvey.co.uk/ontology/admingeo/UnitaryAuthority,Scotland,http://data.ordnancesurvey.co.uk/id/7000000000041429,Scotland,http://data.ordnancesurvey.co.uk/id/country/scotland,,,
KW172HH,http://data.ordnancesurvey.co.uk/id/postcodeunit/KW172HH,KW17 2HH,,,,other,Postcode,329480.000,1020676.000,3500,18000,,,,,,,Dounby,http://data.ordnancesurvey.co.uk/id/4000000074559492,http://www.ordnancesurvey.co.uk/xml/codelists/localtype.xml#village,,,,Orkney Islands,http://data.ordnancesurvey.co.uk/id/7000000000029961,http://data.ordnancesurvey.co.uk/ontology/admingeo/UnitaryAuthority,Scotland,http://data.ordnancesurvey.co.uk/id/7000000000041429,Scotland,http://data.ordnancesurvey.co.uk/id/country/scotland,,,
KW172HF,http://data.ordnancesurvey.co.uk/id/postcodeunit/KW172HF,KW17 2HF,,,,other,Postcode,339265.000,1021536.000,3500,18000,,,,,,,Rendall,http://data.ordnancesurvey.co.uk/id/4000000074335891,http://www.ordnancesurvey.co.uk/xml/codelists/localtype.xml#otherSettlement,,,,Orkney Islands,http://data.ordnancesurvey.co.uk/id/7000000000029961,http://data.ordnancesurvey.co.uk/ontology/admingeo/UnitaryAuthority,Scotland,http://data.ordnancesurvey.co.uk/id/7000000000041429,Scotland,http://data.ordnancesurvey.co.uk/id/country/scotland,,,
KW172LN,http://data.ordnancesurvey.co.uk/id/postcodeunit/KW172LN,KW17 2LN,,,,other,Postcode,327150.000,1024373.000,3500,18000,,,,,,,Twatt,http://data.ordnancesurvey.co.uk/id/4000000074541591,http://www.ordnancesurvey.co.uk/xml/codelists/localtype.xml#otherSettlement,,,,Orkney Islands,http://data.ordnancesurvey.co.uk/id/7000000000029961,http://data.ordnancesurvey.co.uk/ontology/admingeo/UnitaryAuthority,Scotland,http://data.ordnancesurvey.co.uk/id/7000000000041429,Scotland,http://data.ordnancesurvey.co.uk/id/country/scotland,,,
KW172PQ,http://data.ordnancesurvey.co.uk/id/postcodeunit/KW172PQ,KW17 2PQ,,,,other,Postcode,338642.000,1023694.000,3500,18000,,,,,,,Evie,http://data.ordnancesurvey.co.uk/id/4000000074540858,http://www.ordnancesurvey.co.uk/xml/codelists/localtype.xml#otherSettlement,,,,Orkney Islands,http://data.ordnancesurvey.co.uk/id/7000000000029961,http://data.ordnancesurvey.co.uk/ontology/admingeo/UnitaryAuthority,Scotland,http://data.ordnancesurvey.co.uk/id/7000000000041429,Scotland,http://data.ordnancesurvey.co.uk/id/country/scotland,,,
KW172PJ,http://data.ordnancesurvey.co.uk/id/postcodeunit/KW172PJ,KW17 2PJ,,,,other,Postcode,336017.000,1026097.000,3500,18000,,,,,,,Evie,http://data.ordnancesurvey.co.uk/id/4000000074540858,http://www.ordnancesurvey.co.uk/xml/codelists/localtype.xml#otherSettlement,,,,Orkney Islands,http://data.ordnancesurvey.co.uk/id/7000000000029961,http://data.ordnancesurvey.co.uk/ontology/admingeo/UnitaryAuthority,Scotland,http://data.ordnancesurvey.co.uk/id/7000000000041429,Scotland,http://data.ordnancesurvey.co.uk/id/country/scotland,,,
KW172NH,http://data.ordnancesurvey.co.uk/id/postcodeunit/KW172NH,KW17 2NH,,,,other,Postcode,338573.000,1026156.000,3500,18000,,,,,,,,,,,,,Orkney Islands,http://data.ordnancesurvey.co.uk/id/7000000000029961,http://data.ordnancesurvey.co.uk/ontology/admingeo/UnitaryAuthority,Scotland,http://data.ordnancesurvey.co.uk/id/7000000000041429,Scotland,http://data.ordnancesurvey.co.uk/id/country/scotland,,,
osgb4000000003265659,http://data.ordnancesurvey.co.uk/id/4000000003265659,Loons Road,,,,transportNetwork,Named Road,325510.551,1024571.407,16000,20000,324323.338,1023943.985,326804.000,1024600.000,KW17,http://data.ordnancesurvey.co.uk/id/postcodedistrict/KW17,,,,,,,Orkney Islands,http://data.ordnancesurvey.co.uk/id/7000000000029961,http://data.ordnancesurvey.co.uk/ontology/admingeo/UnitaryAuthority,Scotland,http://data.ordnancesurvey.co.uk/id/7000000000041429,Scotland,http://data.ordnancesurvey.co.uk/id/country/scotland,,,
osgb4000000003265585,http://data.ordnancesurvey.co.uk/id/4000000003265585,Hillside Road,,,,transportNetwork,Named Road,332859.367,1023599.633,20000,45000,329516.000,1020776.000,336454.966,1025796.248,KW17,http://data.ordnancesurvey.co.uk/id/postcodedistrict/KW17,,,,,,,Orkney Islands,http://data.ordnancesurvey.co.uk/id/7000000000029961,http://data.ordnancesurvey.co.uk/ontology/admingeo/UnitaryAuthority,Scotland,http://data.ordnancesurvey.co.uk/id/7000000000041429,Scotland,http://data.ordnancesurvey.co.uk/id/country/scotland,,,
3d9ef8fa-3592-44c0-a452-a865cf19aeba,http://data.ordnancesurvey.co.uk/id/3d9ef8fa-3592-44c0-a452-a865cf19aeba,Hillside Road,,,,transportNetwork,Section Of Named Road,330066.788,1021316.208,1000,25000,329972.216,1021252.300,330150.100,1021347.396,KW17,http://data.ordnancesurvey.co.uk/id/postcodedistrict/KW17,Beaquoy,http://data.ordnancesurvey.co.uk/id/4000000074559853,http://www.ordnancesurvey.co.uk/xml/codelists/localtype.xml#hamlet,,,,Orkney Islands,http://data.ordnancesurvey.co.uk/id/7000000000029961,http://data.ordnancesurvey.co.uk/ontology/admingeo/UnitaryAuthority,Scotland,http://data.ordnancesurvey.co.uk/id/7000000000041429,Scotland,http://data.ordnancesurvey.co.uk/id/country/scotland,osgb4000000003265585,,
2c31940e-cd85-4780-b6a8-600c669b1f88,http://data.ordnancesurvey.co.uk/id/2c31940e-cd85-4780-b6a8-600c669b1f88,Loons Road,,,,transportNetwork,Section Of Named Road,326680.919,1024462.066,2000,25000,326463.691,1024443.000,326804.000,1024489.771,KW17,http://data.ordnancesurvey.co.uk/id/postcodedistrict/KW17,Twatt,http://data.ordnancesurvey.co.uk/id/4000000074541591,http://www.ordnancesurvey.co.uk/xml/codelists/localtype.xml#otherSettlement,,,,Orkney Islands,http://data.ordnancesurvey.co.uk/id/7000000000029961,http://data.ordnancesurvey.co.uk/ontology/admingeo/UnitaryAuthority,Scotland,http://data.ordnancesurvey.co.uk/id/7000000000041429,Scotland,http://data.ordnancesurvey.co.uk/id/country/scotland,osgb4000000003265659,,
3941c28f-e4e7-40cd-88eb-cada9568f0bf,http://data.ordnancesurvey.co.uk/id/3941c28f-e4e7-40cd-88eb-cada9568f0bf,Gorseness Road,,,,transportNetwork,Section Of Named Road,339886.325,1022706.495,3000,25000,339628.642,1022473.957,340109.020,1022821.637,KW17,http://data.ordnancesurvey.co.uk/id/postcodedistrict/KW17,Tingwall,http://data.ordnancesurvey.co.uk/id/4000000074335889,http://www.ordnancesurvey.co.uk/xml/codelists/localtype.xml#hamlet,,,,Orkney Islands,http://data.ordnancesurvey.co.uk/id/7000000000029961,http://data.ordnancesurvey.co.uk/ontology/admingeo/UnitaryAuthority,Scotland,http://data.ordnancesurvey.co.uk/id/7000000000041429,Scotland,http://data.ordnancesurvey.co.uk/id/country/scotland,osgb4000000003265601,,
osgb4000000003265823,http://data.ordnancesurvey.co.uk/id/4000000003265823,Quilco,,,,transportNetwork,Named Road,329709.117,1021002.753,1000,20000,329648.000,1020952.487,329724.651,1021040.000,KW17,http://data.ordnancesurvey.co.uk/id/postcodedistrict/KW17,Dounby,http://data.ordnancesurvey.co.uk/id/4000000074559492,http://www.ordnancesurvey.co.uk/xml/codelists/localtype.xml#village,,,,Orkney Islands,http://data.ordnancesurvey.co.uk/id/7000000000029961,http://data.ordnancesurvey.co.uk/ontology/admingeo/UnitaryAuthority,Scotland,http://data.ordnancesurvey.co.uk/id/7000000000041429,Scotland,http://data.ordnancesurvey.co.uk/id/country/scotland,,,
099cd51a-7fa7-4a7f-af35-8469ac022992,http://data.ordnancesurvey.co.uk/id/099cd51a-7fa7-4a7f-af35-8469ac022992,Wattle Road,,,,transportNetwork,Section Of Named Road,328504.600,1025710.404,1000,25000,328466.040,1025644.404,328556.800,1025759.201,KW17,http://data.ordnancesurvey.co.uk/id/postcodedistrict/KW17,Kirbuster,http://data.ordnancesurvey.co.uk/id/4000000074575082,http://www.ordnancesurvey.co.uk/xml/codelists/localtype.xml#otherSettlement,,,,Orkney Islands,http://data.ordnancesurvey.co.uk/id/7000000000029961,http://data.ordnancesurvey.co.uk/ontology/admingeo/UnitaryAuthority,Scotland,http://data.ordnancesurvey.co.uk/id/7000000000041429,Scotland,http://data.ordnancesurvey.co.uk/id/country/scotland,osgb4000000003268200,,
osgb4000000003265825,http://data.ordnancesurvey.co.uk/id/4000000003265825,Daisy Bank,,,,transportNetwork,Named Road,324292.000,1020860.000,1000,20000,324268.000,1020849.000,324307.000,1020870.634,KW16,http://data.ordnancesurvey.co.uk/id/postcodedistrict/KW16,Scarwell,http://data.ordnancesurvey.co.uk/id/4000000074554269,http://www.ordnancesurvey.co.uk/xml/codelists/localtype.xml#village,,,,Orkney Islands,http://data.ordnancesurvey.co.uk/id/7000000000029961,http://data.ordnancesurvey.co.uk/ontology/admingeo/UnitaryAuthority,Scotland,http://data.ordnancesurvey.co.uk/id/7000000000041429,Scotland,http://data.ordnancesurvey.co.uk/id/country/scotland,,,
osgb4000000003266156,http://data.ordnancesurvey.co.uk/id/4000000003266156,B9057,,,,transportNetwork,Numbered Road,330640.401,1021401.015,77000,250000,324669.709,1018037.276,336454.966,1025796.248,KW17,http://data.ordnancesurvey.co.uk/id/postcodedistrict/KW17,,,,,,,Orkney Islands,http://data.ordnancesurvey.co.uk/id/7000000000029961,http://data.ordnancesurvey.co.uk/ontology/admingeo/UnitaryAuthority,Scotland,http://data.ordnancesurvey.co.uk/id/7000000000041429,Scotland,http://data.ordnancesurvey.co.uk/id/country/scotland,,,
2f6e207c-fd05-483b-866c-0f1174897539,http://data.ordnancesurvey.co.uk/id/2f6e207c-fd05-483b-866c-0f1174897539,Wattle Road,,,,transportNetwork,Section Of Named Road,325894.000,1027451.000,4000,25000,325562.700,1027372.055,326165.885,1027525.700,KW17,http://data.ordnancesurvey.co.uk/id/postcodedistrict/KW17,The Barony,http://data.ordnancesurvey.co.uk/id/4000000074576765,http://www.ordnancesurvey.co.uk/xml/codelists/localtype.xml#otherSettlement,,,,Orkney Islands,http://data.ordnancesurvey.co.uk/id/7000000000029961,http://data.ordnancesurvey.co.uk/ontology/admingeo/UnitaryAuthority,Scotland,http://data.ordnancesurvey.co.uk/id/7000000000041429,Scotland,http://data.ordnancesurvey.co.uk/id/country/scotland,osgb4000000003268200,,
fc42faec-5f5e-4217-afc0-e02cf91ca860,http://data.ordnancesurvey.co.uk/id/fc42faec-5f5e-4217-afc0-e02cf91ca860,Vetquoy Road,,,,transportNetwork,Section Of Named Road,329273.543,1020469.545,4000,25000,328960.523,1020264.052,329516.000,1020776.000,KW17,http://data.ordnancesurvey.co.uk/id/postcodedistrict/KW17,Dounby,http://data.ordnancesurvey.co.uk/id/4000000074559492,http://www.ordnancesurvey.co.uk/xml/codelists/localtype.xml#village,,,,Orkney Islands,http://data.ordnancesurvey.co.uk/id/7000000000029961,http://data.ordnancesurvey.co.uk/ontology/admingeo/UnitaryAuthority,Scotland,http://data.ordnancesurvey.co.uk/id/7000000000041429,Scotland,http://data.ordnancesurvey.co.uk/id/country/scotland,osgb4000000003268943,,
c5359511-7f2b-4c96-a7d7-531fb81d34d2,http://data.ordnancesurvey.co.uk/id/c5359511-7f2b-4c96-a7d7-531fb81d34d2,Swartland Road,,,,transportNetwork,Section Of Named Road,327564.000,1021000.000,4000,25000,327402.195,1020912.000,327951.179,1021281.706,KW17,http://data.ordnancesurvey.co.uk/id/postcodedistrict/KW17,Skeabrae,http://data.ordnancesurvey.co.uk/id/4000000074559851,http://www.ordnancesurvey.co.uk/xml/codelists/localtype.xml#village,,,,Orkney Islands,http://data.ordnancesurvey.co.uk/id/7000000000029961,http://data.ordnancesurvey.co.uk/ontology/admingeo/UnitaryAuthority,Scotland,http://data.ordnancesurvey.co.uk/id/7000000000041429,Scotland,http://data.ordnancesurvey.co.uk/id/country/scotland,osgb4000000003265620,,
84df542e-16c4-4ef7-a1ae-da6699907733,http://data.ordnancesurvey.co.uk/id/84df542e-16c4-4ef7-a1ae-da6699907733,Swartland Road,,,,transportNetwork,Section Of Named Road,329256.890,1020967.074,1000,25000,329151.647,1020937.450,329352.648,1020975.171,KW17,http://data.ordnancesurvey.co.uk/id/postcodedistrict/KW17,Dounby,http://data.ordnancesurvey.co.uk/id/4000000074559492,http://www.ordnancesurvey.co.uk/xml/codelists/localtype.xml#village,,,,Orkney Islands,http://data.ordnancesurvey.co.uk/id/7000000000029961,http://data.ordnancesurvey.co.uk/ontology/admingeo/UnitaryAuthority,Scotland,http://data.ordnancesurvey.co.uk/id/7000000000041429,Scotland,http://data.ordnancesurvey.co.uk/id/country/scotland,osgb4000000003265620,,
osgb4000000003265620,http://data.ordnancesurvey.co.uk/id/4000000003265620,Swartland Road,,,,transportNetwork,Named Road,328070.000,1021012.000,16000,20000,326819.452,1020899.979,329352.648,1021610.551,KW17,http://data.ordnancesurvey.co.uk/id/postcodedistrict/KW17,,,,,,,Orkney Islands,http://data.ordnancesurvey.co.uk/id/7000000000029961,http://data.ordnancesurvey.co.uk/ontology/admingeo/UnitaryAuthority,Scotland,http://data.ordnancesurvey.co.uk/id/7000000000041429,Scotland,http://data.ordnancesurvey.co.uk/id/country/scotland,,,
osgb4000000003265600,http://data.ordnancesurvey.co.uk/id/4000000003265600,Durkadale Road,,,,transportNetwork,Named Road,330692.633,1024674.658,20000,28000,328058.000,1023482.519,332340.894,1025379.000,KW17,http://data.ordnancesurvey.co.uk/id/postcodedistrict/KW17,,,,,,,Orkney Islands,http://data.ordnancesurvey.co.uk/id/7000000000029961,http://data.ordnancesurvey.co.uk/ontology/admingeo/UnitaryAuthority,Scotland,http://data.ordnancesurvey.co.uk/id/7000000000041429,Scotland,http://data.ordnancesurvey.co.uk/id/country/scotland,,,
osgb4000000003268200,http://data.ordnancesurvey.co.uk/id/4000000003268200,Wattle Road,,,,transportNetwork,Named Road,327124.000,1026663.204,19000,20000,325562.700,1025644.404,328556.800,1027525.700,KW17,http://data.ordnancesurvey.co.uk/id/postcodedistrict/KW17,,,,,,,Orkney Islands,http://data.ordnancesurvey.co.uk/id/7000000000029961,http://data.ordnancesurvey.co.uk/ontology/admingeo/UnitaryAuthority,Scotland,http://data.ordnancesurvey.co.uk/id/7000000000041429,Scotland,http://data.ordnancesurvey.co.uk/id/country/scotland,,,
bb1fa419-49aa-420c-9ef0-6bb2c274a83d,http://data.ordnancesurvey.co.uk/id/bb1fa419-49aa-420c-9ef0-6bb2c274a83d,Hillside Road,,,,transportNetwork,Section Of Named Road,329711.664,1020980.205,3000,25000,329516.000,1020776.000,329909.844,1021208.557,KW17,http://data.ordnancesurvey.co.uk/id/postcodedistrict/KW17,Dounby,http://data.ordnancesurvey.co.uk/id/4000000074559492,http://www.ordnancesurvey.co.uk/xml/codelists/localtype.xml#village,,,,Orkney Islands,http://data.ordnancesurvey.co.uk/id/7000000000029961,http://data.ordnancesurvey.co.uk/ontology/admingeo/UnitaryAuthority,Scotland,http://data.ordnancesurvey.co.uk/id/7000000000041429,Scotland,http://data.ordnancesurvey.co.uk/id/country/scotland,osgb4000000003265585,,
37895102-9bf7-4996-ac02-ed7c4d897d3a,http://data.ordnancesurvey.co.uk/id/37895102-9bf7-4996-ac02-ed7c4d897d3a,Hundland Road,,,,transportNetwork,Section Of Named Road,327361.000,1024111.000,1000,25000,327350.522,1024097.008,327441.627,1024184.514,KW17,http://data.ordnancesurvey.co.uk/id/postcodedistrict/KW17,Twatt,http://data.ordnancesurvey.co.uk/id/4000000074541591,http://www.ordnancesurvey.co.uk/xml/codelists/localtype.xml#otherSettlement,,,,Orkney Islands,http://data.ordnancesurvey.co.uk/id/7000000000029961,http://data.ordnancesurvey.co.uk/ontology/admingeo/UnitaryAuthority,Scotland,http://data.ordnancesurvey.co.uk/id/7000000000041429,Scotland,http://data.ordnancesurvey.co.uk/id/country/scotland,osgb4000000003265701,,
osgb5000005133196654,http://data.ordnancesurvey.co.uk/id/5000005133196654,Palace Gardens,,,,transportNetwork,Named Road,324865.944,1027870.949,1000,20000,324798.636,1027783.795,324906.528,1027888.971,KW17,http://data.ordnancesurvey.co.uk/id/postcodedistrict/KW17,,,,,,,Orkney Islands,http://data.ordnancesurvey.co.uk/id/7000000000029961,http://data.ordnancesurvey.co.uk/ontology/admingeo/UnitaryAuthority,Scotland,http://data.ordnancesurvey.co.uk/id/7000000000041429,Scotland,http://data.ordnancesurvey.co.uk/id/country/scotland,,,
osgb5000005201343188,http://data.ordnancesurvey.co.uk/id/5000005201343188,Flett's Park,,,,transportNetwork,Named Road,329297.285,1020921.483,1000,20000,329266.966,1020872.278,329323.904,1020952.992,KW17,http://data.ordnancesurvey.co.uk/id/postcodedistrict/KW17,Dounby,http://data.ordnancesurvey.co.uk/id/4000000074559492,http://www.ordnancesurvey.co.uk/xml/codelists/localtype.xml#village,,,,Orkney Islands,http://data.ordnancesurvey.co.uk/id/7000000000029961,http://data.ordnancesurvey.co.uk/ontology/admingeo/UnitaryAuthority,Scotland,http://data.ordnancesurvey.co.uk/id/7000000000041429,Scotland,http://data.ordnancesurvey.co.uk/id/country/scotland,,,
89b5ce56-fd26-44e0-963e-81a16b7c63d6,http://data.ordnancesurvey.co.uk/id/89b5ce56-fd26-44e0-963e-81a16b7c63d6,Durkadale Road,,,,transportNetwork,Section Of Named Road,328752.000,1025042.000,3000,25000,328610.704,1024979.683,329010.069,1025150.000,KW17,http://data.ordnancesurvey.co.uk/id/postcodedistrict/KW17,Kirbuster,http://data.ordnancesurvey.co.uk/id/4000000074575082,http://www.ordnancesurvey.co.uk/xml/codelists/localtype.xml#otherSettlement,,,,Orkney Islands,http://data.ordnancesurvey.co.uk/id/7000000000029961,http://data.ordnancesurvey.co.uk/ontology/admingeo/UnitaryAuthority,Scotland,http://data.ordnancesurvey.co.uk/id/7000000000041429,Scotland,http://data.ordnancesurvey.co.uk/id/country/scotland,osgb4000000003265600,,
20f140b4-19d8-420d-b514-3df6e855ec85,http://data.ordnancesurvey.co.uk/id/20f140b4-19d8-420d-b514-3df6e855ec85,Hundland Road,,,,transportNetwork,Section Of Named Road,329376.200,1028482.900,2000,25000,329322.600,1028332.907,329409.809,1028668.100,KW17,http://data.ordnancesurvey.co.uk/id/postcodedistrict/KW17,Abune-the-Hill,http://data.ordnancesurvey.co.uk/id/4000000074542505,http://www.ordnancesurvey.co.uk/xml/codelists/localtype.xml#otherSettlement,,,,Orkney Islands,http://data.ordnancesurvey.co.uk/id/7000000000029961,http://data.ordnancesurvey.co.uk/ontology/admingeo/UnitaryAuthority,Scotland,http://data.ordnancesurvey.co.uk/id/7000000000041429,Scotland,http://data.ordnancesurvey.co.uk/id/country/scotland,osgb4000000003265701,,
KW172HT,http://data.ordnancesurvey.co.uk/id/postcodeunit/KW172HT,KW17 2HT,,,,other,Postcode,329424.000,1020816.000,3500,18000,,,,,,,Dounby,http://data.ordnancesurvey.co.uk/id/4000000074559492,http://www.ordnancesurvey.co.uk/xml/codelists/localtype.xml#village,,,,Orkney Islands,http://data.ordnancesurvey.co.uk/id/7000000000029961,http://data.ordnancesurvey.co.uk/ontology/admingeo/UnitaryAuthority,Scotland,http://data.ordnancesurvey.co.uk/id/7000000000041429,Scotland,http://data.ordnancesurvey.co.uk/id/country/scotland,,,
KW172AP,http://data.ordnancesurvey.co.uk/id/postcodeunit/KW172AP,KW17 2AP,,,,other,Postcode,329323.000,1020926.000,3500,18000,,,,,,,Dounby,http://data.ordnancesurvey.co.uk/id/4000000074559492,http://www.ordnancesurvey.co.uk/xml/codelists/localtype.xml#village,,,,Orkney Islands,http://data.ordnancesurvey.co.uk/id/7000000000029961,http://data.ordnancesurvey.co.uk/ontology/admingeo/UnitaryAuthority,Scotland,http://data.ordnancesurvey.co.uk/id/7000000000041429,Scotland,http://data.ordnancesurvey.co.uk/id/country/scotland,,,
KW172HG,http://data.ordnancesurvey.co.uk/id/postcodeunit/KW172HG,KW17 2HG,,,,other,Postcode,339275.000,1020582.000,3500,18000,,,,,,,Hackland,http://data.ordnancesurvey.co.uk/id/4000000074558744,http://www.ordnancesurvey.co.uk/xml/codelists/localtype.xml#otherSettlement,,,,Orkney Islands,http://data.ordnancesurvey.co.uk/id/7000000000029961,http://data.ordnancesurvey.co.uk/ontology/admingeo/UnitaryAuthority,Scotland,http://data.ordnancesurvey.co.uk/id/7000000000041429,Scotland,http://data.ordnancesurvey.co.uk/id/country/scotland,,,
KW172HU,http://data.ordnancesurvey.co.uk/id/postcodeunit/KW172HU,KW17 2HU,,,,other,Postcode,329524.000,1020866.000,3500,18000,,,,,,,Dounby,http://data.ordnancesurvey.co.uk/id/4000000074559492,http://www.ordnancesurvey.co.uk/xml/codelists/localtype.xml#village,,,,Orkney Islands,http://data.ordnancesurvey.co.uk/id/7000000000029961,http://data.ordnancesurvey.co.uk/ontology/admingeo/UnitaryAuthority,Scotland,http://data.ordnancesurvey.co.uk/id/7000000000041429,Scotland,http://data.ordnancesurvey.co.uk/id/country/scotland,,,
osgb4000000003266160,http://data.ordnancesurvey.co.uk/id/4000000003266160,B9056,,,,transportNetwork,Numbered Road,324284.000,1021156.000,76000,250000,323475.000,1015104.198,325331.000,1026774.125,KW16,http://data.ordnancesurvey.co.uk/id/postcodedistrict/KW16,Scarwell,http://data.ordnancesurvey.co.uk/id/4000000074554269,http://www.ordnancesurvey.co.uk/xml/codelists/localtype.xml#village,,,,Orkney Islands,http://data.ordnancesurvey.co.uk/id/7000000000029961,http://data.ordnancesurvey.co.uk/ontology/admingeo/UnitaryAuthority,Scotland,http://data.ordnancesurvey.co.uk/id/7000000000041429,Scotland,http://data.ordnancesurvey.co.uk/id/country/scotland,,,
1d2ca79c-d601-4425-b3db-067062cdf2f8,http://data.ordnancesurvey.co.uk/id/1d2ca79c-d601-4425-b3db-067062cdf2f8,Hillside Road,,,,transportNetwork,Section Of Named Road,336038.400,1025398.850,5000,25000,335666.720,1025015.058,336454.966,1025796.248,KW17,http://data.ordnancesurvey.co.uk/id/postcodedistrict/KW17,Evie,http://data.ordnancesurvey.co.uk/id/4000000074540858,http://www.ordnancesurvey.co.uk/xml/codelists/localtype.xml#otherSettlement,,,,Orkney Islands,http://data.ordnancesurvey.co.uk/id/7000000000029961,http://data.ordnancesurvey.co.uk/ontology/admingeo/UnitaryAuthority,Scotland,http://data.ordnancesurvey.co.uk/id/7000000000041429,Scotland,http://data.ordnancesurvey.co.uk/id/country/scotland,osgb4000000003265585,,
00be7542-5ad3-4824-96ca-592ada61c967,http://data.ordnancesurvey.co.uk/id/00be7542-5ad3-4824-96ca-592ada61c967,Hundland Road,,,,transportNetwork,Section Of Named Road,328440.000,1025543.604,3000,25000,328290.674,1025305.869,328632.472,1025709.704,KW17,http://data.ordnancesurvey.co.uk/id/postcodedistrict/KW17,Kirbuster,http://data.ordnancesurvey.co.uk/id/4000000074575082,http://www.ordnancesurvey.co.uk/xml/codelists/localtype.xml#otherSettlement,,,,Orkney Islands,http://data.ordnancesurvey.co.uk/id/7000000000029961,http://data.ordnancesurvey.co.uk/ontology/admingeo/UnitaryAuthority,Scotland,http://data.ordnancesurvey.co.uk/id/7000000000041429,Scotland,http://data.ordnancesurvey.co.uk/id/country/scotland,osgb4000000003265701,,
osgb4000000003266161,http://data.ordnancesurvey.co.uk/id/4000000003266161,A966,,,,transportNetwork,Numbered Road,336378.341,1025846.650,102000,1000000,324790.000,1013885.000,339483.527,1029612.000,KW17,http://data.ordnancesurvey.co.uk/id/postcodedistrict/KW17,Evie,http://data.ordnancesurvey.co.uk/id/4000000074540858,http://www.ordnancesurvey.co.uk/xml/codelists/localtype.xml#otherSettlement,,,,Orkney Islands,http://data.ordnancesurvey.co.uk/id/7000000000029961,http://data.ordnancesurvey.co.uk/ontology/admingeo/UnitaryAuthority,Scotland,http://data.ordnancesurvey.co.uk/id/7000000000041429,Scotland,http://data.ordnancesurvey.co.uk/id/country/scotland,,,
osgb4000000003265701,http://data.ordnancesurvey.co.uk/id/4000000003265701,Hundland Road,,,,transportNetwork,Named Road,328750.800,1026498.004,20000,30000,327350.522,1024097.008,329461.400,1028668.100,KW17,http://data.ordnancesurvey.co.uk/id/postcodedistrict/KW17,,,,,,,Orkney Islands,http://data.ordnancesurvey.co.uk/id/7000000000029961,http://data.ordnancesurvey.co.uk/ontology/admingeo/UnitaryAuthority,Scotland,http://data.ordnancesurvey.co.uk/id/7000000000041429,Scotland,http://data.ordnancesurvey.co.uk/id/country/scotland,,,
