﻿osgb4000000074556500,http://data.ordnancesurvey.co.uk/id/4000000074556500,Aith,,,,populatedPlace,Hamlet,364812.488,1025646.762,5000,25000,364142.446,1024615.853,365232.861,1025939.078,KW17,http://data.ordnancesurvey.co.uk/id/postcodedistrict/KW17,,,,,,,Orkney Islands,http://data.ordnancesurvey.co.uk/id/7000000000029961,http://data.ordnancesurvey.co.uk/ontology/admingeo/UnitaryAuthority,Scotland,http://data.ordnancesurvey.co.uk/id/7000000000041429,Scotland,http://data.ordnancesurvey.co.uk/id/country/scotland,,,
osgb4000000074541560,http://data.ordnancesurvey.co.uk/id/4000000074541560,Stove,,,,populatedPlace,Other Settlement,360890.980,1035566.740,15000,25000,360294.482,1035448.645,361468.537,1036104.397,KW17,http://data.ordnancesurvey.co.uk/id/postcodedistrict/KW17,,,,,,,Orkney Islands,http://data.ordnancesurvey.co.uk/id/7000000000029961,http://data.ordnancesurvey.co.uk/ontology/admingeo/UnitaryAuthority,Scotland,http://data.ordnancesurvey.co.uk/id/7000000000041429,Scotland,http://data.ordnancesurvey.co.uk/id/country/scotland,,,
osgb4000000074556871,http://data.ordnancesurvey.co.uk/id/4000000074556871,Whitehall Village,,,,populatedPlace,Village,365787.000,1028394.000,9000,250000,365379.978,1028143.965,366823.169,1028643.965,KW17,http://data.ordnancesurvey.co.uk/id/postcodedistrict/KW17,,,,,,,Orkney Islands,http://data.ordnancesurvey.co.uk/id/7000000000029961,http://data.ordnancesurvey.co.uk/ontology/admingeo/UnitaryAuthority,Scotland,http://data.ordnancesurvey.co.uk/id/7000000000041429,Scotland,http://data.ordnancesurvey.co.uk/id/country/scotland,,,http://sws.geonames.org/7118079
osgb4000000074556498,http://data.ordnancesurvey.co.uk/id/4000000074556498,Grobister,,,,populatedPlace,Other Settlement,365595.000,1024676.000,15000,25000,364634.572,1023945.328,365977.737,1025386.806,KW17,http://data.ordnancesurvey.co.uk/id/postcodedistrict/KW17,,,,,,,Orkney Islands,http://data.ordnancesurvey.co.uk/id/7000000000029961,http://data.ordnancesurvey.co.uk/ontology/admingeo/UnitaryAuthority,Scotland,http://data.ordnancesurvey.co.uk/id/7000000000041429,Scotland,http://data.ordnancesurvey.co.uk/id/country/scotland,,,
osgb4000000074557240,http://data.ordnancesurvey.co.uk/id/4000000074557240,Laminess,,,,populatedPlace,Hamlet,361992.590,1037379.380,5000,25000,361282.694,1037077.599,362408.763,1037866.853,KW17,http://data.ordnancesurvey.co.uk/id/postcodedistrict/KW17,,,,,,,Orkney Islands,http://data.ordnancesurvey.co.uk/id/7000000000029961,http://data.ordnancesurvey.co.uk/ontology/admingeo/UnitaryAuthority,Scotland,http://data.ordnancesurvey.co.uk/id/7000000000041429,Scotland,http://data.ordnancesurvey.co.uk/id/country/scotland,,,
osgb4000000074556873,http://data.ordnancesurvey.co.uk/id/4000000074556873,Braeswick,,,,populatedPlace,Hamlet,360982.540,1037035.200,5000,25000,360511.187,1036777.328,361699.943,1037277.328,KW17,http://data.ordnancesurvey.co.uk/id/postcodedistrict/KW17,,,,,,,Orkney Islands,http://data.ordnancesurvey.co.uk/id/7000000000029961,http://data.ordnancesurvey.co.uk/ontology/admingeo/UnitaryAuthority,Scotland,http://data.ordnancesurvey.co.uk/id/7000000000041429,Scotland,http://data.ordnancesurvey.co.uk/id/country/scotland,,http://dbpedia.org/resource/Braeswick,
osgb4000000074556497,http://data.ordnancesurvey.co.uk/id/4000000074556497,Everbay,,,,populatedPlace,Other Settlement,367335.000,1024646.000,15000,25000,366564.323,1023724.541,368599.394,1025130.679,KW17,http://data.ordnancesurvey.co.uk/id/postcodedistrict/KW17,,,,,,,Orkney Islands,http://data.ordnancesurvey.co.uk/id/7000000000029961,http://data.ordnancesurvey.co.uk/ontology/admingeo/UnitaryAuthority,Scotland,http://data.ordnancesurvey.co.uk/id/7000000000041429,Scotland,http://data.ordnancesurvey.co.uk/id/country/scotland,,,
osgb4000000074557237,http://data.ordnancesurvey.co.uk/id/4000000074557237,Kettletoft,,,,populatedPlace,Hamlet,366111.000,1039319.000,5000,25000,365715.427,1038374.588,366215.427,1039334.763,KW17,http://data.ordnancesurvey.co.uk/id/postcodedistrict/KW17,,,,,,,Orkney Islands,http://data.ordnancesurvey.co.uk/id/7000000000029961,http://data.ordnancesurvey.co.uk/ontology/admingeo/UnitaryAuthority,Scotland,http://data.ordnancesurvey.co.uk/id/7000000000041429,Scotland,http://data.ordnancesurvey.co.uk/id/country/scotland,,,http://sws.geonames.org/2645744
osgb4000000074556496,http://data.ordnancesurvey.co.uk/id/4000000074556496,Dishes,,,,populatedPlace,Other Settlement,366301.730,1023688.990,15000,25000,365419.076,1023147.456,366619.194,1023945.328,KW17,http://data.ordnancesurvey.co.uk/id/postcodedistrict/KW17,,,,,,,Orkney Islands,http://data.ordnancesurvey.co.uk/id/7000000000029961,http://data.ordnancesurvey.co.uk/ontology/admingeo/UnitaryAuthority,Scotland,http://data.ordnancesurvey.co.uk/id/7000000000041429,Scotland,http://data.ordnancesurvey.co.uk/id/country/scotland,,,
osgb4000000074556870,http://data.ordnancesurvey.co.uk/id/4000000074556870,Wardhill,,,,populatedPlace,Other Settlement,365299.780,1025317.280,15000,25000,364869.732,1025181.894,366101.718,1026457.489,KW17,http://data.ordnancesurvey.co.uk/id/postcodedistrict/KW17,,,,,,,Orkney Islands,http://data.ordnancesurvey.co.uk/id/7000000000029961,http://data.ordnancesurvey.co.uk/ontology/admingeo/UnitaryAuthority,Scotland,http://data.ordnancesurvey.co.uk/id/7000000000041429,Scotland,http://data.ordnancesurvey.co.uk/id/country/scotland,,,
osgb4000000074542345,http://data.ordnancesurvey.co.uk/id/4000000074542345,Rothiesholm,,,,populatedPlace,Other Settlement,362233.000,1023439.000,15000,25000,361204.992,1022985.813,362765.411,1024021.226,KW17,http://data.ordnancesurvey.co.uk/id/postcodedistrict/KW17,,,,,,,Orkney Islands,http://data.ordnancesurvey.co.uk/id/7000000000029961,http://data.ordnancesurvey.co.uk/ontology/admingeo/UnitaryAuthority,Scotland,http://data.ordnancesurvey.co.uk/id/7000000000041429,Scotland,http://data.ordnancesurvey.co.uk/id/country/scotland,,,
KW172BA,http://data.ordnancesurvey.co.uk/id/postcodeunit/KW172BA,KW17 2BA,,,,other,Postcode,362433.000,1038056.000,3500,18000,,,,,,,,,,,,,Orkney Islands,http://data.ordnancesurvey.co.uk/id/7000000000029961,http://data.ordnancesurvey.co.uk/ontology/admingeo/UnitaryAuthority,Scotland,http://data.ordnancesurvey.co.uk/id/7000000000041429,Scotland,http://data.ordnancesurvey.co.uk/id/country/scotland,,,
KW172AF,http://data.ordnancesurvey.co.uk/id/postcodeunit/KW172AF,KW17 2AF,,,,other,Postcode,366387.000,1023771.000,3500,18000,,,,,,,Dishes,http://data.ordnancesurvey.co.uk/id/4000000074556496,http://www.ordnancesurvey.co.uk/xml/codelists/localtype.xml#otherSettlement,,,,Orkney Islands,http://data.ordnancesurvey.co.uk/id/7000000000029961,http://data.ordnancesurvey.co.uk/ontology/admingeo/UnitaryAuthority,Scotland,http://data.ordnancesurvey.co.uk/id/7000000000041429,Scotland,http://data.ordnancesurvey.co.uk/id/country/scotland,,,
KW172AS,http://data.ordnancesurvey.co.uk/id/postcodeunit/KW172AS,KW17 2AS,,,,other,Postcode,366175.000,1028290.000,3500,18000,,,,,,,Whitehall Village,http://data.ordnancesurvey.co.uk/id/4000000074556871,http://www.ordnancesurvey.co.uk/xml/codelists/localtype.xml#village,,,,Orkney Islands,http://data.ordnancesurvey.co.uk/id/7000000000029961,http://data.ordnancesurvey.co.uk/ontology/admingeo/UnitaryAuthority,Scotland,http://data.ordnancesurvey.co.uk/id/7000000000041429,Scotland,http://data.ordnancesurvey.co.uk/id/country/scotland,,,
KW172AN,http://data.ordnancesurvey.co.uk/id/postcodeunit/KW172AN,KW17 2AN,,,,other,Postcode,362401.000,1023912.000,3500,18000,,,,,,,Rothiesholm,http://data.ordnancesurvey.co.uk/id/4000000074542345,http://www.ordnancesurvey.co.uk/xml/codelists/localtype.xml#otherSettlement,,,,Orkney Islands,http://data.ordnancesurvey.co.uk/id/7000000000029961,http://data.ordnancesurvey.co.uk/ontology/admingeo/UnitaryAuthority,Scotland,http://data.ordnancesurvey.co.uk/id/7000000000041429,Scotland,http://data.ordnancesurvey.co.uk/id/country/scotland,,,
KW172BJ,http://data.ordnancesurvey.co.uk/id/postcodeunit/KW172BJ,KW17 2BJ,,,,other,Postcode,365909.000,1038686.000,3500,18000,,,,,,,Kettletoft,http://data.ordnancesurvey.co.uk/id/4000000074557237,http://www.ordnancesurvey.co.uk/xml/codelists/localtype.xml#hamlet,,,,Orkney Islands,http://data.ordnancesurvey.co.uk/id/7000000000029961,http://data.ordnancesurvey.co.uk/ontology/admingeo/UnitaryAuthority,Scotland,http://data.ordnancesurvey.co.uk/id/7000000000041429,Scotland,http://data.ordnancesurvey.co.uk/id/country/scotland,,,
KW172AJ,http://data.ordnancesurvey.co.uk/id/postcodeunit/KW172AJ,KW17 2AJ,,,,other,Postcode,366010.000,1023198.000,3500,18000,,,,,,,Dishes,http://data.ordnancesurvey.co.uk/id/4000000074556496,http://www.ordnancesurvey.co.uk/xml/codelists/localtype.xml#otherSettlement,,,,Orkney Islands,http://data.ordnancesurvey.co.uk/id/7000000000029961,http://data.ordnancesurvey.co.uk/ontology/admingeo/UnitaryAuthority,Scotland,http://data.ordnancesurvey.co.uk/id/7000000000041429,Scotland,http://data.ordnancesurvey.co.uk/id/country/scotland,,,
KW172AT,http://data.ordnancesurvey.co.uk/id/postcodeunit/KW172AT,KW17 2AT,,,,other,Postcode,363631.000,1028456.000,3500,18000,,,,,,,,,,,,,Orkney Islands,http://data.ordnancesurvey.co.uk/id/7000000000029961,http://data.ordnancesurvey.co.uk/ontology/admingeo/UnitaryAuthority,Scotland,http://data.ordnancesurvey.co.uk/id/7000000000041429,Scotland,http://data.ordnancesurvey.co.uk/id/country/scotland,,,
osgb4000000003265906,http://data.ordnancesurvey.co.uk/id/4000000003265906,B9060,,,,transportNetwork,Numbered Road,365183.978,1025572.099,34000,250000,364617.000,1023204.556,366827.807,1028453.000,KW17,http://data.ordnancesurvey.co.uk/id/postcodedistrict/KW17,Wardhill,http://data.ordnancesurvey.co.uk/id/4000000074556870,http://www.ordnancesurvey.co.uk/xml/codelists/localtype.xml#otherSettlement,,,,Orkney Islands,http://data.ordnancesurvey.co.uk/id/7000000000029961,http://data.ordnancesurvey.co.uk/ontology/admingeo/UnitaryAuthority,Scotland,http://data.ordnancesurvey.co.uk/id/7000000000041429,Scotland,http://data.ordnancesurvey.co.uk/id/country/scotland,,,
osgb4000000003268272,http://data.ordnancesurvey.co.uk/id/4000000003268272,B9070,,,,transportNetwork,Numbered Road,362665.000,1037874.000,43000,250000,360432.453,1033978.380,365905.471,1040607.560,KW17,http://data.ordnancesurvey.co.uk/id/postcodedistrict/KW17,,,,,,,Orkney Islands,http://data.ordnancesurvey.co.uk/id/7000000000029961,http://data.ordnancesurvey.co.uk/ontology/admingeo/UnitaryAuthority,Scotland,http://data.ordnancesurvey.co.uk/id/7000000000041429,Scotland,http://data.ordnancesurvey.co.uk/id/country/scotland,,,
osgb4000000003265904,http://data.ordnancesurvey.co.uk/id/4000000003265904,B9061,,,,transportNetwork,Numbered Road,363070.867,1024640.073,26000,250000,361367.000,1023100.000,365299.778,1025317.272,KW17,http://data.ordnancesurvey.co.uk/id/postcodedistrict/KW17,,,,,,,Orkney Islands,http://data.ordnancesurvey.co.uk/id/7000000000029961,http://data.ordnancesurvey.co.uk/ontology/admingeo/UnitaryAuthority,Scotland,http://data.ordnancesurvey.co.uk/id/7000000000041429,Scotland,http://data.ordnancesurvey.co.uk/id/country/scotland,,,
KW172AG,http://data.ordnancesurvey.co.uk/id/postcodeunit/KW172AG,KW17 2AG,,,,other,Postcode,367026.000,1024962.000,3500,18000,,,,,,,Everbay,http://data.ordnancesurvey.co.uk/id/4000000074556497,http://www.ordnancesurvey.co.uk/xml/codelists/localtype.xml#otherSettlement,,,,Orkney Islands,http://data.ordnancesurvey.co.uk/id/7000000000029961,http://data.ordnancesurvey.co.uk/ontology/admingeo/UnitaryAuthority,Scotland,http://data.ordnancesurvey.co.uk/id/7000000000041429,Scotland,http://data.ordnancesurvey.co.uk/id/country/scotland,,,
KW172AR,http://data.ordnancesurvey.co.uk/id/postcodeunit/KW172AR,KW17 2AR,,,,other,Postcode,365673.000,1028374.000,3500,18000,,,,,,,Whitehall Village,http://data.ordnancesurvey.co.uk/id/4000000074556871,http://www.ordnancesurvey.co.uk/xml/codelists/localtype.xml#village,,,,Orkney Islands,http://data.ordnancesurvey.co.uk/id/7000000000029961,http://data.ordnancesurvey.co.uk/ontology/admingeo/UnitaryAuthority,Scotland,http://data.ordnancesurvey.co.uk/id/7000000000041429,Scotland,http://data.ordnancesurvey.co.uk/id/country/scotland,,,
KW172AE,http://data.ordnancesurvey.co.uk/id/postcodeunit/KW172AE,KW17 2AE,,,,other,Postcode,365102.000,1026174.000,3500,18000,,,,,,,Wardhill,http://data.ordnancesurvey.co.uk/id/4000000074556870,http://www.ordnancesurvey.co.uk/xml/codelists/localtype.xml#otherSettlement,,,,Orkney Islands,http://data.ordnancesurvey.co.uk/id/7000000000029961,http://data.ordnancesurvey.co.uk/ontology/admingeo/UnitaryAuthority,Scotland,http://data.ordnancesurvey.co.uk/id/7000000000041429,Scotland,http://data.ordnancesurvey.co.uk/id/country/scotland,,,
osgb4000000003265905,http://data.ordnancesurvey.co.uk/id/4000000003265905,B9062,,,,transportNetwork,Numbered Road,363899.627,1028047.404,13000,250000,363035.495,1026948.800,364617.000,1028993.451,KW17,http://data.ordnancesurvey.co.uk/id/postcodedistrict/KW17,,,,,,,Orkney Islands,http://data.ordnancesurvey.co.uk/id/7000000000029961,http://data.ordnancesurvey.co.uk/ontology/admingeo/UnitaryAuthority,Scotland,http://data.ordnancesurvey.co.uk/id/7000000000041429,Scotland,http://data.ordnancesurvey.co.uk/id/country/scotland,,,
