﻿osgb4000000074543025,http://data.ordnancesurvey.co.uk/id/4000000074543025,Bun Abhainn Eadarra,gla,Bunavoneadar,eng,populatedPlace,Hamlet,113141.000,904265.000,5000,25000,112827.523,903621.950,113797.752,904411.204,HS3,http://data.ordnancesurvey.co.uk/id/postcodedistrict/HS3,,,,,,,Na h-Eileanan an Iar,http://data.ordnancesurvey.co.uk/id/7000000000030022,http://data.ordnancesurvey.co.uk/ontology/admingeo/UnitaryAuthority,Scotland,http://data.ordnancesurvey.co.uk/id/7000000000041429,Scotland,http://data.ordnancesurvey.co.uk/id/country/scotland,,,
osgb4000000074543078,http://data.ordnancesurvey.co.uk/id/4000000074543078,Govig,eng,Gobhaig,gla,populatedPlace,Hamlet,101044.800,909246.970,5000,25000,100841.776,909022.403,101341.776,909522.403,HS3,http://data.ordnancesurvey.co.uk/id/postcodedistrict/HS3,,,,,,,Na h-Eileanan an Iar,http://data.ordnancesurvey.co.uk/id/7000000000030022,http://data.ordnancesurvey.co.uk/ontology/admingeo/UnitaryAuthority,Scotland,http://data.ordnancesurvey.co.uk/id/7000000000041429,Scotland,http://data.ordnancesurvey.co.uk/id/country/scotland,,,
osgb4000000074576029,http://data.ordnancesurvey.co.uk/id/4000000074576029,Leacainn,gla,Leachcan,eng,populatedPlace,Hamlet,113769.540,901224.700,5000,25000,113254.271,900855.212,114284.821,901594.191,HS3,http://data.ordnancesurvey.co.uk/id/postcodedistrict/HS3,,,,,,,Na h-Eileanan an Iar,http://data.ordnancesurvey.co.uk/id/7000000000030022,http://data.ordnancesurvey.co.uk/ontology/admingeo/UnitaryAuthority,Scotland,http://data.ordnancesurvey.co.uk/id/7000000000041429,Scotland,http://data.ordnancesurvey.co.uk/id/country/scotland,,,
osgb4000000074576316,http://data.ordnancesurvey.co.uk/id/4000000074576316,Miabhaig,gla,Meavaig,eng,populatedPlace,Hamlet,109407.000,905720.000,5000,25000,109294.835,905533.596,109794.835,906033.596,HS3,http://data.ordnancesurvey.co.uk/id/postcodedistrict/HS3,,,,,,,Na h-Eileanan an Iar,http://data.ordnancesurvey.co.uk/id/7000000000030022,http://data.ordnancesurvey.co.uk/ontology/admingeo/UnitaryAuthority,Scotland,http://data.ordnancesurvey.co.uk/id/7000000000041429,Scotland,http://data.ordnancesurvey.co.uk/id/country/scotland,,,
osgb4000000074571700,http://data.ordnancesurvey.co.uk/id/4000000074571700,Urgha,,,,populatedPlace,Other Settlement,117505.740,900136.630,15000,25000,116868.749,899512.976,118200.928,900282.116,HS3,http://data.ordnancesurvey.co.uk/id/postcodedistrict/HS3,,,,,,,Na h-Eileanan an Iar,http://data.ordnancesurvey.co.uk/id/7000000000030022,http://data.ordnancesurvey.co.uk/ontology/admingeo/UnitaryAuthority,Scotland,http://data.ordnancesurvey.co.uk/id/7000000000041429,Scotland,http://data.ordnancesurvey.co.uk/id/country/scotland,,,
osgb4000000074576030,http://data.ordnancesurvey.co.uk/id/4000000074576030,Àird Asaig,gla,Ardhasaig,eng,populatedPlace,Other Settlement,112718.750,902543.250,15000,25000,112530.371,901800.302,113279.402,903253.136,HS3,http://data.ordnancesurvey.co.uk/id/postcodedistrict/HS3,,,,,,,Na h-Eileanan an Iar,http://data.ordnancesurvey.co.uk/id/7000000000030022,http://data.ordnancesurvey.co.uk/ontology/admingeo/UnitaryAuthority,Scotland,http://data.ordnancesurvey.co.uk/id/7000000000041429,Scotland,http://data.ordnancesurvey.co.uk/id/country/scotland,,,
osgb4000000074576312,http://data.ordnancesurvey.co.uk/id/4000000074576312,Cliasmol,,,,populatedPlace,Hamlet,107314.200,906747.410,5000,25000,106964.772,906430.935,107464.772,906930.935,HS3,http://data.ordnancesurvey.co.uk/id/postcodedistrict/HS3,,,,,,,Na h-Eileanan an Iar,http://data.ordnancesurvey.co.uk/id/7000000000030022,http://data.ordnancesurvey.co.uk/ontology/admingeo/UnitaryAuthority,Scotland,http://data.ordnancesurvey.co.uk/id/7000000000041429,Scotland,http://data.ordnancesurvey.co.uk/id/country/scotland,,,
osgb4000000074576031,http://data.ordnancesurvey.co.uk/id/4000000074576031,Àird a' Mhulaidh,gla,Ardvourlie,eng,populatedPlace,Other Settlement,118918.660,910573.930,15000,25000,118440.381,910199.967,119321.061,910966.528,HS3,http://data.ordnancesurvey.co.uk/id/postcodedistrict/HS3,,,,,,,Na h-Eileanan an Iar,http://data.ordnancesurvey.co.uk/id/7000000000030022,http://data.ordnancesurvey.co.uk/ontology/admingeo/UnitaryAuthority,Scotland,http://data.ordnancesurvey.co.uk/id/7000000000041429,Scotland,http://data.ordnancesurvey.co.uk/id/country/scotland,,,
osgb4000000074543026,http://data.ordnancesurvey.co.uk/id/4000000074543026,Abhainn Suidhe,,,,populatedPlace,Hamlet,104771.000,907917.000,5000,25000,104211.088,907703.942,105030.507,908387.636,HS3,http://data.ordnancesurvey.co.uk/id/postcodedistrict/HS3,,,,,,,Na h-Eileanan an Iar,http://data.ordnancesurvey.co.uk/id/7000000000030022,http://data.ordnancesurvey.co.uk/ontology/admingeo/UnitaryAuthority,Scotland,http://data.ordnancesurvey.co.uk/id/7000000000041429,Scotland,http://data.ordnancesurvey.co.uk/id/country/scotland,,http://dbpedia.org/resource/Amhuinnsuidhe,
HS33AH,http://data.ordnancesurvey.co.uk/id/postcodeunit/HS33AH,HS3 3AH,,,,other,Postcode,113766.000,901242.000,3500,18000,,,,,,,Leacainn / Leachcan,http://data.ordnancesurvey.co.uk/id/4000000074576029,http://www.ordnancesurvey.co.uk/xml/codelists/localtype.xml#hamlet,,,,Na h-Eileanan an Iar,http://data.ordnancesurvey.co.uk/id/7000000000030022,http://data.ordnancesurvey.co.uk/ontology/admingeo/UnitaryAuthority,Scotland,http://data.ordnancesurvey.co.uk/id/7000000000041429,Scotland,http://data.ordnancesurvey.co.uk/id/country/scotland,,,
HS33DA,http://data.ordnancesurvey.co.uk/id/postcodeunit/HS33DA,HS3 3DA,,,,other,Postcode,116233.000,900010.000,3500,18000,,,,,,,Tarbert / An Tairbeart,http://data.ordnancesurvey.co.uk/id/4000000074543463,http://www.ordnancesurvey.co.uk/xml/codelists/localtype.xml#village,,,,Na h-Eileanan an Iar,http://data.ordnancesurvey.co.uk/id/7000000000030022,http://data.ordnancesurvey.co.uk/ontology/admingeo/UnitaryAuthority,Scotland,http://data.ordnancesurvey.co.uk/id/7000000000041429,Scotland,http://data.ordnancesurvey.co.uk/id/country/scotland,,,
HS33DD,http://data.ordnancesurvey.co.uk/id/postcodeunit/HS33DD,HS3 3DD,,,,other,Postcode,115912.000,900064.000,3500,18000,,,,,,,Tarbert / An Tairbeart,http://data.ordnancesurvey.co.uk/id/4000000074543463,http://www.ordnancesurvey.co.uk/xml/codelists/localtype.xml#village,,,,Na h-Eileanan an Iar,http://data.ordnancesurvey.co.uk/id/7000000000030022,http://data.ordnancesurvey.co.uk/ontology/admingeo/UnitaryAuthority,Scotland,http://data.ordnancesurvey.co.uk/id/7000000000041429,Scotland,http://data.ordnancesurvey.co.uk/id/country/scotland,,,
HS33BG,http://data.ordnancesurvey.co.uk/id/postcodeunit/HS33BG,HS3 3BG,,,,other,Postcode,114915.000,900415.000,3500,18000,,,,,,,Tarbert / An Tairbeart,http://data.ordnancesurvey.co.uk/id/4000000074543463,http://www.ordnancesurvey.co.uk/xml/codelists/localtype.xml#village,,,,Na h-Eileanan an Iar,http://data.ordnancesurvey.co.uk/id/7000000000030022,http://data.ordnancesurvey.co.uk/ontology/admingeo/UnitaryAuthority,Scotland,http://data.ordnancesurvey.co.uk/id/7000000000041429,Scotland,http://data.ordnancesurvey.co.uk/id/country/scotland,,,
HS33AB,http://data.ordnancesurvey.co.uk/id/postcodeunit/HS33AB,HS3 3AB,,,,other,Postcode,119075.000,911346.000,3500,18000,,,,,,,,,,,,,Na h-Eileanan an Iar,http://data.ordnancesurvey.co.uk/id/7000000000030022,http://data.ordnancesurvey.co.uk/ontology/admingeo/UnitaryAuthority,Scotland,http://data.ordnancesurvey.co.uk/id/7000000000041429,Scotland,http://data.ordnancesurvey.co.uk/id/country/scotland,,,
HS33AS,http://data.ordnancesurvey.co.uk/id/postcodeunit/HS33AS,HS3 3AS,,,,other,Postcode,104699.000,908003.000,3500,18000,,,,,,,Abhainn Suidhe,http://data.ordnancesurvey.co.uk/id/4000000074543026,http://www.ordnancesurvey.co.uk/xml/codelists/localtype.xml#hamlet,,,,Na h-Eileanan an Iar,http://data.ordnancesurvey.co.uk/id/7000000000030022,http://data.ordnancesurvey.co.uk/ontology/admingeo/UnitaryAuthority,Scotland,http://data.ordnancesurvey.co.uk/id/7000000000041429,Scotland,http://data.ordnancesurvey.co.uk/id/country/scotland,,,
HS33AD,http://data.ordnancesurvey.co.uk/id/postcodeunit/HS33AD,HS3 3AD,,,,other,Postcode,119307.000,911823.000,3500,18000,,,,,,,,,,,,,Na h-Eileanan an Iar,http://data.ordnancesurvey.co.uk/id/7000000000030022,http://data.ordnancesurvey.co.uk/ontology/admingeo/UnitaryAuthority,Scotland,http://data.ordnancesurvey.co.uk/id/7000000000041429,Scotland,http://data.ordnancesurvey.co.uk/id/country/scotland,,,
HS33DH,http://data.ordnancesurvey.co.uk/id/postcodeunit/HS33DH,HS3 3DH,,,,other,Postcode,115819.000,900090.000,3500,18000,,,,,,,Tarbert / An Tairbeart,http://data.ordnancesurvey.co.uk/id/4000000074543463,http://www.ordnancesurvey.co.uk/xml/codelists/localtype.xml#village,,,,Na h-Eileanan an Iar,http://data.ordnancesurvey.co.uk/id/7000000000030022,http://data.ordnancesurvey.co.uk/ontology/admingeo/UnitaryAuthority,Scotland,http://data.ordnancesurvey.co.uk/id/7000000000041429,Scotland,http://data.ordnancesurvey.co.uk/id/country/scotland,,,
HS29JL,http://data.ordnancesurvey.co.uk/id/postcodeunit/HS29JL,HS2 9JL,,,,other,Postcode,119467.000,911804.000,3500,18000,,,,,,,,,,,,,Na h-Eileanan an Iar,http://data.ordnancesurvey.co.uk/id/7000000000030022,http://data.ordnancesurvey.co.uk/ontology/admingeo/UnitaryAuthority,Scotland,http://data.ordnancesurvey.co.uk/id/7000000000041429,Scotland,http://data.ordnancesurvey.co.uk/id/country/scotland,,,
HS33AP,http://data.ordnancesurvey.co.uk/id/postcodeunit/HS33AP,HS3 3AP,,,,other,Postcode,113790.000,903491.000,3500,18000,,,,,,,,,,,,,Na h-Eileanan an Iar,http://data.ordnancesurvey.co.uk/id/7000000000030022,http://data.ordnancesurvey.co.uk/ontology/admingeo/UnitaryAuthority,Scotland,http://data.ordnancesurvey.co.uk/id/7000000000041429,Scotland,http://data.ordnancesurvey.co.uk/id/country/scotland,,,
HS33DL,http://data.ordnancesurvey.co.uk/id/postcodeunit/HS33DL,HS3 3DL,,,,other,Postcode,115551.000,900146.000,3500,18000,,,,,,,Tarbert / An Tairbeart,http://data.ordnancesurvey.co.uk/id/4000000074543463,http://www.ordnancesurvey.co.uk/xml/codelists/localtype.xml#village,,,,Na h-Eileanan an Iar,http://data.ordnancesurvey.co.uk/id/7000000000030022,http://data.ordnancesurvey.co.uk/ontology/admingeo/UnitaryAuthority,Scotland,http://data.ordnancesurvey.co.uk/id/7000000000041429,Scotland,http://data.ordnancesurvey.co.uk/id/country/scotland,,,
HS33BH,http://data.ordnancesurvey.co.uk/id/postcodeunit/HS33BH,HS3 3BH,,,,other,Postcode,115041.000,900304.000,3500,18000,,,,,,,Tarbert / An Tairbeart,http://data.ordnancesurvey.co.uk/id/4000000074543463,http://www.ordnancesurvey.co.uk/xml/codelists/localtype.xml#village,,,,Na h-Eileanan an Iar,http://data.ordnancesurvey.co.uk/id/7000000000030022,http://data.ordnancesurvey.co.uk/ontology/admingeo/UnitaryAuthority,Scotland,http://data.ordnancesurvey.co.uk/id/7000000000041429,Scotland,http://data.ordnancesurvey.co.uk/id/country/scotland,,,
HS33AJ,http://data.ordnancesurvey.co.uk/id/postcodeunit/HS33AJ,HS3 3AJ,,,,other,Postcode,112999.000,902711.000,3500,18000,,,,,,,Àird Asaig / Ardhasaig,http://data.ordnancesurvey.co.uk/id/4000000074576030,http://www.ordnancesurvey.co.uk/xml/codelists/localtype.xml#otherSettlement,,,,Na h-Eileanan an Iar,http://data.ordnancesurvey.co.uk/id/7000000000030022,http://data.ordnancesurvey.co.uk/ontology/admingeo/UnitaryAuthority,Scotland,http://data.ordnancesurvey.co.uk/id/7000000000041429,Scotland,http://data.ordnancesurvey.co.uk/id/country/scotland,,,
HS33AW,http://data.ordnancesurvey.co.uk/id/postcodeunit/HS33AW,HS3 3AW,,,,other,Postcode,109512.000,905795.000,3500,18000,,,,,,,Miabhaig / Meavaig,http://data.ordnancesurvey.co.uk/id/4000000074576316,http://www.ordnancesurvey.co.uk/xml/codelists/localtype.xml#hamlet,,,,Na h-Eileanan an Iar,http://data.ordnancesurvey.co.uk/id/7000000000030022,http://data.ordnancesurvey.co.uk/ontology/admingeo/UnitaryAuthority,Scotland,http://data.ordnancesurvey.co.uk/id/7000000000041429,Scotland,http://data.ordnancesurvey.co.uk/id/country/scotland,,,
HS33AU,http://data.ordnancesurvey.co.uk/id/postcodeunit/HS33AU,HS3 3AU,,,,other,Postcode,107279.000,906706.000,3500,18000,,,,,,,Cliasmol,http://data.ordnancesurvey.co.uk/id/4000000074576312,http://www.ordnancesurvey.co.uk/xml/codelists/localtype.xml#hamlet,,,,Na h-Eileanan an Iar,http://data.ordnancesurvey.co.uk/id/7000000000030022,http://data.ordnancesurvey.co.uk/ontology/admingeo/UnitaryAuthority,Scotland,http://data.ordnancesurvey.co.uk/id/7000000000041429,Scotland,http://data.ordnancesurvey.co.uk/id/country/scotland,,,
HS33BL,http://data.ordnancesurvey.co.uk/id/postcodeunit/HS33BL,HS3 3BL,,,,other,Postcode,116416.000,900013.000,3500,18000,,,,,,,Tarbert / An Tairbeart,http://data.ordnancesurvey.co.uk/id/4000000074543463,http://www.ordnancesurvey.co.uk/xml/codelists/localtype.xml#village,,,,Na h-Eileanan an Iar,http://data.ordnancesurvey.co.uk/id/7000000000030022,http://data.ordnancesurvey.co.uk/ontology/admingeo/UnitaryAuthority,Scotland,http://data.ordnancesurvey.co.uk/id/7000000000041429,Scotland,http://data.ordnancesurvey.co.uk/id/country/scotland,,,
HS33AR,http://data.ordnancesurvey.co.uk/id/postcodeunit/HS33AR,HS3 3AR,,,,other,Postcode,107328.000,906609.000,3500,18000,,,,,,,Cliasmol,http://data.ordnancesurvey.co.uk/id/4000000074576312,http://www.ordnancesurvey.co.uk/xml/codelists/localtype.xml#hamlet,,,,Na h-Eileanan an Iar,http://data.ordnancesurvey.co.uk/id/7000000000030022,http://data.ordnancesurvey.co.uk/ontology/admingeo/UnitaryAuthority,Scotland,http://data.ordnancesurvey.co.uk/id/7000000000041429,Scotland,http://data.ordnancesurvey.co.uk/id/country/scotland,,,
HS33BQ,http://data.ordnancesurvey.co.uk/id/postcodeunit/HS33BQ,HS3 3BQ,,,,other,Postcode,114899.000,900215.000,3500,18000,,,,,,,Tarbert / An Tairbeart,http://data.ordnancesurvey.co.uk/id/4000000074543463,http://www.ordnancesurvey.co.uk/xml/codelists/localtype.xml#village,,,,Na h-Eileanan an Iar,http://data.ordnancesurvey.co.uk/id/7000000000030022,http://data.ordnancesurvey.co.uk/ontology/admingeo/UnitaryAuthority,Scotland,http://data.ordnancesurvey.co.uk/id/7000000000041429,Scotland,http://data.ordnancesurvey.co.uk/id/country/scotland,,,
HS33BJ,http://data.ordnancesurvey.co.uk/id/postcodeunit/HS33BJ,HS3 3BJ,,,,other,Postcode,114811.000,900537.000,3500,18000,,,,,,,Tarbert / An Tairbeart,http://data.ordnancesurvey.co.uk/id/4000000074543463,http://www.ordnancesurvey.co.uk/xml/codelists/localtype.xml#village,,,,Na h-Eileanan an Iar,http://data.ordnancesurvey.co.uk/id/7000000000030022,http://data.ordnancesurvey.co.uk/ontology/admingeo/UnitaryAuthority,Scotland,http://data.ordnancesurvey.co.uk/id/7000000000041429,Scotland,http://data.ordnancesurvey.co.uk/id/country/scotland,,,
HS33AA,http://data.ordnancesurvey.co.uk/id/postcodeunit/HS33AA,HS3 3AA,,,,other,Postcode,119167.000,910250.000,3500,18000,,,,,,,Àird a' Mhulaidh / Ardvourlie,http://data.ordnancesurvey.co.uk/id/4000000074576031,http://www.ordnancesurvey.co.uk/xml/codelists/localtype.xml#otherSettlement,,,,Na h-Eileanan an Iar,http://data.ordnancesurvey.co.uk/id/7000000000030022,http://data.ordnancesurvey.co.uk/ontology/admingeo/UnitaryAuthority,Scotland,http://data.ordnancesurvey.co.uk/id/7000000000041429,Scotland,http://data.ordnancesurvey.co.uk/id/country/scotland,,,
HS33DE,http://data.ordnancesurvey.co.uk/id/postcodeunit/HS33DE,HS3 3DE,,,,other,Postcode,116018.000,900086.000,3500,18000,,,,,,,Tarbert / An Tairbeart,http://data.ordnancesurvey.co.uk/id/4000000074543463,http://www.ordnancesurvey.co.uk/xml/codelists/localtype.xml#village,,,,Na h-Eileanan an Iar,http://data.ordnancesurvey.co.uk/id/7000000000030022,http://data.ordnancesurvey.co.uk/ontology/admingeo/UnitaryAuthority,Scotland,http://data.ordnancesurvey.co.uk/id/7000000000041429,Scotland,http://data.ordnancesurvey.co.uk/id/country/scotland,,,
HS33AT,http://data.ordnancesurvey.co.uk/id/postcodeunit/HS33AT,HS3 3AT,,,,other,Postcode,101061.000,909249.000,3500,18000,,,,,,,Govig / Gobhaig,http://data.ordnancesurvey.co.uk/id/4000000074543078,http://www.ordnancesurvey.co.uk/xml/codelists/localtype.xml#hamlet,,,,Na h-Eileanan an Iar,http://data.ordnancesurvey.co.uk/id/7000000000030022,http://data.ordnancesurvey.co.uk/ontology/admingeo/UnitaryAuthority,Scotland,http://data.ordnancesurvey.co.uk/id/7000000000041429,Scotland,http://data.ordnancesurvey.co.uk/id/country/scotland,,,
osgb5000005100456864,http://data.ordnancesurvey.co.uk/id/5000005100456864,Ceann An Ora,,,,transportNetwork,Named Road,113773.436,903494.428,1000,20000,113742.135,903457.073,113778.538,903516.718,HS3,http://data.ordnancesurvey.co.uk/id/postcodedistrict/HS3,,,,,,,Na h-Eileanan an Iar,http://data.ordnancesurvey.co.uk/id/7000000000030022,http://data.ordnancesurvey.co.uk/ontology/admingeo/UnitaryAuthority,Scotland,http://data.ordnancesurvey.co.uk/id/7000000000041429,Scotland,http://data.ordnancesurvey.co.uk/id/country/scotland,,,
7419bc2e-8685-490c-ad6a-4aaa32115b3c,http://data.ordnancesurvey.co.uk/id/7419bc2e-8685-490c-ad6a-4aaa32115b3c,Old Pier Road,,,,transportNetwork,Section Of Named Road,115000.000,900190.000,2000,25000,114821.037,900114.000,115165.000,900250.966,HS3,http://data.ordnancesurvey.co.uk/id/postcodedistrict/HS3,Tarbert / An Tairbeart,http://data.ordnancesurvey.co.uk/id/4000000074543463,http://www.ordnancesurvey.co.uk/xml/codelists/localtype.xml#village,,,,Na h-Eileanan an Iar,http://data.ordnancesurvey.co.uk/id/7000000000030022,http://data.ordnancesurvey.co.uk/ontology/admingeo/UnitaryAuthority,Scotland,http://data.ordnancesurvey.co.uk/id/7000000000041429,Scotland,http://data.ordnancesurvey.co.uk/id/country/scotland,osgb4000000003307711,,
osgb4000000003307745,http://data.ordnancesurvey.co.uk/id/4000000003307745,Scott Road,,,,transportNetwork,Named Road,115450.000,900075.000,3000,20000,115248.000,900052.000,115668.160,900158.771,HS3,http://data.ordnancesurvey.co.uk/id/postcodedistrict/HS3,Tarbert / An Tairbeart,http://data.ordnancesurvey.co.uk/id/4000000074543463,http://www.ordnancesurvey.co.uk/xml/codelists/localtype.xml#village,,,,Na h-Eileanan an Iar,http://data.ordnancesurvey.co.uk/id/7000000000030022,http://data.ordnancesurvey.co.uk/ontology/admingeo/UnitaryAuthority,Scotland,http://data.ordnancesurvey.co.uk/id/7000000000041429,Scotland,http://data.ordnancesurvey.co.uk/id/country/scotland,,,
osgb4000000003307746,http://data.ordnancesurvey.co.uk/id/4000000003307746,Sraid Mhiccuinn,,,,transportNetwork,Named Road,115815.000,900066.000,1000,20000,115783.000,899976.034,115884.000,900126.000,HS3,http://data.ordnancesurvey.co.uk/id/postcodedistrict/HS3,Tarbert / An Tairbeart,http://data.ordnancesurvey.co.uk/id/4000000074543463,http://www.ordnancesurvey.co.uk/xml/codelists/localtype.xml#village,,,,Na h-Eileanan an Iar,http://data.ordnancesurvey.co.uk/id/7000000000030022,http://data.ordnancesurvey.co.uk/ontology/admingeo/UnitaryAuthority,Scotland,http://data.ordnancesurvey.co.uk/id/7000000000041429,Scotland,http://data.ordnancesurvey.co.uk/id/country/scotland,,,
osgb4000000003308265,http://data.ordnancesurvey.co.uk/id/4000000003308265,B887,,,,transportNetwork,Numbered Road,106370.000,907315.000,96000,250000,98983.032,903401.000,113782.000,912068.485,HS3,http://data.ordnancesurvey.co.uk/id/postcodedistrict/HS3,,,,,,,Na h-Eileanan an Iar,http://data.ordnancesurvey.co.uk/id/7000000000030022,http://data.ordnancesurvey.co.uk/ontology/admingeo/UnitaryAuthority,Scotland,http://data.ordnancesurvey.co.uk/id/7000000000041429,Scotland,http://data.ordnancesurvey.co.uk/id/country/scotland,,,
osgb5000005124579823,http://data.ordnancesurvey.co.uk/id/5000005124579823,Leverhulme Road,,,,transportNetwork,Named Road,115933.553,900032.152,1000,20000,115902.000,899972.000,115986.892,900109.279,HS3,http://data.ordnancesurvey.co.uk/id/postcodedistrict/HS3,Tarbert / An Tairbeart,http://data.ordnancesurvey.co.uk/id/4000000074543463,http://www.ordnancesurvey.co.uk/xml/codelists/localtype.xml#village,,,,Na h-Eileanan an Iar,http://data.ordnancesurvey.co.uk/id/7000000000030022,http://data.ordnancesurvey.co.uk/ontology/admingeo/UnitaryAuthority,Scotland,http://data.ordnancesurvey.co.uk/id/7000000000041429,Scotland,http://data.ordnancesurvey.co.uk/id/country/scotland,,,
osgb4000000003307710,http://data.ordnancesurvey.co.uk/id/4000000003307710,Cnoc Na Greine,,,,transportNetwork,Named Road,116354.000,900015.000,2000,20000,116185.000,899966.000,116496.116,900067.041,HS3,http://data.ordnancesurvey.co.uk/id/postcodedistrict/HS3,Tarbert / An Tairbeart,http://data.ordnancesurvey.co.uk/id/4000000074543463,http://www.ordnancesurvey.co.uk/xml/codelists/localtype.xml#village,,,,Na h-Eileanan an Iar,http://data.ordnancesurvey.co.uk/id/7000000000030022,http://data.ordnancesurvey.co.uk/ontology/admingeo/UnitaryAuthority,Scotland,http://data.ordnancesurvey.co.uk/id/7000000000041429,Scotland,http://data.ordnancesurvey.co.uk/id/country/scotland,,,
osgb4000000003307846,http://data.ordnancesurvey.co.uk/id/4000000003307846,A859,,,,transportNetwork,Numbered Road,119402.127,908611.677,333000,1000000,99327.310,882844.000,142517.000,934096.000,HS3,http://data.ordnancesurvey.co.uk/id/postcodedistrict/HS3,,,,,,,Na h-Eileanan an Iar,http://data.ordnancesurvey.co.uk/id/7000000000030022,http://data.ordnancesurvey.co.uk/ontology/admingeo/UnitaryAuthority,Scotland,http://data.ordnancesurvey.co.uk/id/7000000000041429,Scotland,http://data.ordnancesurvey.co.uk/id/country/scotland,,,
HS33AL,http://data.ordnancesurvey.co.uk/id/postcodeunit/HS33AL,HS3 3AL,,,,other,Postcode,113106.000,904180.000,3500,18000,,,,,,,Bun Abhainn Eadarra / Bunavoneadar,http://data.ordnancesurvey.co.uk/id/4000000074543025,http://www.ordnancesurvey.co.uk/xml/codelists/localtype.xml#hamlet,,,,Na h-Eileanan an Iar,http://data.ordnancesurvey.co.uk/id/7000000000030022,http://data.ordnancesurvey.co.uk/ontology/admingeo/UnitaryAuthority,Scotland,http://data.ordnancesurvey.co.uk/id/7000000000041429,Scotland,http://data.ordnancesurvey.co.uk/id/country/scotland,,,
osgb4000000003307711,http://data.ordnancesurvey.co.uk/id/4000000003307711,Old Pier Road,,,,transportNetwork,Named Road,114931.000,900213.000,3000,20000,114701.350,900114.000,115165.000,900296.865,HS3,http://data.ordnancesurvey.co.uk/id/postcodedistrict/HS3,Tarbert / An Tairbeart,http://data.ordnancesurvey.co.uk/id/4000000074543463,http://www.ordnancesurvey.co.uk/xml/codelists/localtype.xml#village,,,,Na h-Eileanan an Iar,http://data.ordnancesurvey.co.uk/id/7000000000030022,http://data.ordnancesurvey.co.uk/ontology/admingeo/UnitaryAuthority,Scotland,http://data.ordnancesurvey.co.uk/id/7000000000041429,Scotland,http://data.ordnancesurvey.co.uk/id/country/scotland,,,
