﻿osgb4000000074575465,http://data.ordnancesurvey.co.uk/id/4000000074575465,Orasaigh,gla,Orinsay,eng,populatedPlace,Other Settlement,136744.990,912204.390,15000,25000,136100.527,911547.751,136894.807,912382.243,HS2,http://data.ordnancesurvey.co.uk/id/postcodedistrict/HS2,,,,,,,Na h-Eileanan an Iar,http://data.ordnancesurvey.co.uk/id/7000000000030022,http://data.ordnancesurvey.co.uk/ontology/admingeo/UnitaryAuthority,Scotland,http://data.ordnancesurvey.co.uk/id/7000000000041429,Scotland,http://data.ordnancesurvey.co.uk/id/country/scotland,,,
osgb4000000074336724,http://data.ordnancesurvey.co.uk/id/4000000074336724,Eisgein,,,,populatedPlace,Hamlet,132577.920,911945.850,5000,25000,132286.245,911757.135,132786.245,912257.135,HS2,http://data.ordnancesurvey.co.uk/id/postcodedistrict/HS2,,,,,,,Na h-Eileanan an Iar,http://data.ordnancesurvey.co.uk/id/7000000000030022,http://data.ordnancesurvey.co.uk/ontology/admingeo/UnitaryAuthority,Scotland,http://data.ordnancesurvey.co.uk/id/7000000000041429,Scotland,http://data.ordnancesurvey.co.uk/id/country/scotland,,,
osgb4000000074577361,http://data.ordnancesurvey.co.uk/id/4000000074577361,Gearraidh Bhaird,gla,Garyvard,eng,populatedPlace,Other Settlement,136193.000,919980.000,15000,25000,135552.577,919480.501,136437.338,920380.353,HS2,http://data.ordnancesurvey.co.uk/id/postcodedistrict/HS2,,,,,,,Na h-Eileanan an Iar,http://data.ordnancesurvey.co.uk/id/7000000000030022,http://data.ordnancesurvey.co.uk/ontology/admingeo/UnitaryAuthority,Scotland,http://data.ordnancesurvey.co.uk/id/7000000000041429,Scotland,http://data.ordnancesurvey.co.uk/id/country/scotland,,,
osgb4000000074542843,http://data.ordnancesurvey.co.uk/id/4000000074542843,Ceann Shìphoirt,,,,populatedPlace,Other Settlement,128476.000,916551.000,15000,25000,128074.702,916324.252,129497.503,916824.252,HS2,http://data.ordnancesurvey.co.uk/id/postcodedistrict/HS2,,,,,,,Na h-Eileanan an Iar,http://data.ordnancesurvey.co.uk/id/7000000000030022,http://data.ordnancesurvey.co.uk/ontology/admingeo/UnitaryAuthority,Scotland,http://data.ordnancesurvey.co.uk/id/7000000000041429,Scotland,http://data.ordnancesurvey.co.uk/id/country/scotland,,,
osgb4000000074542842,http://data.ordnancesurvey.co.uk/id/4000000074542842,Gravir,eng,Grabhair,gla,populatedPlace,Village,138157.000,915335.000,15000,250000,137437.736,914443.353,139694.896,916026.889,HS2,http://data.ordnancesurvey.co.uk/id/postcodedistrict/HS2,,,,,,,Na h-Eileanan an Iar,http://data.ordnancesurvey.co.uk/id/7000000000030022,http://data.ordnancesurvey.co.uk/ontology/admingeo/UnitaryAuthority,Scotland,http://data.ordnancesurvey.co.uk/id/7000000000041429,Scotland,http://data.ordnancesurvey.co.uk/id/country/scotland,,http://dbpedia.org/resource/Gravir,http://sws.geonames.org/2648188
osgb4000000074336732,http://data.ordnancesurvey.co.uk/id/4000000074336732,Taobh a' Ghlinne,,,,populatedPlace,Hamlet,136776.000,915815.000,5000,25000,136246.308,915560.721,137322.107,916060.721,HS2,http://data.ordnancesurvey.co.uk/id/postcodedistrict/HS2,,,,,,,Na h-Eileanan an Iar,http://data.ordnancesurvey.co.uk/id/7000000000030022,http://data.ordnancesurvey.co.uk/ontology/admingeo/UnitaryAuthority,Scotland,http://data.ordnancesurvey.co.uk/id/7000000000041429,Scotland,http://data.ordnancesurvey.co.uk/id/country/scotland,,,
osgb4000000074542673,http://data.ordnancesurvey.co.uk/id/4000000074542673,Airidh a Bhruaich,gla,Arivruaich,eng,populatedPlace,Other Settlement,125111.000,917649.000,15000,25000,122987.277,917280.560,125274.605,917918.998,HS2,http://data.ordnancesurvey.co.uk/id/postcodedistrict/HS2,,,,,,,Na h-Eileanan an Iar,http://data.ordnancesurvey.co.uk/id/7000000000030022,http://data.ordnancesurvey.co.uk/ontology/admingeo/UnitaryAuthority,Scotland,http://data.ordnancesurvey.co.uk/id/7000000000041429,Scotland,http://data.ordnancesurvey.co.uk/id/country/scotland,,,
osgb4000000074336687,http://data.ordnancesurvey.co.uk/id/4000000074336687,Eilean Anabaich,,,,populatedPlace,Other Settlement,120109.000,905564.000,15000,25000,119367.769,905302.348,120413.408,905802.348,HS3,http://data.ordnancesurvey.co.uk/id/postcodedistrict/HS3,,,,,,,Na h-Eileanan an Iar,http://data.ordnancesurvey.co.uk/id/7000000000030022,http://data.ordnancesurvey.co.uk/ontology/admingeo/UnitaryAuthority,Scotland,http://data.ordnancesurvey.co.uk/id/7000000000041429,Scotland,http://data.ordnancesurvey.co.uk/id/country/scotland,,,
osgb4000000074542971,http://data.ordnancesurvey.co.uk/id/4000000074542971,Reinigeadal,gla,Rhenigidale,eng,populatedPlace,Hamlet,122877.500,901769.870,5000,25000,122568.315,901510.088,123068.315,902010.088,HS3,http://data.ordnancesurvey.co.uk/id/postcodedistrict/HS3,,,,,,,Na h-Eileanan an Iar,http://data.ordnancesurvey.co.uk/id/7000000000030022,http://data.ordnancesurvey.co.uk/ontology/admingeo/UnitaryAuthority,Scotland,http://data.ordnancesurvey.co.uk/id/7000000000041429,Scotland,http://data.ordnancesurvey.co.uk/id/country/scotland,,http://dbpedia.org/resource/R%C3%A8inigeadal,
osgb4000000074575760,http://data.ordnancesurvey.co.uk/id/4000000074575760,Cabharstadh,,,,populatedPlace,Hamlet,136590.000,920000.000,5000,25000,136373.343,919686.612,136873.343,920299.916,HS2,http://data.ordnancesurvey.co.uk/id/postcodedistrict/HS2,,,,,,,Na h-Eileanan an Iar,http://data.ordnancesurvey.co.uk/id/7000000000030022,http://data.ordnancesurvey.co.uk/ontology/admingeo/UnitaryAuthority,Scotland,http://data.ordnancesurvey.co.uk/id/7000000000041429,Scotland,http://data.ordnancesurvey.co.uk/id/country/scotland,,http://dbpedia.org/resource/Cabharstadh,
osgb4000000074575464,http://data.ordnancesurvey.co.uk/id/4000000074575464,Leumrabhagh,gla,Lemreway,eng,populatedPlace,Village,137893.500,911685.950,9000,250000,137447.787,910879.143,138634.185,912196.246,HS2,http://data.ordnancesurvey.co.uk/id/postcodedistrict/HS2,,,,,,,Na h-Eileanan an Iar,http://data.ordnancesurvey.co.uk/id/7000000000030022,http://data.ordnancesurvey.co.uk/ontology/admingeo/UnitaryAuthority,Scotland,http://data.ordnancesurvey.co.uk/id/7000000000041429,Scotland,http://data.ordnancesurvey.co.uk/id/country/scotland,,,
osgb4000000074576026,http://data.ordnancesurvey.co.uk/id/4000000074576026,Tabost,gla,Habost,eng,populatedPlace,Other Settlement,132324.420,919681.360,15000,25000,132101.400,919447.240,133514.010,919949.946,HS2,http://data.ordnancesurvey.co.uk/id/postcodedistrict/HS2,,,,,,,Na h-Eileanan an Iar,http://data.ordnancesurvey.co.uk/id/7000000000030022,http://data.ordnancesurvey.co.uk/ontology/admingeo/UnitaryAuthority,Scotland,http://data.ordnancesurvey.co.uk/id/7000000000041429,Scotland,http://data.ordnancesurvey.co.uk/id/country/scotland,,,
osgb4000000074576028,http://data.ordnancesurvey.co.uk/id/4000000074576028,Màraig,gla,Maaruig,eng,populatedPlace,Hamlet,120195.000,906090.000,5000,25000,119609.078,905963.414,120609.467,906463.414,HS3,http://data.ordnancesurvey.co.uk/id/postcodedistrict/HS3,,,,,,,Na h-Eileanan an Iar,http://data.ordnancesurvey.co.uk/id/7000000000030022,http://data.ordnancesurvey.co.uk/ontology/admingeo/UnitaryAuthority,Scotland,http://data.ordnancesurvey.co.uk/id/7000000000041429,Scotland,http://data.ordnancesurvey.co.uk/id/country/scotland,,,
osgb4000000074542327,http://data.ordnancesurvey.co.uk/id/4000000074542327,Shiltenish,gla,Sildinis,eng,populatedPlace,Hamlet,128096.000,919468.000,5000,25000,127839.783,919275.158,128339.783,919775.158,HS2,http://data.ordnancesurvey.co.uk/id/postcodedistrict/HS2,,,,,,,Na h-Eileanan an Iar,http://data.ordnancesurvey.co.uk/id/7000000000030022,http://data.ordnancesurvey.co.uk/ontology/admingeo/UnitaryAuthority,Scotland,http://data.ordnancesurvey.co.uk/id/7000000000041429,Scotland,http://data.ordnancesurvey.co.uk/id/country/scotland,,,
HS29RD,http://data.ordnancesurvey.co.uk/id/postcodeunit/HS29RD,HS2 9RD,,,,other,Postcode,138028.000,911722.000,3500,18000,,,,,,,Leumrabhagh / Lemreway,http://data.ordnancesurvey.co.uk/id/4000000074575464,http://www.ordnancesurvey.co.uk/xml/codelists/localtype.xml#village,,,,Na h-Eileanan an Iar,http://data.ordnancesurvey.co.uk/id/7000000000030022,http://data.ordnancesurvey.co.uk/ontology/admingeo/UnitaryAuthority,Scotland,http://data.ordnancesurvey.co.uk/id/7000000000041429,Scotland,http://data.ordnancesurvey.co.uk/id/country/scotland,,,
HS29QE,http://data.ordnancesurvey.co.uk/id/postcodeunit/HS29QE,HS2 9QE,,,,other,Postcode,136612.000,919961.000,3500,18000,,,,,,,Cabharstadh,http://data.ordnancesurvey.co.uk/id/4000000074575760,http://www.ordnancesurvey.co.uk/xml/codelists/localtype.xml#hamlet,,,,Na h-Eileanan an Iar,http://data.ordnancesurvey.co.uk/id/7000000000030022,http://data.ordnancesurvey.co.uk/ontology/admingeo/UnitaryAuthority,Scotland,http://data.ordnancesurvey.co.uk/id/7000000000041429,Scotland,http://data.ordnancesurvey.co.uk/id/country/scotland,,,
HS29RG,http://data.ordnancesurvey.co.uk/id/postcodeunit/HS29RG,HS2 9RG,,,,other,Postcode,136534.000,912004.000,3500,18000,,,,,,,Orasaigh / Orinsay,http://data.ordnancesurvey.co.uk/id/4000000074575465,http://www.ordnancesurvey.co.uk/xml/codelists/localtype.xml#otherSettlement,,,,Na h-Eileanan an Iar,http://data.ordnancesurvey.co.uk/id/7000000000030022,http://data.ordnancesurvey.co.uk/ontology/admingeo/UnitaryAuthority,Scotland,http://data.ordnancesurvey.co.uk/id/7000000000041429,Scotland,http://data.ordnancesurvey.co.uk/id/country/scotland,,,
HS29LQ,http://data.ordnancesurvey.co.uk/id/postcodeunit/HS29LQ,HS2 9LQ,,,,other,Postcode,132633.000,911959.000,3500,18000,,,,,,,Eisgein,http://data.ordnancesurvey.co.uk/id/4000000074336724,http://www.ordnancesurvey.co.uk/xml/codelists/localtype.xml#hamlet,,,,Na h-Eileanan an Iar,http://data.ordnancesurvey.co.uk/id/7000000000030022,http://data.ordnancesurvey.co.uk/ontology/admingeo/UnitaryAuthority,Scotland,http://data.ordnancesurvey.co.uk/id/7000000000041429,Scotland,http://data.ordnancesurvey.co.uk/id/country/scotland,,,
HS33AQ,http://data.ordnancesurvey.co.uk/id/postcodeunit/HS33AQ,HS3 3AQ,,,,other,Postcode,120240.000,905481.000,3500,18000,,,,,,,Eilean Anabaich,http://data.ordnancesurvey.co.uk/id/4000000074336687,http://www.ordnancesurvey.co.uk/xml/codelists/localtype.xml#otherSettlement,,,,Na h-Eileanan an Iar,http://data.ordnancesurvey.co.uk/id/7000000000030022,http://data.ordnancesurvey.co.uk/ontology/admingeo/UnitaryAuthority,Scotland,http://data.ordnancesurvey.co.uk/id/7000000000041429,Scotland,http://data.ordnancesurvey.co.uk/id/country/scotland,,,
HS33BD,http://data.ordnancesurvey.co.uk/id/postcodeunit/HS33BD,HS3 3BD,,,,other,Postcode,122842.000,901886.000,3500,18000,,,,,,,Reinigeadal / Rhenigidale,http://data.ordnancesurvey.co.uk/id/4000000074542971,http://www.ordnancesurvey.co.uk/xml/codelists/localtype.xml#hamlet,,,,Na h-Eileanan an Iar,http://data.ordnancesurvey.co.uk/id/7000000000030022,http://data.ordnancesurvey.co.uk/ontology/admingeo/UnitaryAuthority,Scotland,http://data.ordnancesurvey.co.uk/id/7000000000041429,Scotland,http://data.ordnancesurvey.co.uk/id/country/scotland,,,
HS29QL,http://data.ordnancesurvey.co.uk/id/postcodeunit/HS29QL,HS2 9QL,,,,other,Postcode,138841.000,919882.000,3500,18000,,,,,,,,,,,,,Na h-Eileanan an Iar,http://data.ordnancesurvey.co.uk/id/7000000000030022,http://data.ordnancesurvey.co.uk/ontology/admingeo/UnitaryAuthority,Scotland,http://data.ordnancesurvey.co.uk/id/7000000000041429,Scotland,http://data.ordnancesurvey.co.uk/id/country/scotland,,,
HS33AG,http://data.ordnancesurvey.co.uk/id/postcodeunit/HS33AG,HS3 3AG,,,,other,Postcode,120064.000,906006.000,3500,18000,,,,,,,Màraig / Maaruig,http://data.ordnancesurvey.co.uk/id/4000000074576028,http://www.ordnancesurvey.co.uk/xml/codelists/localtype.xml#hamlet,,,,Na h-Eileanan an Iar,http://data.ordnancesurvey.co.uk/id/7000000000030022,http://data.ordnancesurvey.co.uk/ontology/admingeo/UnitaryAuthority,Scotland,http://data.ordnancesurvey.co.uk/id/7000000000041429,Scotland,http://data.ordnancesurvey.co.uk/id/country/scotland,,,
HS29RE,http://data.ordnancesurvey.co.uk/id/postcodeunit/HS29RE,HS2 9RE,,,,other,Postcode,137831.000,912139.000,3500,18000,,,,,,,Leumrabhagh / Lemreway,http://data.ordnancesurvey.co.uk/id/4000000074575464,http://www.ordnancesurvey.co.uk/xml/codelists/localtype.xml#village,,,,Na h-Eileanan an Iar,http://data.ordnancesurvey.co.uk/id/7000000000030022,http://data.ordnancesurvey.co.uk/ontology/admingeo/UnitaryAuthority,Scotland,http://data.ordnancesurvey.co.uk/id/7000000000041429,Scotland,http://data.ordnancesurvey.co.uk/id/country/scotland,,,
HS29QX,http://data.ordnancesurvey.co.uk/id/postcodeunit/HS29QX,HS2 9QX,,,,other,Postcode,138755.000,915205.000,3500,18000,,,,,,,Gravir / Grabhair,http://data.ordnancesurvey.co.uk/id/4000000074542842,http://www.ordnancesurvey.co.uk/xml/codelists/localtype.xml#village,,,,Na h-Eileanan an Iar,http://data.ordnancesurvey.co.uk/id/7000000000030022,http://data.ordnancesurvey.co.uk/ontology/admingeo/UnitaryAuthority,Scotland,http://data.ordnancesurvey.co.uk/id/7000000000041429,Scotland,http://data.ordnancesurvey.co.uk/id/country/scotland,,,
HS29QB,http://data.ordnancesurvey.co.uk/id/postcodeunit/HS29QB,HS2 9QB,,,,other,Postcode,132486.000,919676.000,3500,18000,,,,,,,Tabost / Habost,http://data.ordnancesurvey.co.uk/id/4000000074576026,http://www.ordnancesurvey.co.uk/xml/codelists/localtype.xml#otherSettlement,,,,Na h-Eileanan an Iar,http://data.ordnancesurvey.co.uk/id/7000000000030022,http://data.ordnancesurvey.co.uk/ontology/admingeo/UnitaryAuthority,Scotland,http://data.ordnancesurvey.co.uk/id/7000000000041429,Scotland,http://data.ordnancesurvey.co.uk/id/country/scotland,,,
HS29QZ,http://data.ordnancesurvey.co.uk/id/postcodeunit/HS29QZ,HS2 9QZ,,,,other,Postcode,137742.000,915942.000,3500,18000,,,,,,,Gravir / Grabhair,http://data.ordnancesurvey.co.uk/id/4000000074542842,http://www.ordnancesurvey.co.uk/xml/codelists/localtype.xml#village,,,,Na h-Eileanan an Iar,http://data.ordnancesurvey.co.uk/id/7000000000030022,http://data.ordnancesurvey.co.uk/ontology/admingeo/UnitaryAuthority,Scotland,http://data.ordnancesurvey.co.uk/id/7000000000041429,Scotland,http://data.ordnancesurvey.co.uk/id/country/scotland,,,
HS29QU,http://data.ordnancesurvey.co.uk/id/postcodeunit/HS29QU,HS2 9QU,,,,other,Postcode,137836.000,915951.000,3500,18000,,,,,,,Gravir / Grabhair,http://data.ordnancesurvey.co.uk/id/4000000074542842,http://www.ordnancesurvey.co.uk/xml/codelists/localtype.xml#village,,,,Na h-Eileanan an Iar,http://data.ordnancesurvey.co.uk/id/7000000000030022,http://data.ordnancesurvey.co.uk/ontology/admingeo/UnitaryAuthority,Scotland,http://data.ordnancesurvey.co.uk/id/7000000000041429,Scotland,http://data.ordnancesurvey.co.uk/id/country/scotland,,,
HS29QY,http://data.ordnancesurvey.co.uk/id/postcodeunit/HS29QY,HS2 9QY,,,,other,Postcode,136832.000,915804.000,3500,18000,,,,,,,Taobh a' Ghlinne,http://data.ordnancesurvey.co.uk/id/4000000074336732,http://www.ordnancesurvey.co.uk/xml/codelists/localtype.xml#hamlet,,,,Na h-Eileanan an Iar,http://data.ordnancesurvey.co.uk/id/7000000000030022,http://data.ordnancesurvey.co.uk/ontology/admingeo/UnitaryAuthority,Scotland,http://data.ordnancesurvey.co.uk/id/7000000000041429,Scotland,http://data.ordnancesurvey.co.uk/id/country/scotland,,,
HS29RA,http://data.ordnancesurvey.co.uk/id/postcodeunit/HS29RA,HS2 9RA,,,,other,Postcode,128174.000,919464.000,3500,18000,,,,,,,Shiltenish / Sildinis,http://data.ordnancesurvey.co.uk/id/4000000074542327,http://www.ordnancesurvey.co.uk/xml/codelists/localtype.xml#hamlet,,,,Na h-Eileanan an Iar,http://data.ordnancesurvey.co.uk/id/7000000000030022,http://data.ordnancesurvey.co.uk/ontology/admingeo/UnitaryAuthority,Scotland,http://data.ordnancesurvey.co.uk/id/7000000000041429,Scotland,http://data.ordnancesurvey.co.uk/id/country/scotland,,,
osgb4000000003308266,http://data.ordnancesurvey.co.uk/id/4000000003308266,B8060,,,,transportNetwork,Numbered Road,131367.364,919284.258,73000,250000,126808.000,911623.237,138090.000,920383.000,HS2,http://data.ordnancesurvey.co.uk/id/postcodedistrict/HS2,,,,,,,Na h-Eileanan an Iar,http://data.ordnancesurvey.co.uk/id/7000000000030022,http://data.ordnancesurvey.co.uk/ontology/admingeo/UnitaryAuthority,Scotland,http://data.ordnancesurvey.co.uk/id/7000000000041429,Scotland,http://data.ordnancesurvey.co.uk/id/country/scotland,,,
HS29RF,http://data.ordnancesurvey.co.uk/id/postcodeunit/HS29RF,HS2 9RF,,,,other,Postcode,137741.000,912136.000,3500,18000,,,,,,,Leumrabhagh / Lemreway,http://data.ordnancesurvey.co.uk/id/4000000074575464,http://www.ordnancesurvey.co.uk/xml/codelists/localtype.xml#village,,,,Na h-Eileanan an Iar,http://data.ordnancesurvey.co.uk/id/7000000000030022,http://data.ordnancesurvey.co.uk/ontology/admingeo/UnitaryAuthority,Scotland,http://data.ordnancesurvey.co.uk/id/7000000000041429,Scotland,http://data.ordnancesurvey.co.uk/id/country/scotland,,,
HS29QD,http://data.ordnancesurvey.co.uk/id/postcodeunit/HS29QD,HS2 9QD,,,,other,Postcode,136149.000,919998.000,3500,18000,,,,,,,Gearraidh Bhaird / Garyvard,http://data.ordnancesurvey.co.uk/id/4000000074577361,http://www.ordnancesurvey.co.uk/xml/codelists/localtype.xml#otherSettlement,,,,Na h-Eileanan an Iar,http://data.ordnancesurvey.co.uk/id/7000000000030022,http://data.ordnancesurvey.co.uk/ontology/admingeo/UnitaryAuthority,Scotland,http://data.ordnancesurvey.co.uk/id/7000000000041429,Scotland,http://data.ordnancesurvey.co.uk/id/country/scotland,,,
HS29LG,http://data.ordnancesurvey.co.uk/id/postcodeunit/HS29LG,HS2 9LG,,,,other,Postcode,128167.000,916673.000,3500,18000,,,,,,,Ceann Shìphoirt,http://data.ordnancesurvey.co.uk/id/4000000074542843,http://www.ordnancesurvey.co.uk/xml/codelists/localtype.xml#otherSettlement,,,,Na h-Eileanan an Iar,http://data.ordnancesurvey.co.uk/id/7000000000030022,http://data.ordnancesurvey.co.uk/ontology/admingeo/UnitaryAuthority,Scotland,http://data.ordnancesurvey.co.uk/id/7000000000041429,Scotland,http://data.ordnancesurvey.co.uk/id/country/scotland,,,
HS29LE,http://data.ordnancesurvey.co.uk/id/postcodeunit/HS29LE,HS2 9LE,,,,other,Postcode,124459.000,917340.000,3500,18000,,,,,,,Airidh a Bhruaich / Arivruaich,http://data.ordnancesurvey.co.uk/id/4000000074542673,http://www.ordnancesurvey.co.uk/xml/codelists/localtype.xml#otherSettlement,,,,Na h-Eileanan an Iar,http://data.ordnancesurvey.co.uk/id/7000000000030022,http://data.ordnancesurvey.co.uk/ontology/admingeo/UnitaryAuthority,Scotland,http://data.ordnancesurvey.co.uk/id/7000000000041429,Scotland,http://data.ordnancesurvey.co.uk/id/country/scotland,,,
