﻿osgb4000000074542534,http://data.ordnancesurvey.co.uk/id/4000000074542534,Nis,gla,Ness,eng,populatedPlace,Village,152107.880,962241.520,19000,250000,150751.968,961711.742,153651.311,963105.053,HS2,http://data.ordnancesurvey.co.uk/id/postcodedistrict/HS2,,,,,,,Na h-Eileanan an Iar,http://data.ordnancesurvey.co.uk/id/7000000000030022,http://data.ordnancesurvey.co.uk/ontology/admingeo/UnitaryAuthority,Scotland,http://data.ordnancesurvey.co.uk/id/7000000000041429,Scotland,http://data.ordnancesurvey.co.uk/id/country/scotland,,"http://dbpedia.org/resource/Ness,_Lewis",
osgb4000000074576318,http://data.ordnancesurvey.co.uk/id/4000000074576318,Cros,gla,Cross,eng,populatedPlace,Village,150541.000,961800.000,6000,250000,149996.613,961413.388,150976.901,962318.269,HS2,http://data.ordnancesurvey.co.uk/id/postcodedistrict/HS2,,,,,,,Na h-Eileanan an Iar,http://data.ordnancesurvey.co.uk/id/7000000000030022,http://data.ordnancesurvey.co.uk/ontology/admingeo/UnitaryAuthority,Scotland,http://data.ordnancesurvey.co.uk/id/7000000000041429,Scotland,http://data.ordnancesurvey.co.uk/id/country/scotland,,"http://dbpedia.org/resource/Cross,_Lewis",http://sws.geonames.org/2651889
osgb4000000074576872,http://data.ordnancesurvey.co.uk/id/4000000074576872,Coig Peighinnean,,,,populatedPlace,Village,152681.350,964679.710,8000,250000,152255.488,964102.878,153510.551,964927.322,HS2,http://data.ordnancesurvey.co.uk/id/postcodedistrict/HS2,,,,,,,Na h-Eileanan an Iar,http://data.ordnancesurvey.co.uk/id/7000000000030022,http://data.ordnancesurvey.co.uk/ontology/admingeo/UnitaryAuthority,Scotland,http://data.ordnancesurvey.co.uk/id/7000000000041429,Scotland,http://data.ordnancesurvey.co.uk/id/country/scotland,,http://dbpedia.org/resource/Fivepenny,
osgb4000000074576317,http://data.ordnancesurvey.co.uk/id/4000000074576317,Sgiogarstaigh,gla,Skigersta,eng,populatedPlace,Village,154132.000,961662.000,8000,250000,153767.574,961253.793,155005.001,962281.729,HS2,http://data.ordnancesurvey.co.uk/id/postcodedistrict/HS2,,,,,,,Na h-Eileanan an Iar,http://data.ordnancesurvey.co.uk/id/7000000000030022,http://data.ordnancesurvey.co.uk/ontology/admingeo/UnitaryAuthority,Scotland,http://data.ordnancesurvey.co.uk/id/7000000000041429,Scotland,http://data.ordnancesurvey.co.uk/id/country/scotland,,,
osgb4000000074576870,http://data.ordnancesurvey.co.uk/id/4000000074576870,Suainebost,gla,Swainbost,eng,populatedPlace,Village,151219.000,962572.000,5000,250000,150926.623,962318.269,151645.502,962881.297,HS2,http://data.ordnancesurvey.co.uk/id/postcodedistrict/HS2,,,,,,,Na h-Eileanan an Iar,http://data.ordnancesurvey.co.uk/id/7000000000030022,http://data.ordnancesurvey.co.uk/ontology/admingeo/UnitaryAuthority,Scotland,http://data.ordnancesurvey.co.uk/id/7000000000041429,Scotland,http://data.ordnancesurvey.co.uk/id/country/scotland,,http://dbpedia.org/resource/Swainbost,
osgb4000000074576871,http://data.ordnancesurvey.co.uk/id/4000000074576871,Lìonal,gla,Lionel,eng,populatedPlace,Village,152354.000,964123.000,10000,250000,152092.912,963017.028,153359.740,964630.727,HS2,http://data.ordnancesurvey.co.uk/id/postcodedistrict/HS2,,,,,,,Na h-Eileanan an Iar,http://data.ordnancesurvey.co.uk/id/7000000000030022,http://data.ordnancesurvey.co.uk/ontology/admingeo/UnitaryAuthority,Scotland,http://data.ordnancesurvey.co.uk/id/7000000000041429,Scotland,http://data.ordnancesurvey.co.uk/id/country/scotland,,"http://dbpedia.org/resource/Lionel,_Lewis",http://sws.geonames.org/2644423
osgb4000000074542606,http://data.ordnancesurvey.co.uk/id/4000000074542606,Dail bho Dheas,gla,South Dell,eng,populatedPlace,Village,148703.000,961342.000,7000,250000,148176.804,960850.349,149207.363,961639.603,HS2,http://data.ordnancesurvey.co.uk/id/postcodedistrict/HS2,,,,,,,Na h-Eileanan an Iar,http://data.ordnancesurvey.co.uk/id/7000000000030022,http://data.ordnancesurvey.co.uk/ontology/admingeo/UnitaryAuthority,Scotland,http://data.ordnancesurvey.co.uk/id/7000000000041429,Scotland,http://data.ordnancesurvey.co.uk/id/country/scotland,,http://dbpedia.org/resource/South_Dell,
osgb4000000074577102,http://data.ordnancesurvey.co.uk/id/4000000074577102,Eòropaidh,gla,Eoropie,eng,populatedPlace,Village,151779.000,964982.000,6000,250000,151293.602,964711.164,152219.704,965289.278,HS2,http://data.ordnancesurvey.co.uk/id/postcodedistrict/HS2,,,,,,,Na h-Eileanan an Iar,http://data.ordnancesurvey.co.uk/id/7000000000030022,http://data.ordnancesurvey.co.uk/ontology/admingeo/UnitaryAuthority,Scotland,http://data.ordnancesurvey.co.uk/id/7000000000041429,Scotland,http://data.ordnancesurvey.co.uk/id/country/scotland,,http://dbpedia.org/resource/Eoropie,
osgb4000000074576319,http://data.ordnancesurvey.co.uk/id/4000000074576319,Eòradal,gla,Eorodale,eng,populatedPlace,Hamlet,153653.000,962419.000,5000,25000,153073.200,962328.316,154108.780,963152.760,HS2,http://data.ordnancesurvey.co.uk/id/postcodedistrict/HS2,,,,,,,Na h-Eileanan an Iar,http://data.ordnancesurvey.co.uk/id/7000000000030022,http://data.ordnancesurvey.co.uk/ontology/admingeo/UnitaryAuthority,Scotland,http://data.ordnancesurvey.co.uk/id/7000000000041429,Scotland,http://data.ordnancesurvey.co.uk/id/country/scotland,,http://dbpedia.org/resource/Eorodale,
osgb4000000074576869,http://data.ordnancesurvey.co.uk/id/4000000074576869,Habost,eng,Tàbost,gla,populatedPlace,Village,152040.000,963164.000,6000,250000,151529.881,962765.670,152500.110,963575.039,HS2,http://data.ordnancesurvey.co.uk/id/postcodedistrict/HS2,,,,,,,Na h-Eileanan an Iar,http://data.ordnancesurvey.co.uk/id/7000000000030022,http://data.ordnancesurvey.co.uk/ontology/admingeo/UnitaryAuthority,Scotland,http://data.ordnancesurvey.co.uk/id/7000000000041429,Scotland,http://data.ordnancesurvey.co.uk/id/country/scotland,,,
osgb4000000074542456,http://data.ordnancesurvey.co.uk/id/4000000074542456,Port of Ness,eng,Port Nis,gla,populatedPlace,Village,153553.000,963740.000,5000,250000,153305.958,963424.222,154008.239,964022.451,HS2,http://data.ordnancesurvey.co.uk/id/postcodedistrict/HS2,,,,,,,Na h-Eileanan an Iar,http://data.ordnancesurvey.co.uk/id/7000000000030022,http://data.ordnancesurvey.co.uk/ontology/admingeo/UnitaryAuthority,Scotland,http://data.ordnancesurvey.co.uk/id/7000000000041429,Scotland,http://data.ordnancesurvey.co.uk/id/country/scotland,,,
osgb4000000074542535,http://data.ordnancesurvey.co.uk/id/4000000074542535,Dail bho Thuath,gla,North Dell,eng,populatedPlace,Hamlet,149557.000,961689.000,5000,25000,149333.042,961081.603,150061.963,962092.043,HS2,http://data.ordnancesurvey.co.uk/id/postcodedistrict/HS2,,,,,,,Na h-Eileanan an Iar,http://data.ordnancesurvey.co.uk/id/7000000000030022,http://data.ordnancesurvey.co.uk/ontology/admingeo/UnitaryAuthority,Scotland,http://data.ordnancesurvey.co.uk/id/7000000000041429,Scotland,http://data.ordnancesurvey.co.uk/id/country/scotland,,http://dbpedia.org/resource/North_Dell,
osgb4000000074577105,http://data.ordnancesurvey.co.uk/id/4000000074577105,Àird Dhail,,,,populatedPlace,Hamlet,147962.000,961930.000,5000,25000,147674.095,961716.364,148201.944,962216.364,HS2,http://data.ordnancesurvey.co.uk/id/postcodedistrict/HS2,,,,,,,Na h-Eileanan an Iar,http://data.ordnancesurvey.co.uk/id/7000000000030022,http://data.ordnancesurvey.co.uk/ontology/admingeo/UnitaryAuthority,Scotland,http://data.ordnancesurvey.co.uk/id/7000000000041429,Scotland,http://data.ordnancesurvey.co.uk/id/country/scotland,,,
HS20XF,http://data.ordnancesurvey.co.uk/id/postcodeunit/HS20XF,HS2 0XF,,,,other,Postcode,153075.000,964475.000,3500,18000,,,,,,,Coig Peighinnean,http://data.ordnancesurvey.co.uk/id/4000000074576872,http://www.ordnancesurvey.co.uk/xml/codelists/localtype.xml#village,,,,Na h-Eileanan an Iar,http://data.ordnancesurvey.co.uk/id/7000000000030022,http://data.ordnancesurvey.co.uk/ontology/admingeo/UnitaryAuthority,Scotland,http://data.ordnancesurvey.co.uk/id/7000000000041429,Scotland,http://data.ordnancesurvey.co.uk/id/country/scotland,,,
HS20SW,http://data.ordnancesurvey.co.uk/id/postcodeunit/HS20SW,HS2 0SW,,,,other,Postcode,149799.000,961452.000,3500,18000,,,,,,,Dail bho Thuath / North Dell,http://data.ordnancesurvey.co.uk/id/4000000074542535,http://www.ordnancesurvey.co.uk/xml/codelists/localtype.xml#hamlet,,,,Na h-Eileanan an Iar,http://data.ordnancesurvey.co.uk/id/7000000000030022,http://data.ordnancesurvey.co.uk/ontology/admingeo/UnitaryAuthority,Scotland,http://data.ordnancesurvey.co.uk/id/7000000000041429,Scotland,http://data.ordnancesurvey.co.uk/id/country/scotland,,,
HS20SP,http://data.ordnancesurvey.co.uk/id/postcodeunit/HS20SP,HS2 0SP,,,,other,Postcode,148607.000,961397.000,3500,18000,,,,,,,Dail bho Dheas / South Dell,http://data.ordnancesurvey.co.uk/id/4000000074542606,http://www.ordnancesurvey.co.uk/xml/codelists/localtype.xml#village,,,,Na h-Eileanan an Iar,http://data.ordnancesurvey.co.uk/id/7000000000030022,http://data.ordnancesurvey.co.uk/ontology/admingeo/UnitaryAuthority,Scotland,http://data.ordnancesurvey.co.uk/id/7000000000041429,Scotland,http://data.ordnancesurvey.co.uk/id/country/scotland,,,
HS20XA,http://data.ordnancesurvey.co.uk/id/postcodeunit/HS20XA,HS2 0XA,,,,other,Postcode,153562.000,963780.000,3500,18000,,,,,,,Port of Ness / Port Nis,http://data.ordnancesurvey.co.uk/id/4000000074542456,http://www.ordnancesurvey.co.uk/xml/codelists/localtype.xml#village,,,,Na h-Eileanan an Iar,http://data.ordnancesurvey.co.uk/id/7000000000030022,http://data.ordnancesurvey.co.uk/ontology/admingeo/UnitaryAuthority,Scotland,http://data.ordnancesurvey.co.uk/id/7000000000041429,Scotland,http://data.ordnancesurvey.co.uk/id/country/scotland,,,
HS20TA,http://data.ordnancesurvey.co.uk/id/postcodeunit/HS20TA,HS2 0TA,,,,other,Postcode,151263.000,962635.000,3500,18000,,,,,,,Suainebost / Swainbost,http://data.ordnancesurvey.co.uk/id/4000000074576870,http://www.ordnancesurvey.co.uk/xml/codelists/localtype.xml#village,,,,Na h-Eileanan an Iar,http://data.ordnancesurvey.co.uk/id/7000000000030022,http://data.ordnancesurvey.co.uk/ontology/admingeo/UnitaryAuthority,Scotland,http://data.ordnancesurvey.co.uk/id/7000000000041429,Scotland,http://data.ordnancesurvey.co.uk/id/country/scotland,,,
HS20TL,http://data.ordnancesurvey.co.uk/id/postcodeunit/HS20TL,HS2 0TL,,,,other,Postcode,153042.000,962984.000,3500,18000,,,,,,,Nis / Ness,http://data.ordnancesurvey.co.uk/id/4000000074542534,http://www.ordnancesurvey.co.uk/xml/codelists/localtype.xml#village,,,,Na h-Eileanan an Iar,http://data.ordnancesurvey.co.uk/id/7000000000030022,http://data.ordnancesurvey.co.uk/ontology/admingeo/UnitaryAuthority,Scotland,http://data.ordnancesurvey.co.uk/id/7000000000041429,Scotland,http://data.ordnancesurvey.co.uk/id/country/scotland,,,
HS20SU,http://data.ordnancesurvey.co.uk/id/postcodeunit/HS20SU,HS2 0SU,,,,other,Postcode,150192.000,961489.000,3500,18000,,,,,,,Cros / Cross,http://data.ordnancesurvey.co.uk/id/4000000074576318,http://www.ordnancesurvey.co.uk/xml/codelists/localtype.xml#village,,,,Na h-Eileanan an Iar,http://data.ordnancesurvey.co.uk/id/7000000000030022,http://data.ordnancesurvey.co.uk/ontology/admingeo/UnitaryAuthority,Scotland,http://data.ordnancesurvey.co.uk/id/7000000000041429,Scotland,http://data.ordnancesurvey.co.uk/id/country/scotland,,,
HS20TR,http://data.ordnancesurvey.co.uk/id/postcodeunit/HS20TR,HS2 0TR,,,,other,Postcode,153603.000,962634.000,3500,18000,,,,,,,Eòradal / Eorodale,http://data.ordnancesurvey.co.uk/id/4000000074576319,http://www.ordnancesurvey.co.uk/xml/codelists/localtype.xml#hamlet,,,,Na h-Eileanan an Iar,http://data.ordnancesurvey.co.uk/id/7000000000030022,http://data.ordnancesurvey.co.uk/ontology/admingeo/UnitaryAuthority,Scotland,http://data.ordnancesurvey.co.uk/id/7000000000041429,Scotland,http://data.ordnancesurvey.co.uk/id/country/scotland,,,
HS20TJ,http://data.ordnancesurvey.co.uk/id/postcodeunit/HS20TJ,HS2 0TJ,,,,other,Postcode,152958.000,963016.000,3500,18000,,,,,,,Nis / Ness,http://data.ordnancesurvey.co.uk/id/4000000074542534,http://www.ordnancesurvey.co.uk/xml/codelists/localtype.xml#village,,,,Na h-Eileanan an Iar,http://data.ordnancesurvey.co.uk/id/7000000000030022,http://data.ordnancesurvey.co.uk/ontology/admingeo/UnitaryAuthority,Scotland,http://data.ordnancesurvey.co.uk/id/7000000000041429,Scotland,http://data.ordnancesurvey.co.uk/id/country/scotland,,,
HS20TX,http://data.ordnancesurvey.co.uk/id/postcodeunit/HS20TX,HS2 0TX,,,,other,Postcode,154716.000,961871.000,3500,18000,,,,,,,Sgiogarstaigh / Skigersta,http://data.ordnancesurvey.co.uk/id/4000000074576317,http://www.ordnancesurvey.co.uk/xml/codelists/localtype.xml#village,,,,Na h-Eileanan an Iar,http://data.ordnancesurvey.co.uk/id/7000000000030022,http://data.ordnancesurvey.co.uk/ontology/admingeo/UnitaryAuthority,Scotland,http://data.ordnancesurvey.co.uk/id/7000000000041429,Scotland,http://data.ordnancesurvey.co.uk/id/country/scotland,,,
HS20SR,http://data.ordnancesurvey.co.uk/id/postcodeunit/HS20SR,HS2 0SR,,,,other,Postcode,147742.000,961961.000,3500,18000,,,,,,,Àird Dhail,http://data.ordnancesurvey.co.uk/id/4000000074577105,http://www.ordnancesurvey.co.uk/xml/codelists/localtype.xml#hamlet,,,,Na h-Eileanan an Iar,http://data.ordnancesurvey.co.uk/id/7000000000030022,http://data.ordnancesurvey.co.uk/ontology/admingeo/UnitaryAuthority,Scotland,http://data.ordnancesurvey.co.uk/id/7000000000041429,Scotland,http://data.ordnancesurvey.co.uk/id/country/scotland,,,
HS20XJ,http://data.ordnancesurvey.co.uk/id/postcodeunit/HS20XJ,HS2 0XJ,,,,other,Postcode,153175.000,963134.000,3500,18000,,,,,,,Eòradal / Eorodale,http://data.ordnancesurvey.co.uk/id/4000000074576319,http://www.ordnancesurvey.co.uk/xml/codelists/localtype.xml#hamlet,,,,Na h-Eileanan an Iar,http://data.ordnancesurvey.co.uk/id/7000000000030022,http://data.ordnancesurvey.co.uk/ontology/admingeo/UnitaryAuthority,Scotland,http://data.ordnancesurvey.co.uk/id/7000000000041429,Scotland,http://data.ordnancesurvey.co.uk/id/country/scotland,,,
HS20TH,http://data.ordnancesurvey.co.uk/id/postcodeunit/HS20TH,HS2 0TH,,,,other,Postcode,152950.000,962329.000,3500,18000,,,,,,,Nis / Ness,http://data.ordnancesurvey.co.uk/id/4000000074542534,http://www.ordnancesurvey.co.uk/xml/codelists/localtype.xml#village,,,,Na h-Eileanan an Iar,http://data.ordnancesurvey.co.uk/id/7000000000030022,http://data.ordnancesurvey.co.uk/ontology/admingeo/UnitaryAuthority,Scotland,http://data.ordnancesurvey.co.uk/id/7000000000041429,Scotland,http://data.ordnancesurvey.co.uk/id/country/scotland,,,
HS20TB,http://data.ordnancesurvey.co.uk/id/postcodeunit/HS20TB,HS2 0TB,,,,other,Postcode,151379.000,962115.000,3500,18000,,,,,,,Nis / Ness,http://data.ordnancesurvey.co.uk/id/4000000074542534,http://www.ordnancesurvey.co.uk/xml/codelists/localtype.xml#village,,,,Na h-Eileanan an Iar,http://data.ordnancesurvey.co.uk/id/7000000000030022,http://data.ordnancesurvey.co.uk/ontology/admingeo/UnitaryAuthority,Scotland,http://data.ordnancesurvey.co.uk/id/7000000000041429,Scotland,http://data.ordnancesurvey.co.uk/id/country/scotland,,,
HS20TD,http://data.ordnancesurvey.co.uk/id/postcodeunit/HS20TD,HS2 0TD,,,,other,Postcode,151076.000,961964.000,3500,18000,,,,,,,Nis / Ness,http://data.ordnancesurvey.co.uk/id/4000000074542534,http://www.ordnancesurvey.co.uk/xml/codelists/localtype.xml#village,,,,Na h-Eileanan an Iar,http://data.ordnancesurvey.co.uk/id/7000000000030022,http://data.ordnancesurvey.co.uk/ontology/admingeo/UnitaryAuthority,Scotland,http://data.ordnancesurvey.co.uk/id/7000000000041429,Scotland,http://data.ordnancesurvey.co.uk/id/country/scotland,,,
HS20TN,http://data.ordnancesurvey.co.uk/id/postcodeunit/HS20TN,HS2 0TN,,,,other,Postcode,152936.000,963065.000,3500,18000,,,,,,,Lìonal / Lionel,http://data.ordnancesurvey.co.uk/id/4000000074576871,http://www.ordnancesurvey.co.uk/xml/codelists/localtype.xml#village,,,,Na h-Eileanan an Iar,http://data.ordnancesurvey.co.uk/id/7000000000030022,http://data.ordnancesurvey.co.uk/ontology/admingeo/UnitaryAuthority,Scotland,http://data.ordnancesurvey.co.uk/id/7000000000041429,Scotland,http://data.ordnancesurvey.co.uk/id/country/scotland,,,
HS20TW,http://data.ordnancesurvey.co.uk/id/postcodeunit/HS20TW,HS2 0TW,,,,other,Postcode,153515.000,962698.000,3500,18000,,,,,,,Eòradal / Eorodale,http://data.ordnancesurvey.co.uk/id/4000000074576319,http://www.ordnancesurvey.co.uk/xml/codelists/localtype.xml#hamlet,,,,Na h-Eileanan an Iar,http://data.ordnancesurvey.co.uk/id/7000000000030022,http://data.ordnancesurvey.co.uk/ontology/admingeo/UnitaryAuthority,Scotland,http://data.ordnancesurvey.co.uk/id/7000000000041429,Scotland,http://data.ordnancesurvey.co.uk/id/country/scotland,,,
HS20XD,http://data.ordnancesurvey.co.uk/id/postcodeunit/HS20XD,HS2 0XD,,,,other,Postcode,152404.000,963972.000,3500,18000,,,,,,,Lìonal / Lionel,http://data.ordnancesurvey.co.uk/id/4000000074576871,http://www.ordnancesurvey.co.uk/xml/codelists/localtype.xml#village,,,,Na h-Eileanan an Iar,http://data.ordnancesurvey.co.uk/id/7000000000030022,http://data.ordnancesurvey.co.uk/ontology/admingeo/UnitaryAuthority,Scotland,http://data.ordnancesurvey.co.uk/id/7000000000041429,Scotland,http://data.ordnancesurvey.co.uk/id/country/scotland,,,
HS20XH,http://data.ordnancesurvey.co.uk/id/postcodeunit/HS20XH,HS2 0XH,,,,other,Postcode,151696.000,965020.000,3500,18000,,,,,,,Eòropaidh / Eoropie,http://data.ordnancesurvey.co.uk/id/4000000074577102,http://www.ordnancesurvey.co.uk/xml/codelists/localtype.xml#village,,,,Na h-Eileanan an Iar,http://data.ordnancesurvey.co.uk/id/7000000000030022,http://data.ordnancesurvey.co.uk/ontology/admingeo/UnitaryAuthority,Scotland,http://data.ordnancesurvey.co.uk/id/7000000000041429,Scotland,http://data.ordnancesurvey.co.uk/id/country/scotland,,,
HS20XG,http://data.ordnancesurvey.co.uk/id/postcodeunit/HS20XG,HS2 0XG,,,,other,Postcode,152369.000,964796.000,3500,18000,,,,,,,Coig Peighinnean,http://data.ordnancesurvey.co.uk/id/4000000074576872,http://www.ordnancesurvey.co.uk/xml/codelists/localtype.xml#village,,,,Na h-Eileanan an Iar,http://data.ordnancesurvey.co.uk/id/7000000000030022,http://data.ordnancesurvey.co.uk/ontology/admingeo/UnitaryAuthority,Scotland,http://data.ordnancesurvey.co.uk/id/7000000000041429,Scotland,http://data.ordnancesurvey.co.uk/id/country/scotland,,,
HS20BJ,http://data.ordnancesurvey.co.uk/id/postcodeunit/HS20BJ,HS2 0BJ,,,,other,Postcode,152103.000,963081.000,3500,18000,,,,,,,Habost / Tàbost,http://data.ordnancesurvey.co.uk/id/4000000074576869,http://www.ordnancesurvey.co.uk/xml/codelists/localtype.xml#village,,,,Na h-Eileanan an Iar,http://data.ordnancesurvey.co.uk/id/7000000000030022,http://data.ordnancesurvey.co.uk/ontology/admingeo/UnitaryAuthority,Scotland,http://data.ordnancesurvey.co.uk/id/7000000000041429,Scotland,http://data.ordnancesurvey.co.uk/id/country/scotland,,,
HS20TQ,http://data.ordnancesurvey.co.uk/id/postcodeunit/HS20TQ,HS2 0TQ,,,,other,Postcode,152215.000,962312.000,3500,18000,,,,,,,Nis / Ness,http://data.ordnancesurvey.co.uk/id/4000000074542534,http://www.ordnancesurvey.co.uk/xml/codelists/localtype.xml#village,,,,Na h-Eileanan an Iar,http://data.ordnancesurvey.co.uk/id/7000000000030022,http://data.ordnancesurvey.co.uk/ontology/admingeo/UnitaryAuthority,Scotland,http://data.ordnancesurvey.co.uk/id/7000000000041429,Scotland,http://data.ordnancesurvey.co.uk/id/country/scotland,,,
HS20TS,http://data.ordnancesurvey.co.uk/id/postcodeunit/HS20TS,HS2 0TS,,,,other,Postcode,154167.000,961573.000,3500,18000,,,,,,,Sgiogarstaigh / Skigersta,http://data.ordnancesurvey.co.uk/id/4000000074576317,http://www.ordnancesurvey.co.uk/xml/codelists/localtype.xml#village,,,,Na h-Eileanan an Iar,http://data.ordnancesurvey.co.uk/id/7000000000030022,http://data.ordnancesurvey.co.uk/ontology/admingeo/UnitaryAuthority,Scotland,http://data.ordnancesurvey.co.uk/id/7000000000041429,Scotland,http://data.ordnancesurvey.co.uk/id/country/scotland,,,
HS20TG,http://data.ordnancesurvey.co.uk/id/postcodeunit/HS20TG,HS2 0TG,,,,other,Postcode,152037.000,963046.000,3500,18000,,,,,,,Habost / Tàbost,http://data.ordnancesurvey.co.uk/id/4000000074576869,http://www.ordnancesurvey.co.uk/xml/codelists/localtype.xml#village,,,,Na h-Eileanan an Iar,http://data.ordnancesurvey.co.uk/id/7000000000030022,http://data.ordnancesurvey.co.uk/ontology/admingeo/UnitaryAuthority,Scotland,http://data.ordnancesurvey.co.uk/id/7000000000041429,Scotland,http://data.ordnancesurvey.co.uk/id/country/scotland,,,
HS20SZ,http://data.ordnancesurvey.co.uk/id/postcodeunit/HS20SZ,HS2 0SZ,,,,other,Postcode,150695.000,962146.000,3500,18000,,,,,,,Cros / Cross,http://data.ordnancesurvey.co.uk/id/4000000074576318,http://www.ordnancesurvey.co.uk/xml/codelists/localtype.xml#village,,,,Na h-Eileanan an Iar,http://data.ordnancesurvey.co.uk/id/7000000000030022,http://data.ordnancesurvey.co.uk/ontology/admingeo/UnitaryAuthority,Scotland,http://data.ordnancesurvey.co.uk/id/7000000000041429,Scotland,http://data.ordnancesurvey.co.uk/id/country/scotland,,,
HS20ST,http://data.ordnancesurvey.co.uk/id/postcodeunit/HS20ST,HS2 0ST,,,,other,Postcode,148427.000,961310.000,3500,18000,,,,,,,Dail bho Dheas / South Dell,http://data.ordnancesurvey.co.uk/id/4000000074542606,http://www.ordnancesurvey.co.uk/xml/codelists/localtype.xml#village,,,,Na h-Eileanan an Iar,http://data.ordnancesurvey.co.uk/id/7000000000030022,http://data.ordnancesurvey.co.uk/ontology/admingeo/UnitaryAuthority,Scotland,http://data.ordnancesurvey.co.uk/id/7000000000041429,Scotland,http://data.ordnancesurvey.co.uk/id/country/scotland,,,
HS20SN,http://data.ordnancesurvey.co.uk/id/postcodeunit/HS20SN,HS2 0SN,,,,other,Postcode,150331.000,961863.000,3500,18000,,,,,,,Cros / Cross,http://data.ordnancesurvey.co.uk/id/4000000074576318,http://www.ordnancesurvey.co.uk/xml/codelists/localtype.xml#village,,,,Na h-Eileanan an Iar,http://data.ordnancesurvey.co.uk/id/7000000000030022,http://data.ordnancesurvey.co.uk/ontology/admingeo/UnitaryAuthority,Scotland,http://data.ordnancesurvey.co.uk/id/7000000000041429,Scotland,http://data.ordnancesurvey.co.uk/id/country/scotland,,,
HS20SY,http://data.ordnancesurvey.co.uk/id/postcodeunit/HS20SY,HS2 0SY,,,,other,Postcode,150512.000,961896.000,3500,18000,,,,,,,Cros / Cross,http://data.ordnancesurvey.co.uk/id/4000000074576318,http://www.ordnancesurvey.co.uk/xml/codelists/localtype.xml#village,,,,Na h-Eileanan an Iar,http://data.ordnancesurvey.co.uk/id/7000000000030022,http://data.ordnancesurvey.co.uk/ontology/admingeo/UnitaryAuthority,Scotland,http://data.ordnancesurvey.co.uk/id/7000000000041429,Scotland,http://data.ordnancesurvey.co.uk/id/country/scotland,,,
87679231-27d9-4112-8a87-372722aeff5d,http://data.ordnancesurvey.co.uk/id/87679231-27d9-4112-8a87-372722aeff5d,Rathad Chros-Sgiogarstaigh,,,,transportNetwork,Section Of Named Road,150533.000,961801.000,2000,25000,150339.000,961777.930,150675.272,961832.000,HS2,http://data.ordnancesurvey.co.uk/id/postcodedistrict/HS2,Cros / Cross,http://data.ordnancesurvey.co.uk/id/4000000074576318,http://www.ordnancesurvey.co.uk/xml/codelists/localtype.xml#village,,,,Na h-Eileanan an Iar,http://data.ordnancesurvey.co.uk/id/7000000000030022,http://data.ordnancesurvey.co.uk/ontology/admingeo/UnitaryAuthority,Scotland,http://data.ordnancesurvey.co.uk/id/7000000000041429,Scotland,http://data.ordnancesurvey.co.uk/id/country/scotland,osgb4000000003311222,,
osgb4000000003307856,http://data.ordnancesurvey.co.uk/id/4000000003307856,B8013,,,,transportNetwork,Numbered Road,152328.000,964194.000,11000,250000,151647.000,963379.000,152707.000,965060.000,HS2,http://data.ordnancesurvey.co.uk/id/postcodedistrict/HS2,Lìonal / Lionel,http://data.ordnancesurvey.co.uk/id/4000000074576871,http://www.ordnancesurvey.co.uk/xml/codelists/localtype.xml#village,,,,Na h-Eileanan an Iar,http://data.ordnancesurvey.co.uk/id/7000000000030022,http://data.ordnancesurvey.co.uk/ontology/admingeo/UnitaryAuthority,Scotland,http://data.ordnancesurvey.co.uk/id/7000000000041429,Scotland,http://data.ordnancesurvey.co.uk/id/country/scotland,,,
cce9e03c-725f-4300-be44-b16252812998,http://data.ordnancesurvey.co.uk/id/cce9e03c-725f-4300-be44-b16252812998,Rathad Chros-Sgiogarstaigh,,,,transportNetwork,Section Of Named Road,153639.000,962407.000,1000,25000,153620.886,962388.906,153653.000,962419.000,HS2,http://data.ordnancesurvey.co.uk/id/postcodedistrict/HS2,Eòradal / Eorodale,http://data.ordnancesurvey.co.uk/id/4000000074576319,http://www.ordnancesurvey.co.uk/xml/codelists/localtype.xml#hamlet,,,,Na h-Eileanan an Iar,http://data.ordnancesurvey.co.uk/id/7000000000030022,http://data.ordnancesurvey.co.uk/ontology/admingeo/UnitaryAuthority,Scotland,http://data.ordnancesurvey.co.uk/id/7000000000041429,Scotland,http://data.ordnancesurvey.co.uk/id/country/scotland,osgb4000000003311222,,
osgb4000000003311224,http://data.ordnancesurvey.co.uk/id/4000000003311224,Am Bail' Ard,,,,transportNetwork,Named Road,154230.000,961478.000,2000,20000,154132.000,961286.000,154307.000,961662.000,HS2,http://data.ordnancesurvey.co.uk/id/postcodedistrict/HS2,Sgiogarstaigh / Skigersta,http://data.ordnancesurvey.co.uk/id/4000000074576317,http://www.ordnancesurvey.co.uk/xml/codelists/localtype.xml#village,,,,Na h-Eileanan an Iar,http://data.ordnancesurvey.co.uk/id/7000000000030022,http://data.ordnancesurvey.co.uk/ontology/admingeo/UnitaryAuthority,Scotland,http://data.ordnancesurvey.co.uk/id/7000000000041429,Scotland,http://data.ordnancesurvey.co.uk/id/country/scotland,,,
osgb4000000003308843,http://data.ordnancesurvey.co.uk/id/4000000003308843,B8014,,,,transportNetwork,Numbered Road,152632.000,964690.000,12000,250000,151661.000,963722.000,153483.000,965060.000,HS2,http://data.ordnancesurvey.co.uk/id/postcodedistrict/HS2,Coig Peighinnean,http://data.ordnancesurvey.co.uk/id/4000000074576872,http://www.ordnancesurvey.co.uk/xml/codelists/localtype.xml#village,,,,Na h-Eileanan an Iar,http://data.ordnancesurvey.co.uk/id/7000000000030022,http://data.ordnancesurvey.co.uk/ontology/admingeo/UnitaryAuthority,Scotland,http://data.ordnancesurvey.co.uk/id/7000000000041429,Scotland,http://data.ordnancesurvey.co.uk/id/country/scotland,,,
osgb4000000003307857,http://data.ordnancesurvey.co.uk/id/4000000003307857,B8015,,,,transportNetwork,Numbered Road,153680.271,962353.674,14000,250000,152981.000,961415.275,154714.694,963494.000,HS2,http://data.ordnancesurvey.co.uk/id/postcodedistrict/HS2,,,,,,,Na h-Eileanan an Iar,http://data.ordnancesurvey.co.uk/id/7000000000030022,http://data.ordnancesurvey.co.uk/ontology/admingeo/UnitaryAuthority,Scotland,http://data.ordnancesurvey.co.uk/id/7000000000041429,Scotland,http://data.ordnancesurvey.co.uk/id/country/scotland,,,
osgb4000000003311223,http://data.ordnancesurvey.co.uk/id/4000000003311223,Slighe Naomh Ronain,,,,transportNetwork,Named Road,152478.000,963872.000,6000,20000,152275.000,963379.000,152707.000,964347.000,HS2,http://data.ordnancesurvey.co.uk/id/postcodedistrict/HS2,Lìonal / Lionel,http://data.ordnancesurvey.co.uk/id/4000000074576871,http://www.ordnancesurvey.co.uk/xml/codelists/localtype.xml#village,,,,Na h-Eileanan an Iar,http://data.ordnancesurvey.co.uk/id/7000000000030022,http://data.ordnancesurvey.co.uk/ontology/admingeo/UnitaryAuthority,Scotland,http://data.ordnancesurvey.co.uk/id/7000000000041429,Scotland,http://data.ordnancesurvey.co.uk/id/country/scotland,,,
eb2e7e3c-9d2b-42aa-8c57-7f7aac0e6bb1,http://data.ordnancesurvey.co.uk/id/eb2e7e3c-9d2b-42aa-8c57-7f7aac0e6bb1,Rathad Chros-Sgiogarstaigh,,,,transportNetwork,Section Of Named Road,152109.037,962241.794,19000,25000,150751.968,961773.460,153620.886,962419.899,HS2,http://data.ordnancesurvey.co.uk/id/postcodedistrict/HS2,Nis / Ness,http://data.ordnancesurvey.co.uk/id/4000000074542534,http://www.ordnancesurvey.co.uk/xml/codelists/localtype.xml#village,,,,Na h-Eileanan an Iar,http://data.ordnancesurvey.co.uk/id/7000000000030022,http://data.ordnancesurvey.co.uk/ontology/admingeo/UnitaryAuthority,Scotland,http://data.ordnancesurvey.co.uk/id/7000000000041429,Scotland,http://data.ordnancesurvey.co.uk/id/country/scotland,osgb4000000003311222,,
osgb4000000003311225,http://data.ordnancesurvey.co.uk/id/4000000003311225,New Street,,,,transportNetwork,Named Road,150125.575,961547.615,1000,20000,150068.000,961494.800,150168.024,961614.000,HS2,http://data.ordnancesurvey.co.uk/id/postcodedistrict/HS2,Cros / Cross,http://data.ordnancesurvey.co.uk/id/4000000074576318,http://www.ordnancesurvey.co.uk/xml/codelists/localtype.xml#village,,,,Na h-Eileanan an Iar,http://data.ordnancesurvey.co.uk/id/7000000000030022,http://data.ordnancesurvey.co.uk/ontology/admingeo/UnitaryAuthority,Scotland,http://data.ordnancesurvey.co.uk/id/7000000000041429,Scotland,http://data.ordnancesurvey.co.uk/id/country/scotland,,,
osgb4000000003307824,http://data.ordnancesurvey.co.uk/id/4000000003307824,Pairc A Ghreumaich,,,,transportNetwork,Named Road,148402.000,961325.000,1000,20000,148357.000,961282.567,148473.000,961334.000,HS2,http://data.ordnancesurvey.co.uk/id/postcodedistrict/HS2,Dail bho Dheas / South Dell,http://data.ordnancesurvey.co.uk/id/4000000074542606,http://www.ordnancesurvey.co.uk/xml/codelists/localtype.xml#village,,,,Na h-Eileanan an Iar,http://data.ordnancesurvey.co.uk/id/7000000000030022,http://data.ordnancesurvey.co.uk/ontology/admingeo/UnitaryAuthority,Scotland,http://data.ordnancesurvey.co.uk/id/7000000000041429,Scotland,http://data.ordnancesurvey.co.uk/id/country/scotland,,,
osgb4000000003307792,http://data.ordnancesurvey.co.uk/id/4000000003307792,Back Street,,,,transportNetwork,Named Road,150554.167,961930.000,1000,20000,150499.000,961901.000,150584.000,962022.000,HS2,http://data.ordnancesurvey.co.uk/id/postcodedistrict/HS2,Cros / Cross,http://data.ordnancesurvey.co.uk/id/4000000074576318,http://www.ordnancesurvey.co.uk/xml/codelists/localtype.xml#village,,,,Na h-Eileanan an Iar,http://data.ordnancesurvey.co.uk/id/7000000000030022,http://data.ordnancesurvey.co.uk/ontology/admingeo/UnitaryAuthority,Scotland,http://data.ordnancesurvey.co.uk/id/7000000000041429,Scotland,http://data.ordnancesurvey.co.uk/id/country/scotland,,,
osgb4000000003311222,http://data.ordnancesurvey.co.uk/id/4000000003311222,Rathad Chros-Sgiogarstaigh,,,,transportNetwork,Named Road,151970.000,962173.000,20000,22000,150339.000,961769.000,153653.000,962419.899,HS2,http://data.ordnancesurvey.co.uk/id/postcodedistrict/HS2,Nis / Ness,http://data.ordnancesurvey.co.uk/id/4000000074542534,http://www.ordnancesurvey.co.uk/xml/codelists/localtype.xml#village,,,,Na h-Eileanan an Iar,http://data.ordnancesurvey.co.uk/id/7000000000030022,http://data.ordnancesurvey.co.uk/ontology/admingeo/UnitaryAuthority,Scotland,http://data.ordnancesurvey.co.uk/id/7000000000041429,Scotland,http://data.ordnancesurvey.co.uk/id/country/scotland,,,
HS20XB,http://data.ordnancesurvey.co.uk/id/postcodeunit/HS20XB,HS2 0XB,,,,other,Postcode,152783.000,963434.000,3500,18000,,,,,,,Lìonal / Lionel,http://data.ordnancesurvey.co.uk/id/4000000074576871,http://www.ordnancesurvey.co.uk/xml/codelists/localtype.xml#village,,,,Na h-Eileanan an Iar,http://data.ordnancesurvey.co.uk/id/7000000000030022,http://data.ordnancesurvey.co.uk/ontology/admingeo/UnitaryAuthority,Scotland,http://data.ordnancesurvey.co.uk/id/7000000000041429,Scotland,http://data.ordnancesurvey.co.uk/id/country/scotland,,,
