﻿osgb4000000074543085,http://data.ordnancesurvey.co.uk/id/4000000074543085,Clais an Easaidh,gla,Clashnessie,eng,populatedPlace,Hamlet,205323.000,930727.000,5000,25000,205172.422,930616.733,205715.351,931687.496,IV27,http://data.ordnancesurvey.co.uk/id/postcodedistrict/IV27,,,,,,,Highland,http://data.ordnancesurvey.co.uk/id/7000000000029638,http://data.ordnancesurvey.co.uk/ontology/admingeo/UnitaryAuthority,Scotland,http://data.ordnancesurvey.co.uk/id/7000000000041429,Scotland,http://data.ordnancesurvey.co.uk/id/country/scotland,,,http://sws.geonames.org/2652929
osgb4000000074558561,http://data.ordnancesurvey.co.uk/id/4000000074558561,Clashmore,,,,populatedPlace,Hamlet,203155.000,931445.000,5000,25000,202553.386,930928.664,203602.331,931779.550,IV27,http://data.ordnancesurvey.co.uk/id/postcodedistrict/IV27,,,,,,,Highland,http://data.ordnancesurvey.co.uk/id/7000000000029638,http://data.ordnancesurvey.co.uk/ontology/admingeo/UnitaryAuthority,Scotland,http://data.ordnancesurvey.co.uk/id/7000000000041429,Scotland,http://data.ordnancesurvey.co.uk/id/country/scotland,,,
osgb4000000074558184,http://data.ordnancesurvey.co.uk/id/4000000074558184,Strathan,,,,populatedPlace,Hamlet,208475.910,921013.360,5000,25000,208090.514,920731.912,209132.294,921265.200,IV27,http://data.ordnancesurvey.co.uk/id/postcodedistrict/IV27,,,,,,,Highland,http://data.ordnancesurvey.co.uk/id/7000000000029638,http://data.ordnancesurvey.co.uk/ontology/admingeo/UnitaryAuthority,Scotland,http://data.ordnancesurvey.co.uk/id/7000000000041429,Scotland,http://data.ordnancesurvey.co.uk/id/country/scotland,,"http://dbpedia.org/resource/Strathan,_Sutherland",
osgb4000000074543086,http://data.ordnancesurvey.co.uk/id/4000000074543086,Cùl-cinn,gla,Culkein,eng,populatedPlace,Other Settlement,203760.690,933118.090,15000,25000,203136.543,932359.034,204284.503,933705.049,IV27,http://data.ordnancesurvey.co.uk/id/postcodedistrict/IV27,,,,,,,Highland,http://data.ordnancesurvey.co.uk/id/7000000000029638,http://data.ordnancesurvey.co.uk/ontology/admingeo/UnitaryAuthority,Scotland,http://data.ordnancesurvey.co.uk/id/7000000000041429,Scotland,http://data.ordnancesurvey.co.uk/id/country/scotland,,http://dbpedia.org/resource/Culkein,http://sws.geonames.org/2651757
osgb4000000074336861,http://data.ordnancesurvey.co.uk/id/4000000074336861,Loch an Inbhir,gla,Lochinver,eng,populatedPlace,Village,209441.730,922115.590,11000,250000,208741.626,921674.473,209963.231,923392.171,IV27,http://data.ordnancesurvey.co.uk/id/postcodedistrict/IV27,,,,,,,Highland,http://data.ordnancesurvey.co.uk/id/7000000000029638,http://data.ordnancesurvey.co.uk/ontology/admingeo/UnitaryAuthority,Scotland,http://data.ordnancesurvey.co.uk/id/7000000000041429,Scotland,http://data.ordnancesurvey.co.uk/id/country/scotland,,http://dbpedia.org/resource/Lochinver,http://sws.geonames.org/2643818
osgb4000000074558558,http://data.ordnancesurvey.co.uk/id/4000000074558558,Balchladich,,,,populatedPlace,Other Settlement,203594.060,930032.680,15000,25000,202543.253,929822.450,204257.492,930591.590,IV27,http://data.ordnancesurvey.co.uk/id/postcodedistrict/IV27,,,,,,,Highland,http://data.ordnancesurvey.co.uk/id/7000000000029638,http://data.ordnancesurvey.co.uk/ontology/admingeo/UnitaryAuthority,Scotland,http://data.ordnancesurvey.co.uk/id/7000000000041429,Scotland,http://data.ordnancesurvey.co.uk/id/country/scotland,,http://dbpedia.org/resource/Balchladich,http://sws.geonames.org/2656601
osgb4000000074336873,http://data.ordnancesurvey.co.uk/id/4000000074336873,An Nead,gla,Nedd,eng,populatedPlace,Hamlet,213678.950,931914.050,5000,25000,213434.606,931856.568,213934.606,932480.070,IV27,http://data.ordnancesurvey.co.uk/id/postcodedistrict/IV27,,,,,,,Highland,http://data.ordnancesurvey.co.uk/id/7000000000029638,http://data.ordnancesurvey.co.uk/ontology/admingeo/UnitaryAuthority,Scotland,http://data.ordnancesurvey.co.uk/id/7000000000041429,Scotland,http://data.ordnancesurvey.co.uk/id/country/scotland,,http://dbpedia.org/resource/Nedd,
osgb4000000074558559,http://data.ordnancesurvey.co.uk/id/4000000074558559,Culkein Drumbeg,,,,populatedPlace,Hamlet,211301.070,933653.750,5000,25000,210933.897,933363.967,211495.040,933877.430,IV27,http://data.ordnancesurvey.co.uk/id/postcodedistrict/IV27,,,,,,,Highland,http://data.ordnancesurvey.co.uk/id/7000000000029638,http://data.ordnancesurvey.co.uk/ontology/admingeo/UnitaryAuthority,Scotland,http://data.ordnancesurvey.co.uk/id/7000000000041429,Scotland,http://data.ordnancesurvey.co.uk/id/country/scotland,,http://dbpedia.org/resource/Culkein_Drumbeg,
osgb4000000074336872,http://data.ordnancesurvey.co.uk/id/4000000074336872,An Druim Beag,gla,Drumbeg,eng,populatedPlace,Village,212265.820,932638.370,7000,250000,211567.167,932234.340,212624.663,933004.539,IV27,http://data.ordnancesurvey.co.uk/id/postcodedistrict/IV27,,,,,,,Highland,http://data.ordnancesurvey.co.uk/id/7000000000029638,http://data.ordnancesurvey.co.uk/ontology/admingeo/UnitaryAuthority,Scotland,http://data.ordnancesurvey.co.uk/id/7000000000041429,Scotland,http://data.ordnancesurvey.co.uk/id/country/scotland,,"http://dbpedia.org/resource/Drumbeg,_Sutherland",http://sws.geonames.org/2650951
osgb4000000074541412,http://data.ordnancesurvey.co.uk/id/4000000074541412,Raffin,,,,populatedPlace,Hamlet,201888.000,932056.000,5000,25000,201750.177,931901.814,202395.683,932401.814,IV27,http://data.ordnancesurvey.co.uk/id/postcodedistrict/IV27,,,,,,,Highland,http://data.ordnancesurvey.co.uk/id/7000000000029638,http://data.ordnancesurvey.co.uk/ontology/admingeo/UnitaryAuthority,Scotland,http://data.ordnancesurvey.co.uk/id/7000000000041429,Scotland,http://data.ordnancesurvey.co.uk/id/country/scotland,,,
osgb4000000074543225,http://data.ordnancesurvey.co.uk/id/4000000074543225,Stor,gla,Stoer,eng,populatedPlace,Hamlet,203970.570,928456.420,5000,25000,203684.403,927982.537,204765.231,929671.634,IV27,http://data.ordnancesurvey.co.uk/id/postcodedistrict/IV27,,,,,,,Highland,http://data.ordnancesurvey.co.uk/id/7000000000029638,http://data.ordnancesurvey.co.uk/ontology/admingeo/UnitaryAuthority,Scotland,http://data.ordnancesurvey.co.uk/id/7000000000041429,Scotland,http://data.ordnancesurvey.co.uk/id/country/scotland,,http://dbpedia.org/resource/Stoer,http://sws.geonames.org/2636874
osgb4000000074813554,http://data.ordnancesurvey.co.uk/id/4000000074813554,Achmelvich,,,,populatedPlace,Other Settlement,205790.594,924704.763,15000,25000,205422.181,924501.663,206518.090,925507.076,IV27,http://data.ordnancesurvey.co.uk/id/postcodedistrict/IV27,,,,,,,Highland,http://data.ordnancesurvey.co.uk/id/7000000000029638,http://data.ordnancesurvey.co.uk/ontology/admingeo/UnitaryAuthority,Scotland,http://data.ordnancesurvey.co.uk/id/7000000000041429,Scotland,http://data.ordnancesurvey.co.uk/id/country/scotland,,,
osgb4000000074543378,http://data.ordnancesurvey.co.uk/id/4000000074543378,Clach Toll,gla,Clachtoll,eng,populatedPlace,Other Settlement,204232.440,927372.040,15000,25000,203699.483,926730.785,204775.282,928118.268,IV27,http://data.ordnancesurvey.co.uk/id/postcodedistrict/IV27,,,,,,,Highland,http://data.ordnancesurvey.co.uk/id/7000000000029638,http://data.ordnancesurvey.co.uk/ontology/admingeo/UnitaryAuthority,Scotland,http://data.ordnancesurvey.co.uk/id/7000000000041429,Scotland,http://data.ordnancesurvey.co.uk/id/country/scotland,,http://dbpedia.org/resource/Clachtoll,http://sws.geonames.org/2652978
osgb4000000074558557,http://data.ordnancesurvey.co.uk/id/4000000074558557,Feadan,,,,populatedPlace,Hamlet,207156.890,924855.990,5000,25000,207025.887,924626.441,207860.551,925126.441,IV27,http://data.ordnancesurvey.co.uk/id/postcodedistrict/IV27,,,,,,,Highland,http://data.ordnancesurvey.co.uk/id/7000000000029638,http://data.ordnancesurvey.co.uk/ontology/admingeo/UnitaryAuthority,Scotland,http://data.ordnancesurvey.co.uk/id/7000000000041429,Scotland,http://data.ordnancesurvey.co.uk/id/country/scotland,,,
osgb4000000074558560,http://data.ordnancesurvey.co.uk/id/4000000074558560,Achnacarnin,,,,populatedPlace,Hamlet,204156.000,931838.000,5000,25000,203884.733,931376.116,204775.966,932538.753,IV27,http://data.ordnancesurvey.co.uk/id/postcodedistrict/IV27,,,,,,,Highland,http://data.ordnancesurvey.co.uk/id/7000000000029638,http://data.ordnancesurvey.co.uk/ontology/admingeo/UnitaryAuthority,Scotland,http://data.ordnancesurvey.co.uk/id/7000000000041429,Scotland,http://data.ordnancesurvey.co.uk/id/country/scotland,,http://dbpedia.org/resource/Achnacarnin,
osgb4000000074558185,http://data.ordnancesurvey.co.uk/id/4000000074558185,Baddidarach,,,,populatedPlace,Hamlet,208680.000,922918.000,5000,25000,208195.935,922542.624,208778.836,923534.790,IV27,http://data.ordnancesurvey.co.uk/id/postcodedistrict/IV27,,,,,,,Highland,http://data.ordnancesurvey.co.uk/id/7000000000029638,http://data.ordnancesurvey.co.uk/ontology/admingeo/UnitaryAuthority,Scotland,http://data.ordnancesurvey.co.uk/id/7000000000041429,Scotland,http://data.ordnancesurvey.co.uk/id/country/scotland,,,http://sws.geonames.org/8199471
IV274HP,http://data.ordnancesurvey.co.uk/id/postcodeunit/IV274HP,IV27 4HP,,,,other,Postcode,217920.000,934822.000,3500,18000,,,,,,,,,,,,,Highland,http://data.ordnancesurvey.co.uk/id/7000000000029638,http://data.ordnancesurvey.co.uk/ontology/admingeo/UnitaryAuthority,Scotland,http://data.ordnancesurvey.co.uk/id/7000000000041429,Scotland,http://data.ordnancesurvey.co.uk/id/country/scotland,,,
IV274NQ,http://data.ordnancesurvey.co.uk/id/postcodeunit/IV274NQ,IV27 4NQ,,,,other,Postcode,211958.000,932799.000,3500,18000,,,,,,,An Druim Beag / Drumbeg,http://data.ordnancesurvey.co.uk/id/4000000074336872,http://www.ordnancesurvey.co.uk/xml/codelists/localtype.xml#village,,,,Highland,http://data.ordnancesurvey.co.uk/id/7000000000029638,http://data.ordnancesurvey.co.uk/ontology/admingeo/UnitaryAuthority,Scotland,http://data.ordnancesurvey.co.uk/id/7000000000041429,Scotland,http://data.ordnancesurvey.co.uk/id/country/scotland,,,
IV274NG,http://data.ordnancesurvey.co.uk/id/postcodeunit/IV274NG,IV27 4NG,,,,other,Postcode,209985.000,932840.000,3500,18000,,,,,,,,,,,,,Highland,http://data.ordnancesurvey.co.uk/id/7000000000029638,http://data.ordnancesurvey.co.uk/ontology/admingeo/UnitaryAuthority,Scotland,http://data.ordnancesurvey.co.uk/id/7000000000041429,Scotland,http://data.ordnancesurvey.co.uk/id/country/scotland,,,
IV274LJ,http://data.ordnancesurvey.co.uk/id/postcodeunit/IV274LJ,IV27 4LJ,,,,other,Postcode,209229.000,923014.000,3500,18000,,,,,,,Loch an Inbhir / Lochinver,http://data.ordnancesurvey.co.uk/id/4000000074336861,http://www.ordnancesurvey.co.uk/xml/codelists/localtype.xml#village,,,,Highland,http://data.ordnancesurvey.co.uk/id/7000000000029638,http://data.ordnancesurvey.co.uk/ontology/admingeo/UnitaryAuthority,Scotland,http://data.ordnancesurvey.co.uk/id/7000000000041429,Scotland,http://data.ordnancesurvey.co.uk/id/country/scotland,,,
IV274NJ,http://data.ordnancesurvey.co.uk/id/postcodeunit/IV274NJ,IV27 4NJ,,,,other,Postcode,217091.000,933378.000,3500,18000,,,,,,,,,,,,,Highland,http://data.ordnancesurvey.co.uk/id/7000000000029638,http://data.ordnancesurvey.co.uk/ontology/admingeo/UnitaryAuthority,Scotland,http://data.ordnancesurvey.co.uk/id/7000000000041429,Scotland,http://data.ordnancesurvey.co.uk/id/country/scotland,,,
IV274LR,http://data.ordnancesurvey.co.uk/id/postcodeunit/IV274LR,IV27 4LR,,,,other,Postcode,208115.000,920292.000,3500,18000,,,,,,,,,,,,,Highland,http://data.ordnancesurvey.co.uk/id/7000000000029638,http://data.ordnancesurvey.co.uk/ontology/admingeo/UnitaryAuthority,Scotland,http://data.ordnancesurvey.co.uk/id/7000000000041429,Scotland,http://data.ordnancesurvey.co.uk/id/country/scotland,,,
IV274JD,http://data.ordnancesurvey.co.uk/id/postcodeunit/IV274JD,IV27 4JD,,,,other,Postcode,204273.000,927368.000,3500,18000,,,,,,,Clach Toll / Clachtoll,http://data.ordnancesurvey.co.uk/id/4000000074543378,http://www.ordnancesurvey.co.uk/xml/codelists/localtype.xml#otherSettlement,,,,Highland,http://data.ordnancesurvey.co.uk/id/7000000000029638,http://data.ordnancesurvey.co.uk/ontology/admingeo/UnitaryAuthority,Scotland,http://data.ordnancesurvey.co.uk/id/7000000000041429,Scotland,http://data.ordnancesurvey.co.uk/id/country/scotland,,,
IV274JN,http://data.ordnancesurvey.co.uk/id/postcodeunit/IV274JN,IV27 4JN,,,,other,Postcode,209945.000,923509.000,3500,18000,,,,,,,,,,,,,Highland,http://data.ordnancesurvey.co.uk/id/7000000000029638,http://data.ordnancesurvey.co.uk/ontology/admingeo/UnitaryAuthority,Scotland,http://data.ordnancesurvey.co.uk/id/7000000000041429,Scotland,http://data.ordnancesurvey.co.uk/id/country/scotland,,,
IV274JZ,http://data.ordnancesurvey.co.uk/id/postcodeunit/IV274JZ,IV27 4JZ,,,,other,Postcode,209497.000,922922.000,3500,18000,,,,,,,Loch an Inbhir / Lochinver,http://data.ordnancesurvey.co.uk/id/4000000074336861,http://www.ordnancesurvey.co.uk/xml/codelists/localtype.xml#village,,,,Highland,http://data.ordnancesurvey.co.uk/id/7000000000029638,http://data.ordnancesurvey.co.uk/ontology/admingeo/UnitaryAuthority,Scotland,http://data.ordnancesurvey.co.uk/id/7000000000041429,Scotland,http://data.ordnancesurvey.co.uk/id/country/scotland,,,
IV274JJ,http://data.ordnancesurvey.co.uk/id/postcodeunit/IV274JJ,IV27 4JJ,,,,other,Postcode,203063.000,930315.000,3500,18000,,,,,,,,,,,,,Highland,http://data.ordnancesurvey.co.uk/id/7000000000029638,http://data.ordnancesurvey.co.uk/ontology/admingeo/UnitaryAuthority,Scotland,http://data.ordnancesurvey.co.uk/id/7000000000041429,Scotland,http://data.ordnancesurvey.co.uk/id/country/scotland,,,
IV274LX,http://data.ordnancesurvey.co.uk/id/postcodeunit/IV274LX,IV27 4LX,,,,other,Postcode,209392.000,922454.000,3500,18000,,,,,,,Loch an Inbhir / Lochinver,http://data.ordnancesurvey.co.uk/id/4000000074336861,http://www.ordnancesurvey.co.uk/xml/codelists/localtype.xml#village,,,,Highland,http://data.ordnancesurvey.co.uk/id/7000000000029638,http://data.ordnancesurvey.co.uk/ontology/admingeo/UnitaryAuthority,Scotland,http://data.ordnancesurvey.co.uk/id/7000000000041429,Scotland,http://data.ordnancesurvey.co.uk/id/country/scotland,,,
IV274JE,http://data.ordnancesurvey.co.uk/id/postcodeunit/IV274JE,IV27 4JE,,,,other,Postcode,203936.000,929196.000,3500,18000,,,,,,,Stor / Stoer,http://data.ordnancesurvey.co.uk/id/4000000074543225,http://www.ordnancesurvey.co.uk/xml/codelists/localtype.xml#hamlet,,,,Highland,http://data.ordnancesurvey.co.uk/id/7000000000029638,http://data.ordnancesurvey.co.uk/ontology/admingeo/UnitaryAuthority,Scotland,http://data.ordnancesurvey.co.uk/id/7000000000041429,Scotland,http://data.ordnancesurvey.co.uk/id/country/scotland,,,
IV274JR,http://data.ordnancesurvey.co.uk/id/postcodeunit/IV274JR,IV27 4JR,,,,other,Postcode,209185.000,922149.000,3500,18000,,,,,,,Loch an Inbhir / Lochinver,http://data.ordnancesurvey.co.uk/id/4000000074336861,http://www.ordnancesurvey.co.uk/xml/codelists/localtype.xml#village,,,,Highland,http://data.ordnancesurvey.co.uk/id/7000000000029638,http://data.ordnancesurvey.co.uk/ontology/admingeo/UnitaryAuthority,Scotland,http://data.ordnancesurvey.co.uk/id/7000000000041429,Scotland,http://data.ordnancesurvey.co.uk/id/country/scotland,,,
IV274LG,http://data.ordnancesurvey.co.uk/id/postcodeunit/IV274LG,IV27 4LG,,,,other,Postcode,209238.000,922164.000,3500,18000,,,,,,,Loch an Inbhir / Lochinver,http://data.ordnancesurvey.co.uk/id/4000000074336861,http://www.ordnancesurvey.co.uk/xml/codelists/localtype.xml#village,,,,Highland,http://data.ordnancesurvey.co.uk/id/7000000000029638,http://data.ordnancesurvey.co.uk/ontology/admingeo/UnitaryAuthority,Scotland,http://data.ordnancesurvey.co.uk/id/7000000000041429,Scotland,http://data.ordnancesurvey.co.uk/id/country/scotland,,,
IV274JB,http://data.ordnancesurvey.co.uk/id/postcodeunit/IV274JB,IV27 4JB,,,,other,Postcode,207437.000,924852.000,3500,18000,,,,,,,Feadan,http://data.ordnancesurvey.co.uk/id/4000000074558557,http://www.ordnancesurvey.co.uk/xml/codelists/localtype.xml#hamlet,,,,Highland,http://data.ordnancesurvey.co.uk/id/7000000000029638,http://data.ordnancesurvey.co.uk/ontology/admingeo/UnitaryAuthority,Scotland,http://data.ordnancesurvey.co.uk/id/7000000000041429,Scotland,http://data.ordnancesurvey.co.uk/id/country/scotland,,,
IV274JA,http://data.ordnancesurvey.co.uk/id/postcodeunit/IV274JA,IV27 4JA,,,,other,Postcode,209648.000,923318.000,3500,18000,,,,,,,Loch an Inbhir / Lochinver,http://data.ordnancesurvey.co.uk/id/4000000074336861,http://www.ordnancesurvey.co.uk/xml/codelists/localtype.xml#village,,,,Highland,http://data.ordnancesurvey.co.uk/id/7000000000029638,http://data.ordnancesurvey.co.uk/ontology/admingeo/UnitaryAuthority,Scotland,http://data.ordnancesurvey.co.uk/id/7000000000041429,Scotland,http://data.ordnancesurvey.co.uk/id/country/scotland,,,
IV274LQ,http://data.ordnancesurvey.co.uk/id/postcodeunit/IV274LQ,IV27 4LQ,,,,other,Postcode,209196.000,922210.000,3500,18000,,,,,,,Loch an Inbhir / Lochinver,http://data.ordnancesurvey.co.uk/id/4000000074336861,http://www.ordnancesurvey.co.uk/xml/codelists/localtype.xml#village,,,,Highland,http://data.ordnancesurvey.co.uk/id/7000000000029638,http://data.ordnancesurvey.co.uk/ontology/admingeo/UnitaryAuthority,Scotland,http://data.ordnancesurvey.co.uk/id/7000000000041429,Scotland,http://data.ordnancesurvey.co.uk/id/country/scotland,,,
IV274LE,http://data.ordnancesurvey.co.uk/id/postcodeunit/IV274LE,IV27 4LE,,,,other,Postcode,209242.000,922103.000,3500,18000,,,,,,,Loch an Inbhir / Lochinver,http://data.ordnancesurvey.co.uk/id/4000000074336861,http://www.ordnancesurvey.co.uk/xml/codelists/localtype.xml#village,,,,Highland,http://data.ordnancesurvey.co.uk/id/7000000000029638,http://data.ordnancesurvey.co.uk/ontology/admingeo/UnitaryAuthority,Scotland,http://data.ordnancesurvey.co.uk/id/7000000000041429,Scotland,http://data.ordnancesurvey.co.uk/id/country/scotland,,,
IV274LN,http://data.ordnancesurvey.co.uk/id/postcodeunit/IV274LN,IV27 4LN,,,,other,Postcode,209009.000,922988.000,3500,18000,,,,,,,Loch an Inbhir / Lochinver,http://data.ordnancesurvey.co.uk/id/4000000074336861,http://www.ordnancesurvey.co.uk/xml/codelists/localtype.xml#village,,,,Highland,http://data.ordnancesurvey.co.uk/id/7000000000029638,http://data.ordnancesurvey.co.uk/ontology/admingeo/UnitaryAuthority,Scotland,http://data.ordnancesurvey.co.uk/id/7000000000041429,Scotland,http://data.ordnancesurvey.co.uk/id/country/scotland,,,
IV274LY,http://data.ordnancesurvey.co.uk/id/postcodeunit/IV274LY,IV27 4LY,,,,other,Postcode,208891.000,923010.000,3500,18000,,,,,,,Loch an Inbhir / Lochinver,http://data.ordnancesurvey.co.uk/id/4000000074336861,http://www.ordnancesurvey.co.uk/xml/codelists/localtype.xml#village,,,,Highland,http://data.ordnancesurvey.co.uk/id/7000000000029638,http://data.ordnancesurvey.co.uk/ontology/admingeo/UnitaryAuthority,Scotland,http://data.ordnancesurvey.co.uk/id/7000000000041429,Scotland,http://data.ordnancesurvey.co.uk/id/country/scotland,,,
IV274JG,http://data.ordnancesurvey.co.uk/id/postcodeunit/IV274JG,IV27 4JG,,,,other,Postcode,203813.000,932689.000,3500,18000,,,,,,,Cùl-cinn / Culkein,http://data.ordnancesurvey.co.uk/id/4000000074543086,http://www.ordnancesurvey.co.uk/xml/codelists/localtype.xml#otherSettlement,,,,Highland,http://data.ordnancesurvey.co.uk/id/7000000000029638,http://data.ordnancesurvey.co.uk/ontology/admingeo/UnitaryAuthority,Scotland,http://data.ordnancesurvey.co.uk/id/7000000000041429,Scotland,http://data.ordnancesurvey.co.uk/id/country/scotland,,,
IV274LH,http://data.ordnancesurvey.co.uk/id/postcodeunit/IV274LH,IV27 4LH,,,,other,Postcode,209470.000,922233.000,3500,18000,,,,,,,Loch an Inbhir / Lochinver,http://data.ordnancesurvey.co.uk/id/4000000074336861,http://www.ordnancesurvey.co.uk/xml/codelists/localtype.xml#village,,,,Highland,http://data.ordnancesurvey.co.uk/id/7000000000029638,http://data.ordnancesurvey.co.uk/ontology/admingeo/UnitaryAuthority,Scotland,http://data.ordnancesurvey.co.uk/id/7000000000041429,Scotland,http://data.ordnancesurvey.co.uk/id/country/scotland,,,
IV274LA,http://data.ordnancesurvey.co.uk/id/postcodeunit/IV274LA,IV27 4LA,,,,other,Postcode,209535.000,922967.000,3500,18000,,,,,,,Loch an Inbhir / Lochinver,http://data.ordnancesurvey.co.uk/id/4000000074336861,http://www.ordnancesurvey.co.uk/xml/codelists/localtype.xml#village,,,,Highland,http://data.ordnancesurvey.co.uk/id/7000000000029638,http://data.ordnancesurvey.co.uk/ontology/admingeo/UnitaryAuthority,Scotland,http://data.ordnancesurvey.co.uk/id/7000000000041429,Scotland,http://data.ordnancesurvey.co.uk/id/country/scotland,,,
IV274LL,http://data.ordnancesurvey.co.uk/id/postcodeunit/IV274LL,IV27 4LL,,,,other,Postcode,209247.000,922959.000,3500,18000,,,,,,,Loch an Inbhir / Lochinver,http://data.ordnancesurvey.co.uk/id/4000000074336861,http://www.ordnancesurvey.co.uk/xml/codelists/localtype.xml#village,,,,Highland,http://data.ordnancesurvey.co.uk/id/7000000000029638,http://data.ordnancesurvey.co.uk/ontology/admingeo/UnitaryAuthority,Scotland,http://data.ordnancesurvey.co.uk/id/7000000000041429,Scotland,http://data.ordnancesurvey.co.uk/id/country/scotland,,,
IV274HB,http://data.ordnancesurvey.co.uk/id/postcodeunit/IV274HB,IV27 4HB,,,,other,Postcode,215527.000,924993.000,3500,18000,,,,,,,,,,,,,Highland,http://data.ordnancesurvey.co.uk/id/7000000000029638,http://data.ordnancesurvey.co.uk/ontology/admingeo/UnitaryAuthority,Scotland,http://data.ordnancesurvey.co.uk/id/7000000000041429,Scotland,http://data.ordnancesurvey.co.uk/id/country/scotland,,,
IV274JQ,http://data.ordnancesurvey.co.uk/id/postcodeunit/IV274JQ,IV27 4JQ,,,,other,Postcode,203229.000,931368.000,3500,18000,,,,,,,Clashmore,http://data.ordnancesurvey.co.uk/id/4000000074558561,http://www.ordnancesurvey.co.uk/xml/codelists/localtype.xml#hamlet,,,,Highland,http://data.ordnancesurvey.co.uk/id/7000000000029638,http://data.ordnancesurvey.co.uk/ontology/admingeo/UnitaryAuthority,Scotland,http://data.ordnancesurvey.co.uk/id/7000000000041429,Scotland,http://data.ordnancesurvey.co.uk/id/country/scotland,,,
IV274JY,http://data.ordnancesurvey.co.uk/id/postcodeunit/IV274JY,IV27 4JY,,,,other,Postcode,209432.000,922833.000,3500,18000,,,,,,,Loch an Inbhir / Lochinver,http://data.ordnancesurvey.co.uk/id/4000000074336861,http://www.ordnancesurvey.co.uk/xml/codelists/localtype.xml#village,,,,Highland,http://data.ordnancesurvey.co.uk/id/7000000000029638,http://data.ordnancesurvey.co.uk/ontology/admingeo/UnitaryAuthority,Scotland,http://data.ordnancesurvey.co.uk/id/7000000000041429,Scotland,http://data.ordnancesurvey.co.uk/id/country/scotland,,,
IV274LT,http://data.ordnancesurvey.co.uk/id/postcodeunit/IV274LT,IV27 4LT,,,,other,Postcode,209048.000,922926.000,3500,18000,,,,,,,Loch an Inbhir / Lochinver,http://data.ordnancesurvey.co.uk/id/4000000074336861,http://www.ordnancesurvey.co.uk/xml/codelists/localtype.xml#village,,,,Highland,http://data.ordnancesurvey.co.uk/id/7000000000029638,http://data.ordnancesurvey.co.uk/ontology/admingeo/UnitaryAuthority,Scotland,http://data.ordnancesurvey.co.uk/id/7000000000041429,Scotland,http://data.ordnancesurvey.co.uk/id/country/scotland,,,
IV274LF,http://data.ordnancesurvey.co.uk/id/postcodeunit/IV274LF,IV27 4LF,,,,other,Postcode,209445.000,922037.000,3500,18000,,,,,,,Loch an Inbhir / Lochinver,http://data.ordnancesurvey.co.uk/id/4000000074336861,http://www.ordnancesurvey.co.uk/xml/codelists/localtype.xml#village,,,,Highland,http://data.ordnancesurvey.co.uk/id/7000000000029638,http://data.ordnancesurvey.co.uk/ontology/admingeo/UnitaryAuthority,Scotland,http://data.ordnancesurvey.co.uk/id/7000000000041429,Scotland,http://data.ordnancesurvey.co.uk/id/country/scotland,,,
IV274JH,http://data.ordnancesurvey.co.uk/id/postcodeunit/IV274JH,IV27 4JH,,,,other,Postcode,201787.000,932266.000,3500,18000,,,,,,,Raffin,http://data.ordnancesurvey.co.uk/id/4000000074541412,http://www.ordnancesurvey.co.uk/xml/codelists/localtype.xml#hamlet,,,,Highland,http://data.ordnancesurvey.co.uk/id/7000000000029638,http://data.ordnancesurvey.co.uk/ontology/admingeo/UnitaryAuthority,Scotland,http://data.ordnancesurvey.co.uk/id/7000000000041429,Scotland,http://data.ordnancesurvey.co.uk/id/country/scotland,,,
IV274LU,http://data.ordnancesurvey.co.uk/id/postcodeunit/IV274LU,IV27 4LU,,,,other,Postcode,209784.000,922485.000,3500,18000,,,,,,,Loch an Inbhir / Lochinver,http://data.ordnancesurvey.co.uk/id/4000000074336861,http://www.ordnancesurvey.co.uk/xml/codelists/localtype.xml#village,,,,Highland,http://data.ordnancesurvey.co.uk/id/7000000000029638,http://data.ordnancesurvey.co.uk/ontology/admingeo/UnitaryAuthority,Scotland,http://data.ordnancesurvey.co.uk/id/7000000000041429,Scotland,http://data.ordnancesurvey.co.uk/id/country/scotland,,,
IV274LW,http://data.ordnancesurvey.co.uk/id/postcodeunit/IV274LW,IV27 4LW,,,,other,Postcode,211627.000,922107.000,3500,18000,,,,,,,,,,,,,Highland,http://data.ordnancesurvey.co.uk/id/7000000000029638,http://data.ordnancesurvey.co.uk/ontology/admingeo/UnitaryAuthority,Scotland,http://data.ordnancesurvey.co.uk/id/7000000000041429,Scotland,http://data.ordnancesurvey.co.uk/id/country/scotland,,,
IV274TJ,http://data.ordnancesurvey.co.uk/id/postcodeunit/IV274TJ,IV27 4TJ,,,,other,Postcode,219950.000,937353.000,3500,18000,,,,,,,,,,,,,Highland,http://data.ordnancesurvey.co.uk/id/7000000000029638,http://data.ordnancesurvey.co.uk/ontology/admingeo/UnitaryAuthority,Scotland,http://data.ordnancesurvey.co.uk/id/7000000000041429,Scotland,http://data.ordnancesurvey.co.uk/id/country/scotland,,,
IV274NL,http://data.ordnancesurvey.co.uk/id/postcodeunit/IV274NL,IV27 4NL,,,,other,Postcode,211273.000,933586.000,3500,18000,,,,,,,Culkein Drumbeg,http://data.ordnancesurvey.co.uk/id/4000000074558559,http://www.ordnancesurvey.co.uk/xml/codelists/localtype.xml#hamlet,,,,Highland,http://data.ordnancesurvey.co.uk/id/7000000000029638,http://data.ordnancesurvey.co.uk/ontology/admingeo/UnitaryAuthority,Scotland,http://data.ordnancesurvey.co.uk/id/7000000000041429,Scotland,http://data.ordnancesurvey.co.uk/id/country/scotland,,,
IV274LP,http://data.ordnancesurvey.co.uk/id/postcodeunit/IV274LP,IV27 4LP,,,,other,Postcode,208503.000,922961.000,3500,18000,,,,,,,,,,,,,Highland,http://data.ordnancesurvey.co.uk/id/7000000000029638,http://data.ordnancesurvey.co.uk/ontology/admingeo/UnitaryAuthority,Scotland,http://data.ordnancesurvey.co.uk/id/7000000000041429,Scotland,http://data.ordnancesurvey.co.uk/id/country/scotland,,,
IV274LD,http://data.ordnancesurvey.co.uk/id/postcodeunit/IV274LD,IV27 4LD,,,,other,Postcode,209385.000,922413.000,3500,18000,,,,,,,Loch an Inbhir / Lochinver,http://data.ordnancesurvey.co.uk/id/4000000074336861,http://www.ordnancesurvey.co.uk/xml/codelists/localtype.xml#village,,,,Highland,http://data.ordnancesurvey.co.uk/id/7000000000029638,http://data.ordnancesurvey.co.uk/ontology/admingeo/UnitaryAuthority,Scotland,http://data.ordnancesurvey.co.uk/id/7000000000041429,Scotland,http://data.ordnancesurvey.co.uk/id/country/scotland,,,
osgb4000000003340031,http://data.ordnancesurvey.co.uk/id/4000000003340031,Kirk Road,,,,transportNetwork,Named Road,209034.000,922933.000,1000,20000,208977.814,922877.000,209131.293,923006.517,IV27,http://data.ordnancesurvey.co.uk/id/postcodedistrict/IV27,Loch an Inbhir / Lochinver,http://data.ordnancesurvey.co.uk/id/4000000074336861,http://www.ordnancesurvey.co.uk/xml/codelists/localtype.xml#village,,,,Highland,http://data.ordnancesurvey.co.uk/id/7000000000029638,http://data.ordnancesurvey.co.uk/ontology/admingeo/UnitaryAuthority,Scotland,http://data.ordnancesurvey.co.uk/id/7000000000041429,Scotland,http://data.ordnancesurvey.co.uk/id/country/scotland,,,
osgb4000000003343225,http://data.ordnancesurvey.co.uk/id/4000000003343225,Baddidaroch Road,,,,transportNetwork,Named Road,208864.791,923003.881,1000,20000,208782.000,922920.000,208969.156,923063.764,IV27,http://data.ordnancesurvey.co.uk/id/postcodedistrict/IV27,Loch an Inbhir / Lochinver,http://data.ordnancesurvey.co.uk/id/4000000074336861,http://www.ordnancesurvey.co.uk/xml/codelists/localtype.xml#village,,,,Highland,http://data.ordnancesurvey.co.uk/id/7000000000029638,http://data.ordnancesurvey.co.uk/ontology/admingeo/UnitaryAuthority,Scotland,http://data.ordnancesurvey.co.uk/id/7000000000041429,Scotland,http://data.ordnancesurvey.co.uk/id/country/scotland,,,
osgb4000000003340032,http://data.ordnancesurvey.co.uk/id/4000000003340032,Inver Park,,,,transportNetwork,Named Road,208963.000,923000.000,1000,20000,208896.000,922930.985,209070.153,923063.764,IV27,http://data.ordnancesurvey.co.uk/id/postcodedistrict/IV27,Loch an Inbhir / Lochinver,http://data.ordnancesurvey.co.uk/id/4000000074336861,http://www.ordnancesurvey.co.uk/xml/codelists/localtype.xml#village,,,,Highland,http://data.ordnancesurvey.co.uk/id/7000000000029638,http://data.ordnancesurvey.co.uk/ontology/admingeo/UnitaryAuthority,Scotland,http://data.ordnancesurvey.co.uk/id/7000000000041429,Scotland,http://data.ordnancesurvey.co.uk/id/country/scotland,,,
e6c28437-888b-441c-8a27-62f91db5bc14,http://data.ordnancesurvey.co.uk/id/e6c28437-888b-441c-8a27-62f91db5bc14,Canisp Road,,,,transportNetwork,Section Of Named Road,209664.000,922260.000,3000,25000,209391.000,922253.000,209917.807,922359.467,IV27,http://data.ordnancesurvey.co.uk/id/postcodedistrict/IV27,Loch an Inbhir / Lochinver,http://data.ordnancesurvey.co.uk/id/4000000074336861,http://www.ordnancesurvey.co.uk/xml/codelists/localtype.xml#village,,,,Highland,http://data.ordnancesurvey.co.uk/id/7000000000029638,http://data.ordnancesurvey.co.uk/ontology/admingeo/UnitaryAuthority,Scotland,http://data.ordnancesurvey.co.uk/id/7000000000041429,Scotland,http://data.ordnancesurvey.co.uk/id/country/scotland,osgb4000000003340030,,
osgb4000000003340063,http://data.ordnancesurvey.co.uk/id/4000000003340063,Culag Gardens,,,,transportNetwork,Named Road,209209.000,922147.000,1000,20000,209190.000,922115.000,209240.000,922176.000,IV27,http://data.ordnancesurvey.co.uk/id/postcodedistrict/IV27,Loch an Inbhir / Lochinver,http://data.ordnancesurvey.co.uk/id/4000000074336861,http://www.ordnancesurvey.co.uk/xml/codelists/localtype.xml#village,,,,Highland,http://data.ordnancesurvey.co.uk/id/7000000000029638,http://data.ordnancesurvey.co.uk/ontology/admingeo/UnitaryAuthority,Scotland,http://data.ordnancesurvey.co.uk/id/7000000000041429,Scotland,http://data.ordnancesurvey.co.uk/id/country/scotland,,,
osgb4000000003340030,http://data.ordnancesurvey.co.uk/id/4000000003340030,Canisp Road,,,,transportNetwork,Named Road,210059.000,922307.000,9000,20000,209391.000,921984.022,210728.957,922375.000,IV27,http://data.ordnancesurvey.co.uk/id/postcodedistrict/IV27,,,,,,,Highland,http://data.ordnancesurvey.co.uk/id/7000000000029638,http://data.ordnancesurvey.co.uk/ontology/admingeo/UnitaryAuthority,Scotland,http://data.ordnancesurvey.co.uk/id/7000000000041429,Scotland,http://data.ordnancesurvey.co.uk/id/country/scotland,,,
osgb4000000003340194,http://data.ordnancesurvey.co.uk/id/4000000003340194,B869,,,,transportNetwork,Numbered Road,214636.092,931480.995,126000,250000,203763.000,923523.000,223195.167,933325.181,IV27,http://data.ordnancesurvey.co.uk/id/postcodedistrict/IV27,,,,,,,Highland,http://data.ordnancesurvey.co.uk/id/7000000000029638,http://data.ordnancesurvey.co.uk/ontology/admingeo/UnitaryAuthority,Scotland,http://data.ordnancesurvey.co.uk/id/7000000000041429,Scotland,http://data.ordnancesurvey.co.uk/id/country/scotland,,,
osgb4000000003340033,http://data.ordnancesurvey.co.uk/id/4000000003340033,Inver Terrace,,,,transportNetwork,Named Road,209284.000,923027.000,1000,20000,209228.969,922955.555,209369.000,923080.000,IV27,http://data.ordnancesurvey.co.uk/id/postcodedistrict/IV27,Loch an Inbhir / Lochinver,http://data.ordnancesurvey.co.uk/id/4000000074336861,http://www.ordnancesurvey.co.uk/xml/codelists/localtype.xml#village,,,,Highland,http://data.ordnancesurvey.co.uk/id/7000000000029638,http://data.ordnancesurvey.co.uk/ontology/admingeo/UnitaryAuthority,Scotland,http://data.ordnancesurvey.co.uk/id/7000000000041429,Scotland,http://data.ordnancesurvey.co.uk/id/country/scotland,,,
osgb4000000003340064,http://data.ordnancesurvey.co.uk/id/4000000003340064,Cnoc Glas,,,,transportNetwork,Named Road,212005.937,932815.567,1000,20000,211953.747,932773.806,212048.287,932834.144,IV27,http://data.ordnancesurvey.co.uk/id/postcodedistrict/IV27,An Druim Beag / Drumbeg,http://data.ordnancesurvey.co.uk/id/4000000074336872,http://www.ordnancesurvey.co.uk/xml/codelists/localtype.xml#village,,,,Highland,http://data.ordnancesurvey.co.uk/id/7000000000029638,http://data.ordnancesurvey.co.uk/ontology/admingeo/UnitaryAuthority,Scotland,http://data.ordnancesurvey.co.uk/id/7000000000041429,Scotland,http://data.ordnancesurvey.co.uk/id/country/scotland,,,
osgb4000000003340062,http://data.ordnancesurvey.co.uk/id/4000000003340062,Culag Road,,,,transportNetwork,Named Road,209329.000,922182.000,1000,20000,209272.000,922179.000,209393.000,922207.000,IV27,http://data.ordnancesurvey.co.uk/id/postcodedistrict/IV27,Loch an Inbhir / Lochinver,http://data.ordnancesurvey.co.uk/id/4000000074336861,http://www.ordnancesurvey.co.uk/xml/codelists/localtype.xml#village,,,,Highland,http://data.ordnancesurvey.co.uk/id/7000000000029638,http://data.ordnancesurvey.co.uk/ontology/admingeo/UnitaryAuthority,Scotland,http://data.ordnancesurvey.co.uk/id/7000000000041429,Scotland,http://data.ordnancesurvey.co.uk/id/country/scotland,,,
IV274NW,http://data.ordnancesurvey.co.uk/id/postcodeunit/IV274NW,IV27 4NW,,,,other,Postcode,212196.000,932737.000,3500,18000,,,,,,,An Druim Beag / Drumbeg,http://data.ordnancesurvey.co.uk/id/4000000074336872,http://www.ordnancesurvey.co.uk/xml/codelists/localtype.xml#village,,,,Highland,http://data.ordnancesurvey.co.uk/id/7000000000029638,http://data.ordnancesurvey.co.uk/ontology/admingeo/UnitaryAuthority,Scotland,http://data.ordnancesurvey.co.uk/id/7000000000041429,Scotland,http://data.ordnancesurvey.co.uk/id/country/scotland,,,
IV274JF,http://data.ordnancesurvey.co.uk/id/postcodeunit/IV274JF,IV27 4JF,,,,other,Postcode,205362.000,930865.000,3500,18000,,,,,,,Clais an Easaidh / Clashnessie,http://data.ordnancesurvey.co.uk/id/4000000074543085,http://www.ordnancesurvey.co.uk/xml/codelists/localtype.xml#hamlet,,,,Highland,http://data.ordnancesurvey.co.uk/id/7000000000029638,http://data.ordnancesurvey.co.uk/ontology/admingeo/UnitaryAuthority,Scotland,http://data.ordnancesurvey.co.uk/id/7000000000041429,Scotland,http://data.ordnancesurvey.co.uk/id/country/scotland,,,
IV274LB,http://data.ordnancesurvey.co.uk/id/postcodeunit/IV274LB,IV27 4LB,,,,other,Postcode,209422.000,922661.000,3500,18000,,,,,,,Loch an Inbhir / Lochinver,http://data.ordnancesurvey.co.uk/id/4000000074336861,http://www.ordnancesurvey.co.uk/xml/codelists/localtype.xml#village,,,,Highland,http://data.ordnancesurvey.co.uk/id/7000000000029638,http://data.ordnancesurvey.co.uk/ontology/admingeo/UnitaryAuthority,Scotland,http://data.ordnancesurvey.co.uk/id/7000000000041429,Scotland,http://data.ordnancesurvey.co.uk/id/country/scotland,,,
IV274JP,http://data.ordnancesurvey.co.uk/id/postcodeunit/IV274JP,IV27 4JP,,,,other,Postcode,209030.000,922210.000,3500,18000,,,,,,,Loch an Inbhir / Lochinver,http://data.ordnancesurvey.co.uk/id/4000000074336861,http://www.ordnancesurvey.co.uk/xml/codelists/localtype.xml#village,,,,Highland,http://data.ordnancesurvey.co.uk/id/7000000000029638,http://data.ordnancesurvey.co.uk/ontology/admingeo/UnitaryAuthority,Scotland,http://data.ordnancesurvey.co.uk/id/7000000000041429,Scotland,http://data.ordnancesurvey.co.uk/id/country/scotland,,,
IV274NN,http://data.ordnancesurvey.co.uk/id/postcodeunit/IV274NN,IV27 4NN,,,,other,Postcode,213641.000,932024.000,3500,18000,,,,,,,An Nead / Nedd,http://data.ordnancesurvey.co.uk/id/4000000074336873,http://www.ordnancesurvey.co.uk/xml/codelists/localtype.xml#hamlet,,,,Highland,http://data.ordnancesurvey.co.uk/id/7000000000029638,http://data.ordnancesurvey.co.uk/ontology/admingeo/UnitaryAuthority,Scotland,http://data.ordnancesurvey.co.uk/id/7000000000041429,Scotland,http://data.ordnancesurvey.co.uk/id/country/scotland,,,
