﻿osgb4000000074558949,http://data.ordnancesurvey.co.uk/id/4000000074558949,Scourie,,,,populatedPlace,Village,215462.480,944691.100,6000,250000,215142.861,944113.300,215928.665,945067.487,IV27,http://data.ordnancesurvey.co.uk/id/postcodedistrict/IV27,,,,,,,Highland,http://data.ordnancesurvey.co.uk/id/7000000000029638,http://data.ordnancesurvey.co.uk/ontology/admingeo/UnitaryAuthority,Scotland,http://data.ordnancesurvey.co.uk/id/7000000000041429,Scotland,http://data.ordnancesurvey.co.uk/id/country/scotland,,,http://sws.geonames.org/2638344
osgb4000000074541415,http://data.ordnancesurvey.co.uk/id/4000000074541415,Polin,,,,populatedPlace,Hamlet,219544.152,959172.304,5000,25000,219273.117,958873.765,219773.117,959373.765,IV27,http://data.ordnancesurvey.co.uk/id/postcodedistrict/IV27,,,,,,,Highland,http://data.ordnancesurvey.co.uk/id/7000000000029638,http://data.ordnancesurvey.co.uk/ontology/admingeo/UnitaryAuthority,Scotland,http://data.ordnancesurvey.co.uk/id/7000000000041429,Scotland,http://data.ordnancesurvey.co.uk/id/country/scotland,,,
osgb4000000074558950,http://data.ordnancesurvey.co.uk/id/4000000074558950,Fanagmore,,,,populatedPlace,Other Settlement,217579.000,949724.000,15000,25000,217414.707,949509.463,217914.707,950009.463,IV27,http://data.ordnancesurvey.co.uk/id/postcodedistrict/IV27,,,,,,,Highland,http://data.ordnancesurvey.co.uk/id/7000000000029638,http://data.ordnancesurvey.co.uk/ontology/admingeo/UnitaryAuthority,Scotland,http://data.ordnancesurvey.co.uk/id/7000000000041429,Scotland,http://data.ordnancesurvey.co.uk/id/country/scotland,,http://dbpedia.org/resource/Fanagmore,
osgb4000000074555965,http://data.ordnancesurvey.co.uk/id/4000000074555965,Oldshore Beg,,,,populatedPlace,Hamlet,219616.000,959308.000,5000,25000,219378.527,959127.502,219878.527,959627.502,IV27,http://data.ordnancesurvey.co.uk/id/postcodedistrict/IV27,,,,,,,Highland,http://data.ordnancesurvey.co.uk/id/7000000000029638,http://data.ordnancesurvey.co.uk/ontology/admingeo/UnitaryAuthority,Scotland,http://data.ordnancesurvey.co.uk/id/7000000000041429,Scotland,http://data.ordnancesurvey.co.uk/id/country/scotland,,http://dbpedia.org/resource/Oldshore_Beg,http://sws.geonames.org/2640993
osgb4000000074558951,http://data.ordnancesurvey.co.uk/id/4000000074558951,Tarbet,,,,populatedPlace,Hamlet,216591.000,948753.000,5000,25000,216309.092,948621.772,216826.725,949121.772,IV27,http://data.ordnancesurvey.co.uk/id/postcodedistrict/IV27,,,,,,,Highland,http://data.ordnancesurvey.co.uk/id/7000000000029638,http://data.ordnancesurvey.co.uk/ontology/admingeo/UnitaryAuthority,Scotland,http://data.ordnancesurvey.co.uk/id/7000000000041429,Scotland,http://data.ordnancesurvey.co.uk/id/country/scotland,,,
osgb4000000074558948,http://data.ordnancesurvey.co.uk/id/4000000074558948,Foindle,,,,populatedPlace,Hamlet,218931.000,948540.000,5000,25000,218853.592,948291.774,219377.466,949052.636,IV27,http://data.ordnancesurvey.co.uk/id/postcodedistrict/IV27,,,,,,,Highland,http://data.ordnancesurvey.co.uk/id/7000000000029638,http://data.ordnancesurvey.co.uk/ontology/admingeo/UnitaryAuthority,Scotland,http://data.ordnancesurvey.co.uk/id/7000000000041429,Scotland,http://data.ordnancesurvey.co.uk/id/country/scotland,,http://dbpedia.org/resource/Foindle,
osgb4000000074556334,http://data.ordnancesurvey.co.uk/id/4000000074556334,Droman,,,,populatedPlace,Hamlet,218831.340,959422.350,5000,25000,218566.741,959177.321,219066.741,959677.321,IV27,http://data.ordnancesurvey.co.uk/id/postcodedistrict/IV27,,,,,,,Highland,http://data.ordnancesurvey.co.uk/id/7000000000029638,http://data.ordnancesurvey.co.uk/ontology/admingeo/UnitaryAuthority,Scotland,http://data.ordnancesurvey.co.uk/id/7000000000041429,Scotland,http://data.ordnancesurvey.co.uk/id/country/scotland,,,
osgb4000000074558947,http://data.ordnancesurvey.co.uk/id/4000000074558947,Upper Badcall,,,,populatedPlace,Hamlet,215628.000,942161.000,5000,25000,215149.094,941568.798,215891.249,942198.688,IV27,http://data.ordnancesurvey.co.uk/id/postcodedistrict/IV27,,,,,,,Highland,http://data.ordnancesurvey.co.uk/id/7000000000029638,http://data.ordnancesurvey.co.uk/ontology/admingeo/UnitaryAuthority,Scotland,http://data.ordnancesurvey.co.uk/id/7000000000041429,Scotland,http://data.ordnancesurvey.co.uk/id/country/scotland,,,
osgb4000000074558946,http://data.ordnancesurvey.co.uk/id/4000000074558946,Lower Badcall,,,,populatedPlace,Hamlet,216527.820,941736.900,5000,25000,216168.231,941419.121,216668.231,942179.983,IV27,http://data.ordnancesurvey.co.uk/id/postcodedistrict/IV27,,,,,,,Highland,http://data.ordnancesurvey.co.uk/id/7000000000029638,http://data.ordnancesurvey.co.uk/ontology/admingeo/UnitaryAuthority,Scotland,http://data.ordnancesurvey.co.uk/id/7000000000041429,Scotland,http://data.ordnancesurvey.co.uk/id/country/scotland,,,
IV274SS,http://data.ordnancesurvey.co.uk/id/postcodeunit/IV274SS,IV27 4SS,,,,other,Postcode,216397.000,948879.000,3500,18000,,,,,,,Tarbet,http://data.ordnancesurvey.co.uk/id/4000000074558951,http://www.ordnancesurvey.co.uk/xml/codelists/localtype.xml#hamlet,,,,Highland,http://data.ordnancesurvey.co.uk/id/7000000000029638,http://data.ordnancesurvey.co.uk/ontology/admingeo/UnitaryAuthority,Scotland,http://data.ordnancesurvey.co.uk/id/7000000000041429,Scotland,http://data.ordnancesurvey.co.uk/id/country/scotland,,,
IV274TE,http://data.ordnancesurvey.co.uk/id/postcodeunit/IV274TE,IV27 4TE,,,,other,Postcode,215788.000,944566.000,3500,18000,,,,,,,Scourie,http://data.ordnancesurvey.co.uk/id/4000000074558949,http://www.ordnancesurvey.co.uk/xml/codelists/localtype.xml#village,,,,Highland,http://data.ordnancesurvey.co.uk/id/7000000000029638,http://data.ordnancesurvey.co.uk/ontology/admingeo/UnitaryAuthority,Scotland,http://data.ordnancesurvey.co.uk/id/7000000000041429,Scotland,http://data.ordnancesurvey.co.uk/id/country/scotland,,,
IV274TG,http://data.ordnancesurvey.co.uk/id/postcodeunit/IV274TG,IV27 4TG,,,,other,Postcode,214884.000,944243.000,3500,18000,,,,,,,Scourie Mor,http://data.ordnancesurvey.co.uk/id/4000000074543379,http://www.ordnancesurvey.co.uk/xml/codelists/localtype.xml#village,,,,Highland,http://data.ordnancesurvey.co.uk/id/7000000000029638,http://data.ordnancesurvey.co.uk/ontology/admingeo/UnitaryAuthority,Scotland,http://data.ordnancesurvey.co.uk/id/7000000000041429,Scotland,http://data.ordnancesurvey.co.uk/id/country/scotland,,,
IV274TD,http://data.ordnancesurvey.co.uk/id/postcodeunit/IV274TD,IV27 4TD,,,,other,Postcode,215763.000,944693.000,3500,18000,,,,,,,Scourie,http://data.ordnancesurvey.co.uk/id/4000000074558949,http://www.ordnancesurvey.co.uk/xml/codelists/localtype.xml#village,,,,Highland,http://data.ordnancesurvey.co.uk/id/7000000000029638,http://data.ordnancesurvey.co.uk/ontology/admingeo/UnitaryAuthority,Scotland,http://data.ordnancesurvey.co.uk/id/7000000000041429,Scotland,http://data.ordnancesurvey.co.uk/id/country/scotland,,,
IV274SR,http://data.ordnancesurvey.co.uk/id/postcodeunit/IV274SR,IV27 4SR,,,,other,Postcode,215490.000,944679.000,3500,18000,,,,,,,Scourie,http://data.ordnancesurvey.co.uk/id/4000000074558949,http://www.ordnancesurvey.co.uk/xml/codelists/localtype.xml#village,,,,Highland,http://data.ordnancesurvey.co.uk/id/7000000000029638,http://data.ordnancesurvey.co.uk/ontology/admingeo/UnitaryAuthority,Scotland,http://data.ordnancesurvey.co.uk/id/7000000000041429,Scotland,http://data.ordnancesurvey.co.uk/id/country/scotland,,,
IV274TW,http://data.ordnancesurvey.co.uk/id/postcodeunit/IV274TW,IV27 4TW,,,,other,Postcode,215770.000,944656.000,3500,18000,,,,,,,Scourie,http://data.ordnancesurvey.co.uk/id/4000000074558949,http://www.ordnancesurvey.co.uk/xml/codelists/localtype.xml#village,,,,Highland,http://data.ordnancesurvey.co.uk/id/7000000000029638,http://data.ordnancesurvey.co.uk/ontology/admingeo/UnitaryAuthority,Scotland,http://data.ordnancesurvey.co.uk/id/7000000000041429,Scotland,http://data.ordnancesurvey.co.uk/id/country/scotland,,,
IV274TB,http://data.ordnancesurvey.co.uk/id/postcodeunit/IV274TB,IV27 4TB,,,,other,Postcode,215673.000,944703.000,3500,18000,,,,,,,Scourie,http://data.ordnancesurvey.co.uk/id/4000000074558949,http://www.ordnancesurvey.co.uk/xml/codelists/localtype.xml#village,,,,Highland,http://data.ordnancesurvey.co.uk/id/7000000000029638,http://data.ordnancesurvey.co.uk/ontology/admingeo/UnitaryAuthority,Scotland,http://data.ordnancesurvey.co.uk/id/7000000000041429,Scotland,http://data.ordnancesurvey.co.uk/id/country/scotland,,,
IV274ST,http://data.ordnancesurvey.co.uk/id/postcodeunit/IV274ST,IV27 4ST,,,,other,Postcode,217695.000,949682.000,3500,18000,,,,,,,Fanagmore,http://data.ordnancesurvey.co.uk/id/4000000074558950,http://www.ordnancesurvey.co.uk/xml/codelists/localtype.xml#otherSettlement,,,,Highland,http://data.ordnancesurvey.co.uk/id/7000000000029638,http://data.ordnancesurvey.co.uk/ontology/admingeo/UnitaryAuthority,Scotland,http://data.ordnancesurvey.co.uk/id/7000000000041429,Scotland,http://data.ordnancesurvey.co.uk/id/country/scotland,,,
IV274SX,http://data.ordnancesurvey.co.uk/id/postcodeunit/IV274SX,IV27 4SX,,,,other,Postcode,215684.000,944707.000,3500,18000,,,,,,,Scourie,http://data.ordnancesurvey.co.uk/id/4000000074558949,http://www.ordnancesurvey.co.uk/xml/codelists/localtype.xml#village,,,,Highland,http://data.ordnancesurvey.co.uk/id/7000000000029638,http://data.ordnancesurvey.co.uk/ontology/admingeo/UnitaryAuthority,Scotland,http://data.ordnancesurvey.co.uk/id/7000000000041429,Scotland,http://data.ordnancesurvey.co.uk/id/country/scotland,,,
IV274RT,http://data.ordnancesurvey.co.uk/id/postcodeunit/IV274RT,IV27 4RT,,,,other,Postcode,219669.000,959501.000,3500,18000,,,,,,,Oldshore Beg,http://data.ordnancesurvey.co.uk/id/4000000074555965,http://www.ordnancesurvey.co.uk/xml/codelists/localtype.xml#hamlet,,,,Highland,http://data.ordnancesurvey.co.uk/id/7000000000029638,http://data.ordnancesurvey.co.uk/ontology/admingeo/UnitaryAuthority,Scotland,http://data.ordnancesurvey.co.uk/id/7000000000041429,Scotland,http://data.ordnancesurvey.co.uk/id/country/scotland,,,
IV274TF,http://data.ordnancesurvey.co.uk/id/postcodeunit/IV274TF,IV27 4TF,,,,other,Postcode,215188.000,943842.000,3500,18000,,,,,,,Scourie Mor,http://data.ordnancesurvey.co.uk/id/4000000074543379,http://www.ordnancesurvey.co.uk/xml/codelists/localtype.xml#village,,,,Highland,http://data.ordnancesurvey.co.uk/id/7000000000029638,http://data.ordnancesurvey.co.uk/ontology/admingeo/UnitaryAuthority,Scotland,http://data.ordnancesurvey.co.uk/id/7000000000041429,Scotland,http://data.ordnancesurvey.co.uk/id/country/scotland,,,
IV274TQ,http://data.ordnancesurvey.co.uk/id/postcodeunit/IV274TQ,IV27 4TQ,,,,other,Postcode,215269.000,943627.000,3500,18000,,,,,,,Scourie Mor,http://data.ordnancesurvey.co.uk/id/4000000074543379,http://www.ordnancesurvey.co.uk/xml/codelists/localtype.xml#village,,,,Highland,http://data.ordnancesurvey.co.uk/id/7000000000029638,http://data.ordnancesurvey.co.uk/ontology/admingeo/UnitaryAuthority,Scotland,http://data.ordnancesurvey.co.uk/id/7000000000041429,Scotland,http://data.ordnancesurvey.co.uk/id/country/scotland,,,
IV274SU,http://data.ordnancesurvey.co.uk/id/postcodeunit/IV274SU,IV27 4SU,,,,other,Postcode,219177.000,948728.000,3500,18000,,,,,,,Foindle,http://data.ordnancesurvey.co.uk/id/4000000074558948,http://www.ordnancesurvey.co.uk/xml/codelists/localtype.xml#hamlet,,,,Highland,http://data.ordnancesurvey.co.uk/id/7000000000029638,http://data.ordnancesurvey.co.uk/ontology/admingeo/UnitaryAuthority,Scotland,http://data.ordnancesurvey.co.uk/id/7000000000041429,Scotland,http://data.ordnancesurvey.co.uk/id/country/scotland,,,
osgb4000000003340034,http://data.ordnancesurvey.co.uk/id/4000000003340034,Moffat Square,,,,transportNetwork,Named Road,215749.197,944639.315,1000,20000,215703.864,944615.291,215823.000,944670.014,IV27,http://data.ordnancesurvey.co.uk/id/postcodedistrict/IV27,Scourie,http://data.ordnancesurvey.co.uk/id/4000000074558949,http://www.ordnancesurvey.co.uk/xml/codelists/localtype.xml#village,,,,Highland,http://data.ordnancesurvey.co.uk/id/7000000000029638,http://data.ordnancesurvey.co.uk/ontology/admingeo/UnitaryAuthority,Scotland,http://data.ordnancesurvey.co.uk/id/7000000000041429,Scotland,http://data.ordnancesurvey.co.uk/id/country/scotland,,,
osgb4000000003341701,http://data.ordnancesurvey.co.uk/id/4000000003341701,Harbour Road,,,,transportNetwork,Named Road,215477.250,944694.750,1000,20000,215462.482,944688.500,215497.500,944708.500,IV27,http://data.ordnancesurvey.co.uk/id/postcodedistrict/IV27,Scourie,http://data.ordnancesurvey.co.uk/id/4000000074558949,http://www.ordnancesurvey.co.uk/xml/codelists/localtype.xml#village,,,,Highland,http://data.ordnancesurvey.co.uk/id/7000000000029638,http://data.ordnancesurvey.co.uk/ontology/admingeo/UnitaryAuthority,Scotland,http://data.ordnancesurvey.co.uk/id/7000000000041429,Scotland,http://data.ordnancesurvey.co.uk/id/country/scotland,,,
osgb4000000003340092,http://data.ordnancesurvey.co.uk/id/4000000003340092,Handa Terrace,,,,transportNetwork,Named Road,215204.000,943854.000,1000,20000,215157.000,943853.000,215222.000,943863.000,IV27,http://data.ordnancesurvey.co.uk/id/postcodedistrict/IV27,Scourie Mor,http://data.ordnancesurvey.co.uk/id/4000000074543379,http://www.ordnancesurvey.co.uk/xml/codelists/localtype.xml#village,,,,Highland,http://data.ordnancesurvey.co.uk/id/7000000000029638,http://data.ordnancesurvey.co.uk/ontology/admingeo/UnitaryAuthority,Scotland,http://data.ordnancesurvey.co.uk/id/7000000000041429,Scotland,http://data.ordnancesurvey.co.uk/id/country/scotland,,,
IV274TH,http://data.ordnancesurvey.co.uk/id/postcodeunit/IV274TH,IV27 4TH,,,,other,Postcode,215828.000,942095.000,3500,18000,,,,,,,Upper Badcall,http://data.ordnancesurvey.co.uk/id/4000000074558947,http://www.ordnancesurvey.co.uk/xml/codelists/localtype.xml#hamlet,,,,Highland,http://data.ordnancesurvey.co.uk/id/7000000000029638,http://data.ordnancesurvey.co.uk/ontology/admingeo/UnitaryAuthority,Scotland,http://data.ordnancesurvey.co.uk/id/7000000000041429,Scotland,http://data.ordnancesurvey.co.uk/id/country/scotland,,,
IV274RU,http://data.ordnancesurvey.co.uk/id/postcodeunit/IV274RU,IV27 4RU,,,,other,Postcode,219095.000,959949.000,3500,18000,,,,,,,Balchrick,http://data.ordnancesurvey.co.uk/id/4000000074336614,http://www.ordnancesurvey.co.uk/xml/codelists/localtype.xml#hamlet,,,,Highland,http://data.ordnancesurvey.co.uk/id/7000000000029638,http://data.ordnancesurvey.co.uk/ontology/admingeo/UnitaryAuthority,Scotland,http://data.ordnancesurvey.co.uk/id/7000000000041429,Scotland,http://data.ordnancesurvey.co.uk/id/country/scotland,,,
osgb4000000074543379,http://data.ordnancesurvey.co.uk/id/4000000074543379,Scourie Mor,,,,populatedPlace,Village,215234.950,943935.490,9000,250000,214587.812,943408.571,215411.031,944842.981,IV27,http://data.ordnancesurvey.co.uk/id/postcodedistrict/IV27,,,,,,,Highland,http://data.ordnancesurvey.co.uk/id/7000000000029638,http://data.ordnancesurvey.co.uk/ontology/admingeo/UnitaryAuthority,Scotland,http://data.ordnancesurvey.co.uk/id/7000000000041429,Scotland,http://data.ordnancesurvey.co.uk/id/country/scotland,,,
