﻿osgb4000000074554458,http://data.ordnancesurvey.co.uk/id/4000000074554458,Achuvoldrach,,,,populatedPlace,Other Settlement,256744.962,959108.931,15000,25000,256551.075,958764.597,257051.075,959264.597,IV27,http://data.ordnancesurvey.co.uk/id/postcodedistrict/IV27,,,,,,,Highland,http://data.ordnancesurvey.co.uk/id/7000000000029638,http://data.ordnancesurvey.co.uk/ontology/admingeo/UnitaryAuthority,Scotland,http://data.ordnancesurvey.co.uk/id/7000000000041429,Scotland,http://data.ordnancesurvey.co.uk/id/country/scotland,,,
osgb4000000074554457,http://data.ordnancesurvey.co.uk/id/4000000074554457,Tongue,,,,populatedPlace,Village,259125.700,956700.230,25000,250000,258392.279,955038.212,259432.889,958883.942,IV27,http://data.ordnancesurvey.co.uk/id/postcodedistrict/IV27,,,,,,,Highland,http://data.ordnancesurvey.co.uk/id/7000000000029638,http://data.ordnancesurvey.co.uk/ontology/admingeo/UnitaryAuthority,Scotland,http://data.ordnancesurvey.co.uk/id/7000000000041429,Scotland,http://data.ordnancesurvey.co.uk/id/country/scotland,,"http://dbpedia.org/resource/Tongue,_Highland",http://sws.geonames.org/2635693
osgb4000000074560045,http://data.ordnancesurvey.co.uk/id/4000000074560045,Braetongue,,,,populatedPlace,Other Settlement,259442.480,956806.000,15000,25000,259221.749,955993.359,260046.189,958496.852,IV27,http://data.ordnancesurvey.co.uk/id/postcodedistrict/IV27,,,,,,,Highland,http://data.ordnancesurvey.co.uk/id/7000000000029638,http://data.ordnancesurvey.co.uk/ontology/admingeo/UnitaryAuthority,Scotland,http://data.ordnancesurvey.co.uk/id/7000000000041429,Scotland,http://data.ordnancesurvey.co.uk/id/country/scotland,,,
osgb4000000074543283,http://data.ordnancesurvey.co.uk/id/4000000074543283,Laid,eng,Leathaid,gla,populatedPlace,Other Settlement,241148.400,958568.140,15000,25000,240562.739,957376.723,241734.057,959759.561,IV27,http://data.ordnancesurvey.co.uk/id/postcodedistrict/IV27,,,,,,,Highland,http://data.ordnancesurvey.co.uk/id/7000000000029638,http://data.ordnancesurvey.co.uk/ontology/admingeo/UnitaryAuthority,Scotland,http://data.ordnancesurvey.co.uk/id/7000000000041429,Scotland,http://data.ordnancesurvey.co.uk/id/country/scotland,,"http://dbpedia.org/resource/Laid,_Sutherland",http://sws.geonames.org/6696999
IV274XB,http://data.ordnancesurvey.co.uk/id/postcodeunit/IV274XB,IV27 4XB,,,,other,Postcode,259128.000,956914.000,3500,18000,,,,,,,Tongue,http://data.ordnancesurvey.co.uk/id/4000000074554457,http://www.ordnancesurvey.co.uk/xml/codelists/localtype.xml#village,,,,Highland,http://data.ordnancesurvey.co.uk/id/7000000000029638,http://data.ordnancesurvey.co.uk/ontology/admingeo/UnitaryAuthority,Scotland,http://data.ordnancesurvey.co.uk/id/7000000000041429,Scotland,http://data.ordnancesurvey.co.uk/id/country/scotland,,,
IV274XL,http://data.ordnancesurvey.co.uk/id/postcodeunit/IV274XL,IV27 4XL,,,,other,Postcode,259287.000,957026.000,3500,18000,,,,,,,Tongue,http://data.ordnancesurvey.co.uk/id/4000000074554457,http://www.ordnancesurvey.co.uk/xml/codelists/localtype.xml#village,,,,Highland,http://data.ordnancesurvey.co.uk/id/7000000000029638,http://data.ordnancesurvey.co.uk/ontology/admingeo/UnitaryAuthority,Scotland,http://data.ordnancesurvey.co.uk/id/7000000000041429,Scotland,http://data.ordnancesurvey.co.uk/id/country/scotland,,,
IV274XN,http://data.ordnancesurvey.co.uk/id/postcodeunit/IV274XN,IV27 4XN,,,,other,Postcode,259511.000,957404.000,3500,18000,,,,,,,Braetongue,http://data.ordnancesurvey.co.uk/id/4000000074560045,http://www.ordnancesurvey.co.uk/xml/codelists/localtype.xml#otherSettlement,,,,Highland,http://data.ordnancesurvey.co.uk/id/7000000000029638,http://data.ordnancesurvey.co.uk/ontology/admingeo/UnitaryAuthority,Scotland,http://data.ordnancesurvey.co.uk/id/7000000000041429,Scotland,http://data.ordnancesurvey.co.uk/id/country/scotland,,,
IV274UJ,http://data.ordnancesurvey.co.uk/id/postcodeunit/IV274UJ,IV27 4UJ,,,,other,Postcode,247482.000,959001.000,3500,18000,,,,,,,,,,,,,Highland,http://data.ordnancesurvey.co.uk/id/7000000000029638,http://data.ordnancesurvey.co.uk/ontology/admingeo/UnitaryAuthority,Scotland,http://data.ordnancesurvey.co.uk/id/7000000000041429,Scotland,http://data.ordnancesurvey.co.uk/id/country/scotland,,,
IV274YL,http://data.ordnancesurvey.co.uk/id/postcodeunit/IV274YL,IV27 4YL,,,,other,Postcode,255353.000,952729.000,3500,18000,,,,,,,,,,,,,Highland,http://data.ordnancesurvey.co.uk/id/7000000000029638,http://data.ordnancesurvey.co.uk/ontology/admingeo/UnitaryAuthority,Scotland,http://data.ordnancesurvey.co.uk/id/7000000000041429,Scotland,http://data.ordnancesurvey.co.uk/id/country/scotland,,,
IV274UL,http://data.ordnancesurvey.co.uk/id/postcodeunit/IV274UL,IV27 4UL,,,,other,Postcode,243209.000,956502.000,3500,18000,,,,,,,,,,,,,Highland,http://data.ordnancesurvey.co.uk/id/7000000000029638,http://data.ordnancesurvey.co.uk/ontology/admingeo/UnitaryAuthority,Scotland,http://data.ordnancesurvey.co.uk/id/7000000000041429,Scotland,http://data.ordnancesurvey.co.uk/id/country/scotland,,,
IV274XQ,http://data.ordnancesurvey.co.uk/id/postcodeunit/IV274XQ,IV27 4XQ,,,,other,Postcode,259202.000,956559.000,3500,18000,,,,,,,Tongue,http://data.ordnancesurvey.co.uk/id/4000000074554457,http://www.ordnancesurvey.co.uk/xml/codelists/localtype.xml#village,,,,Highland,http://data.ordnancesurvey.co.uk/id/7000000000029638,http://data.ordnancesurvey.co.uk/ontology/admingeo/UnitaryAuthority,Scotland,http://data.ordnancesurvey.co.uk/id/7000000000041429,Scotland,http://data.ordnancesurvey.co.uk/id/country/scotland,,,
IV274XA,http://data.ordnancesurvey.co.uk/id/postcodeunit/IV274XA,IV27 4XA,,,,other,Postcode,259093.000,956864.000,3500,18000,,,,,,,Tongue,http://data.ordnancesurvey.co.uk/id/4000000074554457,http://www.ordnancesurvey.co.uk/xml/codelists/localtype.xml#village,,,,Highland,http://data.ordnancesurvey.co.uk/id/7000000000029638,http://data.ordnancesurvey.co.uk/ontology/admingeo/UnitaryAuthority,Scotland,http://data.ordnancesurvey.co.uk/id/7000000000041429,Scotland,http://data.ordnancesurvey.co.uk/id/country/scotland,,,
IV274XD,http://data.ordnancesurvey.co.uk/id/postcodeunit/IV274XD,IV27 4XD,,,,other,Postcode,259105.000,956834.000,3500,18000,,,,,,,Tongue,http://data.ordnancesurvey.co.uk/id/4000000074554457,http://www.ordnancesurvey.co.uk/xml/codelists/localtype.xml#village,,,,Highland,http://data.ordnancesurvey.co.uk/id/7000000000029638,http://data.ordnancesurvey.co.uk/ontology/admingeo/UnitaryAuthority,Scotland,http://data.ordnancesurvey.co.uk/id/7000000000041429,Scotland,http://data.ordnancesurvey.co.uk/id/country/scotland,,,
IV274XG,http://data.ordnancesurvey.co.uk/id/postcodeunit/IV274XG,IV27 4XG,,,,other,Postcode,259054.000,956779.000,3500,18000,,,,,,,Tongue,http://data.ordnancesurvey.co.uk/id/4000000074554457,http://www.ordnancesurvey.co.uk/xml/codelists/localtype.xml#village,,,,Highland,http://data.ordnancesurvey.co.uk/id/7000000000029638,http://data.ordnancesurvey.co.uk/ontology/admingeo/UnitaryAuthority,Scotland,http://data.ordnancesurvey.co.uk/id/7000000000041429,Scotland,http://data.ordnancesurvey.co.uk/id/country/scotland,,,
IV274XF,http://data.ordnancesurvey.co.uk/id/postcodeunit/IV274XF,IV27 4XF,,,,other,Postcode,259128.000,956730.000,3500,18000,,,,,,,Tongue,http://data.ordnancesurvey.co.uk/id/4000000074554457,http://www.ordnancesurvey.co.uk/xml/codelists/localtype.xml#village,,,,Highland,http://data.ordnancesurvey.co.uk/id/7000000000029638,http://data.ordnancesurvey.co.uk/ontology/admingeo/UnitaryAuthority,Scotland,http://data.ordnancesurvey.co.uk/id/7000000000041429,Scotland,http://data.ordnancesurvey.co.uk/id/country/scotland,,,
IV274XE,http://data.ordnancesurvey.co.uk/id/postcodeunit/IV274XE,IV27 4XE,,,,other,Postcode,259118.000,956647.000,3500,18000,,,,,,,Tongue,http://data.ordnancesurvey.co.uk/id/4000000074554457,http://www.ordnancesurvey.co.uk/xml/codelists/localtype.xml#village,,,,Highland,http://data.ordnancesurvey.co.uk/id/7000000000029638,http://data.ordnancesurvey.co.uk/ontology/admingeo/UnitaryAuthority,Scotland,http://data.ordnancesurvey.co.uk/id/7000000000041429,Scotland,http://data.ordnancesurvey.co.uk/id/country/scotland,,,
IV274UN,http://data.ordnancesurvey.co.uk/id/postcodeunit/IV274UN,IV27 4UN,,,,other,Postcode,241343.000,959011.000,3500,18000,,,,,,,Laid / Leathaid,http://data.ordnancesurvey.co.uk/id/4000000074543283,http://www.ordnancesurvey.co.uk/xml/codelists/localtype.xml#otherSettlement,,,,Highland,http://data.ordnancesurvey.co.uk/id/7000000000029638,http://data.ordnancesurvey.co.uk/ontology/admingeo/UnitaryAuthority,Scotland,http://data.ordnancesurvey.co.uk/id/7000000000041429,Scotland,http://data.ordnancesurvey.co.uk/id/country/scotland,,,
osgb4000000003340058,http://data.ordnancesurvey.co.uk/id/4000000003340058,Varich Place,,,,transportNetwork,Named Road,259046.289,956777.175,1000,20000,259036.000,956719.375,259057.689,956840.000,IV27,http://data.ordnancesurvey.co.uk/id/postcodedistrict/IV27,Tongue,http://data.ordnancesurvey.co.uk/id/4000000074554457,http://www.ordnancesurvey.co.uk/xml/codelists/localtype.xml#village,,,,Highland,http://data.ordnancesurvey.co.uk/id/7000000000029638,http://data.ordnancesurvey.co.uk/ontology/admingeo/UnitaryAuthority,Scotland,http://data.ordnancesurvey.co.uk/id/7000000000041429,Scotland,http://data.ordnancesurvey.co.uk/id/country/scotland,,,
osgb4000000003340085,http://data.ordnancesurvey.co.uk/id/4000000003340085,St Andrews Glebe,,,,transportNetwork,Named Road,259096.000,956884.000,1000,20000,259061.689,956877.175,259115.900,956903.400,IV27,http://data.ordnancesurvey.co.uk/id/postcodedistrict/IV27,Tongue,http://data.ordnancesurvey.co.uk/id/4000000074554457,http://www.ordnancesurvey.co.uk/xml/codelists/localtype.xml#village,,,,Highland,http://data.ordnancesurvey.co.uk/id/7000000000029638,http://data.ordnancesurvey.co.uk/ontology/admingeo/UnitaryAuthority,Scotland,http://data.ordnancesurvey.co.uk/id/7000000000041429,Scotland,http://data.ordnancesurvey.co.uk/id/country/scotland,,,
osgb4000000003340027,http://data.ordnancesurvey.co.uk/id/4000000003340027,Loyal Terrace,,,,transportNetwork,Named Road,259207.089,956615.475,1000,20000,259125.700,956484.875,259307.789,956715.375,IV27,http://data.ordnancesurvey.co.uk/id/postcodedistrict/IV27,Tongue,http://data.ordnancesurvey.co.uk/id/4000000074554457,http://www.ordnancesurvey.co.uk/xml/codelists/localtype.xml#village,,,,Highland,http://data.ordnancesurvey.co.uk/id/7000000000029638,http://data.ordnancesurvey.co.uk/ontology/admingeo/UnitaryAuthority,Scotland,http://data.ordnancesurvey.co.uk/id/7000000000041429,Scotland,http://data.ordnancesurvey.co.uk/id/country/scotland,,,
IV274XH,http://data.ordnancesurvey.co.uk/id/postcodeunit/IV274XH,IV27 4XH,,,,other,Postcode,258985.000,958501.000,3500,18000,,,,,,,Tongue,http://data.ordnancesurvey.co.uk/id/4000000074554457,http://www.ordnancesurvey.co.uk/xml/codelists/localtype.xml#village,,,,Highland,http://data.ordnancesurvey.co.uk/id/7000000000029638,http://data.ordnancesurvey.co.uk/ontology/admingeo/UnitaryAuthority,Scotland,http://data.ordnancesurvey.co.uk/id/7000000000041429,Scotland,http://data.ordnancesurvey.co.uk/id/country/scotland,,,
IV274XJ,http://data.ordnancesurvey.co.uk/id/postcodeunit/IV274XJ,IV27 4XJ,,,,other,Postcode,258796.000,955422.000,3500,18000,,,,,,,Tongue,http://data.ordnancesurvey.co.uk/id/4000000074554457,http://www.ordnancesurvey.co.uk/xml/codelists/localtype.xml#village,,,,Highland,http://data.ordnancesurvey.co.uk/id/7000000000029638,http://data.ordnancesurvey.co.uk/ontology/admingeo/UnitaryAuthority,Scotland,http://data.ordnancesurvey.co.uk/id/7000000000041429,Scotland,http://data.ordnancesurvey.co.uk/id/country/scotland,,,
