﻿osgb4000000074335968,http://data.ordnancesurvey.co.uk/id/4000000074335968,Totegan,,,,populatedPlace,Hamlet,282857.460,967706.390,5000,25000,282531.452,967442.422,283044.221,968734.392,KW14,http://data.ordnancesurvey.co.uk/id/postcodedistrict/KW14,,,,,,,Highland,http://data.ordnancesurvey.co.uk/id/7000000000029638,http://data.ordnancesurvey.co.uk/ontology/admingeo/UnitaryAuthority,Scotland,http://data.ordnancesurvey.co.uk/id/7000000000041429,Scotland,http://data.ordnancesurvey.co.uk/id/country/scotland,,http://dbpedia.org/resource/Totegan,
osgb4000000074559317,http://data.ordnancesurvey.co.uk/id/4000000074559317,Lower Dounreay,,,,populatedPlace,Other Settlement,298567.380,967040.630,15000,25000,297617.762,966502.361,299311.891,967593.239,KW14,http://data.ordnancesurvey.co.uk/id/postcodedistrict/KW14,,,,,,,Highland,http://data.ordnancesurvey.co.uk/id/7000000000029638,http://data.ordnancesurvey.co.uk/ontology/admingeo/UnitaryAuthority,Scotland,http://data.ordnancesurvey.co.uk/id/7000000000041429,Scotland,http://data.ordnancesurvey.co.uk/id/country/scotland,,,http://sws.geonames.org/2643525
osgb4000000074559680,http://data.ordnancesurvey.co.uk/id/4000000074559680,Portskerra,,,,populatedPlace,Village,287536.000,965785.000,8000,250000,287282.058,965215.419,287870.228,966376.677,KW14,http://data.ordnancesurvey.co.uk/id/postcodedistrict/KW14,,,,,,,Highland,http://data.ordnancesurvey.co.uk/id/7000000000029638,http://data.ordnancesurvey.co.uk/ontology/admingeo/UnitaryAuthority,Scotland,http://data.ordnancesurvey.co.uk/id/7000000000041429,Scotland,http://data.ordnancesurvey.co.uk/id/country/scotland,,http://dbpedia.org/resource/Portskerra,http://sws.geonames.org/2640000
osgb4000000074559682,http://data.ordnancesurvey.co.uk/id/4000000074559682,Baligill,,,,populatedPlace,Hamlet,285439.000,965572.000,5000,25000,285009.810,965197.324,285527.600,966195.709,KW14,http://data.ordnancesurvey.co.uk/id/postcodedistrict/KW14,,,,,,,Highland,http://data.ordnancesurvey.co.uk/id/7000000000029638,http://data.ordnancesurvey.co.uk/ontology/admingeo/UnitaryAuthority,Scotland,http://data.ordnancesurvey.co.uk/id/7000000000041429,Scotland,http://data.ordnancesurvey.co.uk/id/country/scotland,,,
osgb4000000074335967,http://data.ordnancesurvey.co.uk/id/4000000074335967,Aultivullin,,,,populatedPlace,Hamlet,281637.380,967910.230,5000,25000,281396.687,967637.324,281896.687,968137.324,KW14,http://data.ordnancesurvey.co.uk/id/postcodedistrict/KW14,,,,,,,Highland,http://data.ordnancesurvey.co.uk/id/7000000000029638,http://data.ordnancesurvey.co.uk/ontology/admingeo/UnitaryAuthority,Scotland,http://data.ordnancesurvey.co.uk/id/7000000000041429,Scotland,http://data.ordnancesurvey.co.uk/id/country/scotland,,,http://sws.geonames.org/2656774
osgb4000000074559319,http://data.ordnancesurvey.co.uk/id/4000000074559319,Fresgoe,,,,populatedPlace,Hamlet,295740.120,965959.880,5000,25000,295496.413,965709.431,295996.413,966209.431,KW14,http://data.ordnancesurvey.co.uk/id/postcodedistrict/KW14,,,,,,,Highland,http://data.ordnancesurvey.co.uk/id/7000000000029638,http://data.ordnancesurvey.co.uk/ontology/admingeo/UnitaryAuthority,Scotland,http://data.ordnancesurvey.co.uk/id/7000000000041429,Scotland,http://data.ordnancesurvey.co.uk/id/country/scotland,,http://dbpedia.org/resource/Fresgoe,
osgb4000000074559318,http://data.ordnancesurvey.co.uk/id/4000000074559318,Buldoo,,,,populatedPlace,Hamlet,299805.370,967075.340,5000,25000,299736.710,967029.044,300372.610,967529.044,KW14,http://data.ordnancesurvey.co.uk/id/postcodedistrict/KW14,,,,,,,Highland,http://data.ordnancesurvey.co.uk/id/7000000000029638,http://data.ordnancesurvey.co.uk/ontology/admingeo/UnitaryAuthority,Scotland,http://data.ordnancesurvey.co.uk/id/7000000000041429,Scotland,http://data.ordnancesurvey.co.uk/id/country/scotland,,http://dbpedia.org/resource/Buldoo,
osgb4000000074559315,http://data.ordnancesurvey.co.uk/id/4000000074559315,Isauld,,,,populatedPlace,Other Settlement,298638.600,964914.050,15000,25000,297275.922,964559.397,299130.920,965838.781,KW14,http://data.ordnancesurvey.co.uk/id/postcodedistrict/KW14,,,,,,,Highland,http://data.ordnancesurvey.co.uk/id/7000000000029638,http://data.ordnancesurvey.co.uk/ontology/admingeo/UnitaryAuthority,Scotland,http://data.ordnancesurvey.co.uk/id/7000000000041429,Scotland,http://data.ordnancesurvey.co.uk/id/country/scotland,,,
osgb4000000074559681,http://data.ordnancesurvey.co.uk/id/4000000074559681,Strathy,,,,populatedPlace,Village,284093.000,965390.000,15000,250000,282913.512,964325.624,284492.020,966637.122,KW14,http://data.ordnancesurvey.co.uk/id/postcodedistrict/KW14,,,,,,,Highland,http://data.ordnancesurvey.co.uk/id/7000000000029638,http://data.ordnancesurvey.co.uk/ontology/admingeo/UnitaryAuthority,Scotland,http://data.ordnancesurvey.co.uk/id/7000000000041429,Scotland,http://data.ordnancesurvey.co.uk/id/country/scotland,,http://dbpedia.org/resource/Strathy,http://sws.geonames.org/2636688
osgb4000000074560046,http://data.ordnancesurvey.co.uk/id/4000000074560046,Brawl,,,,populatedPlace,Other Settlement,281125.000,966352.000,15000,25000,280811.421,966009.005,281311.421,966509.005,KW14,http://data.ordnancesurvey.co.uk/id/postcodedistrict/KW14,,,,,,,Highland,http://data.ordnancesurvey.co.uk/id/7000000000029638,http://data.ordnancesurvey.co.uk/ontology/admingeo/UnitaryAuthority,Scotland,http://data.ordnancesurvey.co.uk/id/7000000000041429,Scotland,http://data.ordnancesurvey.co.uk/id/country/scotland,,,http://sws.geonames.org/2654854
osgb4000000074559316,http://data.ordnancesurvey.co.uk/id/4000000074559316,Reay,,,,populatedPlace,Village,297331.120,964904.000,15000,250000,295410.864,964325.624,297778.631,965417.511,KW14,http://data.ordnancesurvey.co.uk/id/postcodedistrict/KW14,,,,,,,Highland,http://data.ordnancesurvey.co.uk/id/7000000000029638,http://data.ordnancesurvey.co.uk/ontology/admingeo/UnitaryAuthority,Scotland,http://data.ordnancesurvey.co.uk/id/7000000000041429,Scotland,http://data.ordnancesurvey.co.uk/id/country/scotland,,http://dbpedia.org/resource/Reay,http://sws.geonames.org/2639573
osgb4000000074543226,http://data.ordnancesurvey.co.uk/id/4000000074543226,Melvich,eng,Meabhaich,gla,populatedPlace,Village,287927.000,964789.000,10000,250000,287312.219,963858.108,288885.698,965315.960,KW14,http://data.ordnancesurvey.co.uk/id/postcodedistrict/KW14,,,,,,,Highland,http://data.ordnancesurvey.co.uk/id/7000000000029638,http://data.ordnancesurvey.co.uk/ontology/admingeo/UnitaryAuthority,Scotland,http://data.ordnancesurvey.co.uk/id/7000000000041429,Scotland,http://data.ordnancesurvey.co.uk/id/country/scotland,,http://dbpedia.org/resource/Melvich,http://sws.geonames.org/2642759
osgb4000000074559683,http://data.ordnancesurvey.co.uk/id/4000000074559683,Lednagullin,,,,populatedPlace,Hamlet,280191.000,964631.000,5000,25000,279685.925,964301.361,280254.933,965002.860,KW14,http://data.ordnancesurvey.co.uk/id/postcodedistrict/KW14,,,,,,,Highland,http://data.ordnancesurvey.co.uk/id/7000000000029638,http://data.ordnancesurvey.co.uk/ontology/admingeo/UnitaryAuthority,Scotland,http://data.ordnancesurvey.co.uk/id/7000000000041429,Scotland,http://data.ordnancesurvey.co.uk/id/country/scotland,,http://dbpedia.org/resource/Lednagullin,
osgb4000000074559685,http://data.ordnancesurvey.co.uk/id/4000000074559685,Aultiphurst,,,,populatedPlace,Other Settlement,280453.447,965773.259,15000,25000,280218.063,965559.924,280718.063,966059.924,KW14,http://data.ordnancesurvey.co.uk/id/postcodedistrict/KW14,,,,,,,Highland,http://data.ordnancesurvey.co.uk/id/7000000000029638,http://data.ordnancesurvey.co.uk/ontology/admingeo/UnitaryAuthority,Scotland,http://data.ordnancesurvey.co.uk/id/7000000000041429,Scotland,http://data.ordnancesurvey.co.uk/id/country/scotland,,http://dbpedia.org/resource/Aultiphurst,
KW147YW,http://data.ordnancesurvey.co.uk/id/postcodeunit/KW147YW,KW14 7YW,,,,other,Postcode,287502.000,965779.000,3500,18000,,,,,,,Portskerra,http://data.ordnancesurvey.co.uk/id/4000000074559680,http://www.ordnancesurvey.co.uk/xml/codelists/localtype.xml#village,,,,Highland,http://data.ordnancesurvey.co.uk/id/7000000000029638,http://data.ordnancesurvey.co.uk/ontology/admingeo/UnitaryAuthority,Scotland,http://data.ordnancesurvey.co.uk/id/7000000000041429,Scotland,http://data.ordnancesurvey.co.uk/id/country/scotland,,,
KW147RP,http://data.ordnancesurvey.co.uk/id/postcodeunit/KW147RP,KW14 7RP,,,,other,Postcode,299893.000,965983.000,3500,18000,,,,,,,,,,,,,Highland,http://data.ordnancesurvey.co.uk/id/7000000000029638,http://data.ordnancesurvey.co.uk/ontology/admingeo/UnitaryAuthority,Scotland,http://data.ordnancesurvey.co.uk/id/7000000000041429,Scotland,http://data.ordnancesurvey.co.uk/id/country/scotland,,,
KW147YX,http://data.ordnancesurvey.co.uk/id/postcodeunit/KW147YX,KW14 7YX,,,,other,Postcode,287697.000,965595.000,3500,18000,,,,,,,Portskerra,http://data.ordnancesurvey.co.uk/id/4000000074559680,http://www.ordnancesurvey.co.uk/xml/codelists/localtype.xml#village,,,,Highland,http://data.ordnancesurvey.co.uk/id/7000000000029638,http://data.ordnancesurvey.co.uk/ontology/admingeo/UnitaryAuthority,Scotland,http://data.ordnancesurvey.co.uk/id/7000000000041429,Scotland,http://data.ordnancesurvey.co.uk/id/country/scotland,,,
KW147RN,http://data.ordnancesurvey.co.uk/id/postcodeunit/KW147RN,KW14 7RN,,,,other,Postcode,295191.000,965311.000,3500,18000,,,,,,,,,,,,,Highland,http://data.ordnancesurvey.co.uk/id/7000000000029638,http://data.ordnancesurvey.co.uk/ontology/admingeo/UnitaryAuthority,Scotland,http://data.ordnancesurvey.co.uk/id/7000000000041429,Scotland,http://data.ordnancesurvey.co.uk/id/country/scotland,,,
KW147YT,http://data.ordnancesurvey.co.uk/id/postcodeunit/KW147YT,KW14 7YT,,,,other,Postcode,287922.000,964759.000,3500,18000,,,,,,,Melvich / Meabhaich,http://data.ordnancesurvey.co.uk/id/4000000074543226,http://www.ordnancesurvey.co.uk/xml/codelists/localtype.xml#village,,,,Highland,http://data.ordnancesurvey.co.uk/id/7000000000029638,http://data.ordnancesurvey.co.uk/ontology/admingeo/UnitaryAuthority,Scotland,http://data.ordnancesurvey.co.uk/id/7000000000041429,Scotland,http://data.ordnancesurvey.co.uk/id/country/scotland,,,
KW147RR,http://data.ordnancesurvey.co.uk/id/postcodeunit/KW147RR,KW14 7RR,,,,other,Postcode,298552.000,964885.000,3500,18000,,,,,,,Isauld,http://data.ordnancesurvey.co.uk/id/4000000074559315,http://www.ordnancesurvey.co.uk/xml/codelists/localtype.xml#otherSettlement,,,,Highland,http://data.ordnancesurvey.co.uk/id/7000000000029638,http://data.ordnancesurvey.co.uk/ontology/admingeo/UnitaryAuthority,Scotland,http://data.ordnancesurvey.co.uk/id/7000000000041429,Scotland,http://data.ordnancesurvey.co.uk/id/country/scotland,,,
KW147YN,http://data.ordnancesurvey.co.uk/id/postcodeunit/KW147YN,KW14 7YN,,,,other,Postcode,287702.000,966296.000,3500,18000,,,,,,,Portskerra,http://data.ordnancesurvey.co.uk/id/4000000074559680,http://www.ordnancesurvey.co.uk/xml/codelists/localtype.xml#village,,,,Highland,http://data.ordnancesurvey.co.uk/id/7000000000029638,http://data.ordnancesurvey.co.uk/ontology/admingeo/UnitaryAuthority,Scotland,http://data.ordnancesurvey.co.uk/id/7000000000041429,Scotland,http://data.ordnancesurvey.co.uk/id/country/scotland,,,
KW147RW,http://data.ordnancesurvey.co.uk/id/postcodeunit/KW147RW,KW14 7RW,,,,other,Postcode,297760.000,965302.000,3500,18000,,,,,,,Isauld,http://data.ordnancesurvey.co.uk/id/4000000074559315,http://www.ordnancesurvey.co.uk/xml/codelists/localtype.xml#otherSettlement,,,,Highland,http://data.ordnancesurvey.co.uk/id/7000000000029638,http://data.ordnancesurvey.co.uk/ontology/admingeo/UnitaryAuthority,Scotland,http://data.ordnancesurvey.co.uk/id/7000000000041429,Scotland,http://data.ordnancesurvey.co.uk/id/country/scotland,,,
KW147YU,http://data.ordnancesurvey.co.uk/id/postcodeunit/KW147YU,KW14 7YU,,,,other,Postcode,287730.000,965531.000,3500,18000,,,,,,,Portskerra,http://data.ordnancesurvey.co.uk/id/4000000074559680,http://www.ordnancesurvey.co.uk/xml/codelists/localtype.xml#village,,,,Highland,http://data.ordnancesurvey.co.uk/id/7000000000029638,http://data.ordnancesurvey.co.uk/ontology/admingeo/UnitaryAuthority,Scotland,http://data.ordnancesurvey.co.uk/id/7000000000041429,Scotland,http://data.ordnancesurvey.co.uk/id/country/scotland,,,
KW147RH,http://data.ordnancesurvey.co.uk/id/postcodeunit/KW147RH,KW14 7RH,,,,other,Postcode,295771.000,964400.000,3500,18000,,,,,,,Reay,http://data.ordnancesurvey.co.uk/id/4000000074559316,http://www.ordnancesurvey.co.uk/xml/codelists/localtype.xml#village,,,,Highland,http://data.ordnancesurvey.co.uk/id/7000000000029638,http://data.ordnancesurvey.co.uk/ontology/admingeo/UnitaryAuthority,Scotland,http://data.ordnancesurvey.co.uk/id/7000000000041429,Scotland,http://data.ordnancesurvey.co.uk/id/country/scotland,,,
KW147YJ,http://data.ordnancesurvey.co.uk/id/postcodeunit/KW147YJ,KW14 7YJ,,,,other,Postcode,288459.000,964406.000,3500,18000,,,,,,,Melvich / Meabhaich,http://data.ordnancesurvey.co.uk/id/4000000074543226,http://www.ordnancesurvey.co.uk/xml/codelists/localtype.xml#village,,,,Highland,http://data.ordnancesurvey.co.uk/id/7000000000029638,http://data.ordnancesurvey.co.uk/ontology/admingeo/UnitaryAuthority,Scotland,http://data.ordnancesurvey.co.uk/id/7000000000041429,Scotland,http://data.ordnancesurvey.co.uk/id/country/scotland,,,
KW147TY,http://data.ordnancesurvey.co.uk/id/postcodeunit/KW147TY,KW14 7TY,,,,other,Postcode,299052.000,967048.000,3500,18000,,,,,,,Lower Dounreay,http://data.ordnancesurvey.co.uk/id/4000000074559317,http://www.ordnancesurvey.co.uk/xml/codelists/localtype.xml#otherSettlement,,,,Highland,http://data.ordnancesurvey.co.uk/id/7000000000029638,http://data.ordnancesurvey.co.uk/ontology/admingeo/UnitaryAuthority,Scotland,http://data.ordnancesurvey.co.uk/id/7000000000041429,Scotland,http://data.ordnancesurvey.co.uk/id/country/scotland,,,
KW147RY,http://data.ordnancesurvey.co.uk/id/postcodeunit/KW147RY,KW14 7RY,,,,other,Postcode,282972.000,966914.000,3500,18000,,,,,,,,,,,,,Highland,http://data.ordnancesurvey.co.uk/id/7000000000029638,http://data.ordnancesurvey.co.uk/ontology/admingeo/UnitaryAuthority,Scotland,http://data.ordnancesurvey.co.uk/id/7000000000041429,Scotland,http://data.ordnancesurvey.co.uk/id/country/scotland,,,
KW147RZ,http://data.ordnancesurvey.co.uk/id/postcodeunit/KW147RZ,KW14 7RZ,,,,other,Postcode,284210.000,964807.000,3500,18000,,,,,,,Strathy,http://data.ordnancesurvey.co.uk/id/4000000074559681,http://www.ordnancesurvey.co.uk/xml/codelists/localtype.xml#village,,,,Highland,http://data.ordnancesurvey.co.uk/id/7000000000029638,http://data.ordnancesurvey.co.uk/ontology/admingeo/UnitaryAuthority,Scotland,http://data.ordnancesurvey.co.uk/id/7000000000041429,Scotland,http://data.ordnancesurvey.co.uk/id/country/scotland,,,
KW147RQ,http://data.ordnancesurvey.co.uk/id/postcodeunit/KW147RQ,KW14 7RQ,,,,other,Postcode,295949.000,964595.000,3500,18000,,,,,,,Reay,http://data.ordnancesurvey.co.uk/id/4000000074559316,http://www.ordnancesurvey.co.uk/xml/codelists/localtype.xml#village,,,,Highland,http://data.ordnancesurvey.co.uk/id/7000000000029638,http://data.ordnancesurvey.co.uk/ontology/admingeo/UnitaryAuthority,Scotland,http://data.ordnancesurvey.co.uk/id/7000000000041429,Scotland,http://data.ordnancesurvey.co.uk/id/country/scotland,,,
KW147YR,http://data.ordnancesurvey.co.uk/id/postcodeunit/KW147YR,KW14 7YR,,,,other,Postcode,287518.000,965652.000,3500,18000,,,,,,,Portskerra,http://data.ordnancesurvey.co.uk/id/4000000074559680,http://www.ordnancesurvey.co.uk/xml/codelists/localtype.xml#village,,,,Highland,http://data.ordnancesurvey.co.uk/id/7000000000029638,http://data.ordnancesurvey.co.uk/ontology/admingeo/UnitaryAuthority,Scotland,http://data.ordnancesurvey.co.uk/id/7000000000041429,Scotland,http://data.ordnancesurvey.co.uk/id/country/scotland,,,
KW147RG,http://data.ordnancesurvey.co.uk/id/postcodeunit/KW147RG,KW14 7RG,,,,other,Postcode,296072.000,964756.000,3500,18000,,,,,,,Reay,http://data.ordnancesurvey.co.uk/id/4000000074559316,http://www.ordnancesurvey.co.uk/xml/codelists/localtype.xml#village,,,,Highland,http://data.ordnancesurvey.co.uk/id/7000000000029638,http://data.ordnancesurvey.co.uk/ontology/admingeo/UnitaryAuthority,Scotland,http://data.ordnancesurvey.co.uk/id/7000000000041429,Scotland,http://data.ordnancesurvey.co.uk/id/country/scotland,,,
KW147TZ,http://data.ordnancesurvey.co.uk/id/postcodeunit/KW147TZ,KW14 7TZ,,,,other,Postcode,298766.000,967056.000,3500,18000,,,,,,,Lower Dounreay,http://data.ordnancesurvey.co.uk/id/4000000074559317,http://www.ordnancesurvey.co.uk/xml/codelists/localtype.xml#otherSettlement,,,,Highland,http://data.ordnancesurvey.co.uk/id/7000000000029638,http://data.ordnancesurvey.co.uk/ontology/admingeo/UnitaryAuthority,Scotland,http://data.ordnancesurvey.co.uk/id/7000000000041429,Scotland,http://data.ordnancesurvey.co.uk/id/country/scotland,,,
KW147RL,http://data.ordnancesurvey.co.uk/id/postcodeunit/KW147RL,KW14 7RL,,,,other,Postcode,295603.000,964558.000,3500,18000,,,,,,,Reay,http://data.ordnancesurvey.co.uk/id/4000000074559316,http://www.ordnancesurvey.co.uk/xml/codelists/localtype.xml#village,,,,Highland,http://data.ordnancesurvey.co.uk/id/7000000000029638,http://data.ordnancesurvey.co.uk/ontology/admingeo/UnitaryAuthority,Scotland,http://data.ordnancesurvey.co.uk/id/7000000000041429,Scotland,http://data.ordnancesurvey.co.uk/id/country/scotland,,,
KW147YS,http://data.ordnancesurvey.co.uk/id/postcodeunit/KW147YS,KW14 7YS,,,,other,Postcode,287739.000,964890.000,3500,18000,,,,,,,Melvich / Meabhaich,http://data.ordnancesurvey.co.uk/id/4000000074543226,http://www.ordnancesurvey.co.uk/xml/codelists/localtype.xml#village,,,,Highland,http://data.ordnancesurvey.co.uk/id/7000000000029638,http://data.ordnancesurvey.co.uk/ontology/admingeo/UnitaryAuthority,Scotland,http://data.ordnancesurvey.co.uk/id/7000000000041429,Scotland,http://data.ordnancesurvey.co.uk/id/country/scotland,,,
KW147YL,http://data.ordnancesurvey.co.uk/id/postcodeunit/KW147YL,KW14 7YL,,,,other,Postcode,287661.000,965664.000,3500,18000,,,,,,,Portskerra,http://data.ordnancesurvey.co.uk/id/4000000074559680,http://www.ordnancesurvey.co.uk/xml/codelists/localtype.xml#village,,,,Highland,http://data.ordnancesurvey.co.uk/id/7000000000029638,http://data.ordnancesurvey.co.uk/ontology/admingeo/UnitaryAuthority,Scotland,http://data.ordnancesurvey.co.uk/id/7000000000041429,Scotland,http://data.ordnancesurvey.co.uk/id/country/scotland,,,
KW147YQ,http://data.ordnancesurvey.co.uk/id/postcodeunit/KW147YQ,KW14 7YQ,,,,other,Postcode,287904.000,964838.000,3500,18000,,,,,,,Melvich / Meabhaich,http://data.ordnancesurvey.co.uk/id/4000000074543226,http://www.ordnancesurvey.co.uk/xml/codelists/localtype.xml#village,,,,Highland,http://data.ordnancesurvey.co.uk/id/7000000000029638,http://data.ordnancesurvey.co.uk/ontology/admingeo/UnitaryAuthority,Scotland,http://data.ordnancesurvey.co.uk/id/7000000000041429,Scotland,http://data.ordnancesurvey.co.uk/id/country/scotland,,,
KW147RE,http://data.ordnancesurvey.co.uk/id/postcodeunit/KW147RE,KW14 7RE,,,,other,Postcode,297065.000,964860.000,3500,18000,,,,,,,Reay,http://data.ordnancesurvey.co.uk/id/4000000074559316,http://www.ordnancesurvey.co.uk/xml/codelists/localtype.xml#village,,,,Highland,http://data.ordnancesurvey.co.uk/id/7000000000029638,http://data.ordnancesurvey.co.uk/ontology/admingeo/UnitaryAuthority,Scotland,http://data.ordnancesurvey.co.uk/id/7000000000041429,Scotland,http://data.ordnancesurvey.co.uk/id/country/scotland,,,
KW147YP,http://data.ordnancesurvey.co.uk/id/postcodeunit/KW147YP,KW14 7YP,,,,other,Postcode,287607.000,965708.000,3500,18000,,,,,,,Portskerra,http://data.ordnancesurvey.co.uk/id/4000000074559680,http://www.ordnancesurvey.co.uk/xml/codelists/localtype.xml#village,,,,Highland,http://data.ordnancesurvey.co.uk/id/7000000000029638,http://data.ordnancesurvey.co.uk/ontology/admingeo/UnitaryAuthority,Scotland,http://data.ordnancesurvey.co.uk/id/7000000000041429,Scotland,http://data.ordnancesurvey.co.uk/id/country/scotland,,,
KW147SD,http://data.ordnancesurvey.co.uk/id/postcodeunit/KW147SD,KW14 7SD,,,,other,Postcode,297310.000,964914.000,3500,18000,,,,,,,Reay,http://data.ordnancesurvey.co.uk/id/4000000074559316,http://www.ordnancesurvey.co.uk/xml/codelists/localtype.xml#village,,,,Highland,http://data.ordnancesurvey.co.uk/id/7000000000029638,http://data.ordnancesurvey.co.uk/ontology/admingeo/UnitaryAuthority,Scotland,http://data.ordnancesurvey.co.uk/id/7000000000041429,Scotland,http://data.ordnancesurvey.co.uk/id/country/scotland,,,
KW147SB,http://data.ordnancesurvey.co.uk/id/postcodeunit/KW147SB,KW14 7SB,,,,other,Postcode,283422.000,965475.000,3500,18000,,,,,,,Strathy,http://data.ordnancesurvey.co.uk/id/4000000074559681,http://www.ordnancesurvey.co.uk/xml/codelists/localtype.xml#village,,,,Highland,http://data.ordnancesurvey.co.uk/id/7000000000029638,http://data.ordnancesurvey.co.uk/ontology/admingeo/UnitaryAuthority,Scotland,http://data.ordnancesurvey.co.uk/id/7000000000041429,Scotland,http://data.ordnancesurvey.co.uk/id/country/scotland,,,
osgb4000000003340108,http://data.ordnancesurvey.co.uk/id/4000000003340108,Pentland Terrace,,,,transportNetwork,Named Road,287745.000,964917.000,1000,20000,287744.000,964898.000,287765.000,964941.000,KW14,http://data.ordnancesurvey.co.uk/id/postcodedistrict/KW14,Melvich / Meabhaich,http://data.ordnancesurvey.co.uk/id/4000000074543226,http://www.ordnancesurvey.co.uk/xml/codelists/localtype.xml#village,,,,Highland,http://data.ordnancesurvey.co.uk/id/7000000000029638,http://data.ordnancesurvey.co.uk/ontology/admingeo/UnitaryAuthority,Scotland,http://data.ordnancesurvey.co.uk/id/7000000000041429,Scotland,http://data.ordnancesurvey.co.uk/id/country/scotland,,,
osgb4000000003340029,http://data.ordnancesurvey.co.uk/id/4000000003340029,Shore Street,,,,transportNetwork,Named Road,287536.487,966237.017,2000,20000,287421.000,966000.000,287744.000,966309.000,KW14,http://data.ordnancesurvey.co.uk/id/postcodedistrict/KW14,Portskerra,http://data.ordnancesurvey.co.uk/id/4000000074559680,http://www.ordnancesurvey.co.uk/xml/codelists/localtype.xml#village,,,,Highland,http://data.ordnancesurvey.co.uk/id/7000000000029638,http://data.ordnancesurvey.co.uk/ontology/admingeo/UnitaryAuthority,Scotland,http://data.ordnancesurvey.co.uk/id/7000000000041429,Scotland,http://data.ordnancesurvey.co.uk/id/country/scotland,,,
osgb4000000003340028,http://data.ordnancesurvey.co.uk/id/4000000003340028,The Terrace,,,,transportNetwork,Named Road,295935.900,964564.550,2000,20000,295777.650,964517.450,296064.000,964722.350,KW14,http://data.ordnancesurvey.co.uk/id/postcodedistrict/KW14,Reay,http://data.ordnancesurvey.co.uk/id/4000000074559316,http://www.ordnancesurvey.co.uk/xml/codelists/localtype.xml#village,,,,Highland,http://data.ordnancesurvey.co.uk/id/7000000000029638,http://data.ordnancesurvey.co.uk/ontology/admingeo/UnitaryAuthority,Scotland,http://data.ordnancesurvey.co.uk/id/7000000000041429,Scotland,http://data.ordnancesurvey.co.uk/id/country/scotland,,,
osgb4000000003340060,http://data.ordnancesurvey.co.uk/id/4000000003340060,Mackay Terrace,,,,transportNetwork,Named Road,287538.000,965691.000,1000,20000,287482.874,965626.555,287581.000,965718.000,KW14,http://data.ordnancesurvey.co.uk/id/postcodedistrict/KW14,Portskerra,http://data.ordnancesurvey.co.uk/id/4000000074559680,http://www.ordnancesurvey.co.uk/xml/codelists/localtype.xml#village,,,,Highland,http://data.ordnancesurvey.co.uk/id/7000000000029638,http://data.ordnancesurvey.co.uk/ontology/admingeo/UnitaryAuthority,Scotland,http://data.ordnancesurvey.co.uk/id/7000000000041429,Scotland,http://data.ordnancesurvey.co.uk/id/country/scotland,,,
osgb4000000003340090,http://data.ordnancesurvey.co.uk/id/4000000003340090,Melvich Terrace,,,,transportNetwork,Named Road,287934.000,964786.000,1000,20000,287897.000,964748.000,287977.000,964827.000,KW14,http://data.ordnancesurvey.co.uk/id/postcodedistrict/KW14,Melvich / Meabhaich,http://data.ordnancesurvey.co.uk/id/4000000074543226,http://www.ordnancesurvey.co.uk/xml/codelists/localtype.xml#village,,,,Highland,http://data.ordnancesurvey.co.uk/id/7000000000029638,http://data.ordnancesurvey.co.uk/ontology/admingeo/UnitaryAuthority,Scotland,http://data.ordnancesurvey.co.uk/id/7000000000041429,Scotland,http://data.ordnancesurvey.co.uk/id/country/scotland,,,
osgb4000000003340091,http://data.ordnancesurvey.co.uk/id/4000000003340091,Bayview Avenue,,,,transportNetwork,Named Road,287500.000,965764.000,1000,20000,287468.887,965744.017,287536.000,965785.000,KW14,http://data.ordnancesurvey.co.uk/id/postcodedistrict/KW14,Portskerra,http://data.ordnancesurvey.co.uk/id/4000000074559680,http://www.ordnancesurvey.co.uk/xml/codelists/localtype.xml#village,,,,Highland,http://data.ordnancesurvey.co.uk/id/7000000000029638,http://data.ordnancesurvey.co.uk/ontology/admingeo/UnitaryAuthority,Scotland,http://data.ordnancesurvey.co.uk/id/7000000000041429,Scotland,http://data.ordnancesurvey.co.uk/id/country/scotland,,,
osgb4000000003343114,http://data.ordnancesurvey.co.uk/id/4000000003343114,The Avenue,,,,transportNetwork,Named Road,295777.650,964517.450,1000,20000,295744.500,964392.050,295812.000,964622.750,KW14,http://data.ordnancesurvey.co.uk/id/postcodedistrict/KW14,Reay,http://data.ordnancesurvey.co.uk/id/4000000074559316,http://www.ordnancesurvey.co.uk/xml/codelists/localtype.xml#village,,,,Highland,http://data.ordnancesurvey.co.uk/id/7000000000029638,http://data.ordnancesurvey.co.uk/ontology/admingeo/UnitaryAuthority,Scotland,http://data.ordnancesurvey.co.uk/id/7000000000041429,Scotland,http://data.ordnancesurvey.co.uk/id/country/scotland,,,
osgb4000000003379709,http://data.ordnancesurvey.co.uk/id/4000000003379709,A836,,,,transportNetwork,Numbered Road,289581.000,963111.000,585000,1000000,252128.000,883929.000,338048.000,974004.000,KW14,http://data.ordnancesurvey.co.uk/id/postcodedistrict/KW14,,,,,,,Highland,http://data.ordnancesurvey.co.uk/id/7000000000029638,http://data.ordnancesurvey.co.uk/ontology/admingeo/UnitaryAuthority,Scotland,http://data.ordnancesurvey.co.uk/id/7000000000041429,Scotland,http://data.ordnancesurvey.co.uk/id/country/scotland,,,
osgb4000000003341266,http://data.ordnancesurvey.co.uk/id/4000000003341266,Beinn Ratha Court,,,,transportNetwork,Named Road,295765.350,964443.650,1000,20000,295705.350,964387.700,295809.000,964448.750,KW14,http://data.ordnancesurvey.co.uk/id/postcodedistrict/KW14,Reay,http://data.ordnancesurvey.co.uk/id/4000000074559316,http://www.ordnancesurvey.co.uk/xml/codelists/localtype.xml#village,,,,Highland,http://data.ordnancesurvey.co.uk/id/7000000000029638,http://data.ordnancesurvey.co.uk/ontology/admingeo/UnitaryAuthority,Scotland,http://data.ordnancesurvey.co.uk/id/7000000000041429,Scotland,http://data.ordnancesurvey.co.uk/id/country/scotland,,,
KW147RJ,http://data.ordnancesurvey.co.uk/id/postcodeunit/KW147RJ,KW14 7RJ,,,,other,Postcode,295780.000,964560.000,3500,18000,,,,,,,Reay,http://data.ordnancesurvey.co.uk/id/4000000074559316,http://www.ordnancesurvey.co.uk/xml/codelists/localtype.xml#village,,,,Highland,http://data.ordnancesurvey.co.uk/id/7000000000029638,http://data.ordnancesurvey.co.uk/ontology/admingeo/UnitaryAuthority,Scotland,http://data.ordnancesurvey.co.uk/id/7000000000041429,Scotland,http://data.ordnancesurvey.co.uk/id/country/scotland,,,
KW147RF,http://data.ordnancesurvey.co.uk/id/postcodeunit/KW147RF,KW14 7RF,,,,other,Postcode,296198.000,964745.000,3500,18000,,,,,,,Reay,http://data.ordnancesurvey.co.uk/id/4000000074559316,http://www.ordnancesurvey.co.uk/xml/codelists/localtype.xml#village,,,,Highland,http://data.ordnancesurvey.co.uk/id/7000000000029638,http://data.ordnancesurvey.co.uk/ontology/admingeo/UnitaryAuthority,Scotland,http://data.ordnancesurvey.co.uk/id/7000000000041429,Scotland,http://data.ordnancesurvey.co.uk/id/country/scotland,,,
osgb4000000003340061,http://data.ordnancesurvey.co.uk/id/4000000003340061,Keoltag Drive,,,,transportNetwork,Named Road,297351.000,964947.000,1000,20000,297294.000,964890.000,297362.000,965008.250,KW14,http://data.ordnancesurvey.co.uk/id/postcodedistrict/KW14,Reay,http://data.ordnancesurvey.co.uk/id/4000000074559316,http://www.ordnancesurvey.co.uk/xml/codelists/localtype.xml#village,,,,Highland,http://data.ordnancesurvey.co.uk/id/7000000000029638,http://data.ordnancesurvey.co.uk/ontology/admingeo/UnitaryAuthority,Scotland,http://data.ordnancesurvey.co.uk/id/7000000000041429,Scotland,http://data.ordnancesurvey.co.uk/id/country/scotland,,,
osgb4000000003340059,http://data.ordnancesurvey.co.uk/id/4000000003340059,Steven Terrace,,,,transportNetwork,Named Road,283444.000,965487.000,1000,20000,283430.000,965383.000,283444.000,965553.000,KW14,http://data.ordnancesurvey.co.uk/id/postcodedistrict/KW14,Strathy,http://data.ordnancesurvey.co.uk/id/4000000074559681,http://www.ordnancesurvey.co.uk/xml/codelists/localtype.xml#village,,,,Highland,http://data.ordnancesurvey.co.uk/id/7000000000029638,http://data.ordnancesurvey.co.uk/ontology/admingeo/UnitaryAuthority,Scotland,http://data.ordnancesurvey.co.uk/id/7000000000041429,Scotland,http://data.ordnancesurvey.co.uk/id/country/scotland,,,
