﻿osgb4000000074571383,http://data.ordnancesurvey.co.uk/id/4000000074571383,Gills,,,,populatedPlace,Other Settlement,331912.730,972386.600,15000,25000,331632.341,972033.098,333024.841,973259.707,KW1,http://data.ordnancesurvey.co.uk/id/postcodedistrict/KW1,,,,,,,Highland,http://data.ordnancesurvey.co.uk/id/7000000000029638,http://data.ordnancesurvey.co.uk/ontology/admingeo/UnitaryAuthority,Scotland,http://data.ordnancesurvey.co.uk/id/7000000000041429,Scotland,http://data.ordnancesurvey.co.uk/id/country/scotland,,"http://dbpedia.org/resource/Gills,_Caithness",http://sws.geonames.org/2648655
osgb4000000074570675,http://data.ordnancesurvey.co.uk/id/4000000074570675,Auckengill,,,,populatedPlace,Other Settlement,336696.000,964994.000,15000,25000,335799.799,963451.844,337388.358,965362.147,KW1,http://data.ordnancesurvey.co.uk/id/postcodedistrict/KW1,,,,,,,Highland,http://data.ordnancesurvey.co.uk/id/7000000000029638,http://data.ordnancesurvey.co.uk/ontology/admingeo/UnitaryAuthority,Scotland,http://data.ordnancesurvey.co.uk/id/7000000000041429,Scotland,http://data.ordnancesurvey.co.uk/id/country/scotland,,http://dbpedia.org/resource/Auckengill,http://sws.geonames.org/2656795
osgb4000000074570672,http://data.ordnancesurvey.co.uk/id/4000000074570672,John o' Groats,,,,populatedPlace,Village,338384.000,972604.000,12000,250000,337458.738,971620.876,338931.677,973490.950,KW1,http://data.ordnancesurvey.co.uk/id/postcodedistrict/KW1,,,,,,,Highland,http://data.ordnancesurvey.co.uk/id/7000000000029638,http://data.ordnancesurvey.co.uk/ontology/admingeo/UnitaryAuthority,Scotland,http://data.ordnancesurvey.co.uk/id/7000000000041429,Scotland,http://data.ordnancesurvey.co.uk/id/country/scotland,,http://dbpedia.org/resource/John_o'_Groats,http://sws.geonames.org/7870366
osgb4000000074542072,http://data.ordnancesurvey.co.uk/id/4000000074542072,Tofts,,,,populatedPlace,Hamlet,336855.520,968522.930,5000,25000,336552.704,968132.074,337052.704,969222.952,KW1,http://data.ordnancesurvey.co.uk/id/postcodedistrict/KW1,,,,,,,Highland,http://data.ordnancesurvey.co.uk/id/7000000000029638,http://data.ordnancesurvey.co.uk/ontology/admingeo/UnitaryAuthority,Scotland,http://data.ordnancesurvey.co.uk/id/7000000000041429,Scotland,http://data.ordnancesurvey.co.uk/id/country/scotland,,,
osgb4000000074571381,http://data.ordnancesurvey.co.uk/id/4000000074571381,Upper Gills,,,,populatedPlace,Other Settlement,332612.250,971968.420,15000,25000,331863.582,970821.564,333024.841,972133.359,KW1,http://data.ordnancesurvey.co.uk/id/postcodedistrict/KW1,,,,,,,Highland,http://data.ordnancesurvey.co.uk/id/7000000000029638,http://data.ordnancesurvey.co.uk/ontology/admingeo/UnitaryAuthority,Scotland,http://data.ordnancesurvey.co.uk/id/7000000000041429,Scotland,http://data.ordnancesurvey.co.uk/id/country/scotland,,,
osgb4000000074335975,http://data.ordnancesurvey.co.uk/id/4000000074335975,Bower,,,,populatedPlace,Village,323943.000,962541.000,10000,250000,323253.405,961681.721,324092.925,963290.390,KW1,http://data.ordnancesurvey.co.uk/id/postcodedistrict/KW1,,,,,,,Highland,http://data.ordnancesurvey.co.uk/id/7000000000029638,http://data.ordnancesurvey.co.uk/ontology/admingeo/UnitaryAuthority,Scotland,http://data.ordnancesurvey.co.uk/id/7000000000041429,Scotland,http://data.ordnancesurvey.co.uk/id/country/scotland,,"http://dbpedia.org/resource/Bower,_Highland",
osgb4000000074543183,http://data.ordnancesurvey.co.uk/id/4000000074543183,Ruthers of Howe,,,,populatedPlace,Hamlet,329667.290,962678.090,5000,25000,329507.110,962450.861,330286.310,963259.869,KW1,http://data.ordnancesurvey.co.uk/id/postcodedistrict/KW1,,,,,,,Highland,http://data.ordnancesurvey.co.uk/id/7000000000029638,http://data.ordnancesurvey.co.uk/ontology/admingeo/UnitaryAuthority,Scotland,http://data.ordnancesurvey.co.uk/id/7000000000041429,Scotland,http://data.ordnancesurvey.co.uk/id/country/scotland,,,
osgb4000000074571385,http://data.ordnancesurvey.co.uk/id/4000000074571385,Barrock,,,,populatedPlace,Village,325690.640,971240.260,12000,250000,324781.635,970614.864,326601.444,971610.229,KW14,http://data.ordnancesurvey.co.uk/id/postcodedistrict/KW14,,,,,,,Highland,http://data.ordnancesurvey.co.uk/id/7000000000029638,http://data.ordnancesurvey.co.uk/ontology/admingeo/UnitaryAuthority,Scotland,http://data.ordnancesurvey.co.uk/id/7000000000041429,Scotland,http://data.ordnancesurvey.co.uk/id/country/scotland,,,
osgb4000000074570673,http://data.ordnancesurvey.co.uk/id/4000000074570673,Duncansby,,,,populatedPlace,Other Settlement,339405.640,972709.720,15000,25000,338765.786,972470.452,339655.577,973199.384,KW1,http://data.ordnancesurvey.co.uk/id/postcodedistrict/KW1,,,,,,,Highland,http://data.ordnancesurvey.co.uk/id/7000000000029638,http://data.ordnancesurvey.co.uk/ontology/admingeo/UnitaryAuthority,Scotland,http://data.ordnancesurvey.co.uk/id/7000000000041429,Scotland,http://data.ordnancesurvey.co.uk/id/country/scotland,,,
osgb4000000074335399,http://data.ordnancesurvey.co.uk/id/4000000074335399,Mey,,,,populatedPlace,Other Settlement,328166.950,973859.209,15000,25000,327893.412,972520.128,329185.372,974284.643,KW14,http://data.ordnancesurvey.co.uk/id/postcodedistrict/KW14,,,,,,,Highland,http://data.ordnancesurvey.co.uk/id/7000000000029638,http://data.ordnancesurvey.co.uk/ontology/admingeo/UnitaryAuthority,Scotland,http://data.ordnancesurvey.co.uk/id/7000000000041429,Scotland,http://data.ordnancesurvey.co.uk/id/country/scotland,,,
osgb4000000074570306,http://data.ordnancesurvey.co.uk/id/4000000074570306,Mireland,,,,populatedPlace,Other Settlement,331500.000,960651.000,15000,25000,331230.172,960434.936,331797.300,960934.936,KW1,http://data.ordnancesurvey.co.uk/id/postcodedistrict/KW1,,,,,,,Highland,http://data.ordnancesurvey.co.uk/id/7000000000029638,http://data.ordnancesurvey.co.uk/ontology/admingeo/UnitaryAuthority,Scotland,http://data.ordnancesurvey.co.uk/id/7000000000041429,Scotland,http://data.ordnancesurvey.co.uk/id/country/scotland,,,
osgb4000000074570677,http://data.ordnancesurvey.co.uk/id/4000000074570677,Lyth,,,,populatedPlace,Other Settlement,328142.000,963409.000,15000,25000,327161.077,962929.309,328385.754,964244.017,KW1,http://data.ordnancesurvey.co.uk/id/postcodedistrict/KW1,,,,,,,Highland,http://data.ordnancesurvey.co.uk/id/7000000000029638,http://data.ordnancesurvey.co.uk/ontology/admingeo/UnitaryAuthority,Scotland,http://data.ordnancesurvey.co.uk/id/7000000000041429,Scotland,http://data.ordnancesurvey.co.uk/id/country/scotland,,,
osgb4000000074542080,http://data.ordnancesurvey.co.uk/id/4000000074542080,Reaster,,,,populatedPlace,Other Settlement,326025.000,965372.000,15000,25000,325165.344,964264.671,327167.954,965421.870,KW1,http://data.ordnancesurvey.co.uk/id/postcodedistrict/KW1,,,,,,,Highland,http://data.ordnancesurvey.co.uk/id/7000000000029638,http://data.ordnancesurvey.co.uk/ontology/admingeo/UnitaryAuthority,Scotland,http://data.ordnancesurvey.co.uk/id/7000000000041429,Scotland,http://data.ordnancesurvey.co.uk/id/country/scotland,,,
osgb4000000074542044,http://data.ordnancesurvey.co.uk/id/4000000074542044,Nybster,,,,populatedPlace,Hamlet,335926.130,963415.570,5000,25000,335457.959,962939.081,336815.269,963589.085,KW1,http://data.ordnancesurvey.co.uk/id/postcodedistrict/KW1,,,,,,,Highland,http://data.ordnancesurvey.co.uk/id/7000000000029638,http://data.ordnancesurvey.co.uk/ontology/admingeo/UnitaryAuthority,Scotland,http://data.ordnancesurvey.co.uk/id/7000000000041429,Scotland,http://data.ordnancesurvey.co.uk/id/country/scotland,,http://dbpedia.org/resource/Nybster,
osgb4000000074573422,http://data.ordnancesurvey.co.uk/id/4000000074573422,Brough,,,,populatedPlace,Village,322133.390,973610.950,12000,250000,321232.507,972967.540,323037.236,974475.668,KW14,http://data.ordnancesurvey.co.uk/id/postcodedistrict/KW14,,,,,,,Highland,http://data.ordnancesurvey.co.uk/id/7000000000029638,http://data.ordnancesurvey.co.uk/ontology/admingeo/UnitaryAuthority,Scotland,http://data.ordnancesurvey.co.uk/id/7000000000041429,Scotland,http://data.ordnancesurvey.co.uk/id/country/scotland,,"http://dbpedia.org/resource/Brough,_Caithness",http://sws.geonames.org/2654530
osgb4000000074542090,http://data.ordnancesurvey.co.uk/id/4000000074542090,Seater,,,,populatedPlace,Other Settlement,335980.460,972374.760,15000,25000,335423.915,972036.357,336497.859,972826.231,KW1,http://data.ordnancesurvey.co.uk/id/postcodedistrict/KW1,,,,,,,Highland,http://data.ordnancesurvey.co.uk/id/7000000000029638,http://data.ordnancesurvey.co.uk/ontology/admingeo/UnitaryAuthority,Scotland,http://data.ordnancesurvey.co.uk/id/7000000000041429,Scotland,http://data.ordnancesurvey.co.uk/id/country/scotland,,,
osgb4000000074542074,http://data.ordnancesurvey.co.uk/id/4000000074542074,Tain,,,,populatedPlace,Other Settlement,323266.000,965708.000,15000,25000,321645.511,965420.820,323658.221,966680.190,KW14,http://data.ordnancesurvey.co.uk/id/postcodedistrict/KW14,,,,,,,Highland,http://data.ordnancesurvey.co.uk/id/7000000000029638,http://data.ordnancesurvey.co.uk/ontology/admingeo/UnitaryAuthority,Scotland,http://data.ordnancesurvey.co.uk/id/7000000000041429,Scotland,http://data.ordnancesurvey.co.uk/id/country/scotland,,,
osgb4000000074573091,http://data.ordnancesurvey.co.uk/id/4000000074573091,Corsback,,,,populatedPlace,Other Settlement,323867.863,972019.113,15000,25000,323279.999,971731.169,324582.016,972368.287,KW14,http://data.ordnancesurvey.co.uk/id/postcodedistrict/KW14,,,,,,,Highland,http://data.ordnancesurvey.co.uk/id/7000000000029638,http://data.ordnancesurvey.co.uk/ontology/admingeo/UnitaryAuthority,Scotland,http://data.ordnancesurvey.co.uk/id/7000000000041429,Scotland,http://data.ordnancesurvey.co.uk/id/country/scotland,,,
osgb4000000074570671,http://data.ordnancesurvey.co.uk/id/4000000074570671,Freswick,,,,populatedPlace,Other Settlement,337331.480,966842.830,15000,25000,336694.619,965682.326,337848.573,968187.369,KW1,http://data.ordnancesurvey.co.uk/id/postcodedistrict/KW1,,,,,,,Highland,http://data.ordnancesurvey.co.uk/id/7000000000029638,http://data.ordnancesurvey.co.uk/ontology/admingeo/UnitaryAuthority,Scotland,http://data.ordnancesurvey.co.uk/id/7000000000041429,Scotland,http://data.ordnancesurvey.co.uk/id/country/scotland,,http://dbpedia.org/resource/Freswick,http://sws.geonames.org/2649064
osgb4000000074571033,http://data.ordnancesurvey.co.uk/id/4000000074571033,Canisbay,,,,populatedPlace,Village,334857.130,972119.720,11000,250000,334079.755,971267.277,335387.579,972950.945,KW1,http://data.ordnancesurvey.co.uk/id/postcodedistrict/KW1,,,,,,,Highland,http://data.ordnancesurvey.co.uk/id/7000000000029638,http://data.ordnancesurvey.co.uk/ontology/admingeo/UnitaryAuthority,Scotland,http://data.ordnancesurvey.co.uk/id/7000000000041429,Scotland,http://data.ordnancesurvey.co.uk/id/country/scotland,,http://dbpedia.org/resource/Canisbay,http://sws.geonames.org/2653893
osgb4000000074570305,http://data.ordnancesurvey.co.uk/id/4000000074570305,Keiss,,,,populatedPlace,Village,334500.780,961577.500,20000,250000,333537.610,960051.517,336538.779,962693.261,KW1,http://data.ordnancesurvey.co.uk/id/postcodedistrict/KW1,,,,,,,Highland,http://data.ordnancesurvey.co.uk/id/7000000000029638,http://data.ordnancesurvey.co.uk/ontology/admingeo/UnitaryAuthority,Scotland,http://data.ordnancesurvey.co.uk/id/7000000000041429,Scotland,http://data.ordnancesurvey.co.uk/id/country/scotland,,http://dbpedia.org/resource/Keiss,http://sws.geonames.org/2645882
osgb4000000074571029,http://data.ordnancesurvey.co.uk/id/4000000074571029,Slickly,,,,populatedPlace,Other Settlement,329948.000,966828.000,15000,25000,329437.151,966170.916,330276.251,967014.904,KW1,http://data.ordnancesurvey.co.uk/id/postcodedistrict/KW1,,,,,,,Highland,http://data.ordnancesurvey.co.uk/id/7000000000029638,http://data.ordnancesurvey.co.uk/ontology/admingeo/UnitaryAuthority,Scotland,http://data.ordnancesurvey.co.uk/id/7000000000041429,Scotland,http://data.ordnancesurvey.co.uk/id/country/scotland,,,http://sws.geonames.org/2637648
osgb4000000074572079,http://data.ordnancesurvey.co.uk/id/4000000074572079,Halcro,,,,populatedPlace,Other Settlement,322922.000,960725.000,15000,25000,322685.345,960369.646,323995.427,961415.587,KW1,http://data.ordnancesurvey.co.uk/id/postcodedistrict/KW1,,,,,,,Highland,http://data.ordnancesurvey.co.uk/id/7000000000029638,http://data.ordnancesurvey.co.uk/ontology/admingeo/UnitaryAuthority,Scotland,http://data.ordnancesurvey.co.uk/id/7000000000041429,Scotland,http://data.ordnancesurvey.co.uk/id/country/scotland,,,
osgb4000000074569625,http://data.ordnancesurvey.co.uk/id/4000000074569625,Easter Head,,,,populatedPlace,Hamlet,320270.240,976664.100,5000,25000,320120.362,976450.157,320620.362,976950.157,KW14,http://data.ordnancesurvey.co.uk/id/postcodedistrict/KW14,,,,,,,Highland,http://data.ordnancesurvey.co.uk/id/7000000000029638,http://data.ordnancesurvey.co.uk/ontology/admingeo/UnitaryAuthority,Scotland,http://data.ordnancesurvey.co.uk/id/7000000000041429,Scotland,http://data.ordnancesurvey.co.uk/id/country/scotland,,,
osgb4000000074573092,http://data.ordnancesurvey.co.uk/id/4000000074573092,Hunspow,,,,populatedPlace,Other Settlement,321716.180,972476.470,15000,25000,321277.105,972298.942,321923.996,973238.583,KW14,http://data.ordnancesurvey.co.uk/id/postcodedistrict/KW14,,,,,,,Highland,http://data.ordnancesurvey.co.uk/id/7000000000029638,http://data.ordnancesurvey.co.uk/ontology/admingeo/UnitaryAuthority,Scotland,http://data.ordnancesurvey.co.uk/id/7000000000041429,Scotland,http://data.ordnancesurvey.co.uk/id/country/scotland,,,
osgb4000000074571034,http://data.ordnancesurvey.co.uk/id/4000000074571034,Huna,,,,populatedPlace,Other Settlement,336961.130,973242.520,15000,25000,335583.630,972696.678,337182.248,973717.176,KW1,http://data.ordnancesurvey.co.uk/id/postcodedistrict/KW1,,,,,,,Highland,http://data.ordnancesurvey.co.uk/id/7000000000029638,http://data.ordnancesurvey.co.uk/ontology/admingeo/UnitaryAuthority,Scotland,http://data.ordnancesurvey.co.uk/id/7000000000041429,Scotland,http://data.ordnancesurvey.co.uk/id/country/scotland,,"http://dbpedia.org/resource/Huna,_Caithness",http://sws.geonames.org/2646423
osgb4000000074542108,http://data.ordnancesurvey.co.uk/id/4000000074542108,Rattar,,,,populatedPlace,Other Settlement,326573.000,973084.530,15000,25000,325932.843,972344.179,327249.942,973802.041,KW14,http://data.ordnancesurvey.co.uk/id/postcodedistrict/KW14,,,,,,,Highland,http://data.ordnancesurvey.co.uk/id/7000000000029638,http://data.ordnancesurvey.co.uk/ontology/admingeo/UnitaryAuthority,Scotland,http://data.ordnancesurvey.co.uk/id/7000000000041429,Scotland,http://data.ordnancesurvey.co.uk/id/country/scotland,,,
osgb4000000074572082,http://data.ordnancesurvey.co.uk/id/4000000074572082,Bowertower,,,,populatedPlace,Other Settlement,322361.340,962366.230,15000,25000,321944.641,961319.764,323637.575,962743.777,KW1,http://data.ordnancesurvey.co.uk/id/postcodedistrict/KW1,,,,,,,Highland,http://data.ordnancesurvey.co.uk/id/7000000000029638,http://data.ordnancesurvey.co.uk/ontology/admingeo/UnitaryAuthority,Scotland,http://data.ordnancesurvey.co.uk/id/7000000000041429,Scotland,http://data.ordnancesurvey.co.uk/id/country/scotland,,,http://sws.geonames.org/2655063
osgb4000000074570670,http://data.ordnancesurvey.co.uk/id/4000000074570670,Hastigrow,,,,populatedPlace,Hamlet,325799.780,961394.270,5000,25000,325510.564,960696.403,326410.414,961862.689,KW1,http://data.ordnancesurvey.co.uk/id/postcodedistrict/KW1,,,,,,,Highland,http://data.ordnancesurvey.co.uk/id/7000000000029638,http://data.ordnancesurvey.co.uk/ontology/admingeo/UnitaryAuthority,Scotland,http://data.ordnancesurvey.co.uk/id/7000000000041429,Scotland,http://data.ordnancesurvey.co.uk/id/country/scotland,,,
osgb4000000074542115,http://data.ordnancesurvey.co.uk/id/4000000074542115,Skirza,,,,populatedPlace,Other Settlement,338612.050,968415.000,15000,25000,337418.519,967880.716,339293.627,968730.293,KW1,http://data.ordnancesurvey.co.uk/id/postcodedistrict/KW1,,,,,,,Highland,http://data.ordnancesurvey.co.uk/id/7000000000029638,http://data.ordnancesurvey.co.uk/ontology/admingeo/UnitaryAuthority,Scotland,http://data.ordnancesurvey.co.uk/id/7000000000041429,Scotland,http://data.ordnancesurvey.co.uk/id/country/scotland,,http://dbpedia.org/resource/Skirza,
osgb4000000074572081,http://data.ordnancesurvey.co.uk/id/4000000074572081,Brabsterdorran,,,,populatedPlace,Other Settlement,322176.290,960229.690,15000,25000,321703.778,959722.652,322742.936,960525.482,KW1,http://data.ordnancesurvey.co.uk/id/postcodedistrict/KW1,,,,,,,Highland,http://data.ordnancesurvey.co.uk/id/7000000000029638,http://data.ordnancesurvey.co.uk/ontology/admingeo/UnitaryAuthority,Scotland,http://data.ordnancesurvey.co.uk/id/7000000000041429,Scotland,http://data.ordnancesurvey.co.uk/id/country/scotland,,http://dbpedia.org/resource/Brabsterdorran,
osgb4000000074570668,http://data.ordnancesurvey.co.uk/id/4000000074570668,Howe,,,,populatedPlace,Other Settlement,330499.710,961741.480,15000,25000,329667.972,961097.158,331099.463,962668.818,KW1,http://data.ordnancesurvey.co.uk/id/postcodedistrict/KW1,,,,,,,Highland,http://data.ordnancesurvey.co.uk/id/7000000000029638,http://data.ordnancesurvey.co.uk/ontology/admingeo/UnitaryAuthority,Scotland,http://data.ordnancesurvey.co.uk/id/7000000000041429,Scotland,http://data.ordnancesurvey.co.uk/id/country/scotland,,,
osgb4000000074570676,http://data.ordnancesurvey.co.uk/id/4000000074570676,Alterwall,,,,populatedPlace,Other Settlement,328730.960,964530.660,15000,25000,328515.658,964185.214,329356.292,965160.465,KW1,http://data.ordnancesurvey.co.uk/id/postcodedistrict/KW1,,,,,,,Highland,http://data.ordnancesurvey.co.uk/id/7000000000029638,http://data.ordnancesurvey.co.uk/ontology/admingeo/UnitaryAuthority,Scotland,http://data.ordnancesurvey.co.uk/id/7000000000041429,Scotland,http://data.ordnancesurvey.co.uk/id/country/scotland,,,
osgb4000000074571387,http://data.ordnancesurvey.co.uk/id/4000000074571387,Scarfskerry,,,,populatedPlace,Village,326234.820,974188.940,16000,250000,325445.214,973681.386,327908.492,974721.998,KW14,http://data.ordnancesurvey.co.uk/id/postcodedistrict/KW14,,,,,,,Highland,http://data.ordnancesurvey.co.uk/id/7000000000029638,http://data.ordnancesurvey.co.uk/ontology/admingeo/UnitaryAuthority,Scotland,http://data.ordnancesurvey.co.uk/id/7000000000041429,Scotland,http://data.ordnancesurvey.co.uk/id/country/scotland,,http://dbpedia.org/resource/Skarfskerry,http://sws.geonames.org/2638411
osgb4000000074571031,http://data.ordnancesurvey.co.uk/id/4000000074571031,Greenland,,,,populatedPlace,Other Settlement,323556.630,967714.120,15000,25000,322536.480,966157.170,325702.122,968400.657,KW14,http://data.ordnancesurvey.co.uk/id/postcodedistrict/KW14,,,,,,,Highland,http://data.ordnancesurvey.co.uk/id/7000000000029638,http://data.ordnancesurvey.co.uk/ontology/admingeo/UnitaryAuthority,Scotland,http://data.ordnancesurvey.co.uk/id/7000000000041429,Scotland,http://data.ordnancesurvey.co.uk/id/country/scotland,,,http://sws.geonames.org/2647955
osgb4000000074571384,http://data.ordnancesurvey.co.uk/id/4000000074571384,Inkstack,,,,populatedPlace,Other Settlement,325662.000,970009.000,15000,25000,325525.653,969281.525,326486.656,970780.756,KW14,http://data.ordnancesurvey.co.uk/id/postcodedistrict/KW14,,,,,,,Highland,http://data.ordnancesurvey.co.uk/id/7000000000029638,http://data.ordnancesurvey.co.uk/ontology/admingeo/UnitaryAuthority,Scotland,http://data.ordnancesurvey.co.uk/id/7000000000041429,Scotland,http://data.ordnancesurvey.co.uk/id/country/scotland,,,
osgb4000000074542073,http://data.ordnancesurvey.co.uk/id/4000000074542073,Sortat,,,,populatedPlace,Other Settlement,328925.140,963009.390,15000,25000,328010.253,962045.237,329446.781,963481.416,KW1,http://data.ordnancesurvey.co.uk/id/postcodedistrict/KW1,,,,,,,Highland,http://data.ordnancesurvey.co.uk/id/7000000000029638,http://data.ordnancesurvey.co.uk/ontology/admingeo/UnitaryAuthority,Scotland,http://data.ordnancesurvey.co.uk/id/7000000000041429,Scotland,http://data.ordnancesurvey.co.uk/id/country/scotland,,,
osgb4000000074570674,http://data.ordnancesurvey.co.uk/id/4000000074570674,Milltown,,,,populatedPlace,Other Settlement,337354.090,964167.960,15000,25000,337130.818,963872.967,337630.818,964372.967,KW1,http://data.ordnancesurvey.co.uk/id/postcodedistrict/KW1,,,,,,,Highland,http://data.ordnancesurvey.co.uk/id/7000000000029638,http://data.ordnancesurvey.co.uk/ontology/admingeo/UnitaryAuthority,Scotland,http://data.ordnancesurvey.co.uk/id/7000000000041429,Scotland,http://data.ordnancesurvey.co.uk/id/country/scotland,,,
osgb4000000074571030,http://data.ordnancesurvey.co.uk/id/4000000074571030,Lochend,,,,populatedPlace,Hamlet,326594.870,968258.970,5000,25000,326239.997,968005.099,326839.998,968505.099,KW14,http://data.ordnancesurvey.co.uk/id/postcodedistrict/KW14,,,,,,,Highland,http://data.ordnancesurvey.co.uk/id/7000000000029638,http://data.ordnancesurvey.co.uk/ontology/admingeo/UnitaryAuthority,Scotland,http://data.ordnancesurvey.co.uk/id/7000000000041429,Scotland,http://data.ordnancesurvey.co.uk/id/country/scotland,,,
osgb4000000074572743,http://data.ordnancesurvey.co.uk/id/4000000074572743,Bowermadden,,,,populatedPlace,Other Settlement,324380.170,963990.490,15000,25000,322832.395,963356.261,324505.145,965179.949,KW1,http://data.ordnancesurvey.co.uk/id/postcodedistrict/KW1,,,,,,,Highland,http://data.ordnancesurvey.co.uk/id/7000000000029638,http://data.ordnancesurvey.co.uk/ontology/admingeo/UnitaryAuthority,Scotland,http://data.ordnancesurvey.co.uk/id/7000000000041429,Scotland,http://data.ordnancesurvey.co.uk/id/country/scotland,,,http://sws.geonames.org/2655066
osgb4000000074573090,http://data.ordnancesurvey.co.uk/id/4000000074573090,Dunnet,,,,populatedPlace,Village,321548.050,971436.520,11000,250000,320754.937,970876.269,322514.416,972203.419,KW14,http://data.ordnancesurvey.co.uk/id/postcodedistrict/KW14,,,,,,,Highland,http://data.ordnancesurvey.co.uk/id/7000000000029638,http://data.ordnancesurvey.co.uk/ontology/admingeo/UnitaryAuthority,Scotland,http://data.ordnancesurvey.co.uk/id/7000000000041429,Scotland,http://data.ordnancesurvey.co.uk/id/country/scotland,,http://dbpedia.org/resource/Dunnet,
osgb4000000074571032,http://data.ordnancesurvey.co.uk/id/4000000074571032,Brabstermire,,,,populatedPlace,Other Settlement,332244.430,970010.850,15000,25000,331411.142,969041.974,332881.097,970234.912,KW1,http://data.ordnancesurvey.co.uk/id/postcodedistrict/KW1,,,,,,,Highland,http://data.ordnancesurvey.co.uk/id/7000000000029638,http://data.ordnancesurvey.co.uk/ontology/admingeo/UnitaryAuthority,Scotland,http://data.ordnancesurvey.co.uk/id/7000000000041429,Scotland,http://data.ordnancesurvey.co.uk/id/country/scotland,,,
osgb4000000074542095,http://data.ordnancesurvey.co.uk/id/4000000074542095,Syster,,,,populatedPlace,Other Settlement,326927.730,968925.200,15000,25000,326700.832,968771.275,327200.832,969271.275,KW14,http://data.ordnancesurvey.co.uk/id/postcodedistrict/KW14,,,,,,,Highland,http://data.ordnancesurvey.co.uk/id/7000000000029638,http://data.ordnancesurvey.co.uk/ontology/admingeo/UnitaryAuthority,Scotland,http://data.ordnancesurvey.co.uk/id/7000000000041429,Scotland,http://data.ordnancesurvey.co.uk/id/country/scotland,,,
KW148XH,http://data.ordnancesurvey.co.uk/id/postcodeunit/KW148XH,KW14 8XH,,,,other,Postcode,328741.000,972793.000,3500,18000,,,,,,,Mey,http://data.ordnancesurvey.co.uk/id/4000000074335399,http://www.ordnancesurvey.co.uk/xml/codelists/localtype.xml#otherSettlement,,,,Highland,http://data.ordnancesurvey.co.uk/id/7000000000029638,http://data.ordnancesurvey.co.uk/ontology/admingeo/UnitaryAuthority,Scotland,http://data.ordnancesurvey.co.uk/id/7000000000041429,Scotland,http://data.ordnancesurvey.co.uk/id/country/scotland,,,
KW148XN,http://data.ordnancesurvey.co.uk/id/postcodeunit/KW148XN,KW14 8XN,,,,other,Postcode,326740.000,974306.000,3500,18000,,,,,,,,,,,,,Highland,http://data.ordnancesurvey.co.uk/id/7000000000029638,http://data.ordnancesurvey.co.uk/ontology/admingeo/UnitaryAuthority,Scotland,http://data.ordnancesurvey.co.uk/id/7000000000041429,Scotland,http://data.ordnancesurvey.co.uk/id/country/scotland,,,
KW14TL,http://data.ordnancesurvey.co.uk/id/postcodeunit/KW14TL,KW1 4TL,,,,other,Postcode,323376.000,963094.000,3500,18000,,,,,,,Bower,http://data.ordnancesurvey.co.uk/id/4000000074335975,http://www.ordnancesurvey.co.uk/xml/codelists/localtype.xml#village,,,,Highland,http://data.ordnancesurvey.co.uk/id/7000000000029638,http://data.ordnancesurvey.co.uk/ontology/admingeo/UnitaryAuthority,Scotland,http://data.ordnancesurvey.co.uk/id/7000000000041429,Scotland,http://data.ordnancesurvey.co.uk/id/country/scotland,,,
KW14TN,http://data.ordnancesurvey.co.uk/id/postcodeunit/KW14TN,KW1 4TN,,,,other,Postcode,323691.000,962924.000,3500,18000,,,,,,,Bower,http://data.ordnancesurvey.co.uk/id/4000000074335975,http://www.ordnancesurvey.co.uk/xml/codelists/localtype.xml#village,,,,Highland,http://data.ordnancesurvey.co.uk/id/7000000000029638,http://data.ordnancesurvey.co.uk/ontology/admingeo/UnitaryAuthority,Scotland,http://data.ordnancesurvey.co.uk/id/7000000000041429,Scotland,http://data.ordnancesurvey.co.uk/id/country/scotland,,,
KW14XX,http://data.ordnancesurvey.co.uk/id/postcodeunit/KW14XX,KW1 4XX,,,,other,Postcode,337861.000,968261.000,3500,18000,,,,,,,Skirza,http://data.ordnancesurvey.co.uk/id/4000000074542115,http://www.ordnancesurvey.co.uk/xml/codelists/localtype.xml#otherSettlement,,,,Highland,http://data.ordnancesurvey.co.uk/id/7000000000029638,http://data.ordnancesurvey.co.uk/ontology/admingeo/UnitaryAuthority,Scotland,http://data.ordnancesurvey.co.uk/id/7000000000041429,Scotland,http://data.ordnancesurvey.co.uk/id/country/scotland,,,
KW14XF,http://data.ordnancesurvey.co.uk/id/postcodeunit/KW14XF,KW1 4XF,,,,other,Postcode,334986.000,962105.000,3500,18000,,,,,,,Keiss,http://data.ordnancesurvey.co.uk/id/4000000074570305,http://www.ordnancesurvey.co.uk/xml/codelists/localtype.xml#village,,,,Highland,http://data.ordnancesurvey.co.uk/id/7000000000029638,http://data.ordnancesurvey.co.uk/ontology/admingeo/UnitaryAuthority,Scotland,http://data.ordnancesurvey.co.uk/id/7000000000041429,Scotland,http://data.ordnancesurvey.co.uk/id/country/scotland,,,
KW14XB,http://data.ordnancesurvey.co.uk/id/postcodeunit/KW14XB,KW1 4XB,,,,other,Postcode,334937.000,961063.000,3500,18000,,,,,,,Keiss,http://data.ordnancesurvey.co.uk/id/4000000074570305,http://www.ordnancesurvey.co.uk/xml/codelists/localtype.xml#village,,,,Highland,http://data.ordnancesurvey.co.uk/id/7000000000029638,http://data.ordnancesurvey.co.uk/ontology/admingeo/UnitaryAuthority,Scotland,http://data.ordnancesurvey.co.uk/id/7000000000041429,Scotland,http://data.ordnancesurvey.co.uk/id/country/scotland,,,
KW14YX,http://data.ordnancesurvey.co.uk/id/postcodeunit/KW14YX,KW1 4YX,,,,other,Postcode,337975.000,973267.000,3500,18000,,,,,,,John o' Groats,http://data.ordnancesurvey.co.uk/id/4000000074570672,http://www.ordnancesurvey.co.uk/xml/codelists/localtype.xml#village,,,,Highland,http://data.ordnancesurvey.co.uk/id/7000000000029638,http://data.ordnancesurvey.co.uk/ontology/admingeo/UnitaryAuthority,Scotland,http://data.ordnancesurvey.co.uk/id/7000000000041429,Scotland,http://data.ordnancesurvey.co.uk/id/country/scotland,,,
KW15UU,http://data.ordnancesurvey.co.uk/id/postcodeunit/KW15UU,KW1 5UU,,,,other,Postcode,320503.000,960105.000,3500,18000,,,,,,,,,,,,,Highland,http://data.ordnancesurvey.co.uk/id/7000000000029638,http://data.ordnancesurvey.co.uk/ontology/admingeo/UnitaryAuthority,Scotland,http://data.ordnancesurvey.co.uk/id/7000000000041429,Scotland,http://data.ordnancesurvey.co.uk/id/country/scotland,,,
KW148TB,http://data.ordnancesurvey.co.uk/id/postcodeunit/KW148TB,KW14 8TB,,,,other,Postcode,322646.000,966026.000,3500,18000,,,,,,,Tain,http://data.ordnancesurvey.co.uk/id/4000000074542074,http://www.ordnancesurvey.co.uk/xml/codelists/localtype.xml#otherSettlement,,,,Highland,http://data.ordnancesurvey.co.uk/id/7000000000029638,http://data.ordnancesurvey.co.uk/ontology/admingeo/UnitaryAuthority,Scotland,http://data.ordnancesurvey.co.uk/id/7000000000041429,Scotland,http://data.ordnancesurvey.co.uk/id/country/scotland,,,
KW14YN,http://data.ordnancesurvey.co.uk/id/postcodeunit/KW14YN,KW1 4YN,,,,other,Postcode,334906.000,972261.000,3500,18000,,,,,,,Canisbay,http://data.ordnancesurvey.co.uk/id/4000000074571033,http://www.ordnancesurvey.co.uk/xml/codelists/localtype.xml#village,,,,Highland,http://data.ordnancesurvey.co.uk/id/7000000000029638,http://data.ordnancesurvey.co.uk/ontology/admingeo/UnitaryAuthority,Scotland,http://data.ordnancesurvey.co.uk/id/7000000000041429,Scotland,http://data.ordnancesurvey.co.uk/id/country/scotland,,,
KW14YJ,http://data.ordnancesurvey.co.uk/id/postcodeunit/KW14YJ,KW1 4YJ,,,,other,Postcode,334794.000,972192.000,3500,18000,,,,,,,Canisbay,http://data.ordnancesurvey.co.uk/id/4000000074571033,http://www.ordnancesurvey.co.uk/xml/codelists/localtype.xml#village,,,,Highland,http://data.ordnancesurvey.co.uk/id/7000000000029638,http://data.ordnancesurvey.co.uk/ontology/admingeo/UnitaryAuthority,Scotland,http://data.ordnancesurvey.co.uk/id/7000000000041429,Scotland,http://data.ordnancesurvey.co.uk/id/country/scotland,,,
KW148SX,http://data.ordnancesurvey.co.uk/id/postcodeunit/KW148SX,KW14 8SX,,,,other,Postcode,323547.000,967703.000,3500,18000,,,,,,,Greenland,http://data.ordnancesurvey.co.uk/id/4000000074571031,http://www.ordnancesurvey.co.uk/xml/codelists/localtype.xml#otherSettlement,,,,Highland,http://data.ordnancesurvey.co.uk/id/7000000000029638,http://data.ordnancesurvey.co.uk/ontology/admingeo/UnitaryAuthority,Scotland,http://data.ordnancesurvey.co.uk/id/7000000000041429,Scotland,http://data.ordnancesurvey.co.uk/id/country/scotland,,,
KW14XA,http://data.ordnancesurvey.co.uk/id/postcodeunit/KW14XA,KW1 4XA,,,,other,Postcode,334589.000,961351.000,3500,18000,,,,,,,Keiss,http://data.ordnancesurvey.co.uk/id/4000000074570305,http://www.ordnancesurvey.co.uk/xml/codelists/localtype.xml#village,,,,Highland,http://data.ordnancesurvey.co.uk/id/7000000000029638,http://data.ordnancesurvey.co.uk/ontology/admingeo/UnitaryAuthority,Scotland,http://data.ordnancesurvey.co.uk/id/7000000000041429,Scotland,http://data.ordnancesurvey.co.uk/id/country/scotland,,,
KW148XS,http://data.ordnancesurvey.co.uk/id/postcodeunit/KW148XS,KW14 8XS,,,,other,Postcode,320498.000,976685.000,3500,18000,,,,,,,Easter Head,http://data.ordnancesurvey.co.uk/id/4000000074569625,http://www.ordnancesurvey.co.uk/xml/codelists/localtype.xml#hamlet,,,,Highland,http://data.ordnancesurvey.co.uk/id/7000000000029638,http://data.ordnancesurvey.co.uk/ontology/admingeo/UnitaryAuthority,Scotland,http://data.ordnancesurvey.co.uk/id/7000000000041429,Scotland,http://data.ordnancesurvey.co.uk/id/country/scotland,,,
KW14UQ,http://data.ordnancesurvey.co.uk/id/postcodeunit/KW14UQ,KW1 4UQ,,,,other,Postcode,329826.000,962504.000,3500,18000,,,,,,,Howe,http://data.ordnancesurvey.co.uk/id/4000000074570668,http://www.ordnancesurvey.co.uk/xml/codelists/localtype.xml#otherSettlement,,,,Highland,http://data.ordnancesurvey.co.uk/id/7000000000029638,http://data.ordnancesurvey.co.uk/ontology/admingeo/UnitaryAuthority,Scotland,http://data.ordnancesurvey.co.uk/id/7000000000041429,Scotland,http://data.ordnancesurvey.co.uk/id/country/scotland,,,
KW14TW,http://data.ordnancesurvey.co.uk/id/postcodeunit/KW14TW,KW1 4TW,,,,other,Postcode,324373.000,964039.000,3500,18000,,,,,,,Bowermadden,http://data.ordnancesurvey.co.uk/id/4000000074572743,http://www.ordnancesurvey.co.uk/xml/codelists/localtype.xml#otherSettlement,,,,Highland,http://data.ordnancesurvey.co.uk/id/7000000000029638,http://data.ordnancesurvey.co.uk/ontology/admingeo/UnitaryAuthority,Scotland,http://data.ordnancesurvey.co.uk/id/7000000000041429,Scotland,http://data.ordnancesurvey.co.uk/id/country/scotland,,,
KW14UZ,http://data.ordnancesurvey.co.uk/id/postcodeunit/KW14UZ,KW1 4UZ,,,,other,Postcode,334706.000,961352.000,3500,18000,,,,,,,Keiss,http://data.ordnancesurvey.co.uk/id/4000000074570305,http://www.ordnancesurvey.co.uk/xml/codelists/localtype.xml#village,,,,Highland,http://data.ordnancesurvey.co.uk/id/7000000000029638,http://data.ordnancesurvey.co.uk/ontology/admingeo/UnitaryAuthority,Scotland,http://data.ordnancesurvey.co.uk/id/7000000000041429,Scotland,http://data.ordnancesurvey.co.uk/id/country/scotland,,,
KW14XD,http://data.ordnancesurvey.co.uk/id/postcodeunit/KW14XD,KW1 4XD,,,,other,Postcode,335065.000,960984.000,3500,18000,,,,,,,Keiss,http://data.ordnancesurvey.co.uk/id/4000000074570305,http://www.ordnancesurvey.co.uk/xml/codelists/localtype.xml#village,,,,Highland,http://data.ordnancesurvey.co.uk/id/7000000000029638,http://data.ordnancesurvey.co.uk/ontology/admingeo/UnitaryAuthority,Scotland,http://data.ordnancesurvey.co.uk/id/7000000000041429,Scotland,http://data.ordnancesurvey.co.uk/id/country/scotland,,,
KW14XR,http://data.ordnancesurvey.co.uk/id/postcodeunit/KW14XR,KW1 4XR,,,,other,Postcode,336902.000,963865.000,3500,18000,,,,,,,Auckengill,http://data.ordnancesurvey.co.uk/id/4000000074570675,http://www.ordnancesurvey.co.uk/xml/codelists/localtype.xml#otherSettlement,,,,Highland,http://data.ordnancesurvey.co.uk/id/7000000000029638,http://data.ordnancesurvey.co.uk/ontology/admingeo/UnitaryAuthority,Scotland,http://data.ordnancesurvey.co.uk/id/7000000000041429,Scotland,http://data.ordnancesurvey.co.uk/id/country/scotland,,,
KW148YD,http://data.ordnancesurvey.co.uk/id/postcodeunit/KW148YD,KW14 8YD,,,,other,Postcode,321469.000,971713.000,3500,18000,,,,,,,Dunnet,http://data.ordnancesurvey.co.uk/id/4000000074573090,http://www.ordnancesurvey.co.uk/xml/codelists/localtype.xml#village,,,,Highland,http://data.ordnancesurvey.co.uk/id/7000000000029638,http://data.ordnancesurvey.co.uk/ontology/admingeo/UnitaryAuthority,Scotland,http://data.ordnancesurvey.co.uk/id/7000000000041429,Scotland,http://data.ordnancesurvey.co.uk/id/country/scotland,,,
KW14UE,http://data.ordnancesurvey.co.uk/id/postcodeunit/KW14UE,KW1 4UE,,,,other,Postcode,327467.000,962551.000,3500,18000,,,,,,,,,,,,,Highland,http://data.ordnancesurvey.co.uk/id/7000000000029638,http://data.ordnancesurvey.co.uk/ontology/admingeo/UnitaryAuthority,Scotland,http://data.ordnancesurvey.co.uk/id/7000000000041429,Scotland,http://data.ordnancesurvey.co.uk/id/country/scotland,,,
KW148XD,http://data.ordnancesurvey.co.uk/id/postcodeunit/KW148XD,KW14 8XD,,,,other,Postcode,322078.000,971278.000,3500,18000,,,,,,,Dunnet,http://data.ordnancesurvey.co.uk/id/4000000074573090,http://www.ordnancesurvey.co.uk/xml/codelists/localtype.xml#village,,,,Highland,http://data.ordnancesurvey.co.uk/id/7000000000029638,http://data.ordnancesurvey.co.uk/ontology/admingeo/UnitaryAuthority,Scotland,http://data.ordnancesurvey.co.uk/id/7000000000041429,Scotland,http://data.ordnancesurvey.co.uk/id/country/scotland,,,
KW14UG,http://data.ordnancesurvey.co.uk/id/postcodeunit/KW14UG,KW1 4UG,,,,other,Postcode,329035.000,965026.000,3500,18000,,,,,,,Alterwall,http://data.ordnancesurvey.co.uk/id/4000000074570676,http://www.ordnancesurvey.co.uk/xml/codelists/localtype.xml#otherSettlement,,,,Highland,http://data.ordnancesurvey.co.uk/id/7000000000029638,http://data.ordnancesurvey.co.uk/ontology/admingeo/UnitaryAuthority,Scotland,http://data.ordnancesurvey.co.uk/id/7000000000041429,Scotland,http://data.ordnancesurvey.co.uk/id/country/scotland,,,
KW148SL,http://data.ordnancesurvey.co.uk/id/postcodeunit/KW148SL,KW14 8SL,,,,other,Postcode,320222.000,967146.000,3500,18000,,,,,,,,,,,,,Highland,http://data.ordnancesurvey.co.uk/id/7000000000029638,http://data.ordnancesurvey.co.uk/ontology/admingeo/UnitaryAuthority,Scotland,http://data.ordnancesurvey.co.uk/id/7000000000041429,Scotland,http://data.ordnancesurvey.co.uk/id/country/scotland,,,
KW14YL,http://data.ordnancesurvey.co.uk/id/postcodeunit/KW14YL,KW1 4YL,,,,other,Postcode,336202.000,973095.000,3500,18000,,,,,,,Huna,http://data.ordnancesurvey.co.uk/id/4000000074571034,http://www.ordnancesurvey.co.uk/xml/codelists/localtype.xml#otherSettlement,,,,Highland,http://data.ordnancesurvey.co.uk/id/7000000000029638,http://data.ordnancesurvey.co.uk/ontology/admingeo/UnitaryAuthority,Scotland,http://data.ordnancesurvey.co.uk/id/7000000000041429,Scotland,http://data.ordnancesurvey.co.uk/id/country/scotland,,,
KW14UF,http://data.ordnancesurvey.co.uk/id/postcodeunit/KW14UF,KW1 4UF,,,,other,Postcode,326778.000,964746.000,3500,18000,,,,,,,Reaster,http://data.ordnancesurvey.co.uk/id/4000000074542080,http://www.ordnancesurvey.co.uk/xml/codelists/localtype.xml#otherSettlement,,,,Highland,http://data.ordnancesurvey.co.uk/id/7000000000029638,http://data.ordnancesurvey.co.uk/ontology/admingeo/UnitaryAuthority,Scotland,http://data.ordnancesurvey.co.uk/id/7000000000041429,Scotland,http://data.ordnancesurvey.co.uk/id/country/scotland,,,
KW148XJ,http://data.ordnancesurvey.co.uk/id/postcodeunit/KW148XJ,KW14 8XJ,,,,other,Postcode,328811.000,972811.000,3500,18000,,,,,,,Mey,http://data.ordnancesurvey.co.uk/id/4000000074335399,http://www.ordnancesurvey.co.uk/xml/codelists/localtype.xml#otherSettlement,,,,Highland,http://data.ordnancesurvey.co.uk/id/7000000000029638,http://data.ordnancesurvey.co.uk/ontology/admingeo/UnitaryAuthority,Scotland,http://data.ordnancesurvey.co.uk/id/7000000000041429,Scotland,http://data.ordnancesurvey.co.uk/id/country/scotland,,,
KW14YD,http://data.ordnancesurvey.co.uk/id/postcodeunit/KW14YD,KW1 4YD,,,,other,Postcode,332478.000,971411.000,3500,18000,,,,,,,Upper Gills,http://data.ordnancesurvey.co.uk/id/4000000074571381,http://www.ordnancesurvey.co.uk/xml/codelists/localtype.xml#otherSettlement,,,,Highland,http://data.ordnancesurvey.co.uk/id/7000000000029638,http://data.ordnancesurvey.co.uk/ontology/admingeo/UnitaryAuthority,Scotland,http://data.ordnancesurvey.co.uk/id/7000000000041429,Scotland,http://data.ordnancesurvey.co.uk/id/country/scotland,,,
KW148XR,http://data.ordnancesurvey.co.uk/id/postcodeunit/KW148XR,KW14 8XR,,,,other,Postcode,321679.000,974152.000,3500,18000,,,,,,,Brough,http://data.ordnancesurvey.co.uk/id/4000000074573422,http://www.ordnancesurvey.co.uk/xml/codelists/localtype.xml#village,,,,Highland,http://data.ordnancesurvey.co.uk/id/7000000000029638,http://data.ordnancesurvey.co.uk/ontology/admingeo/UnitaryAuthority,Scotland,http://data.ordnancesurvey.co.uk/id/7000000000041429,Scotland,http://data.ordnancesurvey.co.uk/id/country/scotland,,,
KW148XF,http://data.ordnancesurvey.co.uk/id/postcodeunit/KW148XF,KW14 8XF,,,,other,Postcode,322254.000,971258.000,3500,18000,,,,,,,Dunnet,http://data.ordnancesurvey.co.uk/id/4000000074573090,http://www.ordnancesurvey.co.uk/xml/codelists/localtype.xml#village,,,,Highland,http://data.ordnancesurvey.co.uk/id/7000000000029638,http://data.ordnancesurvey.co.uk/ontology/admingeo/UnitaryAuthority,Scotland,http://data.ordnancesurvey.co.uk/id/7000000000041429,Scotland,http://data.ordnancesurvey.co.uk/id/country/scotland,,,
KW14YB,http://data.ordnancesurvey.co.uk/id/postcodeunit/KW14YB,KW1 4YB,,,,other,Postcode,332464.000,972754.000,3500,18000,,,,,,,Gills,http://data.ordnancesurvey.co.uk/id/4000000074571383,http://www.ordnancesurvey.co.uk/xml/codelists/localtype.xml#otherSettlement,,,,Highland,http://data.ordnancesurvey.co.uk/id/7000000000029638,http://data.ordnancesurvey.co.uk/ontology/admingeo/UnitaryAuthority,Scotland,http://data.ordnancesurvey.co.uk/id/7000000000041429,Scotland,http://data.ordnancesurvey.co.uk/id/country/scotland,,,
KW14XP,http://data.ordnancesurvey.co.uk/id/postcodeunit/KW14XP,KW1 4XP,,,,other,Postcode,336968.000,964129.000,3500,18000,,,,,,,Auckengill,http://data.ordnancesurvey.co.uk/id/4000000074570675,http://www.ordnancesurvey.co.uk/xml/codelists/localtype.xml#otherSettlement,,,,Highland,http://data.ordnancesurvey.co.uk/id/7000000000029638,http://data.ordnancesurvey.co.uk/ontology/admingeo/UnitaryAuthority,Scotland,http://data.ordnancesurvey.co.uk/id/7000000000041429,Scotland,http://data.ordnancesurvey.co.uk/id/country/scotland,,,
KW14YH,http://data.ordnancesurvey.co.uk/id/postcodeunit/KW14YH,KW1 4YH,,,,other,Postcode,335009.000,972288.000,3500,18000,,,,,,,Canisbay,http://data.ordnancesurvey.co.uk/id/4000000074571033,http://www.ordnancesurvey.co.uk/xml/codelists/localtype.xml#village,,,,Highland,http://data.ordnancesurvey.co.uk/id/7000000000029638,http://data.ordnancesurvey.co.uk/ontology/admingeo/UnitaryAuthority,Scotland,http://data.ordnancesurvey.co.uk/id/7000000000041429,Scotland,http://data.ordnancesurvey.co.uk/id/country/scotland,,,
KW14XG,http://data.ordnancesurvey.co.uk/id/postcodeunit/KW14XG,KW1 4XG,,,,other,Postcode,333981.000,960597.000,3500,18000,,,,,,,Keiss,http://data.ordnancesurvey.co.uk/id/4000000074570305,http://www.ordnancesurvey.co.uk/xml/codelists/localtype.xml#village,,,,Highland,http://data.ordnancesurvey.co.uk/id/7000000000029638,http://data.ordnancesurvey.co.uk/ontology/admingeo/UnitaryAuthority,Scotland,http://data.ordnancesurvey.co.uk/id/7000000000041429,Scotland,http://data.ordnancesurvey.co.uk/id/country/scotland,,,
KW14YT,http://data.ordnancesurvey.co.uk/id/postcodeunit/KW14YT,KW1 4YT,,,,other,Postcode,338466.000,972466.000,3500,18000,,,,,,,John o' Groats,http://data.ordnancesurvey.co.uk/id/4000000074570672,http://www.ordnancesurvey.co.uk/xml/codelists/localtype.xml#village,,,,Highland,http://data.ordnancesurvey.co.uk/id/7000000000029638,http://data.ordnancesurvey.co.uk/ontology/admingeo/UnitaryAuthority,Scotland,http://data.ordnancesurvey.co.uk/id/7000000000041429,Scotland,http://data.ordnancesurvey.co.uk/id/country/scotland,,,
KW14YR,http://data.ordnancesurvey.co.uk/id/postcodeunit/KW14YR,KW1 4YR,,,,other,Postcode,337863.000,972872.000,3500,18000,,,,,,,John o' Groats,http://data.ordnancesurvey.co.uk/id/4000000074570672,http://www.ordnancesurvey.co.uk/xml/codelists/localtype.xml#village,,,,Highland,http://data.ordnancesurvey.co.uk/id/7000000000029638,http://data.ordnancesurvey.co.uk/ontology/admingeo/UnitaryAuthority,Scotland,http://data.ordnancesurvey.co.uk/id/7000000000041429,Scotland,http://data.ordnancesurvey.co.uk/id/country/scotland,,,
KW148XT,http://data.ordnancesurvey.co.uk/id/postcodeunit/KW148XT,KW14 8XT,,,,other,Postcode,326466.000,973200.000,3500,18000,,,,,,,Rattar,http://data.ordnancesurvey.co.uk/id/4000000074542108,http://www.ordnancesurvey.co.uk/xml/codelists/localtype.xml#otherSettlement,,,,Highland,http://data.ordnancesurvey.co.uk/id/7000000000029638,http://data.ordnancesurvey.co.uk/ontology/admingeo/UnitaryAuthority,Scotland,http://data.ordnancesurvey.co.uk/id/7000000000041429,Scotland,http://data.ordnancesurvey.co.uk/id/country/scotland,,,
KW148XL,http://data.ordnancesurvey.co.uk/id/postcodeunit/KW148XL,KW14 8XL,,,,other,Postcode,330634.000,974036.000,3500,18000,,,,,,,East Mey,http://data.ordnancesurvey.co.uk/id/4000000074571386,http://www.ordnancesurvey.co.uk/xml/codelists/localtype.xml#otherSettlement,,,,Highland,http://data.ordnancesurvey.co.uk/id/7000000000029638,http://data.ordnancesurvey.co.uk/ontology/admingeo/UnitaryAuthority,Scotland,http://data.ordnancesurvey.co.uk/id/7000000000041429,Scotland,http://data.ordnancesurvey.co.uk/id/country/scotland,,,
KW148TD,http://data.ordnancesurvey.co.uk/id/postcodeunit/KW148TD,KW14 8TD,,,,other,Postcode,321493.000,964718.000,3500,18000,,,,,,,,,,,,,Highland,http://data.ordnancesurvey.co.uk/id/7000000000029638,http://data.ordnancesurvey.co.uk/ontology/admingeo/UnitaryAuthority,Scotland,http://data.ordnancesurvey.co.uk/id/7000000000041429,Scotland,http://data.ordnancesurvey.co.uk/id/country/scotland,,,
KW148XP,http://data.ordnancesurvey.co.uk/id/postcodeunit/KW148XP,KW14 8XP,,,,other,Postcode,324313.000,973301.000,3500,18000,,,,,,,,,,,,,Highland,http://data.ordnancesurvey.co.uk/id/7000000000029638,http://data.ordnancesurvey.co.uk/ontology/admingeo/UnitaryAuthority,Scotland,http://data.ordnancesurvey.co.uk/id/7000000000041429,Scotland,http://data.ordnancesurvey.co.uk/id/country/scotland,,,
KW148SY,http://data.ordnancesurvey.co.uk/id/postcodeunit/KW148SY,KW14 8SY,,,,other,Postcode,325677.000,970884.000,3500,18000,,,,,,,Barrock,http://data.ordnancesurvey.co.uk/id/4000000074571385,http://www.ordnancesurvey.co.uk/xml/codelists/localtype.xml#village,,,,Highland,http://data.ordnancesurvey.co.uk/id/7000000000029638,http://data.ordnancesurvey.co.uk/ontology/admingeo/UnitaryAuthority,Scotland,http://data.ordnancesurvey.co.uk/id/7000000000041429,Scotland,http://data.ordnancesurvey.co.uk/id/country/scotland,,,
KW148XE,http://data.ordnancesurvey.co.uk/id/postcodeunit/KW148XE,KW14 8XE,,,,other,Postcode,322226.000,971329.000,3500,18000,,,,,,,Dunnet,http://data.ordnancesurvey.co.uk/id/4000000074573090,http://www.ordnancesurvey.co.uk/xml/codelists/localtype.xml#village,,,,Highland,http://data.ordnancesurvey.co.uk/id/7000000000029638,http://data.ordnancesurvey.co.uk/ontology/admingeo/UnitaryAuthority,Scotland,http://data.ordnancesurvey.co.uk/id/7000000000041429,Scotland,http://data.ordnancesurvey.co.uk/id/country/scotland,,,
KW148SZ,http://data.ordnancesurvey.co.uk/id/postcodeunit/KW148SZ,KW14 8SZ,,,,other,Postcode,325621.000,971288.000,3500,18000,,,,,,,Barrock,http://data.ordnancesurvey.co.uk/id/4000000074571385,http://www.ordnancesurvey.co.uk/xml/codelists/localtype.xml#village,,,,Highland,http://data.ordnancesurvey.co.uk/id/7000000000029638,http://data.ordnancesurvey.co.uk/ontology/admingeo/UnitaryAuthority,Scotland,http://data.ordnancesurvey.co.uk/id/7000000000041429,Scotland,http://data.ordnancesurvey.co.uk/id/country/scotland,,,
KW148TA,http://data.ordnancesurvey.co.uk/id/postcodeunit/KW148TA,KW14 8TA,,,,other,Postcode,326683.000,968129.000,3500,18000,,,,,,,Lochend,http://data.ordnancesurvey.co.uk/id/4000000074571030,http://www.ordnancesurvey.co.uk/xml/codelists/localtype.xml#hamlet,,,,Highland,http://data.ordnancesurvey.co.uk/id/7000000000029638,http://data.ordnancesurvey.co.uk/ontology/admingeo/UnitaryAuthority,Scotland,http://data.ordnancesurvey.co.uk/id/7000000000041429,Scotland,http://data.ordnancesurvey.co.uk/id/country/scotland,,,
KW14TP,http://data.ordnancesurvey.co.uk/id/postcodeunit/KW14TP,KW1 4TP,,,,other,Postcode,325851.000,961407.000,3500,18000,,,,,,,Hastigrow,http://data.ordnancesurvey.co.uk/id/4000000074570670,http://www.ordnancesurvey.co.uk/xml/codelists/localtype.xml#hamlet,,,,Highland,http://data.ordnancesurvey.co.uk/id/7000000000029638,http://data.ordnancesurvey.co.uk/ontology/admingeo/UnitaryAuthority,Scotland,http://data.ordnancesurvey.co.uk/id/7000000000041429,Scotland,http://data.ordnancesurvey.co.uk/id/country/scotland,,,
KW14TT,http://data.ordnancesurvey.co.uk/id/postcodeunit/KW14TT,KW1 4TT,,,,other,Postcode,323057.000,961402.000,3500,18000,,,,,,,Bowertower,http://data.ordnancesurvey.co.uk/id/4000000074572082,http://www.ordnancesurvey.co.uk/xml/codelists/localtype.xml#otherSettlement,,,,Highland,http://data.ordnancesurvey.co.uk/id/7000000000029638,http://data.ordnancesurvey.co.uk/ontology/admingeo/UnitaryAuthority,Scotland,http://data.ordnancesurvey.co.uk/id/7000000000041429,Scotland,http://data.ordnancesurvey.co.uk/id/country/scotland,,,
KW148YE,http://data.ordnancesurvey.co.uk/id/postcodeunit/KW148YE,KW14 8YE,,,,other,Postcode,322383.000,973602.000,3500,18000,,,,,,,Brough,http://data.ordnancesurvey.co.uk/id/4000000074573422,http://www.ordnancesurvey.co.uk/xml/codelists/localtype.xml#village,,,,Highland,http://data.ordnancesurvey.co.uk/id/7000000000029638,http://data.ordnancesurvey.co.uk/ontology/admingeo/UnitaryAuthority,Scotland,http://data.ordnancesurvey.co.uk/id/7000000000041429,Scotland,http://data.ordnancesurvey.co.uk/id/country/scotland,,,
osgb4000000003381746,http://data.ordnancesurvey.co.uk/id/4000000003381746,Burn Road,,,,transportNetwork,Named Road,326500.000,973187.000,10000,20000,325963.942,972440.000,327036.000,973964.832,KW14,http://data.ordnancesurvey.co.uk/id/postcodedistrict/KW14,Rattar,http://data.ordnancesurvey.co.uk/id/4000000074542108,http://www.ordnancesurvey.co.uk/xml/codelists/localtype.xml#otherSettlement,,,,Highland,http://data.ordnancesurvey.co.uk/id/7000000000029638,http://data.ordnancesurvey.co.uk/ontology/admingeo/UnitaryAuthority,Scotland,http://data.ordnancesurvey.co.uk/id/7000000000041429,Scotland,http://data.ordnancesurvey.co.uk/id/country/scotland,,,
osgb4000000003379513,http://data.ordnancesurvey.co.uk/id/4000000003379513,South Street,,,,transportNetwork,Named Road,334761.771,961111.327,2000,20000,334657.000,960949.707,334922.293,961218.000,KW1,http://data.ordnancesurvey.co.uk/id/postcodedistrict/KW1,Keiss,http://data.ordnancesurvey.co.uk/id/4000000074570305,http://www.ordnancesurvey.co.uk/xml/codelists/localtype.xml#village,,,,Highland,http://data.ordnancesurvey.co.uk/id/7000000000029638,http://data.ordnancesurvey.co.uk/ontology/admingeo/UnitaryAuthority,Scotland,http://data.ordnancesurvey.co.uk/id/7000000000041429,Scotland,http://data.ordnancesurvey.co.uk/id/country/scotland,,,
osgb4000000003379528,http://data.ordnancesurvey.co.uk/id/4000000003379528,Auchorn Square,,,,transportNetwork,Named Road,323698.000,962936.000,1000,20000,323681.000,962872.000,323734.000,962955.000,KW1,http://data.ordnancesurvey.co.uk/id/postcodedistrict/KW1,Bower,http://data.ordnancesurvey.co.uk/id/4000000074335975,http://www.ordnancesurvey.co.uk/xml/codelists/localtype.xml#village,,,,Highland,http://data.ordnancesurvey.co.uk/id/7000000000029638,http://data.ordnancesurvey.co.uk/ontology/admingeo/UnitaryAuthority,Scotland,http://data.ordnancesurvey.co.uk/id/7000000000041429,Scotland,http://data.ordnancesurvey.co.uk/id/country/scotland,,,
osgb4000000003379377,http://data.ordnancesurvey.co.uk/id/4000000003379377,High Street,,,,transportNetwork,Named Road,334859.253,961109.139,2000,20000,334705.000,960939.000,335028.000,961266.000,KW1,http://data.ordnancesurvey.co.uk/id/postcodedistrict/KW1,Keiss,http://data.ordnancesurvey.co.uk/id/4000000074570305,http://www.ordnancesurvey.co.uk/xml/codelists/localtype.xml#village,,,,Highland,http://data.ordnancesurvey.co.uk/id/7000000000029638,http://data.ordnancesurvey.co.uk/ontology/admingeo/UnitaryAuthority,Scotland,http://data.ordnancesurvey.co.uk/id/7000000000041429,Scotland,http://data.ordnancesurvey.co.uk/id/country/scotland,,,
osgb4000000003379280,http://data.ordnancesurvey.co.uk/id/4000000003379280,Braes Of Harrow,,,,transportNetwork,Named Road,328737.584,974130.983,8000,20000,328152.371,973849.402,329372.493,974149.803,KW14,http://data.ordnancesurvey.co.uk/id/postcodedistrict/KW14,,,,,,,Highland,http://data.ordnancesurvey.co.uk/id/7000000000029638,http://data.ordnancesurvey.co.uk/ontology/admingeo/UnitaryAuthority,Scotland,http://data.ordnancesurvey.co.uk/id/7000000000041429,Scotland,http://data.ordnancesurvey.co.uk/id/country/scotland,,,
osgb4000000003379514,http://data.ordnancesurvey.co.uk/id/4000000003379514,Robertson Crescent,,,,transportNetwork,Named Road,334614.326,961345.229,1000,20000,334568.268,961301.288,334671.000,961402.000,KW1,http://data.ordnancesurvey.co.uk/id/postcodedistrict/KW1,Keiss,http://data.ordnancesurvey.co.uk/id/4000000074570305,http://www.ordnancesurvey.co.uk/xml/codelists/localtype.xml#village,,,,Highland,http://data.ordnancesurvey.co.uk/id/7000000000029638,http://data.ordnancesurvey.co.uk/ontology/admingeo/UnitaryAuthority,Scotland,http://data.ordnancesurvey.co.uk/id/7000000000041429,Scotland,http://data.ordnancesurvey.co.uk/id/country/scotland,,,
osgb4000000003379527,http://data.ordnancesurvey.co.uk/id/4000000003379527,Thura Place,,,,transportNetwork,Named Road,323987.000,962536.000,1000,20000,323943.000,962529.000,324006.000,962597.000,KW1,http://data.ordnancesurvey.co.uk/id/postcodedistrict/KW1,Bower,http://data.ordnancesurvey.co.uk/id/4000000074335975,http://www.ordnancesurvey.co.uk/xml/codelists/localtype.xml#village,,,,Highland,http://data.ordnancesurvey.co.uk/id/7000000000029638,http://data.ordnancesurvey.co.uk/ontology/admingeo/UnitaryAuthority,Scotland,http://data.ordnancesurvey.co.uk/id/7000000000041429,Scotland,http://data.ordnancesurvey.co.uk/id/country/scotland,,,
osgb4000000003379890,http://data.ordnancesurvey.co.uk/id/4000000003379890,B876,,,,transportNetwork,Numbered Road,326254.324,961042.728,89000,250000,319614.000,954773.594,333344.872,967804.000,KW1,http://data.ordnancesurvey.co.uk/id/postcodedistrict/KW1,Hastigrow,http://data.ordnancesurvey.co.uk/id/4000000074570670,http://www.ordnancesurvey.co.uk/xml/codelists/localtype.xml#hamlet,,,,Highland,http://data.ordnancesurvey.co.uk/id/7000000000029638,http://data.ordnancesurvey.co.uk/ontology/admingeo/UnitaryAuthority,Scotland,http://data.ordnancesurvey.co.uk/id/7000000000041429,Scotland,http://data.ordnancesurvey.co.uk/id/country/scotland,,,
osgb4000000003379685,http://data.ordnancesurvey.co.uk/id/4000000003379685,Houston Drive,,,,transportNetwork,Named Road,334937.000,972255.000,1000,20000,334904.960,972249.610,334942.808,972284.706,KW1,http://data.ordnancesurvey.co.uk/id/postcodedistrict/KW1,Canisbay,http://data.ordnancesurvey.co.uk/id/4000000074571033,http://www.ordnancesurvey.co.uk/xml/codelists/localtype.xml#village,,,,Highland,http://data.ordnancesurvey.co.uk/id/7000000000029638,http://data.ordnancesurvey.co.uk/ontology/admingeo/UnitaryAuthority,Scotland,http://data.ordnancesurvey.co.uk/id/7000000000041429,Scotland,http://data.ordnancesurvey.co.uk/id/country/scotland,,,
8d967c3d-daff-4fe4-a20e-7d9a63106ab4,http://data.ordnancesurvey.co.uk/id/8d967c3d-daff-4fe4-a20e-7d9a63106ab4,Braes Of Harrow,,,,transportNetwork,Section Of Named Road,328214.000,974000.000,2000,25000,328152.371,973849.402,328355.902,974117.020,KW14,http://data.ordnancesurvey.co.uk/id/postcodedistrict/KW14,Mey,http://data.ordnancesurvey.co.uk/id/4000000074335399,http://www.ordnancesurvey.co.uk/xml/codelists/localtype.xml#otherSettlement,,,,Highland,http://data.ordnancesurvey.co.uk/id/7000000000029638,http://data.ordnancesurvey.co.uk/ontology/admingeo/UnitaryAuthority,Scotland,http://data.ordnancesurvey.co.uk/id/7000000000041429,Scotland,http://data.ordnancesurvey.co.uk/id/country/scotland,osgb4000000003379280,,
osgb4000000003379463,http://data.ordnancesurvey.co.uk/id/4000000003379463,Dwarwick Place,,,,transportNetwork,Named Road,322258.000,971311.000,1000,20000,322152.000,971236.096,322278.000,971369.000,KW14,http://data.ordnancesurvey.co.uk/id/postcodedistrict/KW14,Dunnet,http://data.ordnancesurvey.co.uk/id/4000000074573090,http://www.ordnancesurvey.co.uk/xml/codelists/localtype.xml#village,,,,Highland,http://data.ordnancesurvey.co.uk/id/7000000000029638,http://data.ordnancesurvey.co.uk/ontology/admingeo/UnitaryAuthority,Scotland,http://data.ordnancesurvey.co.uk/id/7000000000041429,Scotland,http://data.ordnancesurvey.co.uk/id/country/scotland,,,
14434526-a986-4bfb-bf25-49067f77afda,http://data.ordnancesurvey.co.uk/id/14434526-a986-4bfb-bf25-49067f77afda,Burn Road,,,,transportNetwork,Section Of Named Road,326573.002,973084.531,9000,25000,326077.922,972440.000,327036.000,973782.692,KW14,http://data.ordnancesurvey.co.uk/id/postcodedistrict/KW14,Rattar,http://data.ordnancesurvey.co.uk/id/4000000074542108,http://www.ordnancesurvey.co.uk/xml/codelists/localtype.xml#otherSettlement,,,,Highland,http://data.ordnancesurvey.co.uk/id/7000000000029638,http://data.ordnancesurvey.co.uk/ontology/admingeo/UnitaryAuthority,Scotland,http://data.ordnancesurvey.co.uk/id/7000000000041429,Scotland,http://data.ordnancesurvey.co.uk/id/country/scotland,osgb4000000003381746,,
KW148XW,http://data.ordnancesurvey.co.uk/id/postcodeunit/KW148XW,KW14 8XW,,,,other,Postcode,325995.000,973702.000,3500,18000,,,,,,,Rattar,http://data.ordnancesurvey.co.uk/id/4000000074542108,http://www.ordnancesurvey.co.uk/xml/codelists/localtype.xml#otherSettlement,,,,Highland,http://data.ordnancesurvey.co.uk/id/7000000000029638,http://data.ordnancesurvey.co.uk/ontology/admingeo/UnitaryAuthority,Scotland,http://data.ordnancesurvey.co.uk/id/7000000000041429,Scotland,http://data.ordnancesurvey.co.uk/id/country/scotland,,,
KW14YS,http://data.ordnancesurvey.co.uk/id/postcodeunit/KW14YS,KW1 4YS,,,,other,Postcode,338771.000,972609.000,3500,18000,,,,,,,John o' Groats,http://data.ordnancesurvey.co.uk/id/4000000074570672,http://www.ordnancesurvey.co.uk/xml/codelists/localtype.xml#village,,,,Highland,http://data.ordnancesurvey.co.uk/id/7000000000029638,http://data.ordnancesurvey.co.uk/ontology/admingeo/UnitaryAuthority,Scotland,http://data.ordnancesurvey.co.uk/id/7000000000041429,Scotland,http://data.ordnancesurvey.co.uk/id/country/scotland,,,
KW14UY,http://data.ordnancesurvey.co.uk/id/postcodeunit/KW14UY,KW1 4UY,,,,other,Postcode,334735.000,961280.000,3500,18000,,,,,,,Keiss,http://data.ordnancesurvey.co.uk/id/4000000074570305,http://www.ordnancesurvey.co.uk/xml/codelists/localtype.xml#village,,,,Highland,http://data.ordnancesurvey.co.uk/id/7000000000029638,http://data.ordnancesurvey.co.uk/ontology/admingeo/UnitaryAuthority,Scotland,http://data.ordnancesurvey.co.uk/id/7000000000041429,Scotland,http://data.ordnancesurvey.co.uk/id/country/scotland,,,
KW148XQ,http://data.ordnancesurvey.co.uk/id/postcodeunit/KW148XQ,KW14 8XQ,,,,other,Postcode,323890.000,972042.000,3500,18000,,,,,,,Corsback,http://data.ordnancesurvey.co.uk/id/4000000074573091,http://www.ordnancesurvey.co.uk/xml/codelists/localtype.xml#otherSettlement,,,,Highland,http://data.ordnancesurvey.co.uk/id/7000000000029638,http://data.ordnancesurvey.co.uk/ontology/admingeo/UnitaryAuthority,Scotland,http://data.ordnancesurvey.co.uk/id/7000000000041429,Scotland,http://data.ordnancesurvey.co.uk/id/country/scotland,,,
KW148XG,http://data.ordnancesurvey.co.uk/id/postcodeunit/KW148XG,KW14 8XG,,,,other,Postcode,322170.000,971364.000,3500,18000,,,,,,,Dunnet,http://data.ordnancesurvey.co.uk/id/4000000074573090,http://www.ordnancesurvey.co.uk/xml/codelists/localtype.xml#village,,,,Highland,http://data.ordnancesurvey.co.uk/id/7000000000029638,http://data.ordnancesurvey.co.uk/ontology/admingeo/UnitaryAuthority,Scotland,http://data.ordnancesurvey.co.uk/id/7000000000041429,Scotland,http://data.ordnancesurvey.co.uk/id/country/scotland,,,
KW14TS,http://data.ordnancesurvey.co.uk/id/postcodeunit/KW14TS,KW1 4TS,,,,other,Postcode,323969.000,962558.000,3500,18000,,,,,,,Bower,http://data.ordnancesurvey.co.uk/id/4000000074335975,http://www.ordnancesurvey.co.uk/xml/codelists/localtype.xml#village,,,,Highland,http://data.ordnancesurvey.co.uk/id/7000000000029638,http://data.ordnancesurvey.co.uk/ontology/admingeo/UnitaryAuthority,Scotland,http://data.ordnancesurvey.co.uk/id/7000000000041429,Scotland,http://data.ordnancesurvey.co.uk/id/country/scotland,,,
KW14XE,http://data.ordnancesurvey.co.uk/id/postcodeunit/KW14XE,KW1 4XE,,,,other,Postcode,334855.000,961033.000,3500,18000,,,,,,,Keiss,http://data.ordnancesurvey.co.uk/id/4000000074570305,http://www.ordnancesurvey.co.uk/xml/codelists/localtype.xml#village,,,,Highland,http://data.ordnancesurvey.co.uk/id/7000000000029638,http://data.ordnancesurvey.co.uk/ontology/admingeo/UnitaryAuthority,Scotland,http://data.ordnancesurvey.co.uk/id/7000000000041429,Scotland,http://data.ordnancesurvey.co.uk/id/country/scotland,,,
KW14UD,http://data.ordnancesurvey.co.uk/id/postcodeunit/KW14UD,KW1 4UD,,,,other,Postcode,330026.000,962300.000,3500,18000,,,,,,,Howe,http://data.ordnancesurvey.co.uk/id/4000000074570668,http://www.ordnancesurvey.co.uk/xml/codelists/localtype.xml#otherSettlement,,,,Highland,http://data.ordnancesurvey.co.uk/id/7000000000029638,http://data.ordnancesurvey.co.uk/ontology/admingeo/UnitaryAuthority,Scotland,http://data.ordnancesurvey.co.uk/id/7000000000041429,Scotland,http://data.ordnancesurvey.co.uk/id/country/scotland,,,
osgb4000000003379721,http://data.ordnancesurvey.co.uk/id/4000000003379721,B855,,,,transportNetwork,Numbered Road,321310.514,974246.533,35000,250000,320217.192,971279.707,322217.000,976683.664,KW14,http://data.ordnancesurvey.co.uk/id/postcodedistrict/KW14,Brough,http://data.ordnancesurvey.co.uk/id/4000000074573422,http://www.ordnancesurvey.co.uk/xml/codelists/localtype.xml#village,,,,Highland,http://data.ordnancesurvey.co.uk/id/7000000000029638,http://data.ordnancesurvey.co.uk/ontology/admingeo/UnitaryAuthority,Scotland,http://data.ordnancesurvey.co.uk/id/7000000000041429,Scotland,http://data.ordnancesurvey.co.uk/id/country/scotland,,,
eee3f65b-3620-41b8-99e8-341373905ced,http://data.ordnancesurvey.co.uk/id/eee3f65b-3620-41b8-99e8-341373905ced,Burn Road,,,,transportNetwork,Section Of Named Road,326022.828,973886.318,1000,25000,325963.942,973795.628,326070.652,973964.832,KW14,http://data.ordnancesurvey.co.uk/id/postcodedistrict/KW14,Scarfskerry,http://data.ordnancesurvey.co.uk/id/4000000074571387,http://www.ordnancesurvey.co.uk/xml/codelists/localtype.xml#village,,,,Highland,http://data.ordnancesurvey.co.uk/id/7000000000029638,http://data.ordnancesurvey.co.uk/ontology/admingeo/UnitaryAuthority,Scotland,http://data.ordnancesurvey.co.uk/id/7000000000041429,Scotland,http://data.ordnancesurvey.co.uk/id/country/scotland,osgb4000000003381746,,
osgb4000000074571382,http://data.ordnancesurvey.co.uk/id/4000000074571382,Warse,,,,populatedPlace,Hamlet,333489.030,971831.000,5000,25000,332875.141,971746.550,333763.821,972769.279,KW1,http://data.ordnancesurvey.co.uk/id/postcodedistrict/KW1,,,,,,,Highland,http://data.ordnancesurvey.co.uk/id/7000000000029638,http://data.ordnancesurvey.co.uk/ontology/admingeo/UnitaryAuthority,Scotland,http://data.ordnancesurvey.co.uk/id/7000000000041429,Scotland,http://data.ordnancesurvey.co.uk/id/country/scotland,,,
osgb4000000074571386,http://data.ordnancesurvey.co.uk/id/4000000074571386,East Mey,,,,populatedPlace,Other Settlement,330260.090,974503.150,15000,25000,329631.553,973078.728,331169.842,974722.588,KW14,http://data.ordnancesurvey.co.uk/id/postcodedistrict/KW14,,,,,,,Highland,http://data.ordnancesurvey.co.uk/id/7000000000029638,http://data.ordnancesurvey.co.uk/ontology/admingeo/UnitaryAuthority,Scotland,http://data.ordnancesurvey.co.uk/id/7000000000041429,Scotland,http://data.ordnancesurvey.co.uk/id/country/scotland,,http://dbpedia.org/resource/East_Mey,
