﻿osgb4000000074337733,http://data.ordnancesurvey.co.uk/id/4000000074337733,Ceann a Tuath Loch Baghasdail,,,,populatedPlace,Other Settlement,77112.860,820358.230,15000,25000,76342.361,820027.809,78107.216,820769.996,HS8,http://data.ordnancesurvey.co.uk/id/postcodedistrict/HS8,,,,,,,Na h-Eileanan an Iar,http://data.ordnancesurvey.co.uk/id/7000000000030022,http://data.ordnancesurvey.co.uk/ontology/admingeo/UnitaryAuthority,Scotland,http://data.ordnancesurvey.co.uk/id/7000000000041429,Scotland,http://data.ordnancesurvey.co.uk/id/country/scotland,,,
osgb4000000074563557,http://data.ordnancesurvey.co.uk/id/4000000074563557,Tobha Mòr,gla,Howmore,eng,populatedPlace,Hamlet,76699.810,836064.660,5000,25000,76073.951,835830.509,76938.611,836330.509,HS8,http://data.ordnancesurvey.co.uk/id/postcodedistrict/HS8,,,,,,,Na h-Eileanan an Iar,http://data.ordnancesurvey.co.uk/id/7000000000030022,http://data.ordnancesurvey.co.uk/ontology/admingeo/UnitaryAuthority,Scotland,http://data.ordnancesurvey.co.uk/id/7000000000041429,Scotland,http://data.ordnancesurvey.co.uk/id/country/scotland,,http://dbpedia.org/resource/Howmore,
osgb4000000074337734,http://data.ordnancesurvey.co.uk/id/4000000074337734,Crois Dùghaill,,,,populatedPlace,Hamlet,75396.000,820029.000,5000,25000,75298.116,819531.571,76622.841,820636.235,HS8,http://data.ordnancesurvey.co.uk/id/postcodedistrict/HS8,,,,,,,Na h-Eileanan an Iar,http://data.ordnancesurvey.co.uk/id/7000000000030022,http://data.ordnancesurvey.co.uk/ontology/admingeo/UnitaryAuthority,Scotland,http://data.ordnancesurvey.co.uk/id/7000000000041429,Scotland,http://data.ordnancesurvey.co.uk/id/country/scotland,,,
osgb4000000074572718,http://data.ordnancesurvey.co.uk/id/4000000074572718,Dreumasdal,gla,Drimsdale,eng,populatedPlace,Hamlet,75896.150,837332.640,5000,25000,75696.921,837142.583,76662.121,837642.583,HS8,http://data.ordnancesurvey.co.uk/id/postcodedistrict/HS8,,,,,,,Na h-Eileanan an Iar,http://data.ordnancesurvey.co.uk/id/7000000000030022,http://data.ordnancesurvey.co.uk/ontology/admingeo/UnitaryAuthority,Scotland,http://data.ordnancesurvey.co.uk/id/7000000000041429,Scotland,http://data.ordnancesurvey.co.uk/id/country/scotland,,,
osgb4000000074563865,http://data.ordnancesurvey.co.uk/id/4000000074563865,Gearraidh Bhailteas,gla,Milton,eng,populatedPlace,Other Settlement,74551.860,826342.110,15000,25000,73384.453,826129.382,75169.072,826953.816,HS8,http://data.ordnancesurvey.co.uk/id/postcodedistrict/HS8,,,,,,,Na h-Eileanan an Iar,http://data.ordnancesurvey.co.uk/id/7000000000030022,http://data.ordnancesurvey.co.uk/ontology/admingeo/UnitaryAuthority,Scotland,http://data.ordnancesurvey.co.uk/id/7000000000041429,Scotland,http://data.ordnancesurvey.co.uk/id/country/scotland,,,
osgb4000000074566042,http://data.ordnancesurvey.co.uk/id/4000000074566042,Dalabrog,gla,Daliburgh,eng,populatedPlace,Village,75347.000,821339.000,15000,250000,73917.299,820679.382,76161.126,822888.690,HS8,http://data.ordnancesurvey.co.uk/id/postcodedistrict/HS8,,,,,,,Na h-Eileanan an Iar,http://data.ordnancesurvey.co.uk/id/7000000000030022,http://data.ordnancesurvey.co.uk/ontology/admingeo/UnitaryAuthority,Scotland,http://data.ordnancesurvey.co.uk/id/7000000000041429,Scotland,http://data.ordnancesurvey.co.uk/id/country/scotland,,http://dbpedia.org/resource/Daliburgh,
osgb4000000074572717,http://data.ordnancesurvey.co.uk/id/4000000074572717,Tobha Beag,gla,Howbeg,eng,populatedPlace,Other Settlement,76009.850,835281.930,15000,25000,75666.761,834444.192,76978.830,836490.216,HS8,http://data.ordnancesurvey.co.uk/id/postcodedistrict/HS8,,,,,,,Na h-Eileanan an Iar,http://data.ordnancesurvey.co.uk/id/7000000000030022,http://data.ordnancesurvey.co.uk/ontology/admingeo/UnitaryAuthority,Scotland,http://data.ordnancesurvey.co.uk/id/7000000000041429,Scotland,http://data.ordnancesurvey.co.uk/id/country/scotland,,,
osgb4000000074337289,http://data.ordnancesurvey.co.uk/id/4000000074337289,Stadhlaigearraidh,,,,populatedPlace,Hamlet,77052.000,838701.000,5000,25000,76275.032,838376.017,77345.810,838953.491,HS8,http://data.ordnancesurvey.co.uk/id/postcodedistrict/HS8,,,,,,,Na h-Eileanan an Iar,http://data.ordnancesurvey.co.uk/id/7000000000030022,http://data.ordnancesurvey.co.uk/ontology/admingeo/UnitaryAuthority,Scotland,http://data.ordnancesurvey.co.uk/id/7000000000041429,Scotland,http://data.ordnancesurvey.co.uk/id/country/scotland,,,
osgb4000000074563864,http://data.ordnancesurvey.co.uk/id/4000000074563864,Frobost,,,,populatedPlace,Hamlet,73662.880,825527.530,5000,25000,73515.162,824937.953,74409.982,825656.827,HS8,http://data.ordnancesurvey.co.uk/id/postcodedistrict/HS8,,,,,,,Na h-Eileanan an Iar,http://data.ordnancesurvey.co.uk/id/7000000000030022,http://data.ordnancesurvey.co.uk/ontology/admingeo/UnitaryAuthority,Scotland,http://data.ordnancesurvey.co.uk/id/7000000000041429,Scotland,http://data.ordnancesurvey.co.uk/id/country/scotland,,,
osgb4000000074563556,http://data.ordnancesurvey.co.uk/id/4000000074563556,Sniseabhal,gla,Snishival,eng,populatedPlace,Other Settlement,74877.000,835630.000,15000,25000,74776.962,834710.626,75923.141,835902.045,HS8,http://data.ordnancesurvey.co.uk/id/postcodedistrict/HS8,,,,,,,Na h-Eileanan an Iar,http://data.ordnancesurvey.co.uk/id/7000000000030022,http://data.ordnancesurvey.co.uk/ontology/admingeo/UnitaryAuthority,Scotland,http://data.ordnancesurvey.co.uk/id/7000000000041429,Scotland,http://data.ordnancesurvey.co.uk/id/country/scotland,,,
osgb4000000074542453,http://data.ordnancesurvey.co.uk/id/4000000074542453,Peighinn nan Aoireann,gla,Peninerine,eng,populatedPlace,Other Settlement,74621.000,835468.000,15000,25000,74043.003,834434.135,75148.962,835545.127,HS8,http://data.ordnancesurvey.co.uk/id/postcodedistrict/HS8,,,,,,,Na h-Eileanan an Iar,http://data.ordnancesurvey.co.uk/id/7000000000030022,http://data.ordnancesurvey.co.uk/ontology/admingeo/UnitaryAuthority,Scotland,http://data.ordnancesurvey.co.uk/id/7000000000041429,Scotland,http://data.ordnancesurvey.co.uk/id/country/scotland,,,
osgb4000000074563867,http://data.ordnancesurvey.co.uk/id/4000000074563867,Staoinebrig,gla,Stoneybridge,eng,populatedPlace,Other Settlement,74096.000,833546.000,15000,25000,73706.192,832755.086,75596.381,834097.321,HS8,http://data.ordnancesurvey.co.uk/id/postcodedistrict/HS8,,,,,,,Na h-Eileanan an Iar,http://data.ordnancesurvey.co.uk/id/7000000000030022,http://data.ordnancesurvey.co.uk/ontology/admingeo/UnitaryAuthority,Scotland,http://data.ordnancesurvey.co.uk/id/7000000000041429,Scotland,http://data.ordnancesurvey.co.uk/id/country/scotland,,,
osgb4000000074563555,http://data.ordnancesurvey.co.uk/id/4000000074563555,Ormacleit,gla,Ormiclate,eng,populatedPlace,Other Settlement,74215.000,832106.000,15000,25000,73907.273,830688.947,75048.422,832418.272,HS8,http://data.ordnancesurvey.co.uk/id/postcodedistrict/HS8,,,,,,,Na h-Eileanan an Iar,http://data.ordnancesurvey.co.uk/id/7000000000030022,http://data.ordnancesurvey.co.uk/ontology/admingeo/UnitaryAuthority,Scotland,http://data.ordnancesurvey.co.uk/id/7000000000041429,Scotland,http://data.ordnancesurvey.co.uk/id/country/scotland,,,
osgb4000000074567014,http://data.ordnancesurvey.co.uk/id/4000000074567014,Aisgernis,eng,Askernish,gla,populatedPlace,Other Settlement,73599.000,823889.000,15000,25000,73464.892,823027.660,75023.291,824827.365,HS8,http://data.ordnancesurvey.co.uk/id/postcodedistrict/HS8,,,,,,,Na h-Eileanan an Iar,http://data.ordnancesurvey.co.uk/id/7000000000030022,http://data.ordnancesurvey.co.uk/ontology/admingeo/UnitaryAuthority,Scotland,http://data.ordnancesurvey.co.uk/id/7000000000041429,Scotland,http://data.ordnancesurvey.co.uk/id/country/scotland,,http://dbpedia.org/resource/Aisgernis,
osgb4000000074543497,http://data.ordnancesurvey.co.uk/id/4000000074543497,Bornais,gla,Bornish,eng,populatedPlace,Other Settlement,74390.000,829696.000,15000,25000,73223.592,829019.955,75194.211,830578.359,HS8,http://data.ordnancesurvey.co.uk/id/postcodedistrict/HS8,,,,,,,Na h-Eileanan an Iar,http://data.ordnancesurvey.co.uk/id/7000000000030022,http://data.ordnancesurvey.co.uk/ontology/admingeo/UnitaryAuthority,Scotland,http://data.ordnancesurvey.co.uk/id/7000000000041429,Scotland,http://data.ordnancesurvey.co.uk/id/country/scotland,,http://dbpedia.org/resource/Bornais,
osgb4000000074563866,http://data.ordnancesurvey.co.uk/id/4000000074563866,Cill Donnain,gla,Kildonan,eng,populatedPlace,Other Settlement,73149.000,827683.000,15000,25000,72680.663,826983.988,74515.552,827979.343,HS8,http://data.ordnancesurvey.co.uk/id/postcodedistrict/HS8,,,,,,,Na h-Eileanan an Iar,http://data.ordnancesurvey.co.uk/id/7000000000030022,http://data.ordnancesurvey.co.uk/ontology/admingeo/UnitaryAuthority,Scotland,http://data.ordnancesurvey.co.uk/id/7000000000041429,Scotland,http://data.ordnancesurvey.co.uk/id/country/scotland,,,
osgb4000000074337732,http://data.ordnancesurvey.co.uk/id/4000000074337732,Loch Baghasdail,gla,Lochboisdale,eng,populatedPlace,Village,78814.000,820042.000,9000,250000,78219.415,819272.675,79440.575,820623.288,HS8,http://data.ordnancesurvey.co.uk/id/postcodedistrict/HS8,,,,,,,Na h-Eileanan an Iar,http://data.ordnancesurvey.co.uk/id/7000000000030022,http://data.ordnancesurvey.co.uk/ontology/admingeo/UnitaryAuthority,Scotland,http://data.ordnancesurvey.co.uk/id/7000000000041429,Scotland,http://data.ordnancesurvey.co.uk/id/country/scotland,,http://dbpedia.org/resource/Lochboisdale,http://sws.geonames.org/2643844
osgb4000000074567015,http://data.ordnancesurvey.co.uk/id/4000000074567015,Taobh a Deas Loch Aineort,gla,South Locheynort,eng,populatedPlace,Other Settlement,77716.330,827520.930,15000,25000,76461.040,827471.608,77858.570,829402.015,HS8,http://data.ordnancesurvey.co.uk/id/postcodedistrict/HS8,,,,,,,Na h-Eileanan an Iar,http://data.ordnancesurvey.co.uk/id/7000000000030022,http://data.ordnancesurvey.co.uk/ontology/admingeo/UnitaryAuthority,Scotland,http://data.ordnancesurvey.co.uk/id/7000000000041429,Scotland,http://data.ordnancesurvey.co.uk/id/country/scotland,,,
osgb4000000074543137,http://data.ordnancesurvey.co.uk/id/4000000074543137,Taobh a Tuath Loch Aineort,gla,North Locheynort,eng,populatedPlace,Other Settlement,76589.200,829524.410,15000,25000,76350.441,828215.625,78833.829,829924.836,HS8,http://data.ordnancesurvey.co.uk/id/postcodedistrict/HS8,,,,,,,Na h-Eileanan an Iar,http://data.ordnancesurvey.co.uk/id/7000000000030022,http://data.ordnancesurvey.co.uk/ontology/admingeo/UnitaryAuthority,Scotland,http://data.ordnancesurvey.co.uk/id/7000000000041429,Scotland,http://data.ordnancesurvey.co.uk/id/country/scotland,,,
HS85SH,http://data.ordnancesurvey.co.uk/id/postcodeunit/HS85SH,HS8 5SH,,,,other,Postcode,76506.000,836175.000,3500,18000,,,,,,,Tobha Mòr / Howmore,http://data.ordnancesurvey.co.uk/id/4000000074563557,http://www.ordnancesurvey.co.uk/xml/codelists/localtype.xml#hamlet,,,,Na h-Eileanan an Iar,http://data.ordnancesurvey.co.uk/id/7000000000030022,http://data.ordnancesurvey.co.uk/ontology/admingeo/UnitaryAuthority,Scotland,http://data.ordnancesurvey.co.uk/id/7000000000041429,Scotland,http://data.ordnancesurvey.co.uk/id/country/scotland,,,
HS85SN,http://data.ordnancesurvey.co.uk/id/postcodeunit/HS85SN,HS8 5SN,,,,other,Postcode,77994.000,828661.000,3500,18000,,,,,,,Taobh a Tuath Loch Aineort / North Locheynort,http://data.ordnancesurvey.co.uk/id/4000000074543137,http://www.ordnancesurvey.co.uk/xml/codelists/localtype.xml#otherSettlement,,,,Na h-Eileanan an Iar,http://data.ordnancesurvey.co.uk/id/7000000000030022,http://data.ordnancesurvey.co.uk/ontology/admingeo/UnitaryAuthority,Scotland,http://data.ordnancesurvey.co.uk/id/7000000000041429,Scotland,http://data.ordnancesurvey.co.uk/id/country/scotland,,,
HS85SG,http://data.ordnancesurvey.co.uk/id/postcodeunit/HS85SG,HS8 5SG,,,,other,Postcode,75974.000,834807.000,3500,18000,,,,,,,,,,,,,Na h-Eileanan an Iar,http://data.ordnancesurvey.co.uk/id/7000000000030022,http://data.ordnancesurvey.co.uk/ontology/admingeo/UnitaryAuthority,Scotland,http://data.ordnancesurvey.co.uk/id/7000000000041429,Scotland,http://data.ordnancesurvey.co.uk/id/country/scotland,,,
HS85RZ,http://data.ordnancesurvey.co.uk/id/postcodeunit/HS85RZ,HS8 5RZ,,,,other,Postcode,73461.000,827631.000,3500,18000,,,,,,,Cill Donnain / Kildonan,http://data.ordnancesurvey.co.uk/id/4000000074563866,http://www.ordnancesurvey.co.uk/xml/codelists/localtype.xml#otherSettlement,,,,Na h-Eileanan an Iar,http://data.ordnancesurvey.co.uk/id/7000000000030022,http://data.ordnancesurvey.co.uk/ontology/admingeo/UnitaryAuthority,Scotland,http://data.ordnancesurvey.co.uk/id/7000000000041429,Scotland,http://data.ordnancesurvey.co.uk/id/country/scotland,,,
HS85SA,http://data.ordnancesurvey.co.uk/id/postcodeunit/HS85SA,HS8 5SA,,,,other,Postcode,74435.000,829774.000,3500,18000,,,,,,,Bornais / Bornish,http://data.ordnancesurvey.co.uk/id/4000000074543497,http://www.ordnancesurvey.co.uk/xml/codelists/localtype.xml#otherSettlement,,,,Na h-Eileanan an Iar,http://data.ordnancesurvey.co.uk/id/7000000000030022,http://data.ordnancesurvey.co.uk/ontology/admingeo/UnitaryAuthority,Scotland,http://data.ordnancesurvey.co.uk/id/7000000000041429,Scotland,http://data.ordnancesurvey.co.uk/id/country/scotland,,,
HS85SL,http://data.ordnancesurvey.co.uk/id/postcodeunit/HS85SL,HS8 5SL,,,,other,Postcode,77133.000,827911.000,3500,18000,,,,,,,Taobh a Deas Loch Aineort / South Locheynort,http://data.ordnancesurvey.co.uk/id/4000000074567015,http://www.ordnancesurvey.co.uk/xml/codelists/localtype.xml#otherSettlement,,,,Na h-Eileanan an Iar,http://data.ordnancesurvey.co.uk/id/7000000000030022,http://data.ordnancesurvey.co.uk/ontology/admingeo/UnitaryAuthority,Scotland,http://data.ordnancesurvey.co.uk/id/7000000000041429,Scotland,http://data.ordnancesurvey.co.uk/id/country/scotland,,,
HS85RX,http://data.ordnancesurvey.co.uk/id/postcodeunit/HS85RX,HS8 5RX,,,,other,Postcode,74055.000,825338.000,3500,18000,,,,,,,Frobost,http://data.ordnancesurvey.co.uk/id/4000000074563864,http://www.ordnancesurvey.co.uk/xml/codelists/localtype.xml#hamlet,,,,Na h-Eileanan an Iar,http://data.ordnancesurvey.co.uk/id/7000000000030022,http://data.ordnancesurvey.co.uk/ontology/admingeo/UnitaryAuthority,Scotland,http://data.ordnancesurvey.co.uk/id/7000000000041429,Scotland,http://data.ordnancesurvey.co.uk/id/country/scotland,,,
HS85SJ,http://data.ordnancesurvey.co.uk/id/postcodeunit/HS85SJ,HS8 5SJ,,,,other,Postcode,76659.000,829205.000,3500,18000,,,,,,,Taobh a Deas Loch Aineort / South Locheynort,http://data.ordnancesurvey.co.uk/id/4000000074567015,http://www.ordnancesurvey.co.uk/xml/codelists/localtype.xml#otherSettlement,,,,Na h-Eileanan an Iar,http://data.ordnancesurvey.co.uk/id/7000000000030022,http://data.ordnancesurvey.co.uk/ontology/admingeo/UnitaryAuthority,Scotland,http://data.ordnancesurvey.co.uk/id/7000000000041429,Scotland,http://data.ordnancesurvey.co.uk/id/country/scotland,,,
HS85SQ,http://data.ordnancesurvey.co.uk/id/postcodeunit/HS85SQ,HS8 5SQ,,,,other,Postcode,76111.000,835210.000,3500,18000,,,,,,,Tobha Beag / Howbeg,http://data.ordnancesurvey.co.uk/id/4000000074572717,http://www.ordnancesurvey.co.uk/xml/codelists/localtype.xml#otherSettlement,,,,Na h-Eileanan an Iar,http://data.ordnancesurvey.co.uk/id/7000000000030022,http://data.ordnancesurvey.co.uk/ontology/admingeo/UnitaryAuthority,Scotland,http://data.ordnancesurvey.co.uk/id/7000000000041429,Scotland,http://data.ordnancesurvey.co.uk/id/country/scotland,,,
HS85TB,http://data.ordnancesurvey.co.uk/id/postcodeunit/HS85TB,HS8 5TB,,,,other,Postcode,74723.000,820049.000,3500,18000,,,,,,,Cille Pheadair,http://data.ordnancesurvey.co.uk/id/4000000074566041,http://www.ordnancesurvey.co.uk/xml/codelists/localtype.xml#otherSettlement,,,,Na h-Eileanan an Iar,http://data.ordnancesurvey.co.uk/id/7000000000030022,http://data.ordnancesurvey.co.uk/ontology/admingeo/UnitaryAuthority,Scotland,http://data.ordnancesurvey.co.uk/id/7000000000041429,Scotland,http://data.ordnancesurvey.co.uk/id/country/scotland,,,
HS85SY,http://data.ordnancesurvey.co.uk/id/postcodeunit/HS85SY,HS8 5SY,,,,other,Postcode,74343.000,823562.000,3500,18000,,,,,,,Aisgernis / Askernish,http://data.ordnancesurvey.co.uk/id/4000000074567014,http://www.ordnancesurvey.co.uk/xml/codelists/localtype.xml#otherSettlement,,,,Na h-Eileanan an Iar,http://data.ordnancesurvey.co.uk/id/7000000000030022,http://data.ordnancesurvey.co.uk/ontology/admingeo/UnitaryAuthority,Scotland,http://data.ordnancesurvey.co.uk/id/7000000000041429,Scotland,http://data.ordnancesurvey.co.uk/id/country/scotland,,,
HS85RT,http://data.ordnancesurvey.co.uk/id/postcodeunit/HS85RT,HS8 5RT,,,,other,Postcode,76136.000,837312.000,3500,18000,,,,,,,Dreumasdal / Drimsdale,http://data.ordnancesurvey.co.uk/id/4000000074572718,http://www.ordnancesurvey.co.uk/xml/codelists/localtype.xml#hamlet,,,,Na h-Eileanan an Iar,http://data.ordnancesurvey.co.uk/id/7000000000030022,http://data.ordnancesurvey.co.uk/ontology/admingeo/UnitaryAuthority,Scotland,http://data.ordnancesurvey.co.uk/id/7000000000041429,Scotland,http://data.ordnancesurvey.co.uk/id/country/scotland,,,
HS85SZ,http://data.ordnancesurvey.co.uk/id/postcodeunit/HS85SZ,HS8 5SZ,,,,other,Postcode,75503.000,820359.000,3500,18000,,,,,,,Crois Dùghaill,http://data.ordnancesurvey.co.uk/id/4000000074337734,http://www.ordnancesurvey.co.uk/xml/codelists/localtype.xml#hamlet,,,,Na h-Eileanan an Iar,http://data.ordnancesurvey.co.uk/id/7000000000030022,http://data.ordnancesurvey.co.uk/ontology/admingeo/UnitaryAuthority,Scotland,http://data.ordnancesurvey.co.uk/id/7000000000041429,Scotland,http://data.ordnancesurvey.co.uk/id/country/scotland,,,
HS85SU,http://data.ordnancesurvey.co.uk/id/postcodeunit/HS85SU,HS8 5SU,,,,other,Postcode,75957.000,821179.000,3500,18000,,,,,,,Dalabrog / Daliburgh,http://data.ordnancesurvey.co.uk/id/4000000074566042,http://www.ordnancesurvey.co.uk/xml/codelists/localtype.xml#village,,,,Na h-Eileanan an Iar,http://data.ordnancesurvey.co.uk/id/7000000000030022,http://data.ordnancesurvey.co.uk/ontology/admingeo/UnitaryAuthority,Scotland,http://data.ordnancesurvey.co.uk/id/7000000000041429,Scotland,http://data.ordnancesurvey.co.uk/id/country/scotland,,,
HS85RR,http://data.ordnancesurvey.co.uk/id/postcodeunit/HS85RR,HS8 5RR,,,,other,Postcode,77372.000,839597.000,3500,18000,,,,,,,,,,,,,Na h-Eileanan an Iar,http://data.ordnancesurvey.co.uk/id/7000000000030022,http://data.ordnancesurvey.co.uk/ontology/admingeo/UnitaryAuthority,Scotland,http://data.ordnancesurvey.co.uk/id/7000000000041429,Scotland,http://data.ordnancesurvey.co.uk/id/country/scotland,,,
HS85RS,http://data.ordnancesurvey.co.uk/id/postcodeunit/HS85RS,HS8 5RS,,,,other,Postcode,77027.000,838683.000,3500,18000,,,,,,,Stadhlaigearraidh,http://data.ordnancesurvey.co.uk/id/4000000074337289,http://www.ordnancesurvey.co.uk/xml/codelists/localtype.xml#hamlet,,,,Na h-Eileanan an Iar,http://data.ordnancesurvey.co.uk/id/7000000000030022,http://data.ordnancesurvey.co.uk/ontology/admingeo/UnitaryAuthority,Scotland,http://data.ordnancesurvey.co.uk/id/7000000000041429,Scotland,http://data.ordnancesurvey.co.uk/id/country/scotland,,,
HS85TN,http://data.ordnancesurvey.co.uk/id/postcodeunit/HS85TN,HS8 5TN,,,,other,Postcode,77398.000,820392.000,3500,18000,,,,,,,Ceann a Tuath Loch Baghasdail,http://data.ordnancesurvey.co.uk/id/4000000074337733,http://www.ordnancesurvey.co.uk/xml/codelists/localtype.xml#otherSettlement,,,,Na h-Eileanan an Iar,http://data.ordnancesurvey.co.uk/id/7000000000030022,http://data.ordnancesurvey.co.uk/ontology/admingeo/UnitaryAuthority,Scotland,http://data.ordnancesurvey.co.uk/id/7000000000041429,Scotland,http://data.ordnancesurvey.co.uk/id/country/scotland,,,
HS85SF,http://data.ordnancesurvey.co.uk/id/postcodeunit/HS85SF,HS8 5SF,,,,other,Postcode,74869.000,834956.000,3500,18000,,,,,,,Peighinn nan Aoireann / Peninerine,http://data.ordnancesurvey.co.uk/id/4000000074542453,http://www.ordnancesurvey.co.uk/xml/codelists/localtype.xml#otherSettlement,,,,Na h-Eileanan an Iar,http://data.ordnancesurvey.co.uk/id/7000000000030022,http://data.ordnancesurvey.co.uk/ontology/admingeo/UnitaryAuthority,Scotland,http://data.ordnancesurvey.co.uk/id/7000000000041429,Scotland,http://data.ordnancesurvey.co.uk/id/country/scotland,,,
HS85SX,http://data.ordnancesurvey.co.uk/id/postcodeunit/HS85SX,HS8 5SX,,,,other,Postcode,75171.000,822108.000,3500,18000,,,,,,,Dalabrog / Daliburgh,http://data.ordnancesurvey.co.uk/id/4000000074566042,http://www.ordnancesurvey.co.uk/xml/codelists/localtype.xml#village,,,,Na h-Eileanan an Iar,http://data.ordnancesurvey.co.uk/id/7000000000030022,http://data.ordnancesurvey.co.uk/ontology/admingeo/UnitaryAuthority,Scotland,http://data.ordnancesurvey.co.uk/id/7000000000041429,Scotland,http://data.ordnancesurvey.co.uk/id/country/scotland,,,
HS85SB,http://data.ordnancesurvey.co.uk/id/postcodeunit/HS85SB,HS8 5SB,,,,other,Postcode,74964.000,831517.000,3500,18000,,,,,,,Ormacleit / Ormiclate,http://data.ordnancesurvey.co.uk/id/4000000074563555,http://www.ordnancesurvey.co.uk/xml/codelists/localtype.xml#otherSettlement,,,,Na h-Eileanan an Iar,http://data.ordnancesurvey.co.uk/id/7000000000030022,http://data.ordnancesurvey.co.uk/ontology/admingeo/UnitaryAuthority,Scotland,http://data.ordnancesurvey.co.uk/id/7000000000041429,Scotland,http://data.ordnancesurvey.co.uk/id/country/scotland,,,
HS85SD,http://data.ordnancesurvey.co.uk/id/postcodeunit/HS85SD,HS8 5SD,,,,other,Postcode,74614.000,833567.000,3500,18000,,,,,,,Staoinebrig / Stoneybridge,http://data.ordnancesurvey.co.uk/id/4000000074563867,http://www.ordnancesurvey.co.uk/xml/codelists/localtype.xml#otherSettlement,,,,Na h-Eileanan an Iar,http://data.ordnancesurvey.co.uk/id/7000000000030022,http://data.ordnancesurvey.co.uk/ontology/admingeo/UnitaryAuthority,Scotland,http://data.ordnancesurvey.co.uk/id/7000000000041429,Scotland,http://data.ordnancesurvey.co.uk/id/country/scotland,,,
HS85SS,http://data.ordnancesurvey.co.uk/id/postcodeunit/HS85SS,HS8 5SS,,,,other,Postcode,75383.000,821058.000,3500,18000,,,,,,,Dalabrog / Daliburgh,http://data.ordnancesurvey.co.uk/id/4000000074566042,http://www.ordnancesurvey.co.uk/xml/codelists/localtype.xml#village,,,,Na h-Eileanan an Iar,http://data.ordnancesurvey.co.uk/id/7000000000030022,http://data.ordnancesurvey.co.uk/ontology/admingeo/UnitaryAuthority,Scotland,http://data.ordnancesurvey.co.uk/id/7000000000041429,Scotland,http://data.ordnancesurvey.co.uk/id/country/scotland,,,
osgb4000000003423803,http://data.ordnancesurvey.co.uk/id/4000000003423803,B890,,,,transportNetwork,Numbered Road,79780.000,838721.000,30000,250000,77369.000,838242.000,82015.000,839654.000,HS8,http://data.ordnancesurvey.co.uk/id/postcodedistrict/HS8,,,,,,,Na h-Eileanan an Iar,http://data.ordnancesurvey.co.uk/id/7000000000030022,http://data.ordnancesurvey.co.uk/ontology/admingeo/UnitaryAuthority,Scotland,http://data.ordnancesurvey.co.uk/id/7000000000041429,Scotland,http://data.ordnancesurvey.co.uk/id/country/scotland,,,
osgb4000000003424275,http://data.ordnancesurvey.co.uk/id/4000000003424275,Ionad Mhicceallaig,,,,transportNetwork,Named Road,76103.219,821008.943,1000,20000,76103.219,821008.943,76123.000,821037.000,HS8,http://data.ordnancesurvey.co.uk/id/postcodedistrict/HS8,Dalabrog / Daliburgh,http://data.ordnancesurvey.co.uk/id/4000000074566042,http://www.ordnancesurvey.co.uk/xml/codelists/localtype.xml#village,,,,Na h-Eileanan an Iar,http://data.ordnancesurvey.co.uk/id/7000000000030022,http://data.ordnancesurvey.co.uk/ontology/admingeo/UnitaryAuthority,Scotland,http://data.ordnancesurvey.co.uk/id/7000000000041429,Scotland,http://data.ordnancesurvey.co.uk/id/country/scotland,,,
HS85ST,http://data.ordnancesurvey.co.uk/id/postcodeunit/HS85ST,HS8 5ST,,,,other,Postcode,75867.000,821256.000,3500,18000,,,,,,,Dalabrog / Daliburgh,http://data.ordnancesurvey.co.uk/id/4000000074566042,http://www.ordnancesurvey.co.uk/xml/codelists/localtype.xml#village,,,,Na h-Eileanan an Iar,http://data.ordnancesurvey.co.uk/id/7000000000030022,http://data.ordnancesurvey.co.uk/ontology/admingeo/UnitaryAuthority,Scotland,http://data.ordnancesurvey.co.uk/id/7000000000041429,Scotland,http://data.ordnancesurvey.co.uk/id/country/scotland,,,
HS85RY,http://data.ordnancesurvey.co.uk/id/postcodeunit/HS85RY,HS8 5RY,,,,other,Postcode,74279.000,826309.000,3500,18000,,,,,,,Gearraidh Bhailteas / Milton,http://data.ordnancesurvey.co.uk/id/4000000074563865,http://www.ordnancesurvey.co.uk/xml/codelists/localtype.xml#otherSettlement,,,,Na h-Eileanan an Iar,http://data.ordnancesurvey.co.uk/id/7000000000030022,http://data.ordnancesurvey.co.uk/ontology/admingeo/UnitaryAuthority,Scotland,http://data.ordnancesurvey.co.uk/id/7000000000041429,Scotland,http://data.ordnancesurvey.co.uk/id/country/scotland,,,
HS85TW,http://data.ordnancesurvey.co.uk/id/postcodeunit/HS85TW,HS8 5TW,,,,other,Postcode,78886.000,820011.000,3500,18000,,,,,,,Loch Baghasdail / Lochboisdale,http://data.ordnancesurvey.co.uk/id/4000000074337732,http://www.ordnancesurvey.co.uk/xml/codelists/localtype.xml#village,,,,Na h-Eileanan an Iar,http://data.ordnancesurvey.co.uk/id/7000000000030022,http://data.ordnancesurvey.co.uk/ontology/admingeo/UnitaryAuthority,Scotland,http://data.ordnancesurvey.co.uk/id/7000000000041429,Scotland,http://data.ordnancesurvey.co.uk/id/country/scotland,,,
HS85TG,http://data.ordnancesurvey.co.uk/id/postcodeunit/HS85TG,HS8 5TG,,,,other,Postcode,76091.000,821021.000,3500,18000,,,,,,,Dalabrog / Daliburgh,http://data.ordnancesurvey.co.uk/id/4000000074566042,http://www.ordnancesurvey.co.uk/xml/codelists/localtype.xml#village,,,,Na h-Eileanan an Iar,http://data.ordnancesurvey.co.uk/id/7000000000030022,http://data.ordnancesurvey.co.uk/ontology/admingeo/UnitaryAuthority,Scotland,http://data.ordnancesurvey.co.uk/id/7000000000041429,Scotland,http://data.ordnancesurvey.co.uk/id/country/scotland,,,
