﻿osgb4000000074564809,http://data.ordnancesurvey.co.uk/id/4000000074564809,Malacleit,,,,populatedPlace,Suburban Area,79319.513,873567.355,12000,25000,79215.281,873447.092,80253.941,875328.304,HS6,http://data.ordnancesurvey.co.uk/id/postcodedistrict/HS6,,,,,,,Na h-Eileanan an Iar,http://data.ordnancesurvey.co.uk/id/7000000000030022,http://data.ordnancesurvey.co.uk/ontology/admingeo/UnitaryAuthority,Scotland,http://data.ordnancesurvey.co.uk/id/7000000000041429,Scotland,http://data.ordnancesurvey.co.uk/id/country/scotland,,,
osgb4000000074564503,http://data.ordnancesurvey.co.uk/id/4000000074564503,Samhla,,,,populatedPlace,Hamlet,79991.380,862118.560,5000,25000,79568.744,861512.144,80222.272,862859.398,HS6,http://data.ordnancesurvey.co.uk/id/postcodedistrict/HS6,,,,,,,Na h-Eileanan an Iar,http://data.ordnancesurvey.co.uk/id/7000000000030022,http://data.ordnancesurvey.co.uk/ontology/admingeo/UnitaryAuthority,Scotland,http://data.ordnancesurvey.co.uk/id/7000000000041429,Scotland,http://data.ordnancesurvey.co.uk/id/country/scotland,,,
osgb4000000074336992,http://data.ordnancesurvey.co.uk/id/4000000074336992,Cladach Chnoc a Lin,,,,populatedPlace,Hamlet,76058.570,867723.730,5000,25000,75364.538,867660.844,76229.197,868274.148,HS6,http://data.ordnancesurvey.co.uk/id/postcodedistrict/HS6,,,,,,,Na h-Eileanan an Iar,http://data.ordnancesurvey.co.uk/id/7000000000030022,http://data.ordnancesurvey.co.uk/ontology/admingeo/UnitaryAuthority,Scotland,http://data.ordnancesurvey.co.uk/id/7000000000041429,Scotland,http://data.ordnancesurvey.co.uk/id/country/scotland,,,
osgb4000000074564504,http://data.ordnancesurvey.co.uk/id/4000000074564504,Botarubha,gla,Botarua,eng,populatedPlace,Hamlet,78516.640,873210.280,5000,25000,78218.599,872960.275,78814.733,873460.275,HS6,http://data.ordnancesurvey.co.uk/id/postcodedistrict/HS6,,,,,,,Na h-Eileanan an Iar,http://data.ordnancesurvey.co.uk/id/7000000000030022,http://data.ordnancesurvey.co.uk/ontology/admingeo/UnitaryAuthority,Scotland,http://data.ordnancesurvey.co.uk/id/7000000000041429,Scotland,http://data.ordnancesurvey.co.uk/id/country/scotland,,,
osgb4000000074542541,http://data.ordnancesurvey.co.uk/id/4000000074542541,Claddach Kirkibost,eng,Cladach Chirceboist,gla,populatedPlace,Village,78382.580,865456.720,12000,250000,77365.317,864740.100,79165.016,866404.074,HS6,http://data.ordnancesurvey.co.uk/id/postcodedistrict/HS6,,,,,,,Na h-Eileanan an Iar,http://data.ordnancesurvey.co.uk/id/7000000000030022,http://data.ordnancesurvey.co.uk/ontology/admingeo/UnitaryAuthority,Scotland,http://data.ordnancesurvey.co.uk/id/7000000000041429,Scotland,http://data.ordnancesurvey.co.uk/id/country/scotland,,,
osgb4000000074573059,http://data.ordnancesurvey.co.uk/id/4000000074573059,Hogha Gearraidh,gla,Hougharry,eng,populatedPlace,Hamlet,70804.820,870926.620,5000,25000,70389.067,870621.806,70889.067,871265.272,HS6,http://data.ordnancesurvey.co.uk/id/postcodedistrict/HS6,,,,,,,Na h-Eileanan an Iar,http://data.ordnancesurvey.co.uk/id/7000000000030022,http://data.ordnancesurvey.co.uk/ontology/admingeo/UnitaryAuthority,Scotland,http://data.ordnancesurvey.co.uk/id/7000000000041429,Scotland,http://data.ordnancesurvey.co.uk/id/country/scotland,,,
osgb4000000074336989,http://data.ordnancesurvey.co.uk/id/4000000074336989,Tigh a' Ghearraidh,gla,Tigharry,eng,populatedPlace,Village,71291.270,872041.580,12000,250000,70789.881,870445.857,72659.960,872331.017,HS6,http://data.ordnancesurvey.co.uk/id/postcodedistrict/HS6,,,,,,,Na h-Eileanan an Iar,http://data.ordnancesurvey.co.uk/id/7000000000030022,http://data.ordnancesurvey.co.uk/ontology/admingeo/UnitaryAuthority,Scotland,http://data.ordnancesurvey.co.uk/id/7000000000041429,Scotland,http://data.ordnancesurvey.co.uk/id/country/scotland,,,
osgb4000000074813578,http://data.ordnancesurvey.co.uk/id/4000000074813578,Paibeil,,,,populatedPlace,Village,74862.694,868023.835,21000,250000,72463.901,867077.701,75620.918,869610.346,HS6,http://data.ordnancesurvey.co.uk/id/postcodedistrict/HS6,,,,,,,Na h-Eileanan an Iar,http://data.ordnancesurvey.co.uk/id/7000000000030022,http://data.ordnancesurvey.co.uk/ontology/admingeo/UnitaryAuthority,Scotland,http://data.ordnancesurvey.co.uk/id/7000000000041429,Scotland,http://data.ordnancesurvey.co.uk/id/country/scotland,,,
osgb4000000074564810,http://data.ordnancesurvey.co.uk/id/4000000074564810,Hosta,,,,populatedPlace,Hamlet,72381.120,872501.610,5000,25000,72213.901,872143.854,72713.901,872643.854,HS6,http://data.ordnancesurvey.co.uk/id/postcodedistrict/HS6,,,,,,,Na h-Eileanan an Iar,http://data.ordnancesurvey.co.uk/id/7000000000030022,http://data.ordnancesurvey.co.uk/ontology/admingeo/UnitaryAuthority,Scotland,http://data.ordnancesurvey.co.uk/id/7000000000041429,Scotland,http://data.ordnancesurvey.co.uk/id/country/scotland,,,
osgb4000000074336995,http://data.ordnancesurvey.co.uk/id/4000000074336995,Cladach Iolaraigh,,,,populatedPlace,Hamlet,79635.500,864545.700,5000,25000,79159.987,864262.527,80286.056,864795.404,HS6,http://data.ordnancesurvey.co.uk/id/postcodedistrict/HS6,,,,,,,Na h-Eileanan an Iar,http://data.ordnancesurvey.co.uk/id/7000000000030022,http://data.ordnancesurvey.co.uk/ontology/admingeo/UnitaryAuthority,Scotland,http://data.ordnancesurvey.co.uk/id/7000000000041429,Scotland,http://data.ordnancesurvey.co.uk/id/country/scotland,,,
osgb4000000074542633,http://data.ordnancesurvey.co.uk/id/4000000074542633,Claddach Kyles,eng,Cladach a' Chaolais,gla,populatedPlace,Hamlet,76937.420,866923.540,5000,25000,76480.548,866223.095,77553.107,867489.923,HS6,http://data.ordnancesurvey.co.uk/id/postcodedistrict/HS6,,,,,,,Na h-Eileanan an Iar,http://data.ordnancesurvey.co.uk/id/7000000000030022,http://data.ordnancesurvey.co.uk/ontology/admingeo/UnitaryAuthority,Scotland,http://data.ordnancesurvey.co.uk/id/7000000000041429,Scotland,http://data.ordnancesurvey.co.uk/id/country/scotland,,,
osgb4000000074564811,http://data.ordnancesurvey.co.uk/id/4000000074564811,Baile Mhàrtainn,gla,Balmartin,eng,populatedPlace,Hamlet,72414.810,873365.480,5000,25000,72196.306,872889.017,72696.306,873793.898,HS6,http://data.ordnancesurvey.co.uk/id/postcodedistrict/HS6,,,,,,,Na h-Eileanan an Iar,http://data.ordnancesurvey.co.uk/id/7000000000030022,http://data.ordnancesurvey.co.uk/ontology/admingeo/UnitaryAuthority,Scotland,http://data.ordnancesurvey.co.uk/id/7000000000041429,Scotland,http://data.ordnancesurvey.co.uk/id/country/scotland,,,
osgb4000000074543326,http://data.ordnancesurvey.co.uk/id/4000000074543326,Grìminis,,,,populatedPlace,Other Settlement,75214.000,875880.000,15000,25000,74963.723,875623.755,75463.723,876166.689,HS6,http://data.ordnancesurvey.co.uk/id/postcodedistrict/HS6,,,,,,,Na h-Eileanan an Iar,http://data.ordnancesurvey.co.uk/id/7000000000030022,http://data.ordnancesurvey.co.uk/ontology/admingeo/UnitaryAuthority,Scotland,http://data.ordnancesurvey.co.uk/id/7000000000041429,Scotland,http://data.ordnancesurvey.co.uk/id/country/scotland,,,
osgb4000000074542603,http://data.ordnancesurvey.co.uk/id/4000000074542603,Baile Raghnill,gla,Balranald,eng,populatedPlace,Hamlet,72376.000,870095.000,5000,25000,71780.220,869676.707,72981.690,870425.742,HS6,http://data.ordnancesurvey.co.uk/id/postcodedistrict/HS6,,,,,,,Na h-Eileanan an Iar,http://data.ordnancesurvey.co.uk/id/7000000000030022,http://data.ordnancesurvey.co.uk/ontology/admingeo/UnitaryAuthority,Scotland,http://data.ordnancesurvey.co.uk/id/7000000000041429,Scotland,http://data.ordnancesurvey.co.uk/id/country/scotland,,,
osgb4000000074542680,http://data.ordnancesurvey.co.uk/id/4000000074542680,Baile Sear,gla,Baleshare,eng,populatedPlace,Other Settlement,78847.720,861686.710,15000,25000,78528.143,861136.002,79367.663,863382.219,HS6,http://data.ordnancesurvey.co.uk/id/postcodedistrict/HS6,,,,,,,Na h-Eileanan an Iar,http://data.ordnancesurvey.co.uk/id/7000000000030022,http://data.ordnancesurvey.co.uk/ontology/admingeo/UnitaryAuthority,Scotland,http://data.ordnancesurvey.co.uk/id/7000000000041429,Scotland,http://data.ordnancesurvey.co.uk/id/country/scotland,,,
HS65HQ,http://data.ordnancesurvey.co.uk/id/postcodeunit/HS65HQ,HS6 5HQ,,,,other,Postcode,77681.000,862061.000,3500,18000,,,,,,,,,,,,,Na h-Eileanan an Iar,http://data.ordnancesurvey.co.uk/id/7000000000030022,http://data.ordnancesurvey.co.uk/ontology/admingeo/UnitaryAuthority,Scotland,http://data.ordnancesurvey.co.uk/id/7000000000041429,Scotland,http://data.ordnancesurvey.co.uk/id/country/scotland,,,
HS65DA,http://data.ordnancesurvey.co.uk/id/postcodeunit/HS65DA,HS6 5DA,,,,other,Postcode,79356.000,873547.000,3500,18000,,,,,,,Solas / Sollas,http://data.ordnancesurvey.co.uk/id/4000000074573060,http://www.ordnancesurvey.co.uk/xml/codelists/localtype.xml#otherSettlement,,,,Na h-Eileanan an Iar,http://data.ordnancesurvey.co.uk/id/7000000000030022,http://data.ordnancesurvey.co.uk/ontology/admingeo/UnitaryAuthority,Scotland,http://data.ordnancesurvey.co.uk/id/7000000000041429,Scotland,http://data.ordnancesurvey.co.uk/id/country/scotland,,,
HS65ED,http://data.ordnancesurvey.co.uk/id/postcodeunit/HS65ED,HS6 5ED,,,,other,Postcode,73662.000,868541.000,3500,18000,,,,,,,Paibeil,http://data.ordnancesurvey.co.uk/id/4000000074813578,http://www.ordnancesurvey.co.uk/xml/codelists/localtype.xml#village,,,,Na h-Eileanan an Iar,http://data.ordnancesurvey.co.uk/id/7000000000030022,http://data.ordnancesurvey.co.uk/ontology/admingeo/UnitaryAuthority,Scotland,http://data.ordnancesurvey.co.uk/id/7000000000041429,Scotland,http://data.ordnancesurvey.co.uk/id/country/scotland,,,
HS65ES,http://data.ordnancesurvey.co.uk/id/postcodeunit/HS65ES,HS6 5ES,,,,other,Postcode,79646.000,864520.000,3500,18000,,,,,,,Cladach Iolaraigh,http://data.ordnancesurvey.co.uk/id/4000000074336995,http://www.ordnancesurvey.co.uk/xml/codelists/localtype.xml#hamlet,,,,Na h-Eileanan an Iar,http://data.ordnancesurvey.co.uk/id/7000000000030022,http://data.ordnancesurvey.co.uk/ontology/admingeo/UnitaryAuthority,Scotland,http://data.ordnancesurvey.co.uk/id/7000000000041429,Scotland,http://data.ordnancesurvey.co.uk/id/country/scotland,,,
HS65DU,http://data.ordnancesurvey.co.uk/id/postcodeunit/HS65DU,HS6 5DU,,,,other,Postcode,76432.000,867302.000,3500,18000,,,,,,,,,,,,,Na h-Eileanan an Iar,http://data.ordnancesurvey.co.uk/id/7000000000030022,http://data.ordnancesurvey.co.uk/ontology/admingeo/UnitaryAuthority,Scotland,http://data.ordnancesurvey.co.uk/id/7000000000041429,Scotland,http://data.ordnancesurvey.co.uk/id/country/scotland,,,
HS65HG,http://data.ordnancesurvey.co.uk/id/postcodeunit/HS65HG,HS6 5HG,,,,other,Postcode,79785.000,862456.000,3500,18000,,,,,,,Samhla,http://data.ordnancesurvey.co.uk/id/4000000074564503,http://www.ordnancesurvey.co.uk/xml/codelists/localtype.xml#hamlet,,,,Na h-Eileanan an Iar,http://data.ordnancesurvey.co.uk/id/7000000000030022,http://data.ordnancesurvey.co.uk/ontology/admingeo/UnitaryAuthority,Scotland,http://data.ordnancesurvey.co.uk/id/7000000000041429,Scotland,http://data.ordnancesurvey.co.uk/id/country/scotland,,,
HS65DH,http://data.ordnancesurvey.co.uk/id/postcodeunit/HS65DH,HS6 5DH,,,,other,Postcode,72719.000,874635.000,3500,18000,,,,,,,,,,,,,Na h-Eileanan an Iar,http://data.ordnancesurvey.co.uk/id/7000000000030022,http://data.ordnancesurvey.co.uk/ontology/admingeo/UnitaryAuthority,Scotland,http://data.ordnancesurvey.co.uk/id/7000000000041429,Scotland,http://data.ordnancesurvey.co.uk/id/country/scotland,,,
HS65DY,http://data.ordnancesurvey.co.uk/id/postcodeunit/HS65DY,HS6 5DY,,,,other,Postcode,75431.000,867243.000,3500,18000,,,,,,,Paibeil,http://data.ordnancesurvey.co.uk/id/4000000074813578,http://www.ordnancesurvey.co.uk/xml/codelists/localtype.xml#village,,,,Na h-Eileanan an Iar,http://data.ordnancesurvey.co.uk/id/7000000000030022,http://data.ordnancesurvey.co.uk/ontology/admingeo/UnitaryAuthority,Scotland,http://data.ordnancesurvey.co.uk/id/7000000000041429,Scotland,http://data.ordnancesurvey.co.uk/id/country/scotland,,,
HS65DQ,http://data.ordnancesurvey.co.uk/id/postcodeunit/HS65DQ,HS6 5DQ,,,,other,Postcode,72539.000,873545.000,3500,18000,,,,,,,Baile Mhàrtainn / Balmartin,http://data.ordnancesurvey.co.uk/id/4000000074564811,http://www.ordnancesurvey.co.uk/xml/codelists/localtype.xml#hamlet,,,,Na h-Eileanan an Iar,http://data.ordnancesurvey.co.uk/id/7000000000030022,http://data.ordnancesurvey.co.uk/ontology/admingeo/UnitaryAuthority,Scotland,http://data.ordnancesurvey.co.uk/id/7000000000041429,Scotland,http://data.ordnancesurvey.co.uk/id/country/scotland,,,
HS65BY,http://data.ordnancesurvey.co.uk/id/postcodeunit/HS65BY,HS6 5BY,,,,other,Postcode,78438.000,873260.000,3500,18000,,,,,,,Botarubha / Botarua,http://data.ordnancesurvey.co.uk/id/4000000074564504,http://www.ordnancesurvey.co.uk/xml/codelists/localtype.xml#hamlet,,,,Na h-Eileanan an Iar,http://data.ordnancesurvey.co.uk/id/7000000000030022,http://data.ordnancesurvey.co.uk/ontology/admingeo/UnitaryAuthority,Scotland,http://data.ordnancesurvey.co.uk/id/7000000000041429,Scotland,http://data.ordnancesurvey.co.uk/id/country/scotland,,,
HS65EW,http://data.ordnancesurvey.co.uk/id/postcodeunit/HS65EW,HS6 5EW,,,,other,Postcode,77168.000,866731.000,3500,18000,,,,,,,Claddach Kyles / Cladach a' Chaolais,http://data.ordnancesurvey.co.uk/id/4000000074542633,http://www.ordnancesurvey.co.uk/xml/codelists/localtype.xml#hamlet,,,,Na h-Eileanan an Iar,http://data.ordnancesurvey.co.uk/id/7000000000030022,http://data.ordnancesurvey.co.uk/ontology/admingeo/UnitaryAuthority,Scotland,http://data.ordnancesurvey.co.uk/id/7000000000041429,Scotland,http://data.ordnancesurvey.co.uk/id/country/scotland,,,
HS65EP,http://data.ordnancesurvey.co.uk/id/postcodeunit/HS65EP,HS6 5EP,,,,other,Postcode,78169.000,865588.000,3500,18000,,,,,,,Claddach Kirkibost / Cladach Chirceboist,http://data.ordnancesurvey.co.uk/id/4000000074542541,http://www.ordnancesurvey.co.uk/xml/codelists/localtype.xml#village,,,,Na h-Eileanan an Iar,http://data.ordnancesurvey.co.uk/id/7000000000030022,http://data.ordnancesurvey.co.uk/ontology/admingeo/UnitaryAuthority,Scotland,http://data.ordnancesurvey.co.uk/id/7000000000041429,Scotland,http://data.ordnancesurvey.co.uk/id/country/scotland,,,
HS65DG,http://data.ordnancesurvey.co.uk/id/postcodeunit/HS65DG,HS6 5DG,,,,other,Postcode,72330.000,872977.000,3500,18000,,,,,,,Baile Mhàrtainn / Balmartin,http://data.ordnancesurvey.co.uk/id/4000000074564811,http://www.ordnancesurvey.co.uk/xml/codelists/localtype.xml#hamlet,,,,Na h-Eileanan an Iar,http://data.ordnancesurvey.co.uk/id/7000000000030022,http://data.ordnancesurvey.co.uk/ontology/admingeo/UnitaryAuthority,Scotland,http://data.ordnancesurvey.co.uk/id/7000000000041429,Scotland,http://data.ordnancesurvey.co.uk/id/country/scotland,,,
HS65DE,http://data.ordnancesurvey.co.uk/id/postcodeunit/HS65DE,HS6 5DE,,,,other,Postcode,71630.000,871824.000,3500,18000,,,,,,,Tigh a' Ghearraidh / Tigharry,http://data.ordnancesurvey.co.uk/id/4000000074336989,http://www.ordnancesurvey.co.uk/xml/codelists/localtype.xml#village,,,,Na h-Eileanan an Iar,http://data.ordnancesurvey.co.uk/id/7000000000030022,http://data.ordnancesurvey.co.uk/ontology/admingeo/UnitaryAuthority,Scotland,http://data.ordnancesurvey.co.uk/id/7000000000041429,Scotland,http://data.ordnancesurvey.co.uk/id/country/scotland,,,
HS65DZ,http://data.ordnancesurvey.co.uk/id/postcodeunit/HS65DZ,HS6 5DZ,,,,other,Postcode,74537.000,867616.000,3500,18000,,,,,,,Paibeil,http://data.ordnancesurvey.co.uk/id/4000000074813578,http://www.ordnancesurvey.co.uk/xml/codelists/localtype.xml#village,,,,Na h-Eileanan an Iar,http://data.ordnancesurvey.co.uk/id/7000000000030022,http://data.ordnancesurvey.co.uk/ontology/admingeo/UnitaryAuthority,Scotland,http://data.ordnancesurvey.co.uk/id/7000000000041429,Scotland,http://data.ordnancesurvey.co.uk/id/country/scotland,,,
HS65DS,http://data.ordnancesurvey.co.uk/id/postcodeunit/HS65DS,HS6 5DS,,,,other,Postcode,74889.000,868243.000,3500,18000,,,,,,,Paibeil,http://data.ordnancesurvey.co.uk/id/4000000074813578,http://www.ordnancesurvey.co.uk/xml/codelists/localtype.xml#village,,,,Na h-Eileanan an Iar,http://data.ordnancesurvey.co.uk/id/7000000000030022,http://data.ordnancesurvey.co.uk/ontology/admingeo/UnitaryAuthority,Scotland,http://data.ordnancesurvey.co.uk/id/7000000000041429,Scotland,http://data.ordnancesurvey.co.uk/id/country/scotland,,,
HS65DW,http://data.ordnancesurvey.co.uk/id/postcodeunit/HS65DW,HS6 5DW,,,,other,Postcode,72337.000,869989.000,3500,18000,,,,,,,Baile Raghnill / Balranald,http://data.ordnancesurvey.co.uk/id/4000000074542603,http://www.ordnancesurvey.co.uk/xml/codelists/localtype.xml#hamlet,,,,Na h-Eileanan an Iar,http://data.ordnancesurvey.co.uk/id/7000000000030022,http://data.ordnancesurvey.co.uk/ontology/admingeo/UnitaryAuthority,Scotland,http://data.ordnancesurvey.co.uk/id/7000000000041429,Scotland,http://data.ordnancesurvey.co.uk/id/country/scotland,,,
HS65AL,http://data.ordnancesurvey.co.uk/id/postcodeunit/HS65AL,HS6 5AL,,,,other,Postcode,77502.000,866163.000,3500,18000,,,,,,,Claddach Kirkibost / Cladach Chirceboist,http://data.ordnancesurvey.co.uk/id/4000000074542541,http://www.ordnancesurvey.co.uk/xml/codelists/localtype.xml#village,,,,Na h-Eileanan an Iar,http://data.ordnancesurvey.co.uk/id/7000000000030022,http://data.ordnancesurvey.co.uk/ontology/admingeo/UnitaryAuthority,Scotland,http://data.ordnancesurvey.co.uk/id/7000000000041429,Scotland,http://data.ordnancesurvey.co.uk/id/country/scotland,,,
HS65EF,http://data.ordnancesurvey.co.uk/id/postcodeunit/HS65EF,HS6 5EF,,,,other,Postcode,72940.000,868537.000,3500,18000,,,,,,,Paibeil,http://data.ordnancesurvey.co.uk/id/4000000074813578,http://www.ordnancesurvey.co.uk/xml/codelists/localtype.xml#village,,,,Na h-Eileanan an Iar,http://data.ordnancesurvey.co.uk/id/7000000000030022,http://data.ordnancesurvey.co.uk/ontology/admingeo/UnitaryAuthority,Scotland,http://data.ordnancesurvey.co.uk/id/7000000000041429,Scotland,http://data.ordnancesurvey.co.uk/id/country/scotland,,,
HS65DT,http://data.ordnancesurvey.co.uk/id/postcodeunit/HS65DT,HS6 5DT,,,,other,Postcode,75730.000,867988.000,3500,18000,,,,,,,Cladach Chnoc a Lin,http://data.ordnancesurvey.co.uk/id/4000000074336992,http://www.ordnancesurvey.co.uk/xml/codelists/localtype.xml#hamlet,,,,Na h-Eileanan an Iar,http://data.ordnancesurvey.co.uk/id/7000000000030022,http://data.ordnancesurvey.co.uk/ontology/admingeo/UnitaryAuthority,Scotland,http://data.ordnancesurvey.co.uk/id/7000000000041429,Scotland,http://data.ordnancesurvey.co.uk/id/country/scotland,,,
HS65ET,http://data.ordnancesurvey.co.uk/id/postcodeunit/HS65ET,HS6 5ET,,,,other,Postcode,79809.000,863617.000,3500,18000,,,,,,,,,,,,,Na h-Eileanan an Iar,http://data.ordnancesurvey.co.uk/id/7000000000030022,http://data.ordnancesurvey.co.uk/ontology/admingeo/UnitaryAuthority,Scotland,http://data.ordnancesurvey.co.uk/id/7000000000041429,Scotland,http://data.ordnancesurvey.co.uk/id/country/scotland,,,
HS65EB,http://data.ordnancesurvey.co.uk/id/postcodeunit/HS65EB,HS6 5EB,,,,other,Postcode,73643.000,867436.000,3500,18000,,,,,,,Paibeil,http://data.ordnancesurvey.co.uk/id/4000000074813578,http://www.ordnancesurvey.co.uk/xml/codelists/localtype.xml#village,,,,Na h-Eileanan an Iar,http://data.ordnancesurvey.co.uk/id/7000000000030022,http://data.ordnancesurvey.co.uk/ontology/admingeo/UnitaryAuthority,Scotland,http://data.ordnancesurvey.co.uk/id/7000000000041429,Scotland,http://data.ordnancesurvey.co.uk/id/country/scotland,,,
54468ec6-60f8-412e-b6b1-598f2238d9ce,http://data.ordnancesurvey.co.uk/id/54468ec6-60f8-412e-b6b1-598f2238d9ce,Committee Road,,,,transportNetwork,Section Of Named Road,76937.000,867295.000,2000,25000,76819.186,867163.584,77063.464,867446.823,HS6,http://data.ordnancesurvey.co.uk/id/postcodedistrict/HS6,Claddach Kyles / Cladach a' Chaolais,http://data.ordnancesurvey.co.uk/id/4000000074542633,http://www.ordnancesurvey.co.uk/xml/codelists/localtype.xml#hamlet,,,,Na h-Eileanan an Iar,http://data.ordnancesurvey.co.uk/id/7000000000030022,http://data.ordnancesurvey.co.uk/ontology/admingeo/UnitaryAuthority,Scotland,http://data.ordnancesurvey.co.uk/id/7000000000041429,Scotland,http://data.ordnancesurvey.co.uk/id/country/scotland,osgb4000000003423769,,
osgb5000005105868098,http://data.ordnancesurvey.co.uk/id/5000005105868098,Slighe Ruairidh Alasdair,,,,transportNetwork,Named Road,77525.054,866176.036,1000,20000,77493.254,866130.249,77557.174,866223.695,HS6,http://data.ordnancesurvey.co.uk/id/postcodedistrict/HS6,Claddach Kirkibost / Cladach Chirceboist,http://data.ordnancesurvey.co.uk/id/4000000074542541,http://www.ordnancesurvey.co.uk/xml/codelists/localtype.xml#village,,,,Na h-Eileanan an Iar,http://data.ordnancesurvey.co.uk/id/7000000000030022,http://data.ordnancesurvey.co.uk/ontology/admingeo/UnitaryAuthority,Scotland,http://data.ordnancesurvey.co.uk/id/7000000000041429,Scotland,http://data.ordnancesurvey.co.uk/id/country/scotland,,,
osgb4000000003423769,http://data.ordnancesurvey.co.uk/id/4000000003423769,Committee Road,,,,transportNetwork,Named Road,78645.000,869700.416,20000,38000,76819.186,867163.584,79205.000,872975.000,HS6,http://data.ordnancesurvey.co.uk/id/postcodedistrict/HS6,,,,,,,Na h-Eileanan an Iar,http://data.ordnancesurvey.co.uk/id/7000000000030022,http://data.ordnancesurvey.co.uk/ontology/admingeo/UnitaryAuthority,Scotland,http://data.ordnancesurvey.co.uk/id/7000000000041429,Scotland,http://data.ordnancesurvey.co.uk/id/country/scotland,,,
HS65BZ,http://data.ordnancesurvey.co.uk/id/postcodeunit/HS65BZ,HS6 5BZ,,,,other,Postcode,75178.000,875712.000,3500,18000,,,,,,,Grìminis,http://data.ordnancesurvey.co.uk/id/4000000074543326,http://www.ordnancesurvey.co.uk/xml/codelists/localtype.xml#otherSettlement,,,,Na h-Eileanan an Iar,http://data.ordnancesurvey.co.uk/id/7000000000030022,http://data.ordnancesurvey.co.uk/ontology/admingeo/UnitaryAuthority,Scotland,http://data.ordnancesurvey.co.uk/id/7000000000041429,Scotland,http://data.ordnancesurvey.co.uk/id/country/scotland,,,
HS65BX,http://data.ordnancesurvey.co.uk/id/postcodeunit/HS65BX,HS6 5BX,,,,other,Postcode,79464.000,874106.000,3500,18000,,,,,,,Solas / Sollas,http://data.ordnancesurvey.co.uk/id/4000000074573060,http://www.ordnancesurvey.co.uk/xml/codelists/localtype.xml#otherSettlement,,,,Na h-Eileanan an Iar,http://data.ordnancesurvey.co.uk/id/7000000000030022,http://data.ordnancesurvey.co.uk/ontology/admingeo/UnitaryAuthority,Scotland,http://data.ordnancesurvey.co.uk/id/7000000000041429,Scotland,http://data.ordnancesurvey.co.uk/id/country/scotland,,,
HS65DL,http://data.ordnancesurvey.co.uk/id/postcodeunit/HS65DL,HS6 5DL,,,,other,Postcode,70657.000,871058.000,3500,18000,,,,,,,Hogha Gearraidh / Hougharry,http://data.ordnancesurvey.co.uk/id/4000000074573059,http://www.ordnancesurvey.co.uk/xml/codelists/localtype.xml#hamlet,,,,Na h-Eileanan an Iar,http://data.ordnancesurvey.co.uk/id/7000000000030022,http://data.ordnancesurvey.co.uk/ontology/admingeo/UnitaryAuthority,Scotland,http://data.ordnancesurvey.co.uk/id/7000000000041429,Scotland,http://data.ordnancesurvey.co.uk/id/country/scotland,,,
HS65DF,http://data.ordnancesurvey.co.uk/id/postcodeunit/HS65DF,HS6 5DF,,,,other,Postcode,72367.000,872390.000,3500,18000,,,,,,,Hosta,http://data.ordnancesurvey.co.uk/id/4000000074564810,http://www.ordnancesurvey.co.uk/xml/codelists/localtype.xml#hamlet,,,,Na h-Eileanan an Iar,http://data.ordnancesurvey.co.uk/id/7000000000030022,http://data.ordnancesurvey.co.uk/ontology/admingeo/UnitaryAuthority,Scotland,http://data.ordnancesurvey.co.uk/id/7000000000041429,Scotland,http://data.ordnancesurvey.co.uk/id/country/scotland,,,
HS65DX,http://data.ordnancesurvey.co.uk/id/postcodeunit/HS65DX,HS6 5DX,,,,other,Postcode,74879.000,867927.000,3500,18000,,,,,,,Paibeil,http://data.ordnancesurvey.co.uk/id/4000000074813578,http://www.ordnancesurvey.co.uk/xml/codelists/localtype.xml#village,,,,Na h-Eileanan an Iar,http://data.ordnancesurvey.co.uk/id/7000000000030022,http://data.ordnancesurvey.co.uk/ontology/admingeo/UnitaryAuthority,Scotland,http://data.ordnancesurvey.co.uk/id/7000000000041429,Scotland,http://data.ordnancesurvey.co.uk/id/country/scotland,,,
