﻿osgb4000000074542532,http://data.ordnancesurvey.co.uk/id/4000000074542532,Athmòr,gla,Ahmore,eng,populatedPlace,Hamlet,85727.440,874098.480,5000,25000,84973.893,873744.303,86250.772,874302.313,HS6,http://data.ordnancesurvey.co.uk/id/postcodedistrict/HS6,,,,,,,Na h-Eileanan an Iar,http://data.ordnancesurvey.co.uk/id/7000000000030022,http://data.ordnancesurvey.co.uk/ontology/admingeo/UnitaryAuthority,Scotland,http://data.ordnancesurvey.co.uk/id/7000000000041429,Scotland,http://data.ordnancesurvey.co.uk/id/country/scotland,,,
osgb4000000074337001,http://data.ordnancesurvey.co.uk/id/4000000074337001,Tobha Beag,,,,populatedPlace,Hamlet,95556.030,874353.890,5000,25000,95102.216,873964.849,95866.328,874573.135,HS6,http://data.ordnancesurvey.co.uk/id/postcodedistrict/HS6,,,,,,,Na h-Eileanan an Iar,http://data.ordnancesurvey.co.uk/id/7000000000030022,http://data.ordnancesurvey.co.uk/ontology/admingeo/UnitaryAuthority,Scotland,http://data.ordnancesurvey.co.uk/id/7000000000041429,Scotland,http://data.ordnancesurvey.co.uk/id/country/scotland,,,
osgb4000000074564502,http://data.ordnancesurvey.co.uk/id/4000000074564502,Blathaisbhal,,,,populatedPlace,Hamlet,89415.550,871080.070,5000,25000,89322.330,870919.071,89890.390,871582.651,HS6,http://data.ordnancesurvey.co.uk/id/postcodedistrict/HS6,,,,,,,Na h-Eileanan an Iar,http://data.ordnancesurvey.co.uk/id/7000000000030022,http://data.ordnancesurvey.co.uk/ontology/admingeo/UnitaryAuthority,Scotland,http://data.ordnancesurvey.co.uk/id/7000000000041429,Scotland,http://data.ordnancesurvey.co.uk/id/country/scotland,,,
osgb4000000074564814,http://data.ordnancesurvey.co.uk/id/4000000074564814,Clachan Shannda,cym,Clachan Sands,eng,populatedPlace,Other Settlement,87458.310,875020.450,15000,25000,86680.521,874819.425,88480.220,876428.094,HS6,http://data.ordnancesurvey.co.uk/id/postcodedistrict/HS6,,,,,,,Na h-Eileanan an Iar,http://data.ordnancesurvey.co.uk/id/7000000000030022,http://data.ordnancesurvey.co.uk/ontology/admingeo/UnitaryAuthority,Scotland,http://data.ordnancesurvey.co.uk/id/7000000000041429,Scotland,http://data.ordnancesurvey.co.uk/id/country/scotland,,,
osgb4000000074543324,http://data.ordnancesurvey.co.uk/id/4000000074543324,Ceathramh Meadhanach,gla,Middlequarter,eng,populatedPlace,Suburban Area,80374.466,874780.991,5000,25000,80120.157,874392.186,80934.614,875133.005,HS6,http://data.ordnancesurvey.co.uk/id/postcodedistrict/HS6,,,,,,,Na h-Eileanan an Iar,http://data.ordnancesurvey.co.uk/id/7000000000030022,http://data.ordnancesurvey.co.uk/ontology/admingeo/UnitaryAuthority,Scotland,http://data.ordnancesurvey.co.uk/id/7000000000041429,Scotland,http://data.ordnancesurvey.co.uk/id/country/scotland,,,
osgb4000000074336996,http://data.ordnancesurvey.co.uk/id/4000000074336996,Clachan na Luib,,,,populatedPlace,Hamlet,81052.000,863893.000,5000,25000,80627.905,863639.165,81397.045,864297.717,HS6,http://data.ordnancesurvey.co.uk/id/postcodedistrict/HS6,,,,,,,Na h-Eileanan an Iar,http://data.ordnancesurvey.co.uk/id/7000000000030022,http://data.ordnancesurvey.co.uk/ontology/admingeo/UnitaryAuthority,Scotland,http://data.ordnancesurvey.co.uk/id/7000000000041429,Scotland,http://data.ordnancesurvey.co.uk/id/country/scotland,,,
osgb4000000074564501,http://data.ordnancesurvey.co.uk/id/4000000074564501,Lochportain,,,,populatedPlace,Other Settlement,92682.330,872057.990,15000,25000,91874.819,871411.090,94946.377,872562.291,HS6,http://data.ordnancesurvey.co.uk/id/postcodedistrict/HS6,,,,,,,Na h-Eileanan an Iar,http://data.ordnancesurvey.co.uk/id/7000000000030022,http://data.ordnancesurvey.co.uk/ontology/admingeo/UnitaryAuthority,Scotland,http://data.ordnancesurvey.co.uk/id/7000000000041429,Scotland,http://data.ordnancesurvey.co.uk/id/country/scotland,,,
osgb4000000074543168,http://data.ordnancesurvey.co.uk/id/4000000074543168,Gearraidh Cladach,gla,Garry Claddach,eng,populatedPlace,Suburban Area,81900.920,861090.949,3000,25000,81466.174,860822.907,81966.174,861322.907,HS6,http://data.ordnancesurvey.co.uk/id/postcodedistrict/HS6,,,,,,,Na h-Eileanan an Iar,http://data.ordnancesurvey.co.uk/id/7000000000030022,http://data.ordnancesurvey.co.uk/ontology/admingeo/UnitaryAuthority,Scotland,http://data.ordnancesurvey.co.uk/id/7000000000041429,Scotland,http://data.ordnancesurvey.co.uk/id/country/scotland,,,
osgb4000000074540883,http://data.ordnancesurvey.co.uk/id/4000000074540883,Saighdinis,,,,populatedPlace,Suburban Area,87622.837,863189.292,9000,25000,87003.286,863000.927,88410.872,863500.927,HS6,http://data.ordnancesurvey.co.uk/id/postcodedistrict/HS6,,,,,,,Na h-Eileanan an Iar,http://data.ordnancesurvey.co.uk/id/7000000000030022,http://data.ordnancesurvey.co.uk/ontology/admingeo/UnitaryAuthority,Scotland,http://data.ordnancesurvey.co.uk/id/7000000000041429,Scotland,http://data.ordnancesurvey.co.uk/id/country/scotland,,,
osgb4000000074542531,http://data.ordnancesurvey.co.uk/id/4000000074542531,Locheport,eng,Loch Euphort,gla,populatedPlace,Other Settlement,87205.607,863156.771,15000,25000,82668.894,863047.830,89199.088,863969.769,HS6,http://data.ordnancesurvey.co.uk/id/postcodedistrict/HS6,,,,,,,Na h-Eileanan an Iar,http://data.ordnancesurvey.co.uk/id/7000000000030022,http://data.ordnancesurvey.co.uk/ontology/admingeo/UnitaryAuthority,Scotland,http://data.ordnancesurvey.co.uk/id/7000000000041429,Scotland,http://data.ordnancesurvey.co.uk/id/country/scotland,,,
osgb4000000074540850,http://data.ordnancesurvey.co.uk/id/4000000074540850,Greinetobht,,,,populatedPlace,Suburban Area,82362.270,875144.769,4000,25000,81979.795,874908.817,82598.514,875408.817,HS6,http://data.ordnancesurvey.co.uk/id/postcodedistrict/HS6,,,,,,,Na h-Eileanan an Iar,http://data.ordnancesurvey.co.uk/id/7000000000030022,http://data.ordnancesurvey.co.uk/ontology/admingeo/UnitaryAuthority,Scotland,http://data.ordnancesurvey.co.uk/id/7000000000041429,Scotland,http://data.ordnancesurvey.co.uk/id/country/scotland,,,
osgb4000000074573060,http://data.ordnancesurvey.co.uk/id/4000000074573060,Solas,gla,Sollas,eng,populatedPlace,Other Settlement,81254.914,874827.294,15000,25000,79215.281,873447.092,83312.362,875402.631,HS6,http://data.ordnancesurvey.co.uk/id/postcodedistrict/HS6,,,,,,,Na h-Eileanan an Iar,http://data.ordnancesurvey.co.uk/id/7000000000030022,http://data.ordnancesurvey.co.uk/ontology/admingeo/UnitaryAuthority,Scotland,http://data.ordnancesurvey.co.uk/id/7000000000041429,Scotland,http://data.ordnancesurvey.co.uk/id/country/scotland,,http://dbpedia.org/resource/Sollas,http://sws.geonames.org/2637545
osgb4000000074337126,http://data.ordnancesurvey.co.uk/id/4000000074337126,Sruth Mòr,,,,populatedPlace,Hamlet,90798.530,868951.060,5000,25000,90286.260,868807.056,91043.503,870043.722,HS6,http://data.ordnancesurvey.co.uk/id/postcodedistrict/HS6,,,,,,,Na h-Eileanan an Iar,http://data.ordnancesurvey.co.uk/id/7000000000030022,http://data.ordnancesurvey.co.uk/ontology/admingeo/UnitaryAuthority,Scotland,http://data.ordnancesurvey.co.uk/id/7000000000041429,Scotland,http://data.ordnancesurvey.co.uk/id/country/scotland,,,
osgb4000000074542538,http://data.ordnancesurvey.co.uk/id/4000000074542538,Cairinis,,,,populatedPlace,Village,81879.000,860224.000,13000,250000,81428.772,859211.974,82524.623,861256.649,HS6,http://data.ordnancesurvey.co.uk/id/postcodedistrict/HS6,,,,,,,Na h-Eileanan an Iar,http://data.ordnancesurvey.co.uk/id/7000000000030022,http://data.ordnancesurvey.co.uk/ontology/admingeo/UnitaryAuthority,Scotland,http://data.ordnancesurvey.co.uk/id/7000000000041429,Scotland,http://data.ordnancesurvey.co.uk/id/country/scotland,,http://dbpedia.org/resource/Carinish,http://sws.geonames.org/2653790
osgb4000000074337006,http://data.ordnancesurvey.co.uk/id/4000000074337006,Port nan Long,,,,populatedPlace,Hamlet,89535.460,878311.170,5000,25000,89283.395,878045.660,89783.395,878545.660,HS6,http://data.ordnancesurvey.co.uk/id/postcodedistrict/HS6,,,,,,,Na h-Eileanan an Iar,http://data.ordnancesurvey.co.uk/id/7000000000030022,http://data.ordnancesurvey.co.uk/ontology/admingeo/UnitaryAuthority,Scotland,http://data.ordnancesurvey.co.uk/id/7000000000041429,Scotland,http://data.ordnancesurvey.co.uk/id/country/scotland,,,http://sws.geonames.org/2640018
osgb4000000074542530,http://data.ordnancesurvey.co.uk/id/4000000074542530,Trumaisgearraidh,,,,populatedPlace,Other Settlement,86623.400,874827.000,15000,25000,86375.222,874592.049,86875.222,875092.049,HS6,http://data.ordnancesurvey.co.uk/id/postcodedistrict/HS6,,,,,,,Na h-Eileanan an Iar,http://data.ordnancesurvey.co.uk/id/7000000000030022,http://data.ordnancesurvey.co.uk/ontology/admingeo/UnitaryAuthority,Scotland,http://data.ordnancesurvey.co.uk/id/7000000000041429,Scotland,http://data.ordnancesurvey.co.uk/id/country/scotland,,,
osgb4000000074564500,http://data.ordnancesurvey.co.uk/id/4000000074564500,Corunna,,,,populatedPlace,Hamlet,81837.870,861704.890,5000,25000,81467.832,861270.843,81967.832,862271.237,HS6,http://data.ordnancesurvey.co.uk/id/postcodedistrict/HS6,,,,,,,Na h-Eileanan an Iar,http://data.ordnancesurvey.co.uk/id/7000000000030022,http://data.ordnancesurvey.co.uk/ontology/admingeo/UnitaryAuthority,Scotland,http://data.ordnancesurvey.co.uk/id/7000000000041429,Scotland,http://data.ordnancesurvey.co.uk/id/country/scotland,,,
osgb4000000074337005,http://data.ordnancesurvey.co.uk/id/4000000074337005,Baile Mhic' Phàil,,,,populatedPlace,Hamlet,89221.000,877225.000,5000,25000,88781.849,876649.291,89297.570,877438.545,HS6,http://data.ordnancesurvey.co.uk/id/postcodedistrict/HS6,,,,,,,Na h-Eileanan an Iar,http://data.ordnancesurvey.co.uk/id/7000000000030022,http://data.ordnancesurvey.co.uk/ontology/admingeo/UnitaryAuthority,Scotland,http://data.ordnancesurvey.co.uk/id/7000000000041429,Scotland,http://data.ordnancesurvey.co.uk/id/country/scotland,,,
osgb4000000074337002,http://data.ordnancesurvey.co.uk/id/4000000074337002,Bàgh a' Chàise,,,,populatedPlace,Other Settlement,95922.000,873346.000,15000,25000,95313.348,873095.168,97409.646,873959.831,HS6,http://data.ordnancesurvey.co.uk/id/postcodedistrict/HS6,,,,,,,Na h-Eileanan an Iar,http://data.ordnancesurvey.co.uk/id/7000000000030022,http://data.ordnancesurvey.co.uk/ontology/admingeo/UnitaryAuthority,Scotland,http://data.ordnancesurvey.co.uk/id/7000000000041429,Scotland,http://data.ordnancesurvey.co.uk/id/country/scotland,,,
osgb4000000074542539,http://data.ordnancesurvey.co.uk/id/4000000074542539,Loch nam Madadh,gla,Lochmaddy,eng,populatedPlace,Village,91742.420,868735.120,9000,250000,91075.510,867932.336,92096.009,869365.066,HS6,http://data.ordnancesurvey.co.uk/id/postcodedistrict/HS6,,,,,,,Na h-Eileanan an Iar,http://data.ordnancesurvey.co.uk/id/7000000000030022,http://data.ordnancesurvey.co.uk/ontology/admingeo/UnitaryAuthority,Scotland,http://data.ordnancesurvey.co.uk/id/7000000000041429,Scotland,http://data.ordnancesurvey.co.uk/id/country/scotland,,http://dbpedia.org/resource/Lochmaddy,http://sws.geonames.org/2643811
osgb4000000074542540,http://data.ordnancesurvey.co.uk/id/4000000074542540,Srom Ban,gla,Strombane,eng,populatedPlace,Other Settlement,90452.590,868307.010,15000,25000,90194.610,868019.160,90694.610,868519.160,HS6,http://data.ordnancesurvey.co.uk/id/postcodedistrict/HS6,,,,,,,Na h-Eileanan an Iar,http://data.ordnancesurvey.co.uk/id/7000000000030022,http://data.ordnancesurvey.co.uk/ontology/admingeo/UnitaryAuthority,Scotland,http://data.ordnancesurvey.co.uk/id/7000000000041429,Scotland,http://data.ordnancesurvey.co.uk/id/country/scotland,,,
HS65EN,http://data.ordnancesurvey.co.uk/id/postcodeunit/HS65EN,HS6 5EN,,,,other,Postcode,81746.000,862160.000,3500,18000,,,,,,,Corunna,http://data.ordnancesurvey.co.uk/id/4000000074564500,http://www.ordnancesurvey.co.uk/xml/codelists/localtype.xml#hamlet,,,,Na h-Eileanan an Iar,http://data.ordnancesurvey.co.uk/id/7000000000030022,http://data.ordnancesurvey.co.uk/ontology/admingeo/UnitaryAuthority,Scotland,http://data.ordnancesurvey.co.uk/id/7000000000041429,Scotland,http://data.ordnancesurvey.co.uk/id/country/scotland,,,
HS65EL,http://data.ordnancesurvey.co.uk/id/postcodeunit/HS65EL,HS6 5EL,,,,other,Postcode,82002.000,860704.000,3500,18000,,,,,,,Cairinis,http://data.ordnancesurvey.co.uk/id/4000000074542538,http://www.ordnancesurvey.co.uk/xml/codelists/localtype.xml#village,,,,Na h-Eileanan an Iar,http://data.ordnancesurvey.co.uk/id/7000000000030022,http://data.ordnancesurvey.co.uk/ontology/admingeo/UnitaryAuthority,Scotland,http://data.ordnancesurvey.co.uk/id/7000000000041429,Scotland,http://data.ordnancesurvey.co.uk/id/country/scotland,,,
HS65AR,http://data.ordnancesurvey.co.uk/id/postcodeunit/HS65AR,HS6 5AR,,,,other,Postcode,89738.000,871333.000,3500,18000,,,,,,,Blathaisbhal,http://data.ordnancesurvey.co.uk/id/4000000074564502,http://www.ordnancesurvey.co.uk/xml/codelists/localtype.xml#hamlet,,,,Na h-Eileanan an Iar,http://data.ordnancesurvey.co.uk/id/7000000000030022,http://data.ordnancesurvey.co.uk/ontology/admingeo/UnitaryAuthority,Scotland,http://data.ordnancesurvey.co.uk/id/7000000000041429,Scotland,http://data.ordnancesurvey.co.uk/id/country/scotland,,,
HS65HE,http://data.ordnancesurvey.co.uk/id/postcodeunit/HS65HE,HS6 5HE,,,,other,Postcode,80496.000,863052.000,3500,18000,,,,,,,,,,,,,Na h-Eileanan an Iar,http://data.ordnancesurvey.co.uk/id/7000000000030022,http://data.ordnancesurvey.co.uk/ontology/admingeo/UnitaryAuthority,Scotland,http://data.ordnancesurvey.co.uk/id/7000000000041429,Scotland,http://data.ordnancesurvey.co.uk/id/country/scotland,,,
HS65EH,http://data.ordnancesurvey.co.uk/id/postcodeunit/HS65EH,HS6 5EH,,,,other,Postcode,81892.000,860340.000,3500,18000,,,,,,,Cairinis,http://data.ordnancesurvey.co.uk/id/4000000074542538,http://www.ordnancesurvey.co.uk/xml/codelists/localtype.xml#village,,,,Na h-Eileanan an Iar,http://data.ordnancesurvey.co.uk/id/7000000000030022,http://data.ordnancesurvey.co.uk/ontology/admingeo/UnitaryAuthority,Scotland,http://data.ordnancesurvey.co.uk/id/7000000000041429,Scotland,http://data.ordnancesurvey.co.uk/id/country/scotland,,,
HS65AP,http://data.ordnancesurvey.co.uk/id/postcodeunit/HS65AP,HS6 5AP,,,,other,Postcode,89747.000,870783.000,3500,18000,,,,,,,,,,,,,Na h-Eileanan an Iar,http://data.ordnancesurvey.co.uk/id/7000000000030022,http://data.ordnancesurvey.co.uk/ontology/admingeo/UnitaryAuthority,Scotland,http://data.ordnancesurvey.co.uk/id/7000000000041429,Scotland,http://data.ordnancesurvey.co.uk/id/country/scotland,,,
HS65HR,http://data.ordnancesurvey.co.uk/id/postcodeunit/HS65HR,HS6 5HR,,,,other,Postcode,82055.000,860552.000,3500,18000,,,,,,,Cairinis,http://data.ordnancesurvey.co.uk/id/4000000074542538,http://www.ordnancesurvey.co.uk/xml/codelists/localtype.xml#village,,,,Na h-Eileanan an Iar,http://data.ordnancesurvey.co.uk/id/7000000000030022,http://data.ordnancesurvey.co.uk/ontology/admingeo/UnitaryAuthority,Scotland,http://data.ordnancesurvey.co.uk/id/7000000000041429,Scotland,http://data.ordnancesurvey.co.uk/id/country/scotland,,,
HS65BT,http://data.ordnancesurvey.co.uk/id/postcodeunit/HS65BT,HS6 5BT,,,,other,Postcode,81214.000,874958.000,3500,18000,,,,,,,Solas / Sollas,http://data.ordnancesurvey.co.uk/id/4000000074573060,http://www.ordnancesurvey.co.uk/xml/codelists/localtype.xml#otherSettlement,,,,Na h-Eileanan an Iar,http://data.ordnancesurvey.co.uk/id/7000000000030022,http://data.ordnancesurvey.co.uk/ontology/admingeo/UnitaryAuthority,Scotland,http://data.ordnancesurvey.co.uk/id/7000000000041429,Scotland,http://data.ordnancesurvey.co.uk/id/country/scotland,,,
HS65AZ,http://data.ordnancesurvey.co.uk/id/postcodeunit/HS65AZ,HS6 5AZ,,,,other,Postcode,89394.000,877644.000,3500,18000,,,,,,,,,,,,,Na h-Eileanan an Iar,http://data.ordnancesurvey.co.uk/id/7000000000030022,http://data.ordnancesurvey.co.uk/ontology/admingeo/UnitaryAuthority,Scotland,http://data.ordnancesurvey.co.uk/id/7000000000041429,Scotland,http://data.ordnancesurvey.co.uk/id/country/scotland,,,
HS65BS,http://data.ordnancesurvey.co.uk/id/postcodeunit/HS65BS,HS6 5BS,,,,other,Postcode,81305.000,874820.000,3500,18000,,,,,,,Solas / Sollas,http://data.ordnancesurvey.co.uk/id/4000000074573060,http://www.ordnancesurvey.co.uk/xml/codelists/localtype.xml#otherSettlement,,,,Na h-Eileanan an Iar,http://data.ordnancesurvey.co.uk/id/7000000000030022,http://data.ordnancesurvey.co.uk/ontology/admingeo/UnitaryAuthority,Scotland,http://data.ordnancesurvey.co.uk/id/7000000000041429,Scotland,http://data.ordnancesurvey.co.uk/id/country/scotland,,,
HS65AB,http://data.ordnancesurvey.co.uk/id/postcodeunit/HS65AB,HS6 5AB,,,,other,Postcode,91719.000,868481.000,3500,18000,,,,,,,Loch nam Madadh / Lochmaddy,http://data.ordnancesurvey.co.uk/id/4000000074542539,http://www.ordnancesurvey.co.uk/xml/codelists/localtype.xml#village,,,,Na h-Eileanan an Iar,http://data.ordnancesurvey.co.uk/id/7000000000030022,http://data.ordnancesurvey.co.uk/ontology/admingeo/UnitaryAuthority,Scotland,http://data.ordnancesurvey.co.uk/id/7000000000041429,Scotland,http://data.ordnancesurvey.co.uk/id/country/scotland,,,
HS65BW,http://data.ordnancesurvey.co.uk/id/postcodeunit/HS65BW,HS6 5BW,,,,other,Postcode,85521.000,874026.000,3500,18000,,,,,,,Athmòr / Ahmore,http://data.ordnancesurvey.co.uk/id/4000000074542532,http://www.ordnancesurvey.co.uk/xml/codelists/localtype.xml#hamlet,,,,Na h-Eileanan an Iar,http://data.ordnancesurvey.co.uk/id/7000000000030022,http://data.ordnancesurvey.co.uk/ontology/admingeo/UnitaryAuthority,Scotland,http://data.ordnancesurvey.co.uk/id/7000000000041429,Scotland,http://data.ordnancesurvey.co.uk/id/country/scotland,,,
HS65AX,http://data.ordnancesurvey.co.uk/id/postcodeunit/HS65AX,HS6 5AX,,,,other,Postcode,95573.000,874393.000,3500,18000,,,,,,,Tobha Beag,http://data.ordnancesurvey.co.uk/id/4000000074337001,http://www.ordnancesurvey.co.uk/xml/codelists/localtype.xml#hamlet,,,,Na h-Eileanan an Iar,http://data.ordnancesurvey.co.uk/id/7000000000030022,http://data.ordnancesurvey.co.uk/ontology/admingeo/UnitaryAuthority,Scotland,http://data.ordnancesurvey.co.uk/id/7000000000041429,Scotland,http://data.ordnancesurvey.co.uk/id/country/scotland,,,
HS65AA,http://data.ordnancesurvey.co.uk/id/postcodeunit/HS65AA,HS6 5AA,,,,other,Postcode,91651.000,868553.000,3500,18000,,,,,,,Loch nam Madadh / Lochmaddy,http://data.ordnancesurvey.co.uk/id/4000000074542539,http://www.ordnancesurvey.co.uk/xml/codelists/localtype.xml#village,,,,Na h-Eileanan an Iar,http://data.ordnancesurvey.co.uk/id/7000000000030022,http://data.ordnancesurvey.co.uk/ontology/admingeo/UnitaryAuthority,Scotland,http://data.ordnancesurvey.co.uk/id/7000000000041429,Scotland,http://data.ordnancesurvey.co.uk/id/country/scotland,,,
HS65AT,http://data.ordnancesurvey.co.uk/id/postcodeunit/HS65AT,HS6 5AT,,,,other,Postcode,96181.000,873315.000,3500,18000,,,,,,,Bàgh a' Chàise,http://data.ordnancesurvey.co.uk/id/4000000074337002,http://www.ordnancesurvey.co.uk/xml/codelists/localtype.xml#otherSettlement,,,,Na h-Eileanan an Iar,http://data.ordnancesurvey.co.uk/id/7000000000030022,http://data.ordnancesurvey.co.uk/ontology/admingeo/UnitaryAuthority,Scotland,http://data.ordnancesurvey.co.uk/id/7000000000041429,Scotland,http://data.ordnancesurvey.co.uk/id/country/scotland,,,
HS65AH,http://data.ordnancesurvey.co.uk/id/postcodeunit/HS65AH,HS6 5AH,,,,other,Postcode,90422.000,868277.000,3500,18000,,,,,,,Srom Ban / Strombane,http://data.ordnancesurvey.co.uk/id/4000000074542540,http://www.ordnancesurvey.co.uk/xml/codelists/localtype.xml#otherSettlement,,,,Na h-Eileanan an Iar,http://data.ordnancesurvey.co.uk/id/7000000000030022,http://data.ordnancesurvey.co.uk/ontology/admingeo/UnitaryAuthority,Scotland,http://data.ordnancesurvey.co.uk/id/7000000000041429,Scotland,http://data.ordnancesurvey.co.uk/id/country/scotland,,,
HS65AS,http://data.ordnancesurvey.co.uk/id/postcodeunit/HS65AS,HS6 5AS,,,,other,Postcode,93550.000,871567.000,3500,18000,,,,,,,Lochportain,http://data.ordnancesurvey.co.uk/id/4000000074564501,http://www.ordnancesurvey.co.uk/xml/codelists/localtype.xml#otherSettlement,,,,Na h-Eileanan an Iar,http://data.ordnancesurvey.co.uk/id/7000000000030022,http://data.ordnancesurvey.co.uk/ontology/admingeo/UnitaryAuthority,Scotland,http://data.ordnancesurvey.co.uk/id/7000000000041429,Scotland,http://data.ordnancesurvey.co.uk/id/country/scotland,,,
HS65HA,http://data.ordnancesurvey.co.uk/id/postcodeunit/HS65HA,HS6 5HA,,,,other,Postcode,83738.000,865204.000,3500,18000,,,,,,,,,,,,,Na h-Eileanan an Iar,http://data.ordnancesurvey.co.uk/id/7000000000030022,http://data.ordnancesurvey.co.uk/ontology/admingeo/UnitaryAuthority,Scotland,http://data.ordnancesurvey.co.uk/id/7000000000041429,Scotland,http://data.ordnancesurvey.co.uk/id/country/scotland,,,
HS65BP,http://data.ordnancesurvey.co.uk/id/postcodeunit/HS65BP,HS6 5BP,,,,other,Postcode,82471.000,875032.000,3500,18000,,,,,,,Solas / Sollas,http://data.ordnancesurvey.co.uk/id/4000000074573060,http://www.ordnancesurvey.co.uk/xml/codelists/localtype.xml#otherSettlement,,,,Na h-Eileanan an Iar,http://data.ordnancesurvey.co.uk/id/7000000000030022,http://data.ordnancesurvey.co.uk/ontology/admingeo/UnitaryAuthority,Scotland,http://data.ordnancesurvey.co.uk/id/7000000000041429,Scotland,http://data.ordnancesurvey.co.uk/id/country/scotland,,,
HS65EJ,http://data.ordnancesurvey.co.uk/id/postcodeunit/HS65EJ,HS6 5EJ,,,,other,Postcode,81906.000,860941.000,3500,18000,,,,,,,Cairinis,http://data.ordnancesurvey.co.uk/id/4000000074542538,http://www.ordnancesurvey.co.uk/xml/codelists/localtype.xml#village,,,,Na h-Eileanan an Iar,http://data.ordnancesurvey.co.uk/id/7000000000030022,http://data.ordnancesurvey.co.uk/ontology/admingeo/UnitaryAuthority,Scotland,http://data.ordnancesurvey.co.uk/id/7000000000041429,Scotland,http://data.ordnancesurvey.co.uk/id/country/scotland,,,
HS65AE,http://data.ordnancesurvey.co.uk/id/postcodeunit/HS65AE,HS6 5AE,,,,other,Postcode,91703.000,868896.000,3500,18000,,,,,,,Loch nam Madadh / Lochmaddy,http://data.ordnancesurvey.co.uk/id/4000000074542539,http://www.ordnancesurvey.co.uk/xml/codelists/localtype.xml#village,,,,Na h-Eileanan an Iar,http://data.ordnancesurvey.co.uk/id/7000000000030022,http://data.ordnancesurvey.co.uk/ontology/admingeo/UnitaryAuthority,Scotland,http://data.ordnancesurvey.co.uk/id/7000000000041429,Scotland,http://data.ordnancesurvey.co.uk/id/country/scotland,,,
HS65AD,http://data.ordnancesurvey.co.uk/id/postcodeunit/HS65AD,HS6 5AD,,,,other,Postcode,91735.000,868389.000,3500,18000,,,,,,,Loch nam Madadh / Lochmaddy,http://data.ordnancesurvey.co.uk/id/4000000074542539,http://www.ordnancesurvey.co.uk/xml/codelists/localtype.xml#village,,,,Na h-Eileanan an Iar,http://data.ordnancesurvey.co.uk/id/7000000000030022,http://data.ordnancesurvey.co.uk/ontology/admingeo/UnitaryAuthority,Scotland,http://data.ordnancesurvey.co.uk/id/7000000000041429,Scotland,http://data.ordnancesurvey.co.uk/id/country/scotland,,,
HS65AG,http://data.ordnancesurvey.co.uk/id/postcodeunit/HS65AG,HS6 5AG,,,,other,Postcode,90804.000,869090.000,3500,18000,,,,,,,Sruth Mòr,http://data.ordnancesurvey.co.uk/id/4000000074337126,http://www.ordnancesurvey.co.uk/xml/codelists/localtype.xml#hamlet,,,,Na h-Eileanan an Iar,http://data.ordnancesurvey.co.uk/id/7000000000030022,http://data.ordnancesurvey.co.uk/ontology/admingeo/UnitaryAuthority,Scotland,http://data.ordnancesurvey.co.uk/id/7000000000041429,Scotland,http://data.ordnancesurvey.co.uk/id/country/scotland,,,
HS65EU,http://data.ordnancesurvey.co.uk/id/postcodeunit/HS65EU,HS6 5EU,,,,other,Postcode,85063.000,863388.000,3500,18000,,,,,,,Locheport / Loch Euphort,http://data.ordnancesurvey.co.uk/id/4000000074542531,http://www.ordnancesurvey.co.uk/xml/codelists/localtype.xml#otherSettlement,,,,Na h-Eileanan an Iar,http://data.ordnancesurvey.co.uk/id/7000000000030022,http://data.ordnancesurvey.co.uk/ontology/admingeo/UnitaryAuthority,Scotland,http://data.ordnancesurvey.co.uk/id/7000000000041429,Scotland,http://data.ordnancesurvey.co.uk/id/country/scotland,,,
HS65AW,http://data.ordnancesurvey.co.uk/id/postcodeunit/HS65AW,HS6 5AW,,,,other,Postcode,90663.000,869740.000,3500,18000,,,,,,,Sruth Mòr,http://data.ordnancesurvey.co.uk/id/4000000074337126,http://www.ordnancesurvey.co.uk/xml/codelists/localtype.xml#hamlet,,,,Na h-Eileanan an Iar,http://data.ordnancesurvey.co.uk/id/7000000000030022,http://data.ordnancesurvey.co.uk/ontology/admingeo/UnitaryAuthority,Scotland,http://data.ordnancesurvey.co.uk/id/7000000000041429,Scotland,http://data.ordnancesurvey.co.uk/id/country/scotland,,,
HS65AY,http://data.ordnancesurvey.co.uk/id/postcodeunit/HS65AY,HS6 5AY,,,,other,Postcode,87296.000,875339.000,3500,18000,,,,,,,Clachan Shannda / Clachan Sands,http://data.ordnancesurvey.co.uk/id/4000000074564814,http://www.ordnancesurvey.co.uk/xml/codelists/localtype.xml#otherSettlement,,,,Na h-Eileanan an Iar,http://data.ordnancesurvey.co.uk/id/7000000000030022,http://data.ordnancesurvey.co.uk/ontology/admingeo/UnitaryAuthority,Scotland,http://data.ordnancesurvey.co.uk/id/7000000000041429,Scotland,http://data.ordnancesurvey.co.uk/id/country/scotland,,,
HS65HD,http://data.ordnancesurvey.co.uk/id/postcodeunit/HS65HD,HS6 5HD,,,,other,Postcode,81033.000,863921.000,3500,18000,,,,,,,Clachan na Luib,http://data.ordnancesurvey.co.uk/id/4000000074336996,http://www.ordnancesurvey.co.uk/xml/codelists/localtype.xml#hamlet,,,,Na h-Eileanan an Iar,http://data.ordnancesurvey.co.uk/id/7000000000030022,http://data.ordnancesurvey.co.uk/ontology/admingeo/UnitaryAuthority,Scotland,http://data.ordnancesurvey.co.uk/id/7000000000041429,Scotland,http://data.ordnancesurvey.co.uk/id/country/scotland,,,
HS65BU,http://data.ordnancesurvey.co.uk/id/postcodeunit/HS65BU,HS6 5BU,,,,other,Postcode,80429.000,874589.000,3500,18000,,,,,,,Solas / Sollas,http://data.ordnancesurvey.co.uk/id/4000000074573060,http://www.ordnancesurvey.co.uk/xml/codelists/localtype.xml#otherSettlement,,,,Na h-Eileanan an Iar,http://data.ordnancesurvey.co.uk/id/7000000000030022,http://data.ordnancesurvey.co.uk/ontology/admingeo/UnitaryAuthority,Scotland,http://data.ordnancesurvey.co.uk/id/7000000000041429,Scotland,http://data.ordnancesurvey.co.uk/id/country/scotland,,,
HS65AF,http://data.ordnancesurvey.co.uk/id/postcodeunit/HS65AF,HS6 5AF,,,,other,Postcode,92089.000,869752.000,3500,18000,,,,,,,,,,,,,Na h-Eileanan an Iar,http://data.ordnancesurvey.co.uk/id/7000000000030022,http://data.ordnancesurvey.co.uk/ontology/admingeo/UnitaryAuthority,Scotland,http://data.ordnancesurvey.co.uk/id/7000000000041429,Scotland,http://data.ordnancesurvey.co.uk/id/country/scotland,,,
osgb4000000003423807,http://data.ordnancesurvey.co.uk/id/4000000003423807,B894,,,,transportNetwork,Numbered Road,83769.000,863472.000,24000,250000,81739.238,863384.000,85397.000,864469.293,HS6,http://data.ordnancesurvey.co.uk/id/postcodedistrict/HS6,Locheport / Loch Euphort,http://data.ordnancesurvey.co.uk/id/4000000074542531,http://www.ordnancesurvey.co.uk/xml/codelists/localtype.xml#otherSettlement,,,,Na h-Eileanan an Iar,http://data.ordnancesurvey.co.uk/id/7000000000030022,http://data.ordnancesurvey.co.uk/ontology/admingeo/UnitaryAuthority,Scotland,http://data.ordnancesurvey.co.uk/id/7000000000041429,Scotland,http://data.ordnancesurvey.co.uk/id/country/scotland,,,
osgb4000000003423808,http://data.ordnancesurvey.co.uk/id/4000000003423808,B893,,,,transportNetwork,Numbered Road,88278.000,876220.000,28000,250000,87068.000,874003.000,89535.453,878311.163,HS6,http://data.ordnancesurvey.co.uk/id/postcodedistrict/HS6,Clachan Shannda / Clachan Sands,http://data.ordnancesurvey.co.uk/id/4000000074564814,http://www.ordnancesurvey.co.uk/xml/codelists/localtype.xml#otherSettlement,,,,Na h-Eileanan an Iar,http://data.ordnancesurvey.co.uk/id/7000000000030022,http://data.ordnancesurvey.co.uk/ontology/admingeo/UnitaryAuthority,Scotland,http://data.ordnancesurvey.co.uk/id/7000000000041429,Scotland,http://data.ordnancesurvey.co.uk/id/country/scotland,,,
osgb4000000003423805,http://data.ordnancesurvey.co.uk/id/4000000003423805,A867,,,,transportNetwork,Numbered Road,85912.643,866531.818,65000,1000000,81048.222,864009.943,91043.799,869173.000,HS6,http://data.ordnancesurvey.co.uk/id/postcodedistrict/HS6,,,,,,,Na h-Eileanan an Iar,http://data.ordnancesurvey.co.uk/id/7000000000030022,http://data.ordnancesurvey.co.uk/ontology/admingeo/UnitaryAuthority,Scotland,http://data.ordnancesurvey.co.uk/id/7000000000041429,Scotland,http://data.ordnancesurvey.co.uk/id/country/scotland,,,
HS65EX,http://data.ordnancesurvey.co.uk/id/postcodeunit/HS65EX,HS6 5EX,,,,other,Postcode,88307.000,863274.000,3500,18000,,,,,,,Locheport / Loch Euphort,http://data.ordnancesurvey.co.uk/id/4000000074542531,http://www.ordnancesurvey.co.uk/xml/codelists/localtype.xml#otherSettlement,,,,Na h-Eileanan an Iar,http://data.ordnancesurvey.co.uk/id/7000000000030022,http://data.ordnancesurvey.co.uk/ontology/admingeo/UnitaryAuthority,Scotland,http://data.ordnancesurvey.co.uk/id/7000000000041429,Scotland,http://data.ordnancesurvey.co.uk/id/country/scotland,,,
