﻿osgb4000000074542705,http://data.ordnancesurvey.co.uk/id/4000000074542705,Kilvaxter,eng,Cille a' Bhacstair,gla,populatedPlace,Village,138732.530,870296.940,8000,250000,138434.440,869394.590,139085.377,870634.893,IV51,http://data.ordnancesurvey.co.uk/id/postcodedistrict/IV51,,,,,,,Highland,http://data.ordnancesurvey.co.uk/id/7000000000029638,http://data.ordnancesurvey.co.uk/ontology/admingeo/UnitaryAuthority,Scotland,http://data.ordnancesurvey.co.uk/id/7000000000041429,Scotland,http://data.ordnancesurvey.co.uk/id/country/scotland,,http://dbpedia.org/resource/Kilvaxter,http://sws.geonames.org/2645545
osgb4000000074570269,http://data.ordnancesurvey.co.uk/id/4000000074570269,Uig,,,,populatedPlace,Village,139617.580,864156.421,15000,250000,137872.663,862732.305,140119.772,864274.363,IV51,http://data.ordnancesurvey.co.uk/id/postcodedistrict/IV51,,,,,,,Highland,http://data.ordnancesurvey.co.uk/id/7000000000029638,http://data.ordnancesurvey.co.uk/ontology/admingeo/UnitaryAuthority,Scotland,http://data.ordnancesurvey.co.uk/id/7000000000041429,Scotland,http://data.ordnancesurvey.co.uk/id/country/scotland,,"http://dbpedia.org/resource/Uig,_Skye",http://sws.geonames.org/2635219
osgb4000000074550156,http://data.ordnancesurvey.co.uk/id/4000000074550156,Idrigill,,,,populatedPlace,Suburban Area,138539.787,864087.768,5000,25000,138275.212,863728.503,138969.136,864275.199,IV51,http://data.ordnancesurvey.co.uk/id/postcodedistrict/IV51,,,,,,,Highland,http://data.ordnancesurvey.co.uk/id/7000000000029638,http://data.ordnancesurvey.co.uk/ontology/admingeo/UnitaryAuthority,Scotland,http://data.ordnancesurvey.co.uk/id/7000000000041429,Scotland,http://data.ordnancesurvey.co.uk/id/country/scotland,,,http://sws.geonames.org/2646289
osgb4000000074569587,http://data.ordnancesurvey.co.uk/id/4000000074569587,Geary,,,,populatedPlace,Hamlet,126444.000,862258.000,5000,25000,126174.359,860681.802,126674.359,862526.744,IV55,http://data.ordnancesurvey.co.uk/id/postcodedistrict/IV55,,,,,,,Highland,http://data.ordnancesurvey.co.uk/id/7000000000029638,http://data.ordnancesurvey.co.uk/ontology/admingeo/UnitaryAuthority,Scotland,http://data.ordnancesurvey.co.uk/id/7000000000041429,Scotland,http://data.ordnancesurvey.co.uk/id/country/scotland,,"http://dbpedia.org/resource/Geary,_Skye",http://sws.geonames.org/2648743
osgb4000000074574074,http://data.ordnancesurvey.co.uk/id/4000000074574074,Earlais,gla,Earlish,eng,populatedPlace,Village,138520.390,861198.840,12000,250000,138227.563,860577.212,139232.983,862361.831,IV51,http://data.ordnancesurvey.co.uk/id/postcodedistrict/IV51,,,,,,,Highland,http://data.ordnancesurvey.co.uk/id/7000000000029638,http://data.ordnancesurvey.co.uk/ontology/admingeo/UnitaryAuthority,Scotland,http://data.ordnancesurvey.co.uk/id/7000000000041429,Scotland,http://data.ordnancesurvey.co.uk/id/country/scotland,,,http://sws.geonames.org/2650553
osgb4000000074550157,http://data.ordnancesurvey.co.uk/id/4000000074550157,Balgown,,,,populatedPlace,Hamlet,138890.493,869096.425,5000,25000,138659.739,868703.077,139190.468,869427.189,IV51,http://data.ordnancesurvey.co.uk/id/postcodedistrict/IV51,,,,,,,Highland,http://data.ordnancesurvey.co.uk/id/7000000000029638,http://data.ordnancesurvey.co.uk/ontology/admingeo/UnitaryAuthority,Scotland,http://data.ordnancesurvey.co.uk/id/7000000000041429,Scotland,http://data.ordnancesurvey.co.uk/id/country/scotland,,,
osgb4000000074542068,http://data.ordnancesurvey.co.uk/id/4000000074542068,Trumpan,,,,populatedPlace,Hamlet,122345.000,861105.000,5000,25000,122299.631,860767.267,123390.510,861692.252,IV55,http://data.ordnancesurvey.co.uk/id/postcodedistrict/IV55,,,,,,,Highland,http://data.ordnancesurvey.co.uk/id/7000000000029638,http://data.ordnancesurvey.co.uk/ontology/admingeo/UnitaryAuthority,Scotland,http://data.ordnancesurvey.co.uk/id/7000000000041429,Scotland,http://data.ordnancesurvey.co.uk/id/country/scotland,,http://dbpedia.org/resource/Trumpan,http://sws.geonames.org/2635415
osgb4000000074543376,http://data.ordnancesurvey.co.uk/id/4000000074543376,Totscore,,,,populatedPlace,Hamlet,138863.000,866182.000,5000,25000,137985.769,865658.067,139094.391,866728.841,IV51,http://data.ordnancesurvey.co.uk/id/postcodedistrict/IV51,,,,,,,Highland,http://data.ordnancesurvey.co.uk/id/7000000000029638,http://data.ordnancesurvey.co.uk/ontology/admingeo/UnitaryAuthority,Scotland,http://data.ordnancesurvey.co.uk/id/7000000000041429,Scotland,http://data.ordnancesurvey.co.uk/id/country/scotland,,,
osgb4000000074569246,http://data.ordnancesurvey.co.uk/id/4000000074569246,Knockbreck,,,,populatedPlace,Hamlet,126495.790,860452.980,5000,25000,126200.649,860093.510,126763.688,860681.802,IV55,http://data.ordnancesurvey.co.uk/id/postcodedistrict/IV55,,,,,,,Highland,http://data.ordnancesurvey.co.uk/id/7000000000029638,http://data.ordnancesurvey.co.uk/ontology/admingeo/UnitaryAuthority,Scotland,http://data.ordnancesurvey.co.uk/id/7000000000041429,Scotland,http://data.ordnancesurvey.co.uk/id/country/scotland,,,
osgb4000000074569917,http://data.ordnancesurvey.co.uk/id/4000000074569917,South Cuil,,,,populatedPlace,Suburban Area,139321.890,863171.827,3000,25000,139063.025,862770.068,139563.025,863271.521,IV51,http://data.ordnancesurvey.co.uk/id/postcodedistrict/IV51,,,,,,,Highland,http://data.ordnancesurvey.co.uk/id/7000000000029638,http://data.ordnancesurvey.co.uk/ontology/admingeo/UnitaryAuthority,Scotland,http://data.ordnancesurvey.co.uk/id/7000000000041429,Scotland,http://data.ordnancesurvey.co.uk/id/country/scotland,,,
osgb4000000074570631,http://data.ordnancesurvey.co.uk/id/4000000074570631,Hungladder,,,,populatedPlace,Hamlet,139031.530,871425.100,5000,25000,138629.238,871030.149,139282.758,871754.052,IV51,http://data.ordnancesurvey.co.uk/id/postcodedistrict/IV51,,,,,,,Highland,http://data.ordnancesurvey.co.uk/id/7000000000029638,http://data.ordnancesurvey.co.uk/ontology/admingeo/UnitaryAuthority,Scotland,http://data.ordnancesurvey.co.uk/id/7000000000041429,Scotland,http://data.ordnancesurvey.co.uk/id/country/scotland,,,
osgb4000000074570268,http://data.ordnancesurvey.co.uk/id/4000000074570268,North Cuil,,,,populatedPlace,Suburban Area,139812.134,864047.256,3000,25000,139563.455,863762.389,140063.455,864262.389,IV51,http://data.ordnancesurvey.co.uk/id/postcodedistrict/IV51,,,,,,,Highland,http://data.ordnancesurvey.co.uk/id/7000000000029638,http://data.ordnancesurvey.co.uk/ontology/admingeo/UnitaryAuthority,Scotland,http://data.ordnancesurvey.co.uk/id/7000000000041429,Scotland,http://data.ordnancesurvey.co.uk/id/country/scotland,,,
osgb4000000074543377,http://data.ordnancesurvey.co.uk/id/4000000074543377,Linicro,eng,Lionacro,gla,populatedPlace,Hamlet,138782.000,867518.000,5000,25000,138524.921,866706.217,139165.245,868723.326,IV51,http://data.ordnancesurvey.co.uk/id/postcodedistrict/IV51,,,,,,,Highland,http://data.ordnancesurvey.co.uk/id/7000000000029638,http://data.ordnancesurvey.co.uk/ontology/admingeo/UnitaryAuthority,Scotland,http://data.ordnancesurvey.co.uk/id/7000000000041429,Scotland,http://data.ordnancesurvey.co.uk/id/country/scotland,,,
osgb4000000074540852,http://data.ordnancesurvey.co.uk/id/4000000074540852,Rha,,,,populatedPlace,Suburban Area,139297.655,864103.800,2000,25000,139049.507,863876.356,139549.507,864376.356,IV51,http://data.ordnancesurvey.co.uk/id/postcodedistrict/IV51,,,,,,,Highland,http://data.ordnancesurvey.co.uk/id/7000000000029638,http://data.ordnancesurvey.co.uk/ontology/admingeo/UnitaryAuthority,Scotland,http://data.ordnancesurvey.co.uk/id/7000000000041429,Scotland,http://data.ordnancesurvey.co.uk/id/country/scotland,,,
IV519XP,http://data.ordnancesurvey.co.uk/id/postcodeunit/IV519XP,IV51 9XP,,,,other,Postcode,139549.000,864200.000,3500,18000,,,,,,,Uig,http://data.ordnancesurvey.co.uk/id/4000000074570269,http://www.ordnancesurvey.co.uk/xml/codelists/localtype.xml#village,,,,Highland,http://data.ordnancesurvey.co.uk/id/7000000000029638,http://data.ordnancesurvey.co.uk/ontology/admingeo/UnitaryAuthority,Scotland,http://data.ordnancesurvey.co.uk/id/7000000000041429,Scotland,http://data.ordnancesurvey.co.uk/id/country/scotland,,,
IV519YL,http://data.ordnancesurvey.co.uk/id/postcodeunit/IV519YL,IV51 9YL,,,,other,Postcode,139406.000,864134.000,3500,18000,,,,,,,Uig,http://data.ordnancesurvey.co.uk/id/4000000074570269,http://www.ordnancesurvey.co.uk/xml/codelists/localtype.xml#village,,,,Highland,http://data.ordnancesurvey.co.uk/id/7000000000029638,http://data.ordnancesurvey.co.uk/ontology/admingeo/UnitaryAuthority,Scotland,http://data.ordnancesurvey.co.uk/id/7000000000041429,Scotland,http://data.ordnancesurvey.co.uk/id/country/scotland,,,
IV519XW,http://data.ordnancesurvey.co.uk/id/postcodeunit/IV519XW,IV51 9XW,,,,other,Postcode,139177.000,864114.000,3500,18000,,,,,,,Uig,http://data.ordnancesurvey.co.uk/id/4000000074570269,http://www.ordnancesurvey.co.uk/xml/codelists/localtype.xml#village,,,,Highland,http://data.ordnancesurvey.co.uk/id/7000000000029638,http://data.ordnancesurvey.co.uk/ontology/admingeo/UnitaryAuthority,Scotland,http://data.ordnancesurvey.co.uk/id/7000000000041429,Scotland,http://data.ordnancesurvey.co.uk/id/country/scotland,,,
IV519YS,http://data.ordnancesurvey.co.uk/id/postcodeunit/IV519YS,IV51 9YS,,,,other,Postcode,137924.000,870623.000,3500,18000,,,,,,,Bornesketaig / Borgh na Sgiotaig,http://data.ordnancesurvey.co.uk/id/4000000074543206,http://www.ordnancesurvey.co.uk/xml/codelists/localtype.xml#otherSettlement,,,,Highland,http://data.ordnancesurvey.co.uk/id/7000000000029638,http://data.ordnancesurvey.co.uk/ontology/admingeo/UnitaryAuthority,Scotland,http://data.ordnancesurvey.co.uk/id/7000000000041429,Scotland,http://data.ordnancesurvey.co.uk/id/country/scotland,,,
IV519UB,http://data.ordnancesurvey.co.uk/id/postcodeunit/IV519UB,IV51 9UB,,,,other,Postcode,138922.000,869146.000,3500,18000,,,,,,,Balgown,http://data.ordnancesurvey.co.uk/id/4000000074550157,http://www.ordnancesurvey.co.uk/xml/codelists/localtype.xml#hamlet,,,,Highland,http://data.ordnancesurvey.co.uk/id/7000000000029638,http://data.ordnancesurvey.co.uk/ontology/admingeo/UnitaryAuthority,Scotland,http://data.ordnancesurvey.co.uk/id/7000000000041429,Scotland,http://data.ordnancesurvey.co.uk/id/country/scotland,,,
IV519YQ,http://data.ordnancesurvey.co.uk/id/postcodeunit/IV519YQ,IV51 9YQ,,,,other,Postcode,139222.000,864128.000,3500,18000,,,,,,,Uig,http://data.ordnancesurvey.co.uk/id/4000000074570269,http://www.ordnancesurvey.co.uk/xml/codelists/localtype.xml#village,,,,Highland,http://data.ordnancesurvey.co.uk/id/7000000000029638,http://data.ordnancesurvey.co.uk/ontology/admingeo/UnitaryAuthority,Scotland,http://data.ordnancesurvey.co.uk/id/7000000000041429,Scotland,http://data.ordnancesurvey.co.uk/id/country/scotland,,,
IV519XL,http://data.ordnancesurvey.co.uk/id/postcodeunit/IV519XL,IV51 9XL,,,,other,Postcode,138740.000,860966.000,3500,18000,,,,,,,Earlais / Earlish,http://data.ordnancesurvey.co.uk/id/4000000074574074,http://www.ordnancesurvey.co.uk/xml/codelists/localtype.xml#village,,,,Highland,http://data.ordnancesurvey.co.uk/id/7000000000029638,http://data.ordnancesurvey.co.uk/ontology/admingeo/UnitaryAuthority,Scotland,http://data.ordnancesurvey.co.uk/id/7000000000041429,Scotland,http://data.ordnancesurvey.co.uk/id/country/scotland,,,
IV519XU,http://data.ordnancesurvey.co.uk/id/postcodeunit/IV519XU,IV51 9XU,,,,other,Postcode,138374.000,863936.000,3500,18000,,,,,,,Uig,http://data.ordnancesurvey.co.uk/id/4000000074570269,http://www.ordnancesurvey.co.uk/xml/codelists/localtype.xml#village,,,,Highland,http://data.ordnancesurvey.co.uk/id/7000000000029638,http://data.ordnancesurvey.co.uk/ontology/admingeo/UnitaryAuthority,Scotland,http://data.ordnancesurvey.co.uk/id/7000000000041429,Scotland,http://data.ordnancesurvey.co.uk/id/country/scotland,,,
IV558GP,http://data.ordnancesurvey.co.uk/id/postcodeunit/IV558GP,IV55 8GP,,,,other,Postcode,126646.000,860311.000,3500,18000,,,,,,,Knockbreck,http://data.ordnancesurvey.co.uk/id/4000000074569246,http://www.ordnancesurvey.co.uk/xml/codelists/localtype.xml#hamlet,,,,Highland,http://data.ordnancesurvey.co.uk/id/7000000000029638,http://data.ordnancesurvey.co.uk/ontology/admingeo/UnitaryAuthority,Scotland,http://data.ordnancesurvey.co.uk/id/7000000000041429,Scotland,http://data.ordnancesurvey.co.uk/id/country/scotland,,,
IV519UE,http://data.ordnancesurvey.co.uk/id/postcodeunit/IV519UE,IV51 9UE,,,,other,Postcode,139746.000,871720.000,3500,18000,,,,,,,,,,,,,Highland,http://data.ordnancesurvey.co.uk/id/7000000000029638,http://data.ordnancesurvey.co.uk/ontology/admingeo/UnitaryAuthority,Scotland,http://data.ordnancesurvey.co.uk/id/7000000000041429,Scotland,http://data.ordnancesurvey.co.uk/id/country/scotland,,,
IV519YR,http://data.ordnancesurvey.co.uk/id/postcodeunit/IV519YR,IV51 9YR,,,,other,Postcode,138671.000,869764.000,3500,18000,,,,,,,Kilvaxter / Cille a' Bhacstair,http://data.ordnancesurvey.co.uk/id/4000000074542705,http://www.ordnancesurvey.co.uk/xml/codelists/localtype.xml#village,,,,Highland,http://data.ordnancesurvey.co.uk/id/7000000000029638,http://data.ordnancesurvey.co.uk/ontology/admingeo/UnitaryAuthority,Scotland,http://data.ordnancesurvey.co.uk/id/7000000000041429,Scotland,http://data.ordnancesurvey.co.uk/id/country/scotland,,,
IV519YT,http://data.ordnancesurvey.co.uk/id/postcodeunit/IV519YT,IV51 9YT,,,,other,Postcode,138984.000,871525.000,3500,18000,,,,,,,Hungladder,http://data.ordnancesurvey.co.uk/id/4000000074570631,http://www.ordnancesurvey.co.uk/xml/codelists/localtype.xml#hamlet,,,,Highland,http://data.ordnancesurvey.co.uk/id/7000000000029638,http://data.ordnancesurvey.co.uk/ontology/admingeo/UnitaryAuthority,Scotland,http://data.ordnancesurvey.co.uk/id/7000000000041429,Scotland,http://data.ordnancesurvey.co.uk/id/country/scotland,,,
IV519XR,http://data.ordnancesurvey.co.uk/id/postcodeunit/IV519XR,IV51 9XR,,,,other,Postcode,139287.000,864158.000,3500,18000,,,,,,,Uig,http://data.ordnancesurvey.co.uk/id/4000000074570269,http://www.ordnancesurvey.co.uk/xml/codelists/localtype.xml#village,,,,Highland,http://data.ordnancesurvey.co.uk/id/7000000000029638,http://data.ordnancesurvey.co.uk/ontology/admingeo/UnitaryAuthority,Scotland,http://data.ordnancesurvey.co.uk/id/7000000000041429,Scotland,http://data.ordnancesurvey.co.uk/id/country/scotland,,,
IV558GW,http://data.ordnancesurvey.co.uk/id/postcodeunit/IV558GW,IV55 8GW,,,,other,Postcode,122553.000,860848.000,3500,18000,,,,,,,Trumpan,http://data.ordnancesurvey.co.uk/id/4000000074542068,http://www.ordnancesurvey.co.uk/xml/codelists/localtype.xml#hamlet,,,,Highland,http://data.ordnancesurvey.co.uk/id/7000000000029638,http://data.ordnancesurvey.co.uk/ontology/admingeo/UnitaryAuthority,Scotland,http://data.ordnancesurvey.co.uk/id/7000000000041429,Scotland,http://data.ordnancesurvey.co.uk/id/country/scotland,,,
IV519YN,http://data.ordnancesurvey.co.uk/id/postcodeunit/IV519YN,IV51 9YN,,,,other,Postcode,138756.000,867628.000,3500,18000,,,,,,,Linicro / Lionacro,http://data.ordnancesurvey.co.uk/id/4000000074543377,http://www.ordnancesurvey.co.uk/xml/codelists/localtype.xml#hamlet,,,,Highland,http://data.ordnancesurvey.co.uk/id/7000000000029638,http://data.ordnancesurvey.co.uk/ontology/admingeo/UnitaryAuthority,Scotland,http://data.ordnancesurvey.co.uk/id/7000000000041429,Scotland,http://data.ordnancesurvey.co.uk/id/country/scotland,,,
IV519XX,http://data.ordnancesurvey.co.uk/id/postcodeunit/IV519XX,IV51 9XX,,,,other,Postcode,138506.000,863553.000,3500,18000,,,,,,,Uig,http://data.ordnancesurvey.co.uk/id/4000000074570269,http://www.ordnancesurvey.co.uk/xml/codelists/localtype.xml#village,,,,Highland,http://data.ordnancesurvey.co.uk/id/7000000000029638,http://data.ordnancesurvey.co.uk/ontology/admingeo/UnitaryAuthority,Scotland,http://data.ordnancesurvey.co.uk/id/7000000000041429,Scotland,http://data.ordnancesurvey.co.uk/id/country/scotland,,,
IV519YB,http://data.ordnancesurvey.co.uk/id/postcodeunit/IV519YB,IV51 9YB,,,,other,Postcode,139663.000,863539.000,3500,18000,,,,,,,Uig,http://data.ordnancesurvey.co.uk/id/4000000074570269,http://www.ordnancesurvey.co.uk/xml/codelists/localtype.xml#village,,,,Highland,http://data.ordnancesurvey.co.uk/id/7000000000029638,http://data.ordnancesurvey.co.uk/ontology/admingeo/UnitaryAuthority,Scotland,http://data.ordnancesurvey.co.uk/id/7000000000041429,Scotland,http://data.ordnancesurvey.co.uk/id/country/scotland,,,
IV519XT,http://data.ordnancesurvey.co.uk/id/postcodeunit/IV519XT,IV51 9XT,,,,other,Postcode,139273.000,864123.000,3500,18000,,,,,,,Uig,http://data.ordnancesurvey.co.uk/id/4000000074570269,http://www.ordnancesurvey.co.uk/xml/codelists/localtype.xml#village,,,,Highland,http://data.ordnancesurvey.co.uk/id/7000000000029638,http://data.ordnancesurvey.co.uk/ontology/admingeo/UnitaryAuthority,Scotland,http://data.ordnancesurvey.co.uk/id/7000000000041429,Scotland,http://data.ordnancesurvey.co.uk/id/country/scotland,,,
IV519YW,http://data.ordnancesurvey.co.uk/id/postcodeunit/IV519YW,IV51 9YW,,,,other,Postcode,138622.000,865765.000,3500,18000,,,,,,,Totscore,http://data.ordnancesurvey.co.uk/id/4000000074543376,http://www.ordnancesurvey.co.uk/xml/codelists/localtype.xml#hamlet,,,,Highland,http://data.ordnancesurvey.co.uk/id/7000000000029638,http://data.ordnancesurvey.co.uk/ontology/admingeo/UnitaryAuthority,Scotland,http://data.ordnancesurvey.co.uk/id/7000000000041429,Scotland,http://data.ordnancesurvey.co.uk/id/country/scotland,,,
IV519XS,http://data.ordnancesurvey.co.uk/id/postcodeunit/IV519XS,IV51 9XS,,,,other,Postcode,139345.000,864131.000,3500,18000,,,,,,,Uig,http://data.ordnancesurvey.co.uk/id/4000000074570269,http://www.ordnancesurvey.co.uk/xml/codelists/localtype.xml#village,,,,Highland,http://data.ordnancesurvey.co.uk/id/7000000000029638,http://data.ordnancesurvey.co.uk/ontology/admingeo/UnitaryAuthority,Scotland,http://data.ordnancesurvey.co.uk/id/7000000000041429,Scotland,http://data.ordnancesurvey.co.uk/id/country/scotland,,,
IV519UA,http://data.ordnancesurvey.co.uk/id/postcodeunit/IV519UA,IV51 9UA,,,,other,Postcode,138767.000,868399.000,3500,18000,,,,,,,Linicro / Lionacro,http://data.ordnancesurvey.co.uk/id/4000000074543377,http://www.ordnancesurvey.co.uk/xml/codelists/localtype.xml#hamlet,,,,Highland,http://data.ordnancesurvey.co.uk/id/7000000000029638,http://data.ordnancesurvey.co.uk/ontology/admingeo/UnitaryAuthority,Scotland,http://data.ordnancesurvey.co.uk/id/7000000000041429,Scotland,http://data.ordnancesurvey.co.uk/id/country/scotland,,,
osgb4000000003445941,http://data.ordnancesurvey.co.uk/id/4000000003445941,Corbett Terrace,,,,transportNetwork,Named Road,139301.726,864104.354,1000,20000,139257.415,864094.522,139301.726,864104.354,IV51,http://data.ordnancesurvey.co.uk/id/postcodedistrict/IV51,Uig,http://data.ordnancesurvey.co.uk/id/4000000074570269,http://www.ordnancesurvey.co.uk/xml/codelists/localtype.xml#village,,,,Highland,http://data.ordnancesurvey.co.uk/id/7000000000029638,http://data.ordnancesurvey.co.uk/ontology/admingeo/UnitaryAuthority,Scotland,http://data.ordnancesurvey.co.uk/id/7000000000041429,Scotland,http://data.ordnancesurvey.co.uk/id/country/scotland,,,
osgb4000000003445907,http://data.ordnancesurvey.co.uk/id/4000000003445907,Boyd Terrace,,,,transportNetwork,Named Road,139233.185,864093.421,1000,20000,139233.185,864093.421,139257.415,864094.522,IV51,http://data.ordnancesurvey.co.uk/id/postcodedistrict/IV51,Uig,http://data.ordnancesurvey.co.uk/id/4000000074570269,http://www.ordnancesurvey.co.uk/xml/codelists/localtype.xml#village,,,,Highland,http://data.ordnancesurvey.co.uk/id/7000000000029638,http://data.ordnancesurvey.co.uk/ontology/admingeo/UnitaryAuthority,Scotland,http://data.ordnancesurvey.co.uk/id/7000000000041429,Scotland,http://data.ordnancesurvey.co.uk/id/country/scotland,,,
osgb4000000003445908,http://data.ordnancesurvey.co.uk/id/4000000003445908,Park Terrace,,,,transportNetwork,Named Road,139368.692,864118.032,1000,20000,139301.726,864104.354,139417.743,864185.777,IV51,http://data.ordnancesurvey.co.uk/id/postcodedistrict/IV51,Uig,http://data.ordnancesurvey.co.uk/id/4000000074570269,http://www.ordnancesurvey.co.uk/xml/codelists/localtype.xml#village,,,,Highland,http://data.ordnancesurvey.co.uk/id/7000000000029638,http://data.ordnancesurvey.co.uk/ontology/admingeo/UnitaryAuthority,Scotland,http://data.ordnancesurvey.co.uk/id/7000000000041429,Scotland,http://data.ordnancesurvey.co.uk/id/country/scotland,,,
osgb4000000003445942,http://data.ordnancesurvey.co.uk/id/4000000003445942,Rha Bank,,,,transportNetwork,Named Road,139410.831,864121.904,1000,20000,139391.859,864100.590,139437.518,864148.124,IV51,http://data.ordnancesurvey.co.uk/id/postcodedistrict/IV51,Uig,http://data.ordnancesurvey.co.uk/id/4000000074570269,http://www.ordnancesurvey.co.uk/xml/codelists/localtype.xml#village,,,,Highland,http://data.ordnancesurvey.co.uk/id/7000000000029638,http://data.ordnancesurvey.co.uk/ontology/admingeo/UnitaryAuthority,Scotland,http://data.ordnancesurvey.co.uk/id/7000000000041429,Scotland,http://data.ordnancesurvey.co.uk/id/country/scotland,,,
IV519WS,http://data.ordnancesurvey.co.uk/id/postcodeunit/IV519WS,IV51 9WS,,,,other,Postcode,138696.000,870315.000,3500,18000,,,,,,,Kilvaxter / Cille a' Bhacstair,http://data.ordnancesurvey.co.uk/id/4000000074542705,http://www.ordnancesurvey.co.uk/xml/codelists/localtype.xml#village,,,,Highland,http://data.ordnancesurvey.co.uk/id/7000000000029638,http://data.ordnancesurvey.co.uk/ontology/admingeo/UnitaryAuthority,Scotland,http://data.ordnancesurvey.co.uk/id/7000000000041429,Scotland,http://data.ordnancesurvey.co.uk/id/country/scotland,,,
IV558GQ,http://data.ordnancesurvey.co.uk/id/postcodeunit/IV558GQ,IV55 8GQ,,,,other,Postcode,126409.000,861635.000,3500,18000,,,,,,,Geary,http://data.ordnancesurvey.co.uk/id/4000000074569587,http://www.ordnancesurvey.co.uk/xml/codelists/localtype.xml#hamlet,,,,Highland,http://data.ordnancesurvey.co.uk/id/7000000000029638,http://data.ordnancesurvey.co.uk/ontology/admingeo/UnitaryAuthority,Scotland,http://data.ordnancesurvey.co.uk/id/7000000000041429,Scotland,http://data.ordnancesurvey.co.uk/id/country/scotland,,,
IV519YD,http://data.ordnancesurvey.co.uk/id/postcodeunit/IV519YD,IV51 9YD,,,,other,Postcode,139536.000,863180.000,3500,18000,,,,,,,Uig,http://data.ordnancesurvey.co.uk/id/4000000074570269,http://www.ordnancesurvey.co.uk/xml/codelists/localtype.xml#village,,,,Highland,http://data.ordnancesurvey.co.uk/id/7000000000029638,http://data.ordnancesurvey.co.uk/ontology/admingeo/UnitaryAuthority,Scotland,http://data.ordnancesurvey.co.uk/id/7000000000041429,Scotland,http://data.ordnancesurvey.co.uk/id/country/scotland,,,
IV519YE,http://data.ordnancesurvey.co.uk/id/postcodeunit/IV519YE,IV51 9YE,,,,other,Postcode,139707.000,863350.000,3500,18000,,,,,,,Uig,http://data.ordnancesurvey.co.uk/id/4000000074570269,http://www.ordnancesurvey.co.uk/xml/codelists/localtype.xml#village,,,,Highland,http://data.ordnancesurvey.co.uk/id/7000000000029638,http://data.ordnancesurvey.co.uk/ontology/admingeo/UnitaryAuthority,Scotland,http://data.ordnancesurvey.co.uk/id/7000000000041429,Scotland,http://data.ordnancesurvey.co.uk/id/country/scotland,,,
osgb4000000074543206,http://data.ordnancesurvey.co.uk/id/4000000074543206,Bornesketaig,eng,Borgh na Sgiotaig,gla,populatedPlace,Other Settlement,137749.830,870942.950,15000,25000,137246.789,869804.834,138446.885,871754.682,IV51,http://data.ordnancesurvey.co.uk/id/postcodedistrict/IV51,,,,,,,Highland,http://data.ordnancesurvey.co.uk/id/7000000000029638,http://data.ordnancesurvey.co.uk/ontology/admingeo/UnitaryAuthority,Scotland,http://data.ordnancesurvey.co.uk/id/7000000000041429,Scotland,http://data.ordnancesurvey.co.uk/id/country/scotland,,http://dbpedia.org/resource/Bornesketaig,
