﻿osgb4000000074568885,http://data.ordnancesurvey.co.uk/id/4000000074568885,Satran,,,,populatedPlace,Other Settlement,140035.690,831101.270,15000,25000,139858.469,830758.277,141032.162,831394.985,IV47,http://data.ordnancesurvey.co.uk/id/postcodedistrict/IV47,,,,,,,Highland,http://data.ordnancesurvey.co.uk/id/7000000000029638,http://data.ordnancesurvey.co.uk/ontology/admingeo/UnitaryAuthority,Scotland,http://data.ordnancesurvey.co.uk/id/7000000000041429,Scotland,http://data.ordnancesurvey.co.uk/id/country/scotland,,,
osgb4000000074337752,http://data.ordnancesurvey.co.uk/id/4000000074337752,Kilbride,eng,Cille Bhrìghde,gla,populatedPlace,Hamlet,159363.280,820132.150,5000,25000,158799.049,819891.528,159394.523,820486.997,IV49,http://data.ordnancesurvey.co.uk/id/postcodedistrict/IV49,,,,,,,Highland,http://data.ordnancesurvey.co.uk/id/7000000000029638,http://data.ordnancesurvey.co.uk/ontology/admingeo/UnitaryAuthority,Scotland,http://data.ordnancesurvey.co.uk/id/7000000000041429,Scotland,http://data.ordnancesurvey.co.uk/id/country/scotland,,,
osgb4000000074549434,http://data.ordnancesurvey.co.uk/id/4000000074549434,Drynoch,,,,populatedPlace,Other Settlement,141123.770,831984.280,15000,25000,140080.929,831279.918,141461.755,832039.370,IV47,http://data.ordnancesurvey.co.uk/id/postcodedistrict/IV47,,,,,,,Highland,http://data.ordnancesurvey.co.uk/id/7000000000029638,http://data.ordnancesurvey.co.uk/ontology/admingeo/UnitaryAuthority,Scotland,http://data.ordnancesurvey.co.uk/id/7000000000041429,Scotland,http://data.ordnancesurvey.co.uk/id/country/scotland,,,http://sws.geonames.org/2650892
osgb4000000074573389,http://data.ordnancesurvey.co.uk/id/4000000074573389,Sgonnsair,gla,Sconser,eng,populatedPlace,Village,151825.470,832030.780,16000,250000,151055.427,831387.007,153540.711,832359.749,IV48,http://data.ordnancesurvey.co.uk/id/postcodedistrict/IV48,,,,,,,Highland,http://data.ordnancesurvey.co.uk/id/7000000000029638,http://data.ordnancesurvey.co.uk/ontology/admingeo/UnitaryAuthority,Scotland,http://data.ordnancesurvey.co.uk/id/7000000000041429,Scotland,http://data.ordnancesurvey.co.uk/id/country/scotland,,http://dbpedia.org/resource/Sconser,http://sws.geonames.org/2638373
osgb4000000074542835,http://data.ordnancesurvey.co.uk/id/4000000074542835,An Àird Dhorcha,gla,Ard Dorch,eng,populatedPlace,Hamlet,158135.490,828689.200,5000,25000,157603.778,828482.799,158272.610,829073.959,IV49,http://data.ordnancesurvey.co.uk/id/postcodedistrict/IV49,,,,,,,Highland,http://data.ordnancesurvey.co.uk/id/7000000000029638,http://data.ordnancesurvey.co.uk/ontology/admingeo/UnitaryAuthority,Scotland,http://data.ordnancesurvey.co.uk/id/7000000000041429,Scotland,http://data.ordnancesurvey.co.uk/id/country/scotland,,,
osgb4000000074543083,http://data.ordnancesurvey.co.uk/id/4000000074543083,Strollamus,eng,Stròlamas,gla,populatedPlace,Hamlet,159454.930,826955.270,5000,25000,158971.651,826623.011,159938.219,827287.531,IV49,http://data.ordnancesurvey.co.uk/id/postcodedistrict/IV49,,,,,,,Highland,http://data.ordnancesurvey.co.uk/id/7000000000029638,http://data.ordnancesurvey.co.uk/ontology/admingeo/UnitaryAuthority,Scotland,http://data.ordnancesurvey.co.uk/id/7000000000041429,Scotland,http://data.ordnancesurvey.co.uk/id/country/scotland,,,http://sws.geonames.org/2636648
osgb4000000074543045,http://data.ordnancesurvey.co.uk/id/4000000074543045,Dunan,eng,An Dùnan,gla,populatedPlace,Hamlet,158690.450,827793.820,5000,25000,158259.665,827360.890,159027.742,828292.943,IV49,http://data.ordnancesurvey.co.uk/id/postcodedistrict/IV49,,,,,,,Highland,http://data.ordnancesurvey.co.uk/id/7000000000029638,http://data.ordnancesurvey.co.uk/ontology/admingeo/UnitaryAuthority,Scotland,http://data.ordnancesurvey.co.uk/id/7000000000041429,Scotland,http://data.ordnancesurvey.co.uk/id/country/scotland,,"http://dbpedia.org/resource/Dunan,_Skye",
osgb4000000074574064,http://data.ordnancesurvey.co.uk/id/4000000074574064,Oskaig,eng,Osgaig,gla,populatedPlace,Hamlet,154843.240,838185.400,5000,25000,154561.164,837785.136,155061.164,838549.257,IV40,http://data.ordnancesurvey.co.uk/id/postcodedistrict/IV40,,,,,,,Highland,http://data.ordnancesurvey.co.uk/id/7000000000029638,http://data.ordnancesurvey.co.uk/ontology/admingeo/UnitaryAuthority,Scotland,http://data.ordnancesurvey.co.uk/id/7000000000041429,Scotland,http://data.ordnancesurvey.co.uk/id/country/scotland,,,
osgb4000000074337542,http://data.ordnancesurvey.co.uk/id/4000000074337542,Peighinn a' Chorrain,gla,Peinachorrain,eng,populatedPlace,Hamlet,152665.540,833519.440,5000,25000,152374.598,832982.810,152874.598,833714.251,IV51,http://data.ordnancesurvey.co.uk/id/postcodedistrict/IV51,,,,,,,Highland,http://data.ordnancesurvey.co.uk/id/7000000000029638,http://data.ordnancesurvey.co.uk/ontology/admingeo/UnitaryAuthority,Scotland,http://data.ordnancesurvey.co.uk/id/7000000000041429,Scotland,http://data.ordnancesurvey.co.uk/id/country/scotland,,http://dbpedia.org/resource/Peinachorran,
osgb4000000074568883,http://data.ordnancesurvey.co.uk/id/4000000074568883,Bualintur,,,,populatedPlace,Other Settlement,140683.180,820915.200,15000,25000,140401.603,820668.299,140901.603,821168.299,IV47,http://data.ordnancesurvey.co.uk/id/postcodedistrict/IV47,,,,,,,Highland,http://data.ordnancesurvey.co.uk/id/7000000000029638,http://data.ordnancesurvey.co.uk/ontology/admingeo/UnitaryAuthority,Scotland,http://data.ordnancesurvey.co.uk/id/7000000000041429,Scotland,http://data.ordnancesurvey.co.uk/id/country/scotland,,http://dbpedia.org/resource/Bualintur,http://sws.geonames.org/2654432
osgb4000000074573716,http://data.ordnancesurvey.co.uk/id/4000000074573716,Inverarish,,,,populatedPlace,Village,155493.270,835684.170,6000,250000,154982.088,835231.377,155695.937,836191.552,IV40,http://data.ordnancesurvey.co.uk/id/postcodedistrict/IV40,,,,,,,Highland,http://data.ordnancesurvey.co.uk/id/7000000000029638,http://data.ordnancesurvey.co.uk/ontology/admingeo/UnitaryAuthority,Scotland,http://data.ordnancesurvey.co.uk/id/7000000000041429,Scotland,http://data.ordnancesurvey.co.uk/id/country/scotland,,,
osgb4000000074573718,http://data.ordnancesurvey.co.uk/id/4000000074573718,An t-Ollach,gla,Ollach,eng,populatedPlace,Hamlet,151581.260,836525.970,5000,25000,150987.504,836082.113,152002.974,837399.216,IV51,http://data.ordnancesurvey.co.uk/id/postcodedistrict/IV51,,,,,,,Highland,http://data.ordnancesurvey.co.uk/id/7000000000029638,http://data.ordnancesurvey.co.uk/ontology/admingeo/UnitaryAuthority,Scotland,http://data.ordnancesurvey.co.uk/id/7000000000041429,Scotland,http://data.ordnancesurvey.co.uk/id/country/scotland,,http://dbpedia.org/resource/Ollach,http://sws.geonames.org/2640978
osgb4000000074542836,http://data.ordnancesurvey.co.uk/id/4000000074542836,Gedintailor,eng,Gead an t-Sailleir,gla,populatedPlace,Hamlet,152338.360,835235.090,5000,25000,151985.536,834738.738,152632.699,835627.713,IV51,http://data.ordnancesurvey.co.uk/id/postcodedistrict/IV51,,,,,,,Highland,http://data.ordnancesurvey.co.uk/id/7000000000029638,http://data.ordnancesurvey.co.uk/ontology/admingeo/UnitaryAuthority,Scotland,http://data.ordnancesurvey.co.uk/id/7000000000041429,Scotland,http://data.ordnancesurvey.co.uk/id/country/scotland,,http://dbpedia.org/resource/Gedintailor,
osgb4000000074573717,http://data.ordnancesurvey.co.uk/id/4000000074573717,Balmeanach,eng,Am Baile Meadhanach,gla,populatedPlace,Hamlet,152766.400,834289.170,5000,25000,152498.191,833831.128,152998.191,834742.627,IV51,http://data.ordnancesurvey.co.uk/id/postcodedistrict/IV51,,,,,,,Highland,http://data.ordnancesurvey.co.uk/id/7000000000029638,http://data.ordnancesurvey.co.uk/ontology/admingeo/UnitaryAuthority,Scotland,http://data.ordnancesurvey.co.uk/id/7000000000041429,Scotland,http://data.ordnancesurvey.co.uk/id/country/scotland,,,
osgb4000000074540921,http://data.ordnancesurvey.co.uk/id/4000000074540921,Glenbrittle,,,,populatedPlace,Hamlet,141131.515,821450.173,5000,25000,140781.797,821125.691,141281.797,821686.648,IV47,http://data.ordnancesurvey.co.uk/id/postcodedistrict/IV47,,,,,,,Highland,http://data.ordnancesurvey.co.uk/id/7000000000029638,http://data.ordnancesurvey.co.uk/ontology/admingeo/UnitaryAuthority,Scotland,http://data.ordnancesurvey.co.uk/id/7000000000041429,Scotland,http://data.ordnancesurvey.co.uk/id/country/scotland,,,
osgb4000000074574065,http://data.ordnancesurvey.co.uk/id/4000000074574065,Camustianavaig,eng,Camas Tianabhaig,gla,populatedPlace,Hamlet,150678.000,839514.000,5000,25000,150354.102,838746.790,151057.901,839616.472,IV51,http://data.ordnancesurvey.co.uk/id/postcodedistrict/IV51,,,,,,,Highland,http://data.ordnancesurvey.co.uk/id/7000000000029638,http://data.ordnancesurvey.co.uk/ontology/admingeo/UnitaryAuthority,Scotland,http://data.ordnancesurvey.co.uk/id/7000000000041429,Scotland,http://data.ordnancesurvey.co.uk/id/country/scotland,,http://dbpedia.org/resource/Camastianavaig,http://sws.geonames.org/2653953
osgb4000000074568887,http://data.ordnancesurvey.co.uk/id/4000000074568887,Culnamean,,,,populatedPlace,Hamlet,141215.095,820484.364,5000,25000,140942.807,820431.240,141442.807,820931.240,IV47,http://data.ordnancesurvey.co.uk/id/postcodedistrict/IV47,,,,,,,Highland,http://data.ordnancesurvey.co.uk/id/7000000000029638,http://data.ordnancesurvey.co.uk/ontology/admingeo/UnitaryAuthority,Scotland,http://data.ordnancesurvey.co.uk/id/7000000000041429,Scotland,http://data.ordnancesurvey.co.uk/id/country/scotland,,,
osgb4000000074571687,http://data.ordnancesurvey.co.uk/id/4000000074571687,Na Torrin,gla,Torrin,eng,populatedPlace,Village,157725.600,820922.000,9000,250000,157142.063,820072.756,158173.364,821388.849,IV49,http://data.ordnancesurvey.co.uk/id/postcodedistrict/IV49,,,,,,,Highland,http://data.ordnancesurvey.co.uk/id/7000000000029638,http://data.ordnancesurvey.co.uk/ontology/admingeo/UnitaryAuthority,Scotland,http://data.ordnancesurvey.co.uk/id/7000000000041429,Scotland,http://data.ordnancesurvey.co.uk/id/country/scotland,,http://dbpedia.org/resource/Torrin,http://sws.geonames.org/2635637
osgb4000000074337537,http://data.ordnancesurvey.co.uk/id/4000000074337537,Clachan,,,,populatedPlace,Hamlet,154890.000,836455.580,5000,25000,154638.705,836136.248,155138.705,836729.448,IV40,http://data.ordnancesurvey.co.uk/id/postcodedistrict/IV40,,,,,,,Highland,http://data.ordnancesurvey.co.uk/id/7000000000029638,http://data.ordnancesurvey.co.uk/ontology/admingeo/UnitaryAuthority,Scotland,http://data.ordnancesurvey.co.uk/id/7000000000041429,Scotland,http://data.ordnancesurvey.co.uk/id/country/scotland,,,
osgb4000000074573388,http://data.ordnancesurvey.co.uk/id/4000000074573388,North Fearns,,,,populatedPlace,Hamlet,159232.950,835961.040,5000,25000,158666.946,835607.243,159325.496,836107.243,IV40,http://data.ordnancesurvey.co.uk/id/postcodedistrict/IV40,,,,,,,Highland,http://data.ordnancesurvey.co.uk/id/7000000000029638,http://data.ordnancesurvey.co.uk/ontology/admingeo/UnitaryAuthority,Scotland,http://data.ordnancesurvey.co.uk/id/7000000000041429,Scotland,http://data.ordnancesurvey.co.uk/id/country/scotland,,,
osgb4000000074569239,http://data.ordnancesurvey.co.uk/id/4000000074569239,Mugeary,,,,populatedPlace,Other Settlement,144483.205,839008.829,15000,25000,144154.078,838600.043,144730.077,839198.267,IV51,http://data.ordnancesurvey.co.uk/id/postcodedistrict/IV51,,,,,,,Highland,http://data.ordnancesurvey.co.uk/id/7000000000029638,http://data.ordnancesurvey.co.uk/ontology/admingeo/UnitaryAuthority,Scotland,http://data.ordnancesurvey.co.uk/id/7000000000041429,Scotland,http://data.ordnancesurvey.co.uk/id/country/scotland,,,
osgb4000000074573387,http://data.ordnancesurvey.co.uk/id/4000000074573387,Luib,,,,populatedPlace,Hamlet,156036.200,827902.000,5000,25000,155463.509,827641.369,156615.633,828172.117,IV49,http://data.ordnancesurvey.co.uk/id/postcodedistrict/IV49,,,,,,,Highland,http://data.ordnancesurvey.co.uk/id/7000000000029638,http://data.ordnancesurvey.co.uk/ontology/admingeo/UnitaryAuthority,Scotland,http://data.ordnancesurvey.co.uk/id/7000000000041429,Scotland,http://data.ordnancesurvey.co.uk/id/country/scotland,,"http://dbpedia.org/resource/Luib,_Skye",
IV519LL,http://data.ordnancesurvey.co.uk/id/postcodeunit/IV519LL,IV51 9LL,,,,other,Postcode,152667.000,833394.000,3500,18000,,,,,,,Peighinn a' Chorrain / Peinachorrain,http://data.ordnancesurvey.co.uk/id/4000000074337542,http://www.ordnancesurvey.co.uk/xml/codelists/localtype.xml#hamlet,,,,Highland,http://data.ordnancesurvey.co.uk/id/7000000000029638,http://data.ordnancesurvey.co.uk/ontology/admingeo/UnitaryAuthority,Scotland,http://data.ordnancesurvey.co.uk/id/7000000000041429,Scotland,http://data.ordnancesurvey.co.uk/id/country/scotland,,,
IV408NX,http://data.ordnancesurvey.co.uk/id/postcodeunit/IV408NX,IV40 8NX,,,,other,Postcode,155370.000,835478.000,3500,18000,,,,,,,Inverarish,http://data.ordnancesurvey.co.uk/id/4000000074573716,http://www.ordnancesurvey.co.uk/xml/codelists/localtype.xml#village,,,,Highland,http://data.ordnancesurvey.co.uk/id/7000000000029638,http://data.ordnancesurvey.co.uk/ontology/admingeo/UnitaryAuthority,Scotland,http://data.ordnancesurvey.co.uk/id/7000000000041429,Scotland,http://data.ordnancesurvey.co.uk/id/country/scotland,,,
IV499BB,http://data.ordnancesurvey.co.uk/id/postcodeunit/IV499BB,IV49 9BB,,,,other,Postcode,158976.000,820101.000,3500,18000,,,,,,,Kilbride / Cille Bhrìghde,http://data.ordnancesurvey.co.uk/id/4000000074337752,http://www.ordnancesurvey.co.uk/xml/codelists/localtype.xml#hamlet,,,,Highland,http://data.ordnancesurvey.co.uk/id/7000000000029638,http://data.ordnancesurvey.co.uk/ontology/admingeo/UnitaryAuthority,Scotland,http://data.ordnancesurvey.co.uk/id/7000000000041429,Scotland,http://data.ordnancesurvey.co.uk/id/country/scotland,,,
IV478SX,http://data.ordnancesurvey.co.uk/id/postcodeunit/IV478SX,IV47 8SX,,,,other,Postcode,140687.000,831729.000,3500,18000,,,,,,,Drynoch,http://data.ordnancesurvey.co.uk/id/4000000074549434,http://www.ordnancesurvey.co.uk/xml/codelists/localtype.xml#otherSettlement,,,,Highland,http://data.ordnancesurvey.co.uk/id/7000000000029638,http://data.ordnancesurvey.co.uk/ontology/admingeo/UnitaryAuthority,Scotland,http://data.ordnancesurvey.co.uk/id/7000000000041429,Scotland,http://data.ordnancesurvey.co.uk/id/country/scotland,,,
IV408PB,http://data.ordnancesurvey.co.uk/id/postcodeunit/IV408PB,IV40 8PB,,,,other,Postcode,154775.000,836672.000,3500,18000,,,,,,,Clachan,http://data.ordnancesurvey.co.uk/id/4000000074337537,http://www.ordnancesurvey.co.uk/xml/codelists/localtype.xml#hamlet,,,,Highland,http://data.ordnancesurvey.co.uk/id/7000000000029638,http://data.ordnancesurvey.co.uk/ontology/admingeo/UnitaryAuthority,Scotland,http://data.ordnancesurvey.co.uk/id/7000000000041429,Scotland,http://data.ordnancesurvey.co.uk/id/country/scotland,,,
IV478SW,http://data.ordnancesurvey.co.uk/id/postcodeunit/IV478SW,IV47 8SW,,,,other,Postcode,148537.000,829856.000,3500,18000,,,,,,,,,,,,,Highland,http://data.ordnancesurvey.co.uk/id/7000000000029638,http://data.ordnancesurvey.co.uk/ontology/admingeo/UnitaryAuthority,Scotland,http://data.ordnancesurvey.co.uk/id/7000000000041429,Scotland,http://data.ordnancesurvey.co.uk/id/country/scotland,,,
IV408NS,http://data.ordnancesurvey.co.uk/id/postcodeunit/IV408NS,IV40 8NS,,,,other,Postcode,155576.000,835702.000,3500,18000,,,,,,,Inverarish,http://data.ordnancesurvey.co.uk/id/4000000074573716,http://www.ordnancesurvey.co.uk/xml/codelists/localtype.xml#village,,,,Highland,http://data.ordnancesurvey.co.uk/id/7000000000029638,http://data.ordnancesurvey.co.uk/ontology/admingeo/UnitaryAuthority,Scotland,http://data.ordnancesurvey.co.uk/id/7000000000041429,Scotland,http://data.ordnancesurvey.co.uk/id/country/scotland,,,
IV499AT,http://data.ordnancesurvey.co.uk/id/postcodeunit/IV499AT,IV49 9AT,,,,other,Postcode,159159.000,820250.000,3500,18000,,,,,,,Kilbride / Cille Bhrìghde,http://data.ordnancesurvey.co.uk/id/4000000074337752,http://www.ordnancesurvey.co.uk/xml/codelists/localtype.xml#hamlet,,,,Highland,http://data.ordnancesurvey.co.uk/id/7000000000029638,http://data.ordnancesurvey.co.uk/ontology/admingeo/UnitaryAuthority,Scotland,http://data.ordnancesurvey.co.uk/id/7000000000041429,Scotland,http://data.ordnancesurvey.co.uk/id/country/scotland,,,
IV408PG,http://data.ordnancesurvey.co.uk/id/postcodeunit/IV408PG,IV40 8PG,,,,other,Postcode,159031.000,835818.000,3500,18000,,,,,,,North Fearns,http://data.ordnancesurvey.co.uk/id/4000000074573388,http://www.ordnancesurvey.co.uk/xml/codelists/localtype.xml#hamlet,,,,Highland,http://data.ordnancesurvey.co.uk/id/7000000000029638,http://data.ordnancesurvey.co.uk/ontology/admingeo/UnitaryAuthority,Scotland,http://data.ordnancesurvey.co.uk/id/7000000000041429,Scotland,http://data.ordnancesurvey.co.uk/id/country/scotland,,,
IV488TD,http://data.ordnancesurvey.co.uk/id/postcodeunit/IV488TD,IV48 8TD,,,,other,Postcode,152580.000,832194.000,3500,18000,,,,,,,Sgonnsair / Sconser,http://data.ordnancesurvey.co.uk/id/4000000074573389,http://www.ordnancesurvey.co.uk/xml/codelists/localtype.xml#village,,,,Highland,http://data.ordnancesurvey.co.uk/id/7000000000029638,http://data.ordnancesurvey.co.uk/ontology/admingeo/UnitaryAuthority,Scotland,http://data.ordnancesurvey.co.uk/id/7000000000041429,Scotland,http://data.ordnancesurvey.co.uk/id/country/scotland,,,
IV519LJ,http://data.ordnancesurvey.co.uk/id/postcodeunit/IV519LJ,IV51 9LJ,,,,other,Postcode,151517.000,836638.000,3500,18000,,,,,,,An t-Ollach / Ollach,http://data.ordnancesurvey.co.uk/id/4000000074573718,http://www.ordnancesurvey.co.uk/xml/codelists/localtype.xml#hamlet,,,,Highland,http://data.ordnancesurvey.co.uk/id/7000000000029638,http://data.ordnancesurvey.co.uk/ontology/admingeo/UnitaryAuthority,Scotland,http://data.ordnancesurvey.co.uk/id/7000000000041429,Scotland,http://data.ordnancesurvey.co.uk/id/country/scotland,,,
IV408NZ,http://data.ordnancesurvey.co.uk/id/postcodeunit/IV408NZ,IV40 8NZ,,,,other,Postcode,157856.000,834140.000,3500,18000,,,,,,,,,,,,,Highland,http://data.ordnancesurvey.co.uk/id/7000000000029638,http://data.ordnancesurvey.co.uk/ontology/admingeo/UnitaryAuthority,Scotland,http://data.ordnancesurvey.co.uk/id/7000000000041429,Scotland,http://data.ordnancesurvey.co.uk/id/country/scotland,,,
IV478TA,http://data.ordnancesurvey.co.uk/id/postcodeunit/IV478TA,IV47 8TA,,,,other,Postcode,141042.000,821330.000,3500,18000,,,,,,,Glenbrittle,http://data.ordnancesurvey.co.uk/id/4000000074540921,http://www.ordnancesurvey.co.uk/xml/codelists/localtype.xml#hamlet,,,,Highland,http://data.ordnancesurvey.co.uk/id/7000000000029638,http://data.ordnancesurvey.co.uk/ontology/admingeo/UnitaryAuthority,Scotland,http://data.ordnancesurvey.co.uk/id/7000000000041429,Scotland,http://data.ordnancesurvey.co.uk/id/country/scotland,,,
IV408PD,http://data.ordnancesurvey.co.uk/id/postcodeunit/IV408PD,IV40 8PD,,,,other,Postcode,154745.000,838215.000,3500,18000,,,,,,,Oskaig / Osgaig,http://data.ordnancesurvey.co.uk/id/4000000074574064,http://www.ordnancesurvey.co.uk/xml/codelists/localtype.xml#hamlet,,,,Highland,http://data.ordnancesurvey.co.uk/id/7000000000029638,http://data.ordnancesurvey.co.uk/ontology/admingeo/UnitaryAuthority,Scotland,http://data.ordnancesurvey.co.uk/id/7000000000041429,Scotland,http://data.ordnancesurvey.co.uk/id/country/scotland,,,
IV519LQ,http://data.ordnancesurvey.co.uk/id/postcodeunit/IV519LQ,IV51 9LQ,,,,other,Postcode,150700.000,839060.000,3500,18000,,,,,,,Camustianavaig / Camas Tianabhaig,http://data.ordnancesurvey.co.uk/id/4000000074574065,http://www.ordnancesurvey.co.uk/xml/codelists/localtype.xml#hamlet,,,,Highland,http://data.ordnancesurvey.co.uk/id/7000000000029638,http://data.ordnancesurvey.co.uk/ontology/admingeo/UnitaryAuthority,Scotland,http://data.ordnancesurvey.co.uk/id/7000000000041429,Scotland,http://data.ordnancesurvey.co.uk/id/country/scotland,,,
IV519NJ,http://data.ordnancesurvey.co.uk/id/postcodeunit/IV519NJ,IV51 9NJ,,,,other,Postcode,152418.000,835260.000,3500,18000,,,,,,,Gedintailor / Gead an t-Sailleir,http://data.ordnancesurvey.co.uk/id/4000000074542836,http://www.ordnancesurvey.co.uk/xml/codelists/localtype.xml#hamlet,,,,Highland,http://data.ordnancesurvey.co.uk/id/7000000000029638,http://data.ordnancesurvey.co.uk/ontology/admingeo/UnitaryAuthority,Scotland,http://data.ordnancesurvey.co.uk/id/7000000000041429,Scotland,http://data.ordnancesurvey.co.uk/id/country/scotland,,,
IV408NY,http://data.ordnancesurvey.co.uk/id/postcodeunit/IV408NY,IV40 8NY,,,,other,Postcode,155753.000,834340.000,3500,18000,,,,,,,,,,,,,Highland,http://data.ordnancesurvey.co.uk/id/7000000000029638,http://data.ordnancesurvey.co.uk/ontology/admingeo/UnitaryAuthority,Scotland,http://data.ordnancesurvey.co.uk/id/7000000000041429,Scotland,http://data.ordnancesurvey.co.uk/id/country/scotland,,,
IV519LH,http://data.ordnancesurvey.co.uk/id/postcodeunit/IV519LH,IV51 9LH,,,,other,Postcode,150966.000,837683.000,3500,18000,,,,,,,,,,,,,Highland,http://data.ordnancesurvey.co.uk/id/7000000000029638,http://data.ordnancesurvey.co.uk/ontology/admingeo/UnitaryAuthority,Scotland,http://data.ordnancesurvey.co.uk/id/7000000000041429,Scotland,http://data.ordnancesurvey.co.uk/id/country/scotland,,,
IV408PA,http://data.ordnancesurvey.co.uk/id/postcodeunit/IV408PA,IV40 8PA,,,,other,Postcode,155339.000,836000.000,3500,18000,,,,,,,Inverarish,http://data.ordnancesurvey.co.uk/id/4000000074573716,http://www.ordnancesurvey.co.uk/xml/codelists/localtype.xml#village,,,,Highland,http://data.ordnancesurvey.co.uk/id/7000000000029638,http://data.ordnancesurvey.co.uk/ontology/admingeo/UnitaryAuthority,Scotland,http://data.ordnancesurvey.co.uk/id/7000000000041429,Scotland,http://data.ordnancesurvey.co.uk/id/country/scotland,,,
IV499AN,http://data.ordnancesurvey.co.uk/id/postcodeunit/IV499AN,IV49 9AN,,,,other,Postcode,156230.000,827879.000,3500,18000,,,,,,,Luib,http://data.ordnancesurvey.co.uk/id/4000000074573387,http://www.ordnancesurvey.co.uk/xml/codelists/localtype.xml#hamlet,,,,Highland,http://data.ordnancesurvey.co.uk/id/7000000000029638,http://data.ordnancesurvey.co.uk/ontology/admingeo/UnitaryAuthority,Scotland,http://data.ordnancesurvey.co.uk/id/7000000000041429,Scotland,http://data.ordnancesurvey.co.uk/id/country/scotland,,,
IV499AJ,http://data.ordnancesurvey.co.uk/id/postcodeunit/IV499AJ,IV49 9AJ,,,,other,Postcode,158312.000,828217.000,3500,18000,,,,,,,Dunan / An Dùnan,http://data.ordnancesurvey.co.uk/id/4000000074543045,http://www.ordnancesurvey.co.uk/xml/codelists/localtype.xml#hamlet,,,,Highland,http://data.ordnancesurvey.co.uk/id/7000000000029638,http://data.ordnancesurvey.co.uk/ontology/admingeo/UnitaryAuthority,Scotland,http://data.ordnancesurvey.co.uk/id/7000000000041429,Scotland,http://data.ordnancesurvey.co.uk/id/country/scotland,,,
IV519QH,http://data.ordnancesurvey.co.uk/id/postcodeunit/IV519QH,IV51 9QH,,,,other,Postcode,150573.000,838273.000,3500,18000,,,,,,,,,,,,,Highland,http://data.ordnancesurvey.co.uk/id/7000000000029638,http://data.ordnancesurvey.co.uk/ontology/admingeo/UnitaryAuthority,Scotland,http://data.ordnancesurvey.co.uk/id/7000000000041429,Scotland,http://data.ordnancesurvey.co.uk/id/country/scotland,,,
IV478SP,http://data.ordnancesurvey.co.uk/id/postcodeunit/IV478SP,IV47 8SP,,,,other,Postcode,144845.000,831825.000,3500,18000,,,,,,,,,,,,,Highland,http://data.ordnancesurvey.co.uk/id/7000000000029638,http://data.ordnancesurvey.co.uk/ontology/admingeo/UnitaryAuthority,Scotland,http://data.ordnancesurvey.co.uk/id/7000000000041429,Scotland,http://data.ordnancesurvey.co.uk/id/country/scotland,,,
IV408NU,http://data.ordnancesurvey.co.uk/id/postcodeunit/IV408NU,IV40 8NU,,,,other,Postcode,155422.000,835660.000,3500,18000,,,,,,,Inverarish,http://data.ordnancesurvey.co.uk/id/4000000074573716,http://www.ordnancesurvey.co.uk/xml/codelists/localtype.xml#village,,,,Highland,http://data.ordnancesurvey.co.uk/id/7000000000029638,http://data.ordnancesurvey.co.uk/ontology/admingeo/UnitaryAuthority,Scotland,http://data.ordnancesurvey.co.uk/id/7000000000041429,Scotland,http://data.ordnancesurvey.co.uk/id/country/scotland,,,
IV499AU,http://data.ordnancesurvey.co.uk/id/postcodeunit/IV499AU,IV49 9AU,,,,other,Postcode,156695.000,820283.000,3500,18000,,,,,,,,,,,,,Highland,http://data.ordnancesurvey.co.uk/id/7000000000029638,http://data.ordnancesurvey.co.uk/ontology/admingeo/UnitaryAuthority,Scotland,http://data.ordnancesurvey.co.uk/id/7000000000041429,Scotland,http://data.ordnancesurvey.co.uk/id/country/scotland,,,
osgb4000000003445891,http://data.ordnancesurvey.co.uk/id/4000000003445891,School Park,,,,transportNetwork,Named Road,155145.489,835967.478,1000,20000,155077.367,835961.022,155182.793,835994.888,IV40,http://data.ordnancesurvey.co.uk/id/postcodedistrict/IV40,Inverarish,http://data.ordnancesurvey.co.uk/id/4000000074573716,http://www.ordnancesurvey.co.uk/xml/codelists/localtype.xml#village,,,,Highland,http://data.ordnancesurvey.co.uk/id/7000000000029638,http://data.ordnancesurvey.co.uk/ontology/admingeo/UnitaryAuthority,Scotland,http://data.ordnancesurvey.co.uk/id/7000000000041429,Scotland,http://data.ordnancesurvey.co.uk/id/country/scotland,,,
IV519NH,http://data.ordnancesurvey.co.uk/id/postcodeunit/IV519NH,IV51 9NH,,,,other,Postcode,152740.000,834361.000,3500,18000,,,,,,,Balmeanach / Am Baile Meadhanach,http://data.ordnancesurvey.co.uk/id/4000000074573717,http://www.ordnancesurvey.co.uk/xml/codelists/localtype.xml#hamlet,,,,Highland,http://data.ordnancesurvey.co.uk/id/7000000000029638,http://data.ordnancesurvey.co.uk/ontology/admingeo/UnitaryAuthority,Scotland,http://data.ordnancesurvey.co.uk/id/7000000000041429,Scotland,http://data.ordnancesurvey.co.uk/id/country/scotland,,,
IV408NT,http://data.ordnancesurvey.co.uk/id/postcodeunit/IV408NT,IV40 8NT,,,,other,Postcode,155637.000,835988.000,3500,18000,,,,,,,Inverarish,http://data.ordnancesurvey.co.uk/id/4000000074573716,http://www.ordnancesurvey.co.uk/xml/codelists/localtype.xml#village,,,,Highland,http://data.ordnancesurvey.co.uk/id/7000000000029638,http://data.ordnancesurvey.co.uk/ontology/admingeo/UnitaryAuthority,Scotland,http://data.ordnancesurvey.co.uk/id/7000000000041429,Scotland,http://data.ordnancesurvey.co.uk/id/country/scotland,,,
IV408NG,http://data.ordnancesurvey.co.uk/id/postcodeunit/IV408NG,IV40 8NG,,,,other,Postcode,155148.000,835950.000,3500,18000,,,,,,,Inverarish,http://data.ordnancesurvey.co.uk/id/4000000074573716,http://www.ordnancesurvey.co.uk/xml/codelists/localtype.xml#village,,,,Highland,http://data.ordnancesurvey.co.uk/id/7000000000029638,http://data.ordnancesurvey.co.uk/ontology/admingeo/UnitaryAuthority,Scotland,http://data.ordnancesurvey.co.uk/id/7000000000041429,Scotland,http://data.ordnancesurvey.co.uk/id/country/scotland,,,
IV478SU,http://data.ordnancesurvey.co.uk/id/postcodeunit/IV478SU,IV47 8SU,,,,other,Postcode,140526.000,831212.000,3500,18000,,,,,,,Satran,http://data.ordnancesurvey.co.uk/id/4000000074568885,http://www.ordnancesurvey.co.uk/xml/codelists/localtype.xml#otherSettlement,,,,Highland,http://data.ordnancesurvey.co.uk/id/7000000000029638,http://data.ordnancesurvey.co.uk/ontology/admingeo/UnitaryAuthority,Scotland,http://data.ordnancesurvey.co.uk/id/7000000000041429,Scotland,http://data.ordnancesurvey.co.uk/id/country/scotland,,,
IV499BA,http://data.ordnancesurvey.co.uk/id/postcodeunit/IV499BA,IV49 9BA,,,,other,Postcode,157740.000,820758.000,3500,18000,,,,,,,Na Torrin / Torrin,http://data.ordnancesurvey.co.uk/id/4000000074571687,http://www.ordnancesurvey.co.uk/xml/codelists/localtype.xml#village,,,,Highland,http://data.ordnancesurvey.co.uk/id/7000000000029638,http://data.ordnancesurvey.co.uk/ontology/admingeo/UnitaryAuthority,Scotland,http://data.ordnancesurvey.co.uk/id/7000000000041429,Scotland,http://data.ordnancesurvey.co.uk/id/country/scotland,,,
osgb4000000003445981,http://data.ordnancesurvey.co.uk/id/4000000003445981,B883,,,,transportNetwork,Numbered Road,151108.448,837340.831,51000,250000,147461.000,833014.000,152666.359,840835.000,IV51,http://data.ordnancesurvey.co.uk/id/postcodedistrict/IV51,An t-Ollach / Ollach,http://data.ordnancesurvey.co.uk/id/4000000074573718,http://www.ordnancesurvey.co.uk/xml/codelists/localtype.xml#hamlet,,,,Highland,http://data.ordnancesurvey.co.uk/id/7000000000029638,http://data.ordnancesurvey.co.uk/ontology/admingeo/UnitaryAuthority,Scotland,http://data.ordnancesurvey.co.uk/id/7000000000041429,Scotland,http://data.ordnancesurvey.co.uk/id/country/scotland,,,
