﻿osgb4000000074337818,http://data.ordnancesurvey.co.uk/id/4000000074337818,Tokavaig,eng,Tòcabhaig,gla,populatedPlace,Other Settlement,160061.000,811848.380,15000,25000,159520.838,811341.205,160798.097,812117.913,IV44,http://data.ordnancesurvey.co.uk/id/postcodedistrict/IV44,,,,,,,Highland,http://data.ordnancesurvey.co.uk/id/7000000000029638,http://data.ordnancesurvey.co.uk/ontology/admingeo/UnitaryAuthority,Scotland,http://data.ordnancesurvey.co.uk/id/7000000000041429,Scotland,http://data.ordnancesurvey.co.uk/id/country/scotland,,,http://sws.geonames.org/2635733
osgb4000000074570984,http://data.ordnancesurvey.co.uk/id/4000000074570984,An Teanga,gla,Teangue,eng,populatedPlace,Village,166452.000,808973.000,9000,250000,165976.160,808642.848,167328.210,809540.381,IV44,http://data.ordnancesurvey.co.uk/id/postcodedistrict/IV44,,,,,,,Highland,http://data.ordnancesurvey.co.uk/id/7000000000029638,http://data.ordnancesurvey.co.uk/ontology/admingeo/UnitaryAuthority,Scotland,http://data.ordnancesurvey.co.uk/id/7000000000041429,Scotland,http://data.ordnancesurvey.co.uk/id/country/scotland,,,http://sws.geonames.org/2636152
osgb4000000074570622,http://data.ordnancesurvey.co.uk/id/4000000074570622,Duisdeil Beag,gla,Duisdalebeg,eng,populatedPlace,Hamlet,169795.720,812553.430,5000,25000,169077.251,812215.715,169986.285,812750.782,IV43,http://data.ordnancesurvey.co.uk/id/postcodedistrict/IV43,,,,,,,Highland,http://data.ordnancesurvey.co.uk/id/7000000000029638,http://data.ordnancesurvey.co.uk/ontology/admingeo/UnitaryAuthority,Scotland,http://data.ordnancesurvey.co.uk/id/7000000000041429,Scotland,http://data.ordnancesurvey.co.uk/id/country/scotland,,,
osgb4000000074542088,http://data.ordnancesurvey.co.uk/id/4000000074542088,Sandaig,,,,populatedPlace,Other Settlement,171750.750,801899.140,15000,25000,171486.571,801639.806,171986.571,802139.806,PH41,http://data.ordnancesurvey.co.uk/id/postcodedistrict/PH41,,,,,,,Highland,http://data.ordnancesurvey.co.uk/id/7000000000029638,http://data.ordnancesurvey.co.uk/ontology/admingeo/UnitaryAuthority,Scotland,http://data.ordnancesurvey.co.uk/id/7000000000041429,Scotland,http://data.ordnancesurvey.co.uk/id/country/scotland,,,
osgb4000000074570619,http://data.ordnancesurvey.co.uk/id/4000000074570619,Airor,,,,populatedPlace,Other Settlement,171957.000,805447.000,15000,25000,171609.763,805213.668,172137.612,805713.668,IV43,http://data.ordnancesurvey.co.uk/id/postcodedistrict/IV43,,,,,,,Highland,http://data.ordnancesurvey.co.uk/id/7000000000029638,http://data.ordnancesurvey.co.uk/ontology/admingeo/UnitaryAuthority,Scotland,http://data.ordnancesurvey.co.uk/id/7000000000041429,Scotland,http://data.ordnancesurvey.co.uk/id/country/scotland,,,
osgb4000000074570983,http://data.ordnancesurvey.co.uk/id/4000000074570983,Sàsaig,gla,Saasaig,eng,populatedPlace,Hamlet,166317.950,808677.000,5000,25000,166131.505,807883.405,166655.066,808752.166,IV44,http://data.ordnancesurvey.co.uk/id/postcodedistrict/IV44,,,,,,,Highland,http://data.ordnancesurvey.co.uk/id/7000000000029638,http://data.ordnancesurvey.co.uk/ontology/admingeo/UnitaryAuthority,Scotland,http://data.ordnancesurvey.co.uk/id/7000000000041429,Scotland,http://data.ordnancesurvey.co.uk/id/country/scotland,,,
osgb4000000074542609,http://data.ordnancesurvey.co.uk/id/4000000074542609,An t-Òrd,gla,Ord,eng,populatedPlace,Hamlet,161785.000,813127.000,5000,25000,161413.706,812969.419,162288.226,813912.979,IV44,http://data.ordnancesurvey.co.uk/id/postcodedistrict/IV44,,,,,,,Highland,http://data.ordnancesurvey.co.uk/id/7000000000029638,http://data.ordnancesurvey.co.uk/ontology/admingeo/UnitaryAuthority,Scotland,http://data.ordnancesurvey.co.uk/id/7000000000041429,Scotland,http://data.ordnancesurvey.co.uk/id/country/scotland,,,
osgb4000000074570620,http://data.ordnancesurvey.co.uk/id/4000000074570620,Kilbeg,,,,populatedPlace,Hamlet,164820.260,805966.570,5000,25000,164497.532,805737.379,165159.173,806249.433,IV44,http://data.ordnancesurvey.co.uk/id/postcodedistrict/IV44,,,,,,,Highland,http://data.ordnancesurvey.co.uk/id/7000000000029638,http://data.ordnancesurvey.co.uk/ontology/admingeo/UnitaryAuthority,Scotland,http://data.ordnancesurvey.co.uk/id/7000000000041429,Scotland,http://data.ordnancesurvey.co.uk/id/country/scotland,,,
osgb4000000074542668,http://data.ordnancesurvey.co.uk/id/4000000074542668,Eilean Iarmain,gla,Isleornsay,eng,populatedPlace,Village,170162.070,812353.720,6000,250000,169474.234,811772.542,170325.735,812595.446,IV43,http://data.ordnancesurvey.co.uk/id/postcodedistrict/IV43,,,,,,,Highland,http://data.ordnancesurvey.co.uk/id/7000000000029638,http://data.ordnancesurvey.co.uk/ontology/admingeo/UnitaryAuthority,Scotland,http://data.ordnancesurvey.co.uk/id/7000000000041429,Scotland,http://data.ordnancesurvey.co.uk/id/country/scotland,,http://dbpedia.org/resource/Isleornsay,http://sws.geonames.org/2646006
osgb4000000074570985,http://data.ordnancesurvey.co.uk/id/4000000074570985,Kilmore,,,,populatedPlace,Hamlet,165414.270,807026.760,5000,25000,165205.205,806721.218,165721.346,807302.311,IV44,http://data.ordnancesurvey.co.uk/id/postcodedistrict/IV44,,,,,,,Highland,http://data.ordnancesurvey.co.uk/id/7000000000029638,http://data.ordnancesurvey.co.uk/ontology/admingeo/UnitaryAuthority,Scotland,http://data.ordnancesurvey.co.uk/id/7000000000041429,Scotland,http://data.ordnancesurvey.co.uk/id/country/scotland,,"http://dbpedia.org/resource/Kilmore,_Skye",http://sws.geonames.org/2645584
osgb4000000074570624,http://data.ordnancesurvey.co.uk/id/4000000074570624,Ferindonald,eng,Fearann Dhomhnaill,gla,populatedPlace,Village,166195.000,807900.000,12000,250000,165412.330,806134.366,166269.585,807975.459,IV44,http://data.ordnancesurvey.co.uk/id/postcodedistrict/IV44,,,,,,,Highland,http://data.ordnancesurvey.co.uk/id/7000000000029638,http://data.ordnancesurvey.co.uk/ontology/admingeo/UnitaryAuthority,Scotland,http://data.ordnancesurvey.co.uk/id/7000000000041429,Scotland,http://data.ordnancesurvey.co.uk/id/country/scotland,,http://dbpedia.org/resource/Ferindonald,
osgb4000000074542667,http://data.ordnancesurvey.co.uk/id/4000000074542667,Armadale,eng,Armadail,gla,populatedPlace,Other Settlement,163732.000,804028.000,15000,25000,163548.220,803579.857,164048.770,804931.900,IV45,http://data.ordnancesurvey.co.uk/id/postcodedistrict/IV45,,,,,,,Highland,http://data.ordnancesurvey.co.uk/id/7000000000029638,http://data.ordnancesurvey.co.uk/ontology/admingeo/UnitaryAuthority,Scotland,http://data.ordnancesurvey.co.uk/id/7000000000041429,Scotland,http://data.ordnancesurvey.co.uk/id/country/scotland,,"http://dbpedia.org/resource/Armadale,_Skye",
osgb4000000074570621,http://data.ordnancesurvey.co.uk/id/4000000074570621,Camus Croise,gla,Camascross,eng,populatedPlace,Village,169351.840,811202.210,7000,250000,169203.821,810800.380,170066.831,811872.163,IV43,http://data.ordnancesurvey.co.uk/id/postcodedistrict/IV43,,,,,,,Highland,http://data.ordnancesurvey.co.uk/id/7000000000029638,http://data.ordnancesurvey.co.uk/ontology/admingeo/UnitaryAuthority,Scotland,http://data.ordnancesurvey.co.uk/id/7000000000041429,Scotland,http://data.ordnancesurvey.co.uk/id/country/scotland,,http://dbpedia.org/resource/Camuscross,
osgb4000000074570986,http://data.ordnancesurvey.co.uk/id/4000000074570986,Calligarry,,,,populatedPlace,Hamlet,162682.000,802818.000,5000,25000,162213.435,802607.525,163076.446,803499.310,IV45,http://data.ordnancesurvey.co.uk/id/postcodedistrict/IV45,,,,,,,Highland,http://data.ordnancesurvey.co.uk/id/7000000000029638,http://data.ordnancesurvey.co.uk/ontology/admingeo/UnitaryAuthority,Scotland,http://data.ordnancesurvey.co.uk/id/7000000000041429,Scotland,http://data.ordnancesurvey.co.uk/id/country/scotland,,,http://sws.geonames.org/2653982
osgb4000000074569905,http://data.ordnancesurvey.co.uk/id/4000000074569905,Inverie,,,,populatedPlace,Village,176627.000,800099.000,11000,250000,176338.981,798964.068,177957.207,800446.604,PH41,http://data.ordnancesurvey.co.uk/id/postcodedistrict/PH41,,,,,,,Highland,http://data.ordnancesurvey.co.uk/id/7000000000029638,http://data.ordnancesurvey.co.uk/ontology/admingeo/UnitaryAuthority,Scotland,http://data.ordnancesurvey.co.uk/id/7000000000041429,Scotland,http://data.ordnancesurvey.co.uk/id/country/scotland,,http://dbpedia.org/resource/Inverie,http://sws.geonames.org/2646108
osgb4000000074337812,http://data.ordnancesurvey.co.uk/id/4000000074337812,Druim Fhearna,gla,Drumfearn,eng,populatedPlace,Other Settlement,167926.410,815806.290,15000,25000,166948.483,815374.341,168784.807,816432.968,IV43,http://data.ordnancesurvey.co.uk/id/postcodedistrict/IV43,,,,,,,Highland,http://data.ordnancesurvey.co.uk/id/7000000000029638,http://data.ordnancesurvey.co.uk/ontology/admingeo/UnitaryAuthority,Scotland,http://data.ordnancesurvey.co.uk/id/7000000000041429,Scotland,http://data.ordnancesurvey.co.uk/id/country/scotland,,http://dbpedia.org/resource/Drumfearn,http://sws.geonames.org/2650940
osgb4000000074337021,http://data.ordnancesurvey.co.uk/id/4000000074337021,Aultvoulin,,,,populatedPlace,Other Settlement,175947.150,800406.920,15000,25000,175692.278,800184.472,176192.278,800684.472,PH41,http://data.ordnancesurvey.co.uk/id/postcodedistrict/PH41,,,,,,,Highland,http://data.ordnancesurvey.co.uk/id/7000000000029638,http://data.ordnancesurvey.co.uk/ontology/admingeo/UnitaryAuthority,Scotland,http://data.ordnancesurvey.co.uk/id/7000000000041429,Scotland,http://data.ordnancesurvey.co.uk/id/country/scotland,,,
osgb4000000074337813,http://data.ordnancesurvey.co.uk/id/4000000074337813,DuisdeiI Mòr,gla,Duisdalemore,eng,populatedPlace,Other Settlement,170140.580,813581.710,15000,25000,169848.205,812860.100,170423.546,814143.113,IV43,http://data.ordnancesurvey.co.uk/id/postcodedistrict/IV43,,,,,,,Highland,http://data.ordnancesurvey.co.uk/id/7000000000029638,http://data.ordnancesurvey.co.uk/ontology/admingeo/UnitaryAuthority,Scotland,http://data.ordnancesurvey.co.uk/id/7000000000041429,Scotland,http://data.ordnancesurvey.co.uk/id/country/scotland,,,
osgb4000000074542743,http://data.ordnancesurvey.co.uk/id/4000000074542743,Heaste,eng,Heasta,gla,populatedPlace,Other Settlement,164735.180,817270.610,15000,25000,164512.299,816511.385,165064.627,817966.989,IV49,http://data.ordnancesurvey.co.uk/id/postcodedistrict/IV49,,,,,,,Highland,http://data.ordnancesurvey.co.uk/id/7000000000029638,http://data.ordnancesurvey.co.uk/ontology/admingeo/UnitaryAuthority,Scotland,http://data.ordnancesurvey.co.uk/id/7000000000041429,Scotland,http://data.ordnancesurvey.co.uk/id/country/scotland,,http://dbpedia.org/resource/Heaste,
osgb4000000074542666,http://data.ordnancesurvey.co.uk/id/4000000074542666,Ardvasar,eng,Àird a' Bhasair,gla,populatedPlace,Village,163329.000,803343.000,4000,250000,162834.800,803027.525,163513.698,803643.139,IV45,http://data.ordnancesurvey.co.uk/id/postcodedistrict/IV45,,,,,,,Highland,http://data.ordnancesurvey.co.uk/id/7000000000029638,http://data.ordnancesurvey.co.uk/ontology/admingeo/UnitaryAuthority,Scotland,http://data.ordnancesurvey.co.uk/id/7000000000041429,Scotland,http://data.ordnancesurvey.co.uk/id/country/scotland,,http://dbpedia.org/resource/Ardvasar,http://sws.geonames.org/2657204
IV448QL,http://data.ordnancesurvey.co.uk/id/postcodeunit/IV448QL,IV44 8QL,,,,other,Postcode,160165.000,811788.000,3500,18000,,,,,,,Tokavaig / Tòcabhaig,http://data.ordnancesurvey.co.uk/id/4000000074337818,http://www.ordnancesurvey.co.uk/xml/codelists/localtype.xml#otherSettlement,,,,Highland,http://data.ordnancesurvey.co.uk/id/7000000000029638,http://data.ordnancesurvey.co.uk/ontology/admingeo/UnitaryAuthority,Scotland,http://data.ordnancesurvey.co.uk/id/7000000000041429,Scotland,http://data.ordnancesurvey.co.uk/id/country/scotland,,,
IV458RU,http://data.ordnancesurvey.co.uk/id/postcodeunit/IV458RU,IV45 8RU,,,,other,Postcode,162840.000,803122.000,3500,18000,,,,,,,Calligarry,http://data.ordnancesurvey.co.uk/id/4000000074570986,http://www.ordnancesurvey.co.uk/xml/codelists/localtype.xml#hamlet,,,,Highland,http://data.ordnancesurvey.co.uk/id/7000000000029638,http://data.ordnancesurvey.co.uk/ontology/admingeo/UnitaryAuthority,Scotland,http://data.ordnancesurvey.co.uk/id/7000000000041429,Scotland,http://data.ordnancesurvey.co.uk/id/country/scotland,,,
IV458RX,http://data.ordnancesurvey.co.uk/id/postcodeunit/IV458RX,IV45 8RX,,,,other,Postcode,163010.000,803103.000,3500,18000,,,,,,,Ardvasar / Àird a' Bhasair,http://data.ordnancesurvey.co.uk/id/4000000074542666,http://www.ordnancesurvey.co.uk/xml/codelists/localtype.xml#village,,,,Highland,http://data.ordnancesurvey.co.uk/id/7000000000029638,http://data.ordnancesurvey.co.uk/ontology/admingeo/UnitaryAuthority,Scotland,http://data.ordnancesurvey.co.uk/id/7000000000041429,Scotland,http://data.ordnancesurvey.co.uk/id/country/scotland,,,
IV448RP,http://data.ordnancesurvey.co.uk/id/postcodeunit/IV448RP,IV44 8RP,,,,other,Postcode,166179.000,807893.000,3500,18000,,,,,,,Ferindonald / Fearann Dhomhnaill,http://data.ordnancesurvey.co.uk/id/4000000074570624,http://www.ordnancesurvey.co.uk/xml/codelists/localtype.xml#village,,,,Highland,http://data.ordnancesurvey.co.uk/id/7000000000029638,http://data.ordnancesurvey.co.uk/ontology/admingeo/UnitaryAuthority,Scotland,http://data.ordnancesurvey.co.uk/id/7000000000041429,Scotland,http://data.ordnancesurvey.co.uk/id/country/scotland,,,
IV448RG,http://data.ordnancesurvey.co.uk/id/postcodeunit/IV448RG,IV44 8RG,,,,other,Postcode,165500.000,807111.000,3500,18000,,,,,,,Kilmore,http://data.ordnancesurvey.co.uk/id/4000000074570985,http://www.ordnancesurvey.co.uk/xml/codelists/localtype.xml#hamlet,,,,Highland,http://data.ordnancesurvey.co.uk/id/7000000000029638,http://data.ordnancesurvey.co.uk/ontology/admingeo/UnitaryAuthority,Scotland,http://data.ordnancesurvey.co.uk/id/7000000000041429,Scotland,http://data.ordnancesurvey.co.uk/id/country/scotland,,,
IV448RQ,http://data.ordnancesurvey.co.uk/id/postcodeunit/IV448RQ,IV44 8RQ,,,,other,Postcode,165018.000,806153.000,3500,18000,,,,,,,Kilbeg,http://data.ordnancesurvey.co.uk/id/4000000074570620,http://www.ordnancesurvey.co.uk/xml/codelists/localtype.xml#hamlet,,,,Highland,http://data.ordnancesurvey.co.uk/id/7000000000029638,http://data.ordnancesurvey.co.uk/ontology/admingeo/UnitaryAuthority,Scotland,http://data.ordnancesurvey.co.uk/id/7000000000041429,Scotland,http://data.ordnancesurvey.co.uk/id/country/scotland,,,
IV408JB,http://data.ordnancesurvey.co.uk/id/postcodeunit/IV408JB,IV40 8JB,,,,other,Postcode,178350.000,814785.000,3500,18000,,,,,,,,,,,,,Highland,http://data.ordnancesurvey.co.uk/id/7000000000029638,http://data.ordnancesurvey.co.uk/ontology/admingeo/UnitaryAuthority,Scotland,http://data.ordnancesurvey.co.uk/id/7000000000041429,Scotland,http://data.ordnancesurvey.co.uk/id/country/scotland,,,
IV458RQ,http://data.ordnancesurvey.co.uk/id/postcodeunit/IV458RQ,IV45 8RQ,,,,other,Postcode,163734.000,804006.000,3500,18000,,,,,,,Armadale / Armadail,http://data.ordnancesurvey.co.uk/id/4000000074542667,http://www.ordnancesurvey.co.uk/xml/codelists/localtype.xml#otherSettlement,,,,Highland,http://data.ordnancesurvey.co.uk/id/7000000000029638,http://data.ordnancesurvey.co.uk/ontology/admingeo/UnitaryAuthority,Scotland,http://data.ordnancesurvey.co.uk/id/7000000000041429,Scotland,http://data.ordnancesurvey.co.uk/id/country/scotland,,,
IV438QY,http://data.ordnancesurvey.co.uk/id/postcodeunit/IV438QY,IV43 8QY,,,,other,Postcode,170539.000,815813.000,3500,18000,,,,,,,,,,,,,Highland,http://data.ordnancesurvey.co.uk/id/7000000000029638,http://data.ordnancesurvey.co.uk/ontology/admingeo/UnitaryAuthority,Scotland,http://data.ordnancesurvey.co.uk/id/7000000000041429,Scotland,http://data.ordnancesurvey.co.uk/id/country/scotland,,,
IV438QH,http://data.ordnancesurvey.co.uk/id/postcodeunit/IV438QH,IV43 8QH,,,,other,Postcode,168463.000,812071.000,3500,18000,,,,,,,,,,,,,Highland,http://data.ordnancesurvey.co.uk/id/7000000000029638,http://data.ordnancesurvey.co.uk/ontology/admingeo/UnitaryAuthority,Scotland,http://data.ordnancesurvey.co.uk/id/7000000000041429,Scotland,http://data.ordnancesurvey.co.uk/id/country/scotland,,,
IV438QT,http://data.ordnancesurvey.co.uk/id/postcodeunit/IV438QT,IV43 8QT,,,,other,Postcode,169749.000,811030.000,3500,18000,,,,,,,Camus Croise / Camascross,http://data.ordnancesurvey.co.uk/id/4000000074570621,http://www.ordnancesurvey.co.uk/xml/codelists/localtype.xml#village,,,,Highland,http://data.ordnancesurvey.co.uk/id/7000000000029638,http://data.ordnancesurvey.co.uk/ontology/admingeo/UnitaryAuthority,Scotland,http://data.ordnancesurvey.co.uk/id/7000000000041429,Scotland,http://data.ordnancesurvey.co.uk/id/country/scotland,,,
IV458RS,http://data.ordnancesurvey.co.uk/id/postcodeunit/IV458RS,IV45 8RS,,,,other,Postcode,163450.000,803571.000,3500,18000,,,,,,,Ardvasar / Àird a' Bhasair,http://data.ordnancesurvey.co.uk/id/4000000074542666,http://www.ordnancesurvey.co.uk/xml/codelists/localtype.xml#village,,,,Highland,http://data.ordnancesurvey.co.uk/id/7000000000029638,http://data.ordnancesurvey.co.uk/ontology/admingeo/UnitaryAuthority,Scotland,http://data.ordnancesurvey.co.uk/id/7000000000041429,Scotland,http://data.ordnancesurvey.co.uk/id/country/scotland,,,
IV448RR,http://data.ordnancesurvey.co.uk/id/postcodeunit/IV448RR,IV44 8RR,,,,other,Postcode,167250.000,809429.000,3500,18000,,,,,,,An Teanga / Teangue,http://data.ordnancesurvey.co.uk/id/4000000074570984,http://www.ordnancesurvey.co.uk/xml/codelists/localtype.xml#village,,,,Highland,http://data.ordnancesurvey.co.uk/id/7000000000029638,http://data.ordnancesurvey.co.uk/ontology/admingeo/UnitaryAuthority,Scotland,http://data.ordnancesurvey.co.uk/id/7000000000041429,Scotland,http://data.ordnancesurvey.co.uk/id/country/scotland,,,
IV458RT,http://data.ordnancesurvey.co.uk/id/postcodeunit/IV458RT,IV45 8RT,,,,other,Postcode,162973.000,803127.000,3500,18000,,,,,,,Ardvasar / Àird a' Bhasair,http://data.ordnancesurvey.co.uk/id/4000000074542666,http://www.ordnancesurvey.co.uk/xml/codelists/localtype.xml#village,,,,Highland,http://data.ordnancesurvey.co.uk/id/7000000000029638,http://data.ordnancesurvey.co.uk/ontology/admingeo/UnitaryAuthority,Scotland,http://data.ordnancesurvey.co.uk/id/7000000000041429,Scotland,http://data.ordnancesurvey.co.uk/id/country/scotland,,,
IV448RN,http://data.ordnancesurvey.co.uk/id/postcodeunit/IV448RN,IV44 8RN,,,,other,Postcode,161826.000,813357.000,3500,18000,,,,,,,An t-Òrd / Ord,http://data.ordnancesurvey.co.uk/id/4000000074542609,http://www.ordnancesurvey.co.uk/xml/codelists/localtype.xml#hamlet,,,,Highland,http://data.ordnancesurvey.co.uk/id/7000000000029638,http://data.ordnancesurvey.co.uk/ontology/admingeo/UnitaryAuthority,Scotland,http://data.ordnancesurvey.co.uk/id/7000000000041429,Scotland,http://data.ordnancesurvey.co.uk/id/country/scotland,,,
IV458RP,http://data.ordnancesurvey.co.uk/id/postcodeunit/IV458RP,IV45 8RP,,,,other,Postcode,161784.000,801619.000,3500,18000,,,,,,,,,,,,,Highland,http://data.ordnancesurvey.co.uk/id/7000000000029638,http://data.ordnancesurvey.co.uk/ontology/admingeo/UnitaryAuthority,Scotland,http://data.ordnancesurvey.co.uk/id/7000000000041429,Scotland,http://data.ordnancesurvey.co.uk/id/country/scotland,,,
IV458RJ,http://data.ordnancesurvey.co.uk/id/postcodeunit/IV458RJ,IV45 8RJ,,,,other,Postcode,162957.000,803061.000,3500,18000,,,,,,,Ardvasar / Àird a' Bhasair,http://data.ordnancesurvey.co.uk/id/4000000074542666,http://www.ordnancesurvey.co.uk/xml/codelists/localtype.xml#village,,,,Highland,http://data.ordnancesurvey.co.uk/id/7000000000029638,http://data.ordnancesurvey.co.uk/ontology/admingeo/UnitaryAuthority,Scotland,http://data.ordnancesurvey.co.uk/id/7000000000041429,Scotland,http://data.ordnancesurvey.co.uk/id/country/scotland,,,
IV438QX,http://data.ordnancesurvey.co.uk/id/postcodeunit/IV438QX,IV43 8QX,,,,other,Postcode,170266.000,813496.000,3500,18000,,,,,,,DuisdeiI Mòr / Duisdalemore,http://data.ordnancesurvey.co.uk/id/4000000074337813,http://www.ordnancesurvey.co.uk/xml/codelists/localtype.xml#otherSettlement,,,,Highland,http://data.ordnancesurvey.co.uk/id/7000000000029638,http://data.ordnancesurvey.co.uk/ontology/admingeo/UnitaryAuthority,Scotland,http://data.ordnancesurvey.co.uk/id/7000000000041429,Scotland,http://data.ordnancesurvey.co.uk/id/country/scotland,,,
IV448RF,http://data.ordnancesurvey.co.uk/id/postcodeunit/IV448RF,IV44 8RF,,,,other,Postcode,165825.000,807393.000,3500,18000,,,,,,,Ferindonald / Fearann Dhomhnaill,http://data.ordnancesurvey.co.uk/id/4000000074570624,http://www.ordnancesurvey.co.uk/xml/codelists/localtype.xml#village,,,,Highland,http://data.ordnancesurvey.co.uk/id/7000000000029638,http://data.ordnancesurvey.co.uk/ontology/admingeo/UnitaryAuthority,Scotland,http://data.ordnancesurvey.co.uk/id/7000000000041429,Scotland,http://data.ordnancesurvey.co.uk/id/country/scotland,,,
IV438RA,http://data.ordnancesurvey.co.uk/id/postcodeunit/IV438RA,IV43 8RA,,,,other,Postcode,169786.000,817731.000,3500,18000,,,,,,,,,,,,,Highland,http://data.ordnancesurvey.co.uk/id/7000000000029638,http://data.ordnancesurvey.co.uk/ontology/admingeo/UnitaryAuthority,Scotland,http://data.ordnancesurvey.co.uk/id/7000000000041429,Scotland,http://data.ordnancesurvey.co.uk/id/country/scotland,,,
IV448RD,http://data.ordnancesurvey.co.uk/id/postcodeunit/IV448RD,IV44 8RD,,,,other,Postcode,166452.000,808330.000,3500,18000,,,,,,,Sàsaig / Saasaig,http://data.ordnancesurvey.co.uk/id/4000000074570983,http://www.ordnancesurvey.co.uk/xml/codelists/localtype.xml#hamlet,,,,Highland,http://data.ordnancesurvey.co.uk/id/7000000000029638,http://data.ordnancesurvey.co.uk/ontology/admingeo/UnitaryAuthority,Scotland,http://data.ordnancesurvey.co.uk/id/7000000000041429,Scotland,http://data.ordnancesurvey.co.uk/id/country/scotland,,,
IV438QR,http://data.ordnancesurvey.co.uk/id/postcodeunit/IV438QR,IV43 8QR,,,,other,Postcode,170251.000,812467.000,3500,18000,,,,,,,Eilean Iarmain / Isleornsay,http://data.ordnancesurvey.co.uk/id/4000000074542668,http://www.ordnancesurvey.co.uk/xml/codelists/localtype.xml#village,,,,Highland,http://data.ordnancesurvey.co.uk/id/7000000000029638,http://data.ordnancesurvey.co.uk/ontology/admingeo/UnitaryAuthority,Scotland,http://data.ordnancesurvey.co.uk/id/7000000000041429,Scotland,http://data.ordnancesurvey.co.uk/id/country/scotland,,,
IV499BN,http://data.ordnancesurvey.co.uk/id/postcodeunit/IV499BN,IV49 9BN,,,,other,Postcode,164778.000,817354.000,3500,18000,,,,,,,Heaste / Heasta,http://data.ordnancesurvey.co.uk/id/4000000074542743,http://www.ordnancesurvey.co.uk/xml/codelists/localtype.xml#otherSettlement,,,,Highland,http://data.ordnancesurvey.co.uk/id/7000000000029638,http://data.ordnancesurvey.co.uk/ontology/admingeo/UnitaryAuthority,Scotland,http://data.ordnancesurvey.co.uk/id/7000000000041429,Scotland,http://data.ordnancesurvey.co.uk/id/country/scotland,,,
IV438QW,http://data.ordnancesurvey.co.uk/id/postcodeunit/IV438QW,IV43 8QW,,,,other,Postcode,170101.000,813737.000,3500,18000,,,,,,,DuisdeiI Mòr / Duisdalemore,http://data.ordnancesurvey.co.uk/id/4000000074337813,http://www.ordnancesurvey.co.uk/xml/codelists/localtype.xml#otherSettlement,,,,Highland,http://data.ordnancesurvey.co.uk/id/7000000000029638,http://data.ordnancesurvey.co.uk/ontology/admingeo/UnitaryAuthority,Scotland,http://data.ordnancesurvey.co.uk/id/7000000000041429,Scotland,http://data.ordnancesurvey.co.uk/id/country/scotland,,,
IV438QS,http://data.ordnancesurvey.co.uk/id/postcodeunit/IV438QS,IV43 8QS,,,,other,Postcode,169795.000,811852.000,3500,18000,,,,,,,Eilean Iarmain / Isleornsay,http://data.ordnancesurvey.co.uk/id/4000000074542668,http://www.ordnancesurvey.co.uk/xml/codelists/localtype.xml#village,,,,Highland,http://data.ordnancesurvey.co.uk/id/7000000000029638,http://data.ordnancesurvey.co.uk/ontology/admingeo/UnitaryAuthority,Scotland,http://data.ordnancesurvey.co.uk/id/7000000000041429,Scotland,http://data.ordnancesurvey.co.uk/id/country/scotland,,,
IV458RB,http://data.ordnancesurvey.co.uk/id/postcodeunit/IV458RB,IV45 8RB,,,,other,Postcode,163678.000,803828.000,3500,18000,,,,,,,Armadale / Armadail,http://data.ordnancesurvey.co.uk/id/4000000074542667,http://www.ordnancesurvey.co.uk/xml/codelists/localtype.xml#otherSettlement,,,,Highland,http://data.ordnancesurvey.co.uk/id/7000000000029638,http://data.ordnancesurvey.co.uk/ontology/admingeo/UnitaryAuthority,Scotland,http://data.ordnancesurvey.co.uk/id/7000000000041429,Scotland,http://data.ordnancesurvey.co.uk/id/country/scotland,,,
IV458RL,http://data.ordnancesurvey.co.uk/id/postcodeunit/IV458RL,IV45 8RL,,,,other,Postcode,163121.000,803189.000,3500,18000,,,,,,,Ardvasar / Àird a' Bhasair,http://data.ordnancesurvey.co.uk/id/4000000074542666,http://www.ordnancesurvey.co.uk/xml/codelists/localtype.xml#village,,,,Highland,http://data.ordnancesurvey.co.uk/id/7000000000029638,http://data.ordnancesurvey.co.uk/ontology/admingeo/UnitaryAuthority,Scotland,http://data.ordnancesurvey.co.uk/id/7000000000041429,Scotland,http://data.ordnancesurvey.co.uk/id/country/scotland,,,
PH414PL,http://data.ordnancesurvey.co.uk/id/postcodeunit/PH414PL,PH41 4PL,,,,other,Postcode,175768.000,800459.000,3500,18000,,,,,,,Aultvoulin,http://data.ordnancesurvey.co.uk/id/4000000074337021,http://www.ordnancesurvey.co.uk/xml/codelists/localtype.xml#otherSettlement,,,,Highland,http://data.ordnancesurvey.co.uk/id/7000000000029638,http://data.ordnancesurvey.co.uk/ontology/admingeo/UnitaryAuthority,Scotland,http://data.ordnancesurvey.co.uk/id/7000000000041429,Scotland,http://data.ordnancesurvey.co.uk/id/country/scotland,,,
osgb4000000003445889,http://data.ordnancesurvey.co.uk/id/4000000003445889,Newton Bank,,,,transportNetwork,Named Road,163180.000,803214.000,1000,20000,163056.000,803136.000,163272.000,803294.000,IV45,http://data.ordnancesurvey.co.uk/id/postcodedistrict/IV45,Ardvasar / Àird a' Bhasair,http://data.ordnancesurvey.co.uk/id/4000000074542666,http://www.ordnancesurvey.co.uk/xml/codelists/localtype.xml#village,,,,Highland,http://data.ordnancesurvey.co.uk/id/7000000000029638,http://data.ordnancesurvey.co.uk/ontology/admingeo/UnitaryAuthority,Scotland,http://data.ordnancesurvey.co.uk/id/7000000000041429,Scotland,http://data.ordnancesurvey.co.uk/id/country/scotland,,,
osgb4000000003453670,http://data.ordnancesurvey.co.uk/id/4000000003453670,Rathad Na Chidhe,gla,Pier Road,eng,transportNetwork,Named Road,163681.991,803806.264,1000,20000,163637.281,803776.593,163718.260,803849.377,IV45,http://data.ordnancesurvey.co.uk/id/postcodedistrict/IV45,Armadale / Armadail,http://data.ordnancesurvey.co.uk/id/4000000074542667,http://www.ordnancesurvey.co.uk/xml/codelists/localtype.xml#otherSettlement,,,,Highland,http://data.ordnancesurvey.co.uk/id/7000000000029638,http://data.ordnancesurvey.co.uk/ontology/admingeo/UnitaryAuthority,Scotland,http://data.ordnancesurvey.co.uk/id/7000000000041429,Scotland,http://data.ordnancesurvey.co.uk/id/country/scotland,,,
osgb4000000003446176,http://data.ordnancesurvey.co.uk/id/4000000003446176,A851,,,,transportNetwork,Numbered Road,168360.500,811849.250,124000,1000000,163600.000,803762.000,170359.000,822792.500,IV43,http://data.ordnancesurvey.co.uk/id/postcodedistrict/IV43,,,,,,,Highland,http://data.ordnancesurvey.co.uk/id/7000000000029638,http://data.ordnancesurvey.co.uk/ontology/admingeo/UnitaryAuthority,Scotland,http://data.ordnancesurvey.co.uk/id/7000000000041429,Scotland,http://data.ordnancesurvey.co.uk/id/country/scotland,,,
osgb5000005100368217,http://data.ordnancesurvey.co.uk/id/5000005100368217,Guiseran Road,,,,transportNetwork,Named Road,176691.208,800164.255,1000,20000,176627.000,800099.000,176692.735,800262.026,PH41,http://data.ordnancesurvey.co.uk/id/postcodedistrict/PH41,Inverie,http://data.ordnancesurvey.co.uk/id/4000000074569905,http://www.ordnancesurvey.co.uk/xml/codelists/localtype.xml#village,,,,Highland,http://data.ordnancesurvey.co.uk/id/7000000000029638,http://data.ordnancesurvey.co.uk/ontology/admingeo/UnitaryAuthority,Scotland,http://data.ordnancesurvey.co.uk/id/7000000000041429,Scotland,http://data.ordnancesurvey.co.uk/id/country/scotland,,,
osgb4000000003449604,http://data.ordnancesurvey.co.uk/id/4000000003449604,Allt A'tuath,,,,transportNetwork,Named Road,163712.000,804000.000,1000,20000,163681.238,803945.628,163741.699,804039.979,IV45,http://data.ordnancesurvey.co.uk/id/postcodedistrict/IV45,Armadale / Armadail,http://data.ordnancesurvey.co.uk/id/4000000074542667,http://www.ordnancesurvey.co.uk/xml/codelists/localtype.xml#otherSettlement,,,,Highland,http://data.ordnancesurvey.co.uk/id/7000000000029638,http://data.ordnancesurvey.co.uk/ontology/admingeo/UnitaryAuthority,Scotland,http://data.ordnancesurvey.co.uk/id/7000000000041429,Scotland,http://data.ordnancesurvey.co.uk/id/country/scotland,,,
osgb4000000003445928,http://data.ordnancesurvey.co.uk/id/4000000003445928,Dail Conaisg,,,,transportNetwork,Named Road,162989.000,803080.000,1000,20000,162966.216,803070.611,163003.106,803107.000,IV45,http://data.ordnancesurvey.co.uk/id/postcodedistrict/IV45,Ardvasar / Àird a' Bhasair,http://data.ordnancesurvey.co.uk/id/4000000074542666,http://www.ordnancesurvey.co.uk/xml/codelists/localtype.xml#village,,,,Highland,http://data.ordnancesurvey.co.uk/id/7000000000029638,http://data.ordnancesurvey.co.uk/ontology/admingeo/UnitaryAuthority,Scotland,http://data.ordnancesurvey.co.uk/id/7000000000041429,Scotland,http://data.ordnancesurvey.co.uk/id/country/scotland,,,
IV438QU,http://data.ordnancesurvey.co.uk/id/postcodeunit/IV438QU,IV43 8QU,,,,other,Postcode,169611.000,812355.000,3500,18000,,,,,,,Duisdeil Beag / Duisdalebeg,http://data.ordnancesurvey.co.uk/id/4000000074570622,http://www.ordnancesurvey.co.uk/xml/codelists/localtype.xml#hamlet,,,,Highland,http://data.ordnancesurvey.co.uk/id/7000000000029638,http://data.ordnancesurvey.co.uk/ontology/admingeo/UnitaryAuthority,Scotland,http://data.ordnancesurvey.co.uk/id/7000000000041429,Scotland,http://data.ordnancesurvey.co.uk/id/country/scotland,,,
IV448RE,http://data.ordnancesurvey.co.uk/id/postcodeunit/IV448RE,IV44 8RE,,,,other,Postcode,166566.000,809066.000,3500,18000,,,,,,,An Teanga / Teangue,http://data.ordnancesurvey.co.uk/id/4000000074570984,http://www.ordnancesurvey.co.uk/xml/codelists/localtype.xml#village,,,,Highland,http://data.ordnancesurvey.co.uk/id/7000000000029638,http://data.ordnancesurvey.co.uk/ontology/admingeo/UnitaryAuthority,Scotland,http://data.ordnancesurvey.co.uk/id/7000000000041429,Scotland,http://data.ordnancesurvey.co.uk/id/country/scotland,,,
IV438QZ,http://data.ordnancesurvey.co.uk/id/postcodeunit/IV438QZ,IV43 8QZ,,,,other,Postcode,167864.000,815937.000,3500,18000,,,,,,,Druim Fhearna / Drumfearn,http://data.ordnancesurvey.co.uk/id/4000000074337812,http://www.ordnancesurvey.co.uk/xml/codelists/localtype.xml#otherSettlement,,,,Highland,http://data.ordnancesurvey.co.uk/id/7000000000029638,http://data.ordnancesurvey.co.uk/ontology/admingeo/UnitaryAuthority,Scotland,http://data.ordnancesurvey.co.uk/id/7000000000041429,Scotland,http://data.ordnancesurvey.co.uk/id/country/scotland,,,
