﻿osgb4000000074573719,http://data.ordnancesurvey.co.uk/id/4000000074573719,Toscaig,,,,populatedPlace,Hamlet,171357.540,838902.500,5000,25000,170857.887,837784.856,171546.597,838996.389,IV54,http://data.ordnancesurvey.co.uk/id/postcodedistrict/IV54,,,,,,,Highland,http://data.ordnancesurvey.co.uk/id/7000000000029638,http://data.ordnancesurvey.co.uk/ontology/admingeo/UnitaryAuthority,Scotland,http://data.ordnancesurvey.co.uk/id/7000000000041429,Scotland,http://data.ordnancesurvey.co.uk/id/country/scotland,,http://dbpedia.org/resource/Toscaig,http://sws.geonames.org/2635619
osgb4000000074343321,http://data.ordnancesurvey.co.uk/id/4000000074343321,Caol Loch Aillse,gla,Kyle of Lochalsh,eng,populatedPlace,Village,176346.120,827263.610,7000,250000,175615.865,827064.215,176621.284,828155.092,IV40,http://data.ordnancesurvey.co.uk/id/postcodedistrict/IV40,,,,,,,Highland,http://data.ordnancesurvey.co.uk/id/7000000000029638,http://data.ordnancesurvey.co.uk/ontology/admingeo/UnitaryAuthority,Scotland,http://data.ordnancesurvey.co.uk/id/7000000000041429,Scotland,http://data.ordnancesurvey.co.uk/id/country/scotland,,http://dbpedia.org/resource/Kyle_of_Lochalsh,http://sws.geonames.org/2645090
osgb4000000074337805,http://data.ordnancesurvey.co.uk/id/4000000074337805,Breacais Ard,gla,Breakish,eng,populatedPlace,Village,167839.500,823330.750,10000,250000,167381.695,822855.969,168879.023,823749.184,IV42,http://data.ordnancesurvey.co.uk/id/postcodedistrict/IV42,,,,,,,Highland,http://data.ordnancesurvey.co.uk/id/7000000000029638,http://data.ordnancesurvey.co.uk/ontology/admingeo/UnitaryAuthority,Scotland,http://data.ordnancesurvey.co.uk/id/7000000000041429,Scotland,http://data.ordnancesurvey.co.uk/id/country/scotland,,http://dbpedia.org/resource/Upper_Breakish,http://sws.geonames.org/2654834
osgb4000000074543032,http://data.ordnancesurvey.co.uk/id/4000000074543032,Aisig,gla,Ashaig,eng,populatedPlace,Hamlet,168864.500,824011.500,5000,25000,168512.242,823706.304,169414.086,824206.304,IV42,http://data.ordnancesurvey.co.uk/id/postcodedistrict/IV42,,,,,,,Highland,http://data.ordnancesurvey.co.uk/id/7000000000029638,http://data.ordnancesurvey.co.uk/ontology/admingeo/UnitaryAuthority,Scotland,http://data.ordnancesurvey.co.uk/id/7000000000041429,Scotland,http://data.ordnancesurvey.co.uk/id/country/scotland,,,
osgb4000000074542100,http://data.ordnancesurvey.co.uk/id/4000000074542100,Portneora,,,,populatedPlace,Hamlet,177656.410,832130.850,5000,25000,177405.759,831860.990,177905.759,832360.990,IV40,http://data.ordnancesurvey.co.uk/id/postcodedistrict/IV40,,,,,,,Highland,http://data.ordnancesurvey.co.uk/id/7000000000029638,http://data.ordnancesurvey.co.uk/ontology/admingeo/UnitaryAuthority,Scotland,http://data.ordnancesurvey.co.uk/id/7000000000041429,Scotland,http://data.ordnancesurvey.co.uk/id/country/scotland,,,
osgb4000000074572363,http://data.ordnancesurvey.co.uk/id/4000000074572363,Badicaul,,,,populatedPlace,Hamlet,175611.000,828854.000,5000,25000,175465.046,828456.786,176013.005,829361.657,IV40,http://data.ordnancesurvey.co.uk/id/postcodedistrict/IV40,,,,,,,Highland,http://data.ordnancesurvey.co.uk/id/7000000000029638,http://data.ordnancesurvey.co.uk/ontology/admingeo/UnitaryAuthority,Scotland,http://data.ordnancesurvey.co.uk/id/7000000000041429,Scotland,http://data.ordnancesurvey.co.uk/id/country/scotland,,,
osgb4000000074543315,http://data.ordnancesurvey.co.uk/id/4000000074543315,Waterloo,eng,Achadh a' Chùirn,gla,populatedPlace,Hamlet,166373.970,823616.180,5000,25000,166095.804,823145.076,166669.710,823995.143,IV42,http://data.ordnancesurvey.co.uk/id/postcodedistrict/IV42,,,,,,,Highland,http://data.ordnancesurvey.co.uk/id/7000000000029638,http://data.ordnancesurvey.co.uk/ontology/admingeo/UnitaryAuthority,Scotland,http://data.ordnancesurvey.co.uk/id/7000000000041429,Scotland,http://data.ordnancesurvey.co.uk/id/country/scotland,,,
osgb4000000074337864,http://data.ordnancesurvey.co.uk/id/4000000074337864,Caol Reatha,gla,Kylerhea,eng,populatedPlace,Other Settlement,178567.000,820819.000,15000,25000,178199.784,820403.381,178978.984,820986.524,IV42,http://data.ordnancesurvey.co.uk/id/postcodedistrict/IV42,,,,,,,Highland,http://data.ordnancesurvey.co.uk/id/7000000000029638,http://data.ordnancesurvey.co.uk/ontology/admingeo/UnitaryAuthority,Scotland,http://data.ordnancesurvey.co.uk/id/7000000000041429,Scotland,http://data.ordnancesurvey.co.uk/id/country/scotland,,http://dbpedia.org/resource/Kylerhea,http://sws.geonames.org/2645089
osgb4000000074572364,http://data.ordnancesurvey.co.uk/id/4000000074572364,Drumbuie,,,,populatedPlace,Hamlet,177715.490,830992.540,5000,25000,177295.164,830817.868,177795.164,831317.868,IV40,http://data.ordnancesurvey.co.uk/id/postcodedistrict/IV40,,,,,,,Highland,http://data.ordnancesurvey.co.uk/id/7000000000029638,http://data.ordnancesurvey.co.uk/ontology/admingeo/UnitaryAuthority,Scotland,http://data.ordnancesurvey.co.uk/id/7000000000041429,Scotland,http://data.ordnancesurvey.co.uk/id/country/scotland,,http://dbpedia.org/resource/Drumbuie,
osgb4000000074572362,http://data.ordnancesurvey.co.uk/id/4000000074572362,Erbusaig,,,,populatedPlace,Hamlet,176389.420,829582.090,5000,25000,176058.245,829413.286,176922.905,829913.286,IV40,http://data.ordnancesurvey.co.uk/id/postcodedistrict/IV40,,,,,,,Highland,http://data.ordnancesurvey.co.uk/id/7000000000029638,http://data.ordnancesurvey.co.uk/ontology/admingeo/UnitaryAuthority,Scotland,http://data.ordnancesurvey.co.uk/id/7000000000041429,Scotland,http://data.ordnancesurvey.co.uk/id/country/scotland,,http://dbpedia.org/resource/Erbusaig,http://sws.geonames.org/2649953
osgb4000000074549430,http://data.ordnancesurvey.co.uk/id/4000000074549430,Harrapul,gla,Harrapool,eng,populatedPlace,Village,165036.800,822898.690,8000,250000,164887.589,822420.144,166169.160,823313.358,IV49,http://data.ordnancesurvey.co.uk/id/postcodedistrict/IV49,,,,,,,Highland,http://data.ordnancesurvey.co.uk/id/7000000000029638,http://data.ordnancesurvey.co.uk/ontology/admingeo/UnitaryAuthority,Scotland,http://data.ordnancesurvey.co.uk/id/7000000000041429,Scotland,http://data.ordnancesurvey.co.uk/id/country/scotland,,,
osgb4000000074571334,http://data.ordnancesurvey.co.uk/id/4000000074571334,A' Phairce Dhubh,gla,Blackpark,eng,populatedPlace,Suburban Area,164719.080,823108.470,3000,25000,164406.744,822683.637,164906.744,823183.637,IV49,http://data.ordnancesurvey.co.uk/id/postcodedistrict/IV49,,,,,,,Highland,http://data.ordnancesurvey.co.uk/id/7000000000029638,http://data.ordnancesurvey.co.uk/ontology/admingeo/UnitaryAuthority,Scotland,http://data.ordnancesurvey.co.uk/id/7000000000041429,Scotland,http://data.ordnancesurvey.co.uk/id/country/scotland,,,
osgb4000000074542543,http://data.ordnancesurvey.co.uk/id/4000000074542543,An t-Àth Leathann,gla,Broadford,eng,populatedPlace,Village,164118.210,823567.380,12000,250000,163584.449,822709.191,165008.421,824525.891,IV49,http://data.ordnancesurvey.co.uk/id/postcodedistrict/IV49,,,,,,,Highland,http://data.ordnancesurvey.co.uk/id/7000000000029638,http://data.ordnancesurvey.co.uk/ontology/admingeo/UnitaryAuthority,Scotland,http://data.ordnancesurvey.co.uk/id/7000000000041429,Scotland,http://data.ordnancesurvey.co.uk/id/country/scotland,,"http://dbpedia.org/resource/Broadford,_Skye",http://sws.geonames.org/2654653
osgb4000000074542834,http://data.ordnancesurvey.co.uk/id/4000000074542834,Caol Acain,gla,Kyleakin,eng,populatedPlace,Village,174377.000,826432.000,13000,250000,173715.617,825837.666,175640.996,826652.053,IV41,http://data.ordnancesurvey.co.uk/id/postcodedistrict/IV41,,,,,,,Highland,http://data.ordnancesurvey.co.uk/id/7000000000029638,http://data.ordnancesurvey.co.uk/ontology/admingeo/UnitaryAuthority,Scotland,http://data.ordnancesurvey.co.uk/id/7000000000041429,Scotland,http://data.ordnancesurvey.co.uk/id/country/scotland,,http://dbpedia.org/resource/Kyleakin,http://sws.geonames.org/2645091
osgb4000000074571335,http://data.ordnancesurvey.co.uk/id/4000000074571335,Corry,,,,populatedPlace,Suburban Area,164222.810,824210.840,4000,25000,163942.869,823969.251,164442.869,824525.891,IV49,http://data.ordnancesurvey.co.uk/id/postcodedistrict/IV49,,,,,,,Highland,http://data.ordnancesurvey.co.uk/id/7000000000029638,http://data.ordnancesurvey.co.uk/ontology/admingeo/UnitaryAuthority,Scotland,http://data.ordnancesurvey.co.uk/id/7000000000041429,Scotland,http://data.ordnancesurvey.co.uk/id/country/scotland,,"http://dbpedia.org/resource/Corry,_Highland",
osgb4000000074542610,http://data.ordnancesurvey.co.uk/id/4000000074542610,Am Ploc,gla,Plockton,eng,populatedPlace,Village,179490.020,833002.450,13000,250000,178805.722,832762.793,180811.531,834089.943,IV52,http://data.ordnancesurvey.co.uk/id/postcodedistrict/IV52,,,,,,,Highland,http://data.ordnancesurvey.co.uk/id/7000000000029638,http://data.ordnancesurvey.co.uk/ontology/admingeo/UnitaryAuthority,Scotland,http://data.ordnancesurvey.co.uk/id/7000000000041429,Scotland,http://data.ordnancesurvey.co.uk/id/country/scotland,,http://dbpedia.org/resource/Plockton,http://sws.geonames.org/2640213
osgb4000000074542995,http://data.ordnancesurvey.co.uk/id/4000000074542995,Dìurinis,eng,Diùranais,gla,populatedPlace,Other Settlement,178720.910,831227.030,15000,25000,178294.199,830829.077,179078.428,831547.951,IV40,http://data.ordnancesurvey.co.uk/id/postcodedistrict/IV40,,,,,,,Highland,http://data.ordnancesurvey.co.uk/id/7000000000029638,http://data.ordnancesurvey.co.uk/ontology/admingeo/UnitaryAuthority,Scotland,http://data.ordnancesurvey.co.uk/id/7000000000041429,Scotland,http://data.ordnancesurvey.co.uk/id/country/scotland,,"http://dbpedia.org/resource/Duirinish,_Lochalsh",
osgb4000000074542768,http://data.ordnancesurvey.co.uk/id/4000000074542768,Sgalamus,eng,Skulamus,gla,populatedPlace,Hamlet,166685.750,822748.750,5000,25000,166272.726,822502.404,167135.737,823002.404,IV42,http://data.ordnancesurvey.co.uk/id/postcodedistrict/IV42,,,,,,,Highland,http://data.ordnancesurvey.co.uk/id/7000000000029638,http://data.ordnancesurvey.co.uk/ontology/admingeo/UnitaryAuthority,Scotland,http://data.ordnancesurvey.co.uk/id/7000000000041429,Scotland,http://data.ordnancesurvey.co.uk/id/country/scotland,,,
osgb4000000074542744,http://data.ordnancesurvey.co.uk/id/4000000074542744,Lower Breakish,eng,Breacais Ìosal,gla,populatedPlace,Village,167609.750,823663.000,9000,250000,166993.337,822812.822,168438.885,824206.583,IV42,http://data.ordnancesurvey.co.uk/id/postcodedistrict/IV42,,,,,,,Highland,http://data.ordnancesurvey.co.uk/id/7000000000029638,http://data.ordnancesurvey.co.uk/ontology/admingeo/UnitaryAuthority,Scotland,http://data.ordnancesurvey.co.uk/id/7000000000041429,Scotland,http://data.ordnancesurvey.co.uk/id/country/scotland,,http://dbpedia.org/resource/Lower_Breakish,
IV408BY,http://data.ordnancesurvey.co.uk/id/postcodeunit/IV408BY,IV40 8BY,,,,other,Postcode,176300.000,827597.000,3500,18000,,,,,,,Caol Loch Aillse / Kyle of Lochalsh,http://data.ordnancesurvey.co.uk/id/4000000074343321,http://www.ordnancesurvey.co.uk/xml/codelists/localtype.xml#village,,,,Highland,http://data.ordnancesurvey.co.uk/id/7000000000029638,http://data.ordnancesurvey.co.uk/ontology/admingeo/UnitaryAuthority,Scotland,http://data.ordnancesurvey.co.uk/id/7000000000041429,Scotland,http://data.ordnancesurvey.co.uk/id/country/scotland,,,
IV408LG,http://data.ordnancesurvey.co.uk/id/postcodeunit/IV408LG,IV40 8LG,,,,other,Postcode,176043.000,827893.000,3500,18000,,,,,,,Caol Loch Aillse / Kyle of Lochalsh,http://data.ordnancesurvey.co.uk/id/4000000074343321,http://www.ordnancesurvey.co.uk/xml/codelists/localtype.xml#village,,,,Highland,http://data.ordnancesurvey.co.uk/id/7000000000029638,http://data.ordnancesurvey.co.uk/ontology/admingeo/UnitaryAuthority,Scotland,http://data.ordnancesurvey.co.uk/id/7000000000041429,Scotland,http://data.ordnancesurvey.co.uk/id/country/scotland,,,
IV418PL,http://data.ordnancesurvey.co.uk/id/postcodeunit/IV418PL,IV41 8PL,,,,other,Postcode,175347.000,826402.000,3500,18000,,,,,,,Caol Acain / Kyleakin,http://data.ordnancesurvey.co.uk/id/4000000074542834,http://www.ordnancesurvey.co.uk/xml/codelists/localtype.xml#village,,,,Highland,http://data.ordnancesurvey.co.uk/id/7000000000029638,http://data.ordnancesurvey.co.uk/ontology/admingeo/UnitaryAuthority,Scotland,http://data.ordnancesurvey.co.uk/id/7000000000041429,Scotland,http://data.ordnancesurvey.co.uk/id/country/scotland,,,
IV428QA,http://data.ordnancesurvey.co.uk/id/postcodeunit/IV428QA,IV42 8QA,,,,other,Postcode,167721.000,823615.000,3500,18000,,,,,,,Lower Breakish / Breacais Ìosal,http://data.ordnancesurvey.co.uk/id/4000000074542744,http://www.ordnancesurvey.co.uk/xml/codelists/localtype.xml#village,,,,Highland,http://data.ordnancesurvey.co.uk/id/7000000000029638,http://data.ordnancesurvey.co.uk/ontology/admingeo/UnitaryAuthority,Scotland,http://data.ordnancesurvey.co.uk/id/7000000000041429,Scotland,http://data.ordnancesurvey.co.uk/id/country/scotland,,,
IV428QE,http://data.ordnancesurvey.co.uk/id/postcodeunit/IV428QE,IV42 8QE,,,,other,Postcode,166369.000,823595.000,3500,18000,,,,,,,Waterloo / Achadh a' Chùirn,http://data.ordnancesurvey.co.uk/id/4000000074543315,http://www.ordnancesurvey.co.uk/xml/codelists/localtype.xml#hamlet,,,,Highland,http://data.ordnancesurvey.co.uk/id/7000000000029638,http://data.ordnancesurvey.co.uk/ontology/admingeo/UnitaryAuthority,Scotland,http://data.ordnancesurvey.co.uk/id/7000000000041429,Scotland,http://data.ordnancesurvey.co.uk/id/country/scotland,,,
IV408BU,http://data.ordnancesurvey.co.uk/id/postcodeunit/IV408BU,IV40 8BU,,,,other,Postcode,175844.000,827330.000,3500,18000,,,,,,,Caol Loch Aillse / Kyle of Lochalsh,http://data.ordnancesurvey.co.uk/id/4000000074343321,http://www.ordnancesurvey.co.uk/xml/codelists/localtype.xml#village,,,,Highland,http://data.ordnancesurvey.co.uk/id/7000000000029638,http://data.ordnancesurvey.co.uk/ontology/admingeo/UnitaryAuthority,Scotland,http://data.ordnancesurvey.co.uk/id/7000000000041429,Scotland,http://data.ordnancesurvey.co.uk/id/country/scotland,,,
IV408BD,http://data.ordnancesurvey.co.uk/id/postcodeunit/IV408BD,IV40 8BD,,,,other,Postcode,177543.000,831092.000,3500,18000,,,,,,,Drumbuie,http://data.ordnancesurvey.co.uk/id/4000000074572364,http://www.ordnancesurvey.co.uk/xml/codelists/localtype.xml#hamlet,,,,Highland,http://data.ordnancesurvey.co.uk/id/7000000000029638,http://data.ordnancesurvey.co.uk/ontology/admingeo/UnitaryAuthority,Scotland,http://data.ordnancesurvey.co.uk/id/7000000000041429,Scotland,http://data.ordnancesurvey.co.uk/id/country/scotland,,,
IV408DN,http://data.ordnancesurvey.co.uk/id/postcodeunit/IV408DN,IV40 8DN,,,,other,Postcode,179787.000,827538.000,3500,18000,,,,,,,Balmacara,http://data.ordnancesurvey.co.uk/id/4000000074572361,http://www.ordnancesurvey.co.uk/xml/codelists/localtype.xml#village,,,,Highland,http://data.ordnancesurvey.co.uk/id/7000000000029638,http://data.ordnancesurvey.co.uk/ontology/admingeo/UnitaryAuthority,Scotland,http://data.ordnancesurvey.co.uk/id/7000000000041429,Scotland,http://data.ordnancesurvey.co.uk/id/country/scotland,,,
IV418PW,http://data.ordnancesurvey.co.uk/id/postcodeunit/IV418PW,IV41 8PW,,,,other,Postcode,174912.000,826464.000,3500,18000,,,,,,,Caol Acain / Kyleakin,http://data.ordnancesurvey.co.uk/id/4000000074542834,http://www.ordnancesurvey.co.uk/xml/codelists/localtype.xml#village,,,,Highland,http://data.ordnancesurvey.co.uk/id/7000000000029638,http://data.ordnancesurvey.co.uk/ontology/admingeo/UnitaryAuthority,Scotland,http://data.ordnancesurvey.co.uk/id/7000000000041429,Scotland,http://data.ordnancesurvey.co.uk/id/country/scotland,,,
IV408BS,http://data.ordnancesurvey.co.uk/id/postcodeunit/IV408BS,IV40 8BS,,,,other,Postcode,175883.000,827288.000,3500,18000,,,,,,,Caol Loch Aillse / Kyle of Lochalsh,http://data.ordnancesurvey.co.uk/id/4000000074343321,http://www.ordnancesurvey.co.uk/xml/codelists/localtype.xml#village,,,,Highland,http://data.ordnancesurvey.co.uk/id/7000000000029638,http://data.ordnancesurvey.co.uk/ontology/admingeo/UnitaryAuthority,Scotland,http://data.ordnancesurvey.co.uk/id/7000000000041429,Scotland,http://data.ordnancesurvey.co.uk/id/country/scotland,,,
IV408AE,http://data.ordnancesurvey.co.uk/id/postcodeunit/IV408AE,IV40 8AE,,,,other,Postcode,176156.000,827245.000,3500,18000,,,,,,,Caol Loch Aillse / Kyle of Lochalsh,http://data.ordnancesurvey.co.uk/id/4000000074343321,http://www.ordnancesurvey.co.uk/xml/codelists/localtype.xml#village,,,,Highland,http://data.ordnancesurvey.co.uk/id/7000000000029638,http://data.ordnancesurvey.co.uk/ontology/admingeo/UnitaryAuthority,Scotland,http://data.ordnancesurvey.co.uk/id/7000000000041429,Scotland,http://data.ordnancesurvey.co.uk/id/country/scotland,,,
IV408BE,http://data.ordnancesurvey.co.uk/id/postcodeunit/IV408BE,IV40 8BE,,,,other,Postcode,178490.000,831366.000,3500,18000,,,,,,,Dìurinis / Diùranais,http://data.ordnancesurvey.co.uk/id/4000000074542995,http://www.ordnancesurvey.co.uk/xml/codelists/localtype.xml#otherSettlement,,,,Highland,http://data.ordnancesurvey.co.uk/id/7000000000029638,http://data.ordnancesurvey.co.uk/ontology/admingeo/UnitaryAuthority,Scotland,http://data.ordnancesurvey.co.uk/id/7000000000041429,Scotland,http://data.ordnancesurvey.co.uk/id/country/scotland,,,
IV418WA,http://data.ordnancesurvey.co.uk/id/postcodeunit/IV418WA,IV41 8WA,,,,other,Postcode,176307.000,827345.000,3500,18000,,,,,,,Caol Loch Aillse / Kyle of Lochalsh,http://data.ordnancesurvey.co.uk/id/4000000074343321,http://www.ordnancesurvey.co.uk/xml/codelists/localtype.xml#village,,,,Highland,http://data.ordnancesurvey.co.uk/id/7000000000029638,http://data.ordnancesurvey.co.uk/ontology/admingeo/UnitaryAuthority,Scotland,http://data.ordnancesurvey.co.uk/id/7000000000041429,Scotland,http://data.ordnancesurvey.co.uk/id/country/scotland,,,
IV418PQ,http://data.ordnancesurvey.co.uk/id/postcodeunit/IV418PQ,IV41 8PQ,,,,other,Postcode,174414.000,826372.000,3500,18000,,,,,,,Caol Acain / Kyleakin,http://data.ordnancesurvey.co.uk/id/4000000074542834,http://www.ordnancesurvey.co.uk/xml/codelists/localtype.xml#village,,,,Highland,http://data.ordnancesurvey.co.uk/id/7000000000029638,http://data.ordnancesurvey.co.uk/ontology/admingeo/UnitaryAuthority,Scotland,http://data.ordnancesurvey.co.uk/id/7000000000041429,Scotland,http://data.ordnancesurvey.co.uk/id/country/scotland,,,
IV408BF,http://data.ordnancesurvey.co.uk/id/postcodeunit/IV408BF,IV40 8BF,,,,other,Postcode,176280.000,827688.000,3500,18000,,,,,,,Caol Loch Aillse / Kyle of Lochalsh,http://data.ordnancesurvey.co.uk/id/4000000074343321,http://www.ordnancesurvey.co.uk/xml/codelists/localtype.xml#village,,,,Highland,http://data.ordnancesurvey.co.uk/id/7000000000029638,http://data.ordnancesurvey.co.uk/ontology/admingeo/UnitaryAuthority,Scotland,http://data.ordnancesurvey.co.uk/id/7000000000041429,Scotland,http://data.ordnancesurvey.co.uk/id/country/scotland,,,
IV528TR,http://data.ordnancesurvey.co.uk/id/postcodeunit/IV528TR,IV52 8TR,,,,other,Postcode,179592.000,833118.000,3500,18000,,,,,,,Am Ploc / Plockton,http://data.ordnancesurvey.co.uk/id/4000000074542610,http://www.ordnancesurvey.co.uk/xml/codelists/localtype.xml#village,,,,Highland,http://data.ordnancesurvey.co.uk/id/7000000000029638,http://data.ordnancesurvey.co.uk/ontology/admingeo/UnitaryAuthority,Scotland,http://data.ordnancesurvey.co.uk/id/7000000000041429,Scotland,http://data.ordnancesurvey.co.uk/id/country/scotland,,,
IV418PN,http://data.ordnancesurvey.co.uk/id/postcodeunit/IV418PN,IV41 8PN,,,,other,Postcode,175389.000,826271.000,3500,18000,,,,,,,Caol Acain / Kyleakin,http://data.ordnancesurvey.co.uk/id/4000000074542834,http://www.ordnancesurvey.co.uk/xml/codelists/localtype.xml#village,,,,Highland,http://data.ordnancesurvey.co.uk/id/7000000000029638,http://data.ordnancesurvey.co.uk/ontology/admingeo/UnitaryAuthority,Scotland,http://data.ordnancesurvey.co.uk/id/7000000000041429,Scotland,http://data.ordnancesurvey.co.uk/id/country/scotland,,,
IV499BT,http://data.ordnancesurvey.co.uk/id/postcodeunit/IV499BT,IV49 9BT,,,,other,Postcode,164810.000,823102.000,3500,18000,,,,,,,An t-Àth Leathann / Broadford,http://data.ordnancesurvey.co.uk/id/4000000074542543,http://www.ordnancesurvey.co.uk/xml/codelists/localtype.xml#village,,,,Highland,http://data.ordnancesurvey.co.uk/id/7000000000029638,http://data.ordnancesurvey.co.uk/ontology/admingeo/UnitaryAuthority,Scotland,http://data.ordnancesurvey.co.uk/id/7000000000041429,Scotland,http://data.ordnancesurvey.co.uk/id/country/scotland,,,
IV418PP,http://data.ordnancesurvey.co.uk/id/postcodeunit/IV418PP,IV41 8PP,,,,other,Postcode,174808.000,826482.000,3500,18000,,,,,,,Caol Acain / Kyleakin,http://data.ordnancesurvey.co.uk/id/4000000074542834,http://www.ordnancesurvey.co.uk/xml/codelists/localtype.xml#village,,,,Highland,http://data.ordnancesurvey.co.uk/id/7000000000029638,http://data.ordnancesurvey.co.uk/ontology/admingeo/UnitaryAuthority,Scotland,http://data.ordnancesurvey.co.uk/id/7000000000041429,Scotland,http://data.ordnancesurvey.co.uk/id/country/scotland,,,
IV408DG,http://data.ordnancesurvey.co.uk/id/postcodeunit/IV408DG,IV40 8DG,,,,other,Postcode,176112.000,827611.000,3500,18000,,,,,,,Caol Loch Aillse / Kyle of Lochalsh,http://data.ordnancesurvey.co.uk/id/4000000074343321,http://www.ordnancesurvey.co.uk/xml/codelists/localtype.xml#village,,,,Highland,http://data.ordnancesurvey.co.uk/id/7000000000029638,http://data.ordnancesurvey.co.uk/ontology/admingeo/UnitaryAuthority,Scotland,http://data.ordnancesurvey.co.uk/id/7000000000041429,Scotland,http://data.ordnancesurvey.co.uk/id/country/scotland,,,
IV499AH,http://data.ordnancesurvey.co.uk/id/postcodeunit/IV499AH,IV49 9AH,,,,other,Postcode,165680.000,822556.000,3500,18000,,,,,,,Harrapul / Harrapool,http://data.ordnancesurvey.co.uk/id/4000000074549430,http://www.ordnancesurvey.co.uk/xml/codelists/localtype.xml#village,,,,Highland,http://data.ordnancesurvey.co.uk/id/7000000000029638,http://data.ordnancesurvey.co.uk/ontology/admingeo/UnitaryAuthority,Scotland,http://data.ordnancesurvey.co.uk/id/7000000000041429,Scotland,http://data.ordnancesurvey.co.uk/id/country/scotland,,,
IV408AB,http://data.ordnancesurvey.co.uk/id/postcodeunit/IV408AB,IV40 8AB,,,,other,Postcode,176130.000,827337.000,3500,18000,,,,,,,Caol Loch Aillse / Kyle of Lochalsh,http://data.ordnancesurvey.co.uk/id/4000000074343321,http://www.ordnancesurvey.co.uk/xml/codelists/localtype.xml#village,,,,Highland,http://data.ordnancesurvey.co.uk/id/7000000000029638,http://data.ordnancesurvey.co.uk/ontology/admingeo/UnitaryAuthority,Scotland,http://data.ordnancesurvey.co.uk/id/7000000000041429,Scotland,http://data.ordnancesurvey.co.uk/id/country/scotland,,,
IV408AN,http://data.ordnancesurvey.co.uk/id/postcodeunit/IV408AN,IV40 8AN,,,,other,Postcode,176334.000,827465.000,3500,18000,,,,,,,Caol Loch Aillse / Kyle of Lochalsh,http://data.ordnancesurvey.co.uk/id/4000000074343321,http://www.ordnancesurvey.co.uk/xml/codelists/localtype.xml#village,,,,Highland,http://data.ordnancesurvey.co.uk/id/7000000000029638,http://data.ordnancesurvey.co.uk/ontology/admingeo/UnitaryAuthority,Scotland,http://data.ordnancesurvey.co.uk/id/7000000000041429,Scotland,http://data.ordnancesurvey.co.uk/id/country/scotland,,,
IV408DA,http://data.ordnancesurvey.co.uk/id/postcodeunit/IV408DA,IV40 8DA,,,,other,Postcode,176188.000,827980.000,3500,18000,,,,,,,Caol Loch Aillse / Kyle of Lochalsh,http://data.ordnancesurvey.co.uk/id/4000000074343321,http://www.ordnancesurvey.co.uk/xml/codelists/localtype.xml#village,,,,Highland,http://data.ordnancesurvey.co.uk/id/7000000000029638,http://data.ordnancesurvey.co.uk/ontology/admingeo/UnitaryAuthority,Scotland,http://data.ordnancesurvey.co.uk/id/7000000000041429,Scotland,http://data.ordnancesurvey.co.uk/id/country/scotland,,,
IV548LZ,http://data.ordnancesurvey.co.uk/id/postcodeunit/IV548LZ,IV54 8LZ,,,,other,Postcode,170062.000,838585.000,3500,18000,,,,,,,,,,,,,Highland,http://data.ordnancesurvey.co.uk/id/7000000000029638,http://data.ordnancesurvey.co.uk/ontology/admingeo/UnitaryAuthority,Scotland,http://data.ordnancesurvey.co.uk/id/7000000000041429,Scotland,http://data.ordnancesurvey.co.uk/id/country/scotland,,,
IV499AZ,http://data.ordnancesurvey.co.uk/id/postcodeunit/IV499AZ,IV49 9AZ,,,,other,Postcode,164735.000,823196.000,3500,18000,,,,,,,An t-Àth Leathann / Broadford,http://data.ordnancesurvey.co.uk/id/4000000074542543,http://www.ordnancesurvey.co.uk/xml/codelists/localtype.xml#village,,,,Highland,http://data.ordnancesurvey.co.uk/id/7000000000029638,http://data.ordnancesurvey.co.uk/ontology/admingeo/UnitaryAuthority,Scotland,http://data.ordnancesurvey.co.uk/id/7000000000041429,Scotland,http://data.ordnancesurvey.co.uk/id/country/scotland,,,
IV408AX,http://data.ordnancesurvey.co.uk/id/postcodeunit/IV408AX,IV40 8AX,,,,other,Postcode,176302.000,827212.000,3500,18000,,,,,,,Caol Loch Aillse / Kyle of Lochalsh,http://data.ordnancesurvey.co.uk/id/4000000074343321,http://www.ordnancesurvey.co.uk/xml/codelists/localtype.xml#village,,,,Highland,http://data.ordnancesurvey.co.uk/id/7000000000029638,http://data.ordnancesurvey.co.uk/ontology/admingeo/UnitaryAuthority,Scotland,http://data.ordnancesurvey.co.uk/id/7000000000041429,Scotland,http://data.ordnancesurvey.co.uk/id/country/scotland,,,
IV499BX,http://data.ordnancesurvey.co.uk/id/postcodeunit/IV499BX,IV49 9BX,,,,other,Postcode,164825.000,823098.000,3500,18000,,,,,,,An t-Àth Leathann / Broadford,http://data.ordnancesurvey.co.uk/id/4000000074542543,http://www.ordnancesurvey.co.uk/xml/codelists/localtype.xml#village,,,,Highland,http://data.ordnancesurvey.co.uk/id/7000000000029638,http://data.ordnancesurvey.co.uk/ontology/admingeo/UnitaryAuthority,Scotland,http://data.ordnancesurvey.co.uk/id/7000000000041429,Scotland,http://data.ordnancesurvey.co.uk/id/country/scotland,,,
IV408AW,http://data.ordnancesurvey.co.uk/id/postcodeunit/IV408AW,IV40 8AW,,,,other,Postcode,176355.000,827387.000,3500,18000,,,,,,,Caol Loch Aillse / Kyle of Lochalsh,http://data.ordnancesurvey.co.uk/id/4000000074343321,http://www.ordnancesurvey.co.uk/xml/codelists/localtype.xml#village,,,,Highland,http://data.ordnancesurvey.co.uk/id/7000000000029638,http://data.ordnancesurvey.co.uk/ontology/admingeo/UnitaryAuthority,Scotland,http://data.ordnancesurvey.co.uk/id/7000000000041429,Scotland,http://data.ordnancesurvey.co.uk/id/country/scotland,,,
IV499BD,http://data.ordnancesurvey.co.uk/id/postcodeunit/IV499BD,IV49 9BD,,,,other,Postcode,164094.000,823438.000,3500,18000,,,,,,,An t-Àth Leathann / Broadford,http://data.ordnancesurvey.co.uk/id/4000000074542543,http://www.ordnancesurvey.co.uk/xml/codelists/localtype.xml#village,,,,Highland,http://data.ordnancesurvey.co.uk/id/7000000000029638,http://data.ordnancesurvey.co.uk/ontology/admingeo/UnitaryAuthority,Scotland,http://data.ordnancesurvey.co.uk/id/7000000000041429,Scotland,http://data.ordnancesurvey.co.uk/id/country/scotland,,,
IV408AF,http://data.ordnancesurvey.co.uk/id/postcodeunit/IV408AF,IV40 8AF,,,,other,Postcode,176071.000,827223.000,3500,18000,,,,,,,Caol Loch Aillse / Kyle of Lochalsh,http://data.ordnancesurvey.co.uk/id/4000000074343321,http://www.ordnancesurvey.co.uk/xml/codelists/localtype.xml#village,,,,Highland,http://data.ordnancesurvey.co.uk/id/7000000000029638,http://data.ordnancesurvey.co.uk/ontology/admingeo/UnitaryAuthority,Scotland,http://data.ordnancesurvey.co.uk/id/7000000000041429,Scotland,http://data.ordnancesurvey.co.uk/id/country/scotland,,,
IV418PG,http://data.ordnancesurvey.co.uk/id/postcodeunit/IV418PG,IV41 8PG,,,,other,Postcode,174631.000,827064.000,3500,18000,,,,,,,,,,,,,Highland,http://data.ordnancesurvey.co.uk/id/7000000000029638,http://data.ordnancesurvey.co.uk/ontology/admingeo/UnitaryAuthority,Scotland,http://data.ordnancesurvey.co.uk/id/7000000000041429,Scotland,http://data.ordnancesurvey.co.uk/id/country/scotland,,,
IV408BP,http://data.ordnancesurvey.co.uk/id/postcodeunit/IV408BP,IV40 8BP,,,,other,Postcode,175820.000,827229.000,3500,18000,,,,,,,Caol Loch Aillse / Kyle of Lochalsh,http://data.ordnancesurvey.co.uk/id/4000000074343321,http://www.ordnancesurvey.co.uk/xml/codelists/localtype.xml#village,,,,Highland,http://data.ordnancesurvey.co.uk/id/7000000000029638,http://data.ordnancesurvey.co.uk/ontology/admingeo/UnitaryAuthority,Scotland,http://data.ordnancesurvey.co.uk/id/7000000000041429,Scotland,http://data.ordnancesurvey.co.uk/id/country/scotland,,,
IV548LY,http://data.ordnancesurvey.co.uk/id/postcodeunit/IV548LY,IV54 8LY,,,,other,Postcode,171468.000,838603.000,3500,18000,,,,,,,Toscaig,http://data.ordnancesurvey.co.uk/id/4000000074573719,http://www.ordnancesurvey.co.uk/xml/codelists/localtype.xml#hamlet,,,,Highland,http://data.ordnancesurvey.co.uk/id/7000000000029638,http://data.ordnancesurvey.co.uk/ontology/admingeo/UnitaryAuthority,Scotland,http://data.ordnancesurvey.co.uk/id/7000000000041429,Scotland,http://data.ordnancesurvey.co.uk/id/country/scotland,,,
IV408BQ,http://data.ordnancesurvey.co.uk/id/postcodeunit/IV408BQ,IV40 8BQ,,,,other,Postcode,176342.000,827580.000,3500,18000,,,,,,,Caol Loch Aillse / Kyle of Lochalsh,http://data.ordnancesurvey.co.uk/id/4000000074343321,http://www.ordnancesurvey.co.uk/xml/codelists/localtype.xml#village,,,,Highland,http://data.ordnancesurvey.co.uk/id/7000000000029638,http://data.ordnancesurvey.co.uk/ontology/admingeo/UnitaryAuthority,Scotland,http://data.ordnancesurvey.co.uk/id/7000000000041429,Scotland,http://data.ordnancesurvey.co.uk/id/country/scotland,,,
IV408AJ,http://data.ordnancesurvey.co.uk/id/postcodeunit/IV408AJ,IV40 8AJ,,,,other,Postcode,176424.000,827216.000,3500,18000,,,,,,,Caol Loch Aillse / Kyle of Lochalsh,http://data.ordnancesurvey.co.uk/id/4000000074343321,http://www.ordnancesurvey.co.uk/xml/codelists/localtype.xml#village,,,,Highland,http://data.ordnancesurvey.co.uk/id/7000000000029638,http://data.ordnancesurvey.co.uk/ontology/admingeo/UnitaryAuthority,Scotland,http://data.ordnancesurvey.co.uk/id/7000000000041429,Scotland,http://data.ordnancesurvey.co.uk/id/country/scotland,,,
IV408BZ,http://data.ordnancesurvey.co.uk/id/postcodeunit/IV408BZ,IV40 8BZ,,,,other,Postcode,176180.000,827784.000,3500,18000,,,,,,,Caol Loch Aillse / Kyle of Lochalsh,http://data.ordnancesurvey.co.uk/id/4000000074343321,http://www.ordnancesurvey.co.uk/xml/codelists/localtype.xml#village,,,,Highland,http://data.ordnancesurvey.co.uk/id/7000000000029638,http://data.ordnancesurvey.co.uk/ontology/admingeo/UnitaryAuthority,Scotland,http://data.ordnancesurvey.co.uk/id/7000000000041429,Scotland,http://data.ordnancesurvey.co.uk/id/country/scotland,,,
IV408AU,http://data.ordnancesurvey.co.uk/id/postcodeunit/IV408AU,IV40 8AU,,,,other,Postcode,176101.000,827523.000,3500,18000,,,,,,,Caol Loch Aillse / Kyle of Lochalsh,http://data.ordnancesurvey.co.uk/id/4000000074343321,http://www.ordnancesurvey.co.uk/xml/codelists/localtype.xml#village,,,,Highland,http://data.ordnancesurvey.co.uk/id/7000000000029638,http://data.ordnancesurvey.co.uk/ontology/admingeo/UnitaryAuthority,Scotland,http://data.ordnancesurvey.co.uk/id/7000000000041429,Scotland,http://data.ordnancesurvey.co.uk/id/country/scotland,,,
IV408AS,http://data.ordnancesurvey.co.uk/id/postcodeunit/IV408AS,IV40 8AS,,,,other,Postcode,176471.000,827336.000,3500,18000,,,,,,,Caol Loch Aillse / Kyle of Lochalsh,http://data.ordnancesurvey.co.uk/id/4000000074343321,http://www.ordnancesurvey.co.uk/xml/codelists/localtype.xml#village,,,,Highland,http://data.ordnancesurvey.co.uk/id/7000000000029638,http://data.ordnancesurvey.co.uk/ontology/admingeo/UnitaryAuthority,Scotland,http://data.ordnancesurvey.co.uk/id/7000000000041429,Scotland,http://data.ordnancesurvey.co.uk/id/country/scotland,,,
IV499BU,http://data.ordnancesurvey.co.uk/id/postcodeunit/IV499BU,IV49 9BU,,,,other,Postcode,164823.000,823126.000,3500,18000,,,,,,,An t-Àth Leathann / Broadford,http://data.ordnancesurvey.co.uk/id/4000000074542543,http://www.ordnancesurvey.co.uk/xml/codelists/localtype.xml#village,,,,Highland,http://data.ordnancesurvey.co.uk/id/7000000000029638,http://data.ordnancesurvey.co.uk/ontology/admingeo/UnitaryAuthority,Scotland,http://data.ordnancesurvey.co.uk/id/7000000000041429,Scotland,http://data.ordnancesurvey.co.uk/id/country/scotland,,,
IV499AD,http://data.ordnancesurvey.co.uk/id/postcodeunit/IV499AD,IV49 9AD,,,,other,Postcode,164438.000,823428.000,3500,18000,,,,,,,An t-Àth Leathann / Broadford,http://data.ordnancesurvey.co.uk/id/4000000074542543,http://www.ordnancesurvey.co.uk/xml/codelists/localtype.xml#village,,,,Highland,http://data.ordnancesurvey.co.uk/id/7000000000029638,http://data.ordnancesurvey.co.uk/ontology/admingeo/UnitaryAuthority,Scotland,http://data.ordnancesurvey.co.uk/id/7000000000041429,Scotland,http://data.ordnancesurvey.co.uk/id/country/scotland,,,
IV428PZ,http://data.ordnancesurvey.co.uk/id/postcodeunit/IV428PZ,IV42 8PZ,,,,other,Postcode,169348.000,824068.000,3500,18000,,,,,,,Aisig / Ashaig,http://data.ordnancesurvey.co.uk/id/4000000074543032,http://www.ordnancesurvey.co.uk/xml/codelists/localtype.xml#hamlet,,,,Highland,http://data.ordnancesurvey.co.uk/id/7000000000029638,http://data.ordnancesurvey.co.uk/ontology/admingeo/UnitaryAuthority,Scotland,http://data.ordnancesurvey.co.uk/id/7000000000041429,Scotland,http://data.ordnancesurvey.co.uk/id/country/scotland,,,
IV528TU,http://data.ordnancesurvey.co.uk/id/postcodeunit/IV528TU,IV52 8TU,,,,other,Postcode,179182.000,833081.000,3500,18000,,,,,,,Am Ploc / Plockton,http://data.ordnancesurvey.co.uk/id/4000000074542610,http://www.ordnancesurvey.co.uk/xml/codelists/localtype.xml#village,,,,Highland,http://data.ordnancesurvey.co.uk/id/7000000000029638,http://data.ordnancesurvey.co.uk/ontology/admingeo/UnitaryAuthority,Scotland,http://data.ordnancesurvey.co.uk/id/7000000000041429,Scotland,http://data.ordnancesurvey.co.uk/id/country/scotland,,,
IV408BH,http://data.ordnancesurvey.co.uk/id/postcodeunit/IV408BH,IV40 8BH,,,,other,Postcode,176000.000,827215.000,3500,18000,,,,,,,Caol Loch Aillse / Kyle of Lochalsh,http://data.ordnancesurvey.co.uk/id/4000000074343321,http://www.ordnancesurvey.co.uk/xml/codelists/localtype.xml#village,,,,Highland,http://data.ordnancesurvey.co.uk/id/7000000000029638,http://data.ordnancesurvey.co.uk/ontology/admingeo/UnitaryAuthority,Scotland,http://data.ordnancesurvey.co.uk/id/7000000000041429,Scotland,http://data.ordnancesurvey.co.uk/id/country/scotland,,,
IV408AA,http://data.ordnancesurvey.co.uk/id/postcodeunit/IV408AA,IV40 8AA,,,,other,Postcode,176307.000,827345.000,3500,18000,,,,,,,Caol Loch Aillse / Kyle of Lochalsh,http://data.ordnancesurvey.co.uk/id/4000000074343321,http://www.ordnancesurvey.co.uk/xml/codelists/localtype.xml#village,,,,Highland,http://data.ordnancesurvey.co.uk/id/7000000000029638,http://data.ordnancesurvey.co.uk/ontology/admingeo/UnitaryAuthority,Scotland,http://data.ordnancesurvey.co.uk/id/7000000000041429,Scotland,http://data.ordnancesurvey.co.uk/id/country/scotland,,,
IV408DF,http://data.ordnancesurvey.co.uk/id/postcodeunit/IV408DF,IV40 8DF,,,,other,Postcode,175883.000,827346.000,3500,18000,,,,,,,Caol Loch Aillse / Kyle of Lochalsh,http://data.ordnancesurvey.co.uk/id/4000000074343321,http://www.ordnancesurvey.co.uk/xml/codelists/localtype.xml#village,,,,Highland,http://data.ordnancesurvey.co.uk/id/7000000000029638,http://data.ordnancesurvey.co.uk/ontology/admingeo/UnitaryAuthority,Scotland,http://data.ordnancesurvey.co.uk/id/7000000000041429,Scotland,http://data.ordnancesurvey.co.uk/id/country/scotland,,,
IV428QB,http://data.ordnancesurvey.co.uk/id/postcodeunit/IV428QB,IV42 8QB,,,,other,Postcode,166455.000,822752.000,3500,18000,,,,,,,Sgalamus / Skulamus,http://data.ordnancesurvey.co.uk/id/4000000074542768,http://www.ordnancesurvey.co.uk/xml/codelists/localtype.xml#hamlet,,,,Highland,http://data.ordnancesurvey.co.uk/id/7000000000029638,http://data.ordnancesurvey.co.uk/ontology/admingeo/UnitaryAuthority,Scotland,http://data.ordnancesurvey.co.uk/id/7000000000041429,Scotland,http://data.ordnancesurvey.co.uk/id/country/scotland,,,
IV499BW,http://data.ordnancesurvey.co.uk/id/postcodeunit/IV499BW,IV49 9BW,,,,other,Postcode,164861.000,823068.000,3500,18000,,,,,,,An t-Àth Leathann / Broadford,http://data.ordnancesurvey.co.uk/id/4000000074542543,http://www.ordnancesurvey.co.uk/xml/codelists/localtype.xml#village,,,,Highland,http://data.ordnancesurvey.co.uk/id/7000000000029638,http://data.ordnancesurvey.co.uk/ontology/admingeo/UnitaryAuthority,Scotland,http://data.ordnancesurvey.co.uk/id/7000000000041429,Scotland,http://data.ordnancesurvey.co.uk/id/country/scotland,,,
IV428NH,http://data.ordnancesurvey.co.uk/id/postcodeunit/IV428NH,IV42 8NH,,,,other,Postcode,178712.000,820555.000,3500,18000,,,,,,,Caol Reatha / Kylerhea,http://data.ordnancesurvey.co.uk/id/4000000074337864,http://www.ordnancesurvey.co.uk/xml/codelists/localtype.xml#otherSettlement,,,,Highland,http://data.ordnancesurvey.co.uk/id/7000000000029638,http://data.ordnancesurvey.co.uk/ontology/admingeo/UnitaryAuthority,Scotland,http://data.ordnancesurvey.co.uk/id/7000000000041429,Scotland,http://data.ordnancesurvey.co.uk/id/country/scotland,,,
IV428QD,http://data.ordnancesurvey.co.uk/id/postcodeunit/IV428QD,IV42 8QD,,,,other,Postcode,166050.000,823038.000,3500,18000,,,,,,,,,,,,,Highland,http://data.ordnancesurvey.co.uk/id/7000000000029638,http://data.ordnancesurvey.co.uk/ontology/admingeo/UnitaryAuthority,Scotland,http://data.ordnancesurvey.co.uk/id/7000000000041429,Scotland,http://data.ordnancesurvey.co.uk/id/country/scotland,,,
IV499AB,http://data.ordnancesurvey.co.uk/id/postcodeunit/IV499AB,IV49 9AB,,,,other,Postcode,164043.000,823582.000,3500,18000,,,,,,,An t-Àth Leathann / Broadford,http://data.ordnancesurvey.co.uk/id/4000000074542543,http://www.ordnancesurvey.co.uk/xml/codelists/localtype.xml#village,,,,Highland,http://data.ordnancesurvey.co.uk/id/7000000000029638,http://data.ordnancesurvey.co.uk/ontology/admingeo/UnitaryAuthority,Scotland,http://data.ordnancesurvey.co.uk/id/7000000000041429,Scotland,http://data.ordnancesurvey.co.uk/id/country/scotland,,,
IV528TT,http://data.ordnancesurvey.co.uk/id/postcodeunit/IV528TT,IV52 8TT,,,,other,Postcode,179560.000,833021.000,3500,18000,,,,,,,Am Ploc / Plockton,http://data.ordnancesurvey.co.uk/id/4000000074542610,http://www.ordnancesurvey.co.uk/xml/codelists/localtype.xml#village,,,,Highland,http://data.ordnancesurvey.co.uk/id/7000000000029638,http://data.ordnancesurvey.co.uk/ontology/admingeo/UnitaryAuthority,Scotland,http://data.ordnancesurvey.co.uk/id/7000000000041429,Scotland,http://data.ordnancesurvey.co.uk/id/country/scotland,,,
IV499DE,http://data.ordnancesurvey.co.uk/id/postcodeunit/IV499DE,IV49 9DE,,,,other,Postcode,164626.000,822973.000,3500,18000,,,,,,,An t-Àth Leathann / Broadford,http://data.ordnancesurvey.co.uk/id/4000000074542543,http://www.ordnancesurvey.co.uk/xml/codelists/localtype.xml#village,,,,Highland,http://data.ordnancesurvey.co.uk/id/7000000000029638,http://data.ordnancesurvey.co.uk/ontology/admingeo/UnitaryAuthority,Scotland,http://data.ordnancesurvey.co.uk/id/7000000000041429,Scotland,http://data.ordnancesurvey.co.uk/id/country/scotland,,,
IV408AT,http://data.ordnancesurvey.co.uk/id/postcodeunit/IV408AT,IV40 8AT,,,,other,Postcode,176147.000,827475.000,3500,18000,,,,,,,Caol Loch Aillse / Kyle of Lochalsh,http://data.ordnancesurvey.co.uk/id/4000000074343321,http://www.ordnancesurvey.co.uk/xml/codelists/localtype.xml#village,,,,Highland,http://data.ordnancesurvey.co.uk/id/7000000000029638,http://data.ordnancesurvey.co.uk/ontology/admingeo/UnitaryAuthority,Scotland,http://data.ordnancesurvey.co.uk/id/7000000000041429,Scotland,http://data.ordnancesurvey.co.uk/id/country/scotland,,,
IV499BY,http://data.ordnancesurvey.co.uk/id/postcodeunit/IV499BY,IV49 9BY,,,,other,Postcode,165677.000,823005.000,3500,18000,,,,,,,Harrapul / Harrapool,http://data.ordnancesurvey.co.uk/id/4000000074549430,http://www.ordnancesurvey.co.uk/xml/codelists/localtype.xml#village,,,,Highland,http://data.ordnancesurvey.co.uk/id/7000000000029638,http://data.ordnancesurvey.co.uk/ontology/admingeo/UnitaryAuthority,Scotland,http://data.ordnancesurvey.co.uk/id/7000000000041429,Scotland,http://data.ordnancesurvey.co.uk/id/country/scotland,,,
IV408AQ,http://data.ordnancesurvey.co.uk/id/postcodeunit/IV408AQ,IV40 8AQ,,,,other,Postcode,176246.000,827134.000,3500,18000,,,,,,,Caol Loch Aillse / Kyle of Lochalsh,http://data.ordnancesurvey.co.uk/id/4000000074343321,http://www.ordnancesurvey.co.uk/xml/codelists/localtype.xml#village,,,,Highland,http://data.ordnancesurvey.co.uk/id/7000000000029638,http://data.ordnancesurvey.co.uk/ontology/admingeo/UnitaryAuthority,Scotland,http://data.ordnancesurvey.co.uk/id/7000000000041429,Scotland,http://data.ordnancesurvey.co.uk/id/country/scotland,,,
IV499AA,http://data.ordnancesurvey.co.uk/id/postcodeunit/IV499AA,IV49 9AA,,,,other,Postcode,164145.000,824085.000,3500,18000,,,,,,,An t-Àth Leathann / Broadford,http://data.ordnancesurvey.co.uk/id/4000000074542543,http://www.ordnancesurvey.co.uk/xml/codelists/localtype.xml#village,,,,Highland,http://data.ordnancesurvey.co.uk/id/7000000000029638,http://data.ordnancesurvey.co.uk/ontology/admingeo/UnitaryAuthority,Scotland,http://data.ordnancesurvey.co.uk/id/7000000000041429,Scotland,http://data.ordnancesurvey.co.uk/id/country/scotland,,,
IV499AP,http://data.ordnancesurvey.co.uk/id/postcodeunit/IV499AP,IV49 9AP,,,,other,Postcode,163853.000,823918.000,3500,18000,,,,,,,An t-Àth Leathann / Broadford,http://data.ordnancesurvey.co.uk/id/4000000074542543,http://www.ordnancesurvey.co.uk/xml/codelists/localtype.xml#village,,,,Highland,http://data.ordnancesurvey.co.uk/id/7000000000029638,http://data.ordnancesurvey.co.uk/ontology/admingeo/UnitaryAuthority,Scotland,http://data.ordnancesurvey.co.uk/id/7000000000041429,Scotland,http://data.ordnancesurvey.co.uk/id/country/scotland,,,
IV499DB,http://data.ordnancesurvey.co.uk/id/postcodeunit/IV499DB,IV49 9DB,,,,other,Postcode,164064.000,823367.000,3500,18000,,,,,,,An t-Àth Leathann / Broadford,http://data.ordnancesurvey.co.uk/id/4000000074542543,http://www.ordnancesurvey.co.uk/xml/codelists/localtype.xml#village,,,,Highland,http://data.ordnancesurvey.co.uk/id/7000000000029638,http://data.ordnancesurvey.co.uk/ontology/admingeo/UnitaryAuthority,Scotland,http://data.ordnancesurvey.co.uk/id/7000000000041429,Scotland,http://data.ordnancesurvey.co.uk/id/country/scotland,,,
IV458YD,http://data.ordnancesurvey.co.uk/id/postcodeunit/IV458YD,IV45 8YD,,,,other,Postcode,176307.000,827345.000,3500,18000,,,,,,,Caol Loch Aillse / Kyle of Lochalsh,http://data.ordnancesurvey.co.uk/id/4000000074343321,http://www.ordnancesurvey.co.uk/xml/codelists/localtype.xml#village,,,,Highland,http://data.ordnancesurvey.co.uk/id/7000000000029638,http://data.ordnancesurvey.co.uk/ontology/admingeo/UnitaryAuthority,Scotland,http://data.ordnancesurvey.co.uk/id/7000000000041429,Scotland,http://data.ordnancesurvey.co.uk/id/country/scotland,,,
IV499BF,http://data.ordnancesurvey.co.uk/id/postcodeunit/IV499BF,IV49 9BF,,,,other,Postcode,164289.000,823476.000,3500,18000,,,,,,,An t-Àth Leathann / Broadford,http://data.ordnancesurvey.co.uk/id/4000000074542543,http://www.ordnancesurvey.co.uk/xml/codelists/localtype.xml#village,,,,Highland,http://data.ordnancesurvey.co.uk/id/7000000000029638,http://data.ordnancesurvey.co.uk/ontology/admingeo/UnitaryAuthority,Scotland,http://data.ordnancesurvey.co.uk/id/7000000000041429,Scotland,http://data.ordnancesurvey.co.uk/id/country/scotland,,,
IV408BT,http://data.ordnancesurvey.co.uk/id/postcodeunit/IV408BT,IV40 8BT,,,,other,Postcode,175718.000,827297.000,3500,18000,,,,,,,Caol Loch Aillse / Kyle of Lochalsh,http://data.ordnancesurvey.co.uk/id/4000000074343321,http://www.ordnancesurvey.co.uk/xml/codelists/localtype.xml#village,,,,Highland,http://data.ordnancesurvey.co.uk/id/7000000000029638,http://data.ordnancesurvey.co.uk/ontology/admingeo/UnitaryAuthority,Scotland,http://data.ordnancesurvey.co.uk/id/7000000000041429,Scotland,http://data.ordnancesurvey.co.uk/id/country/scotland,,,
IV408AD,http://data.ordnancesurvey.co.uk/id/postcodeunit/IV408AD,IV40 8AD,,,,other,Postcode,176089.000,827406.000,3500,18000,,,,,,,Caol Loch Aillse / Kyle of Lochalsh,http://data.ordnancesurvey.co.uk/id/4000000074343321,http://www.ordnancesurvey.co.uk/xml/codelists/localtype.xml#village,,,,Highland,http://data.ordnancesurvey.co.uk/id/7000000000029638,http://data.ordnancesurvey.co.uk/ontology/admingeo/UnitaryAuthority,Scotland,http://data.ordnancesurvey.co.uk/id/7000000000041429,Scotland,http://data.ordnancesurvey.co.uk/id/country/scotland,,,
IV408DB,http://data.ordnancesurvey.co.uk/id/postcodeunit/IV408DB,IV40 8DB,,,,other,Postcode,175895.000,827883.000,3500,18000,,,,,,,Caol Loch Aillse / Kyle of Lochalsh,http://data.ordnancesurvey.co.uk/id/4000000074343321,http://www.ordnancesurvey.co.uk/xml/codelists/localtype.xml#village,,,,Highland,http://data.ordnancesurvey.co.uk/id/7000000000029638,http://data.ordnancesurvey.co.uk/ontology/admingeo/UnitaryAuthority,Scotland,http://data.ordnancesurvey.co.uk/id/7000000000041429,Scotland,http://data.ordnancesurvey.co.uk/id/country/scotland,,,
IV418PF,http://data.ordnancesurvey.co.uk/id/postcodeunit/IV418PF,IV41 8PF,,,,other,Postcode,174974.000,826411.000,3500,18000,,,,,,,Caol Acain / Kyleakin,http://data.ordnancesurvey.co.uk/id/4000000074542834,http://www.ordnancesurvey.co.uk/xml/codelists/localtype.xml#village,,,,Highland,http://data.ordnancesurvey.co.uk/id/7000000000029638,http://data.ordnancesurvey.co.uk/ontology/admingeo/UnitaryAuthority,Scotland,http://data.ordnancesurvey.co.uk/id/7000000000041429,Scotland,http://data.ordnancesurvey.co.uk/id/country/scotland,,,
IV408BW,http://data.ordnancesurvey.co.uk/id/postcodeunit/IV408BW,IV40 8BW,,,,other,Postcode,175993.000,827285.000,3500,18000,,,,,,,Caol Loch Aillse / Kyle of Lochalsh,http://data.ordnancesurvey.co.uk/id/4000000074343321,http://www.ordnancesurvey.co.uk/xml/codelists/localtype.xml#village,,,,Highland,http://data.ordnancesurvey.co.uk/id/7000000000029638,http://data.ordnancesurvey.co.uk/ontology/admingeo/UnitaryAuthority,Scotland,http://data.ordnancesurvey.co.uk/id/7000000000041429,Scotland,http://data.ordnancesurvey.co.uk/id/country/scotland,,,
IV418PJ,http://data.ordnancesurvey.co.uk/id/postcodeunit/IV418PJ,IV41 8PJ,,,,other,Postcode,174862.000,826413.000,3500,18000,,,,,,,Caol Acain / Kyleakin,http://data.ordnancesurvey.co.uk/id/4000000074542834,http://www.ordnancesurvey.co.uk/xml/codelists/localtype.xml#village,,,,Highland,http://data.ordnancesurvey.co.uk/id/7000000000029638,http://data.ordnancesurvey.co.uk/ontology/admingeo/UnitaryAuthority,Scotland,http://data.ordnancesurvey.co.uk/id/7000000000041429,Scotland,http://data.ordnancesurvey.co.uk/id/country/scotland,,,
IV408LH,http://data.ordnancesurvey.co.uk/id/postcodeunit/IV408LH,IV40 8LH,,,,other,Postcode,176098.000,827964.000,3500,18000,,,,,,,Caol Loch Aillse / Kyle of Lochalsh,http://data.ordnancesurvey.co.uk/id/4000000074343321,http://www.ordnancesurvey.co.uk/xml/codelists/localtype.xml#village,,,,Highland,http://data.ordnancesurvey.co.uk/id/7000000000029638,http://data.ordnancesurvey.co.uk/ontology/admingeo/UnitaryAuthority,Scotland,http://data.ordnancesurvey.co.uk/id/7000000000041429,Scotland,http://data.ordnancesurvey.co.uk/id/country/scotland,,,
IV528TX,http://data.ordnancesurvey.co.uk/id/postcodeunit/IV528TX,IV52 8TX,,,,other,Postcode,179384.000,832892.000,3500,18000,,,,,,,Am Ploc / Plockton,http://data.ordnancesurvey.co.uk/id/4000000074542610,http://www.ordnancesurvey.co.uk/xml/codelists/localtype.xml#village,,,,Highland,http://data.ordnancesurvey.co.uk/id/7000000000029638,http://data.ordnancesurvey.co.uk/ontology/admingeo/UnitaryAuthority,Scotland,http://data.ordnancesurvey.co.uk/id/7000000000041429,Scotland,http://data.ordnancesurvey.co.uk/id/country/scotland,,,
IV499DQ,http://data.ordnancesurvey.co.uk/id/postcodeunit/IV499DQ,IV49 9DQ,,,,other,Postcode,165144.000,823142.000,3500,18000,,,,,,,Harrapul / Harrapool,http://data.ordnancesurvey.co.uk/id/4000000074549430,http://www.ordnancesurvey.co.uk/xml/codelists/localtype.xml#village,,,,Highland,http://data.ordnancesurvey.co.uk/id/7000000000029638,http://data.ordnancesurvey.co.uk/ontology/admingeo/UnitaryAuthority,Scotland,http://data.ordnancesurvey.co.uk/id/7000000000041429,Scotland,http://data.ordnancesurvey.co.uk/id/country/scotland,,,
IV418WZ,http://data.ordnancesurvey.co.uk/id/postcodeunit/IV418WZ,IV41 8WZ,,,,other,Postcode,176307.000,827345.000,3500,18000,,,,,,,Caol Loch Aillse / Kyle of Lochalsh,http://data.ordnancesurvey.co.uk/id/4000000074343321,http://www.ordnancesurvey.co.uk/xml/codelists/localtype.xml#village,,,,Highland,http://data.ordnancesurvey.co.uk/id/7000000000029638,http://data.ordnancesurvey.co.uk/ontology/admingeo/UnitaryAuthority,Scotland,http://data.ordnancesurvey.co.uk/id/7000000000041429,Scotland,http://data.ordnancesurvey.co.uk/id/country/scotland,,,
IV499AG,http://data.ordnancesurvey.co.uk/id/postcodeunit/IV499AG,IV49 9AG,,,,other,Postcode,164657.000,823250.000,3500,18000,,,,,,,An t-Àth Leathann / Broadford,http://data.ordnancesurvey.co.uk/id/4000000074542543,http://www.ordnancesurvey.co.uk/xml/codelists/localtype.xml#village,,,,Highland,http://data.ordnancesurvey.co.uk/id/7000000000029638,http://data.ordnancesurvey.co.uk/ontology/admingeo/UnitaryAuthority,Scotland,http://data.ordnancesurvey.co.uk/id/7000000000041429,Scotland,http://data.ordnancesurvey.co.uk/id/country/scotland,,,
IV408AH,http://data.ordnancesurvey.co.uk/id/postcodeunit/IV408AH,IV40 8AH,,,,other,Postcode,176375.000,827254.000,3500,18000,,,,,,,Caol Loch Aillse / Kyle of Lochalsh,http://data.ordnancesurvey.co.uk/id/4000000074343321,http://www.ordnancesurvey.co.uk/xml/codelists/localtype.xml#village,,,,Highland,http://data.ordnancesurvey.co.uk/id/7000000000029638,http://data.ordnancesurvey.co.uk/ontology/admingeo/UnitaryAuthority,Scotland,http://data.ordnancesurvey.co.uk/id/7000000000041429,Scotland,http://data.ordnancesurvey.co.uk/id/country/scotland,,,
IV408BN,http://data.ordnancesurvey.co.uk/id/postcodeunit/IV408BN,IV40 8BN,,,,other,Postcode,175944.000,827287.000,3500,18000,,,,,,,Caol Loch Aillse / Kyle of Lochalsh,http://data.ordnancesurvey.co.uk/id/4000000074343321,http://www.ordnancesurvey.co.uk/xml/codelists/localtype.xml#village,,,,Highland,http://data.ordnancesurvey.co.uk/id/7000000000029638,http://data.ordnancesurvey.co.uk/ontology/admingeo/UnitaryAuthority,Scotland,http://data.ordnancesurvey.co.uk/id/7000000000041429,Scotland,http://data.ordnancesurvey.co.uk/id/country/scotland,,,
IV418PS,http://data.ordnancesurvey.co.uk/id/postcodeunit/IV418PS,IV41 8PS,,,,other,Postcode,174826.000,826396.000,3500,18000,,,,,,,Caol Acain / Kyleakin,http://data.ordnancesurvey.co.uk/id/4000000074542834,http://www.ordnancesurvey.co.uk/xml/codelists/localtype.xml#village,,,,Highland,http://data.ordnancesurvey.co.uk/id/7000000000029638,http://data.ordnancesurvey.co.uk/ontology/admingeo/UnitaryAuthority,Scotland,http://data.ordnancesurvey.co.uk/id/7000000000041429,Scotland,http://data.ordnancesurvey.co.uk/id/country/scotland,,,
IV499AQ,http://data.ordnancesurvey.co.uk/id/postcodeunit/IV499AQ,IV49 9AQ,,,,other,Postcode,165124.000,823186.000,3500,18000,,,,,,,Harrapul / Harrapool,http://data.ordnancesurvey.co.uk/id/4000000074549430,http://www.ordnancesurvey.co.uk/xml/codelists/localtype.xml#village,,,,Highland,http://data.ordnancesurvey.co.uk/id/7000000000029638,http://data.ordnancesurvey.co.uk/ontology/admingeo/UnitaryAuthority,Scotland,http://data.ordnancesurvey.co.uk/id/7000000000041429,Scotland,http://data.ordnancesurvey.co.uk/id/country/scotland,,,
IV408AG,http://data.ordnancesurvey.co.uk/id/postcodeunit/IV408AG,IV40 8AG,,,,other,Postcode,176124.000,827204.000,3500,18000,,,,,,,Caol Loch Aillse / Kyle of Lochalsh,http://data.ordnancesurvey.co.uk/id/4000000074343321,http://www.ordnancesurvey.co.uk/xml/codelists/localtype.xml#village,,,,Highland,http://data.ordnancesurvey.co.uk/id/7000000000029638,http://data.ordnancesurvey.co.uk/ontology/admingeo/UnitaryAuthority,Scotland,http://data.ordnancesurvey.co.uk/id/7000000000041429,Scotland,http://data.ordnancesurvey.co.uk/id/country/scotland,,,
IV499BS,http://data.ordnancesurvey.co.uk/id/postcodeunit/IV499BS,IV49 9BS,,,,other,Postcode,163084.000,828312.000,3500,18000,,,,,,,,,,,,,Highland,http://data.ordnancesurvey.co.uk/id/7000000000029638,http://data.ordnancesurvey.co.uk/ontology/admingeo/UnitaryAuthority,Scotland,http://data.ordnancesurvey.co.uk/id/7000000000041429,Scotland,http://data.ordnancesurvey.co.uk/id/country/scotland,,,
IV408BX,http://data.ordnancesurvey.co.uk/id/postcodeunit/IV408BX,IV40 8BX,,,,other,Postcode,175888.000,827375.000,3500,18000,,,,,,,Caol Loch Aillse / Kyle of Lochalsh,http://data.ordnancesurvey.co.uk/id/4000000074343321,http://www.ordnancesurvey.co.uk/xml/codelists/localtype.xml#village,,,,Highland,http://data.ordnancesurvey.co.uk/id/7000000000029638,http://data.ordnancesurvey.co.uk/ontology/admingeo/UnitaryAuthority,Scotland,http://data.ordnancesurvey.co.uk/id/7000000000041429,Scotland,http://data.ordnancesurvey.co.uk/id/country/scotland,,,
IV528TF,http://data.ordnancesurvey.co.uk/id/postcodeunit/IV528TF,IV52 8TF,,,,other,Postcode,179434.000,832889.000,3500,18000,,,,,,,Am Ploc / Plockton,http://data.ordnancesurvey.co.uk/id/4000000074542610,http://www.ordnancesurvey.co.uk/xml/codelists/localtype.xml#village,,,,Highland,http://data.ordnancesurvey.co.uk/id/7000000000029638,http://data.ordnancesurvey.co.uk/ontology/admingeo/UnitaryAuthority,Scotland,http://data.ordnancesurvey.co.uk/id/7000000000041429,Scotland,http://data.ordnancesurvey.co.uk/id/country/scotland,,,
IV499AL,http://data.ordnancesurvey.co.uk/id/postcodeunit/IV499AL,IV49 9AL,,,,other,Postcode,160489.000,826767.000,3500,18000,,,,,,,,,,,,,Highland,http://data.ordnancesurvey.co.uk/id/7000000000029638,http://data.ordnancesurvey.co.uk/ontology/admingeo/UnitaryAuthority,Scotland,http://data.ordnancesurvey.co.uk/id/7000000000041429,Scotland,http://data.ordnancesurvey.co.uk/id/country/scotland,,,
IV418PH,http://data.ordnancesurvey.co.uk/id/postcodeunit/IV418PH,IV41 8PH,,,,other,Postcode,175025.000,826349.000,3500,18000,,,,,,,Caol Acain / Kyleakin,http://data.ordnancesurvey.co.uk/id/4000000074542834,http://www.ordnancesurvey.co.uk/xml/codelists/localtype.xml#village,,,,Highland,http://data.ordnancesurvey.co.uk/id/7000000000029638,http://data.ordnancesurvey.co.uk/ontology/admingeo/UnitaryAuthority,Scotland,http://data.ordnancesurvey.co.uk/id/7000000000041429,Scotland,http://data.ordnancesurvey.co.uk/id/country/scotland,,,
IV499AS,http://data.ordnancesurvey.co.uk/id/postcodeunit/IV499AS,IV49 9AS,,,,other,Postcode,162107.000,820896.000,3500,18000,,,,,,,,,,,,,Highland,http://data.ordnancesurvey.co.uk/id/7000000000029638,http://data.ordnancesurvey.co.uk/ontology/admingeo/UnitaryAuthority,Scotland,http://data.ordnancesurvey.co.uk/id/7000000000041429,Scotland,http://data.ordnancesurvey.co.uk/id/country/scotland,,,
IV528TD,http://data.ordnancesurvey.co.uk/id/postcodeunit/IV528TD,IV52 8TD,,,,other,Postcode,179436.000,832793.000,3500,18000,,,,,,,Am Ploc / Plockton,http://data.ordnancesurvey.co.uk/id/4000000074542610,http://www.ordnancesurvey.co.uk/xml/codelists/localtype.xml#village,,,,Highland,http://data.ordnancesurvey.co.uk/id/7000000000029638,http://data.ordnancesurvey.co.uk/ontology/admingeo/UnitaryAuthority,Scotland,http://data.ordnancesurvey.co.uk/id/7000000000041429,Scotland,http://data.ordnancesurvey.co.uk/id/country/scotland,,,
IV408BL,http://data.ordnancesurvey.co.uk/id/postcodeunit/IV408BL,IV40 8BL,,,,other,Postcode,176037.000,827360.000,3500,18000,,,,,,,Caol Loch Aillse / Kyle of Lochalsh,http://data.ordnancesurvey.co.uk/id/4000000074343321,http://www.ordnancesurvey.co.uk/xml/codelists/localtype.xml#village,,,,Highland,http://data.ordnancesurvey.co.uk/id/7000000000029638,http://data.ordnancesurvey.co.uk/ontology/admingeo/UnitaryAuthority,Scotland,http://data.ordnancesurvey.co.uk/id/7000000000041429,Scotland,http://data.ordnancesurvey.co.uk/id/country/scotland,,,
IV499BH,http://data.ordnancesurvey.co.uk/id/postcodeunit/IV499BH,IV49 9BH,,,,other,Postcode,164238.000,823258.000,3500,18000,,,,,,,An t-Àth Leathann / Broadford,http://data.ordnancesurvey.co.uk/id/4000000074542543,http://www.ordnancesurvey.co.uk/xml/codelists/localtype.xml#village,,,,Highland,http://data.ordnancesurvey.co.uk/id/7000000000029638,http://data.ordnancesurvey.co.uk/ontology/admingeo/UnitaryAuthority,Scotland,http://data.ordnancesurvey.co.uk/id/7000000000041429,Scotland,http://data.ordnancesurvey.co.uk/id/country/scotland,,,
IV499DA,http://data.ordnancesurvey.co.uk/id/postcodeunit/IV499DA,IV49 9DA,,,,other,Postcode,163943.000,823333.000,3500,18000,,,,,,,An t-Àth Leathann / Broadford,http://data.ordnancesurvey.co.uk/id/4000000074542543,http://www.ordnancesurvey.co.uk/xml/codelists/localtype.xml#village,,,,Highland,http://data.ordnancesurvey.co.uk/id/7000000000029638,http://data.ordnancesurvey.co.uk/ontology/admingeo/UnitaryAuthority,Scotland,http://data.ordnancesurvey.co.uk/id/7000000000041429,Scotland,http://data.ordnancesurvey.co.uk/id/country/scotland,,,
IV408DD,http://data.ordnancesurvey.co.uk/id/postcodeunit/IV408DD,IV40 8DD,,,,other,Postcode,176189.000,827581.000,3500,18000,,,,,,,Caol Loch Aillse / Kyle of Lochalsh,http://data.ordnancesurvey.co.uk/id/4000000074343321,http://www.ordnancesurvey.co.uk/xml/codelists/localtype.xml#village,,,,Highland,http://data.ordnancesurvey.co.uk/id/7000000000029638,http://data.ordnancesurvey.co.uk/ontology/admingeo/UnitaryAuthority,Scotland,http://data.ordnancesurvey.co.uk/id/7000000000041429,Scotland,http://data.ordnancesurvey.co.uk/id/country/scotland,,,
IV408BB,http://data.ordnancesurvey.co.uk/id/postcodeunit/IV408BB,IV40 8BB,,,,other,Postcode,176126.000,829484.000,3500,18000,,,,,,,Erbusaig,http://data.ordnancesurvey.co.uk/id/4000000074572362,http://www.ordnancesurvey.co.uk/xml/codelists/localtype.xml#hamlet,,,,Highland,http://data.ordnancesurvey.co.uk/id/7000000000029638,http://data.ordnancesurvey.co.uk/ontology/admingeo/UnitaryAuthority,Scotland,http://data.ordnancesurvey.co.uk/id/7000000000041429,Scotland,http://data.ordnancesurvey.co.uk/id/country/scotland,,,
IV418PT,http://data.ordnancesurvey.co.uk/id/postcodeunit/IV418PT,IV41 8PT,,,,other,Postcode,174795.000,826413.000,3500,18000,,,,,,,Caol Acain / Kyleakin,http://data.ordnancesurvey.co.uk/id/4000000074542834,http://www.ordnancesurvey.co.uk/xml/codelists/localtype.xml#village,,,,Highland,http://data.ordnancesurvey.co.uk/id/7000000000029638,http://data.ordnancesurvey.co.uk/ontology/admingeo/UnitaryAuthority,Scotland,http://data.ordnancesurvey.co.uk/id/7000000000041429,Scotland,http://data.ordnancesurvey.co.uk/id/country/scotland,,,
IV499AW,http://data.ordnancesurvey.co.uk/id/postcodeunit/IV499AW,IV49 9AW,,,,other,Postcode,164103.000,823762.000,3500,18000,,,,,,,An t-Àth Leathann / Broadford,http://data.ordnancesurvey.co.uk/id/4000000074542543,http://www.ordnancesurvey.co.uk/xml/codelists/localtype.xml#village,,,,Highland,http://data.ordnancesurvey.co.uk/id/7000000000029638,http://data.ordnancesurvey.co.uk/ontology/admingeo/UnitaryAuthority,Scotland,http://data.ordnancesurvey.co.uk/id/7000000000041429,Scotland,http://data.ordnancesurvey.co.uk/id/country/scotland,,,
osgb4000000003451885,http://data.ordnancesurvey.co.uk/id/4000000003451885,Skylark Court,,,,transportNetwork,Named Road,164070.441,823339.476,1000,20000,164041.500,823300.694,164101.698,823361.761,IV49,http://data.ordnancesurvey.co.uk/id/postcodedistrict/IV49,An t-Àth Leathann / Broadford,http://data.ordnancesurvey.co.uk/id/4000000074542543,http://www.ordnancesurvey.co.uk/xml/codelists/localtype.xml#village,,,,Highland,http://data.ordnancesurvey.co.uk/id/7000000000029638,http://data.ordnancesurvey.co.uk/ontology/admingeo/UnitaryAuthority,Scotland,http://data.ordnancesurvey.co.uk/id/7000000000041429,Scotland,http://data.ordnancesurvey.co.uk/id/country/scotland,,,
osgb4000000003445946,http://data.ordnancesurvey.co.uk/id/4000000003445946,Mackenzie Place,,,,transportNetwork,Named Road,176112.000,827947.000,1000,20000,176081.527,827927.397,176134.000,827970.000,IV40,http://data.ordnancesurvey.co.uk/id/postcodedistrict/IV40,Caol Loch Aillse / Kyle of Lochalsh,http://data.ordnancesurvey.co.uk/id/4000000074343321,http://www.ordnancesurvey.co.uk/xml/codelists/localtype.xml#village,,,,Highland,http://data.ordnancesurvey.co.uk/id/7000000000029638,http://data.ordnancesurvey.co.uk/ontology/admingeo/UnitaryAuthority,Scotland,http://data.ordnancesurvey.co.uk/id/7000000000041429,Scotland,http://data.ordnancesurvey.co.uk/id/country/scotland,,,
osgb4000000003452839,http://data.ordnancesurvey.co.uk/id/4000000003452839,Liveras Park,eng,Pairc Laorais,gla,transportNetwork,Named Road,164089.522,823757.767,1000,20000,164087.592,823684.591,164107.014,823811.968,IV49,http://data.ordnancesurvey.co.uk/id/postcodedistrict/IV49,An t-Àth Leathann / Broadford,http://data.ordnancesurvey.co.uk/id/4000000074542543,http://www.ordnancesurvey.co.uk/xml/codelists/localtype.xml#village,,,,Highland,http://data.ordnancesurvey.co.uk/id/7000000000029638,http://data.ordnancesurvey.co.uk/ontology/admingeo/UnitaryAuthority,Scotland,http://data.ordnancesurvey.co.uk/id/7000000000041429,Scotland,http://data.ordnancesurvey.co.uk/id/country/scotland,,,
osgb4000000003445867,http://data.ordnancesurvey.co.uk/id/4000000003445867,Station Road,,,,transportNetwork,Named Road,176242.544,827257.913,2000,20000,176110.000,827257.000,176434.722,827275.207,IV40,http://data.ordnancesurvey.co.uk/id/postcodedistrict/IV40,Caol Loch Aillse / Kyle of Lochalsh,http://data.ordnancesurvey.co.uk/id/4000000074343321,http://www.ordnancesurvey.co.uk/xml/codelists/localtype.xml#village,,,,Highland,http://data.ordnancesurvey.co.uk/id/7000000000029638,http://data.ordnancesurvey.co.uk/ontology/admingeo/UnitaryAuthority,Scotland,http://data.ordnancesurvey.co.uk/id/7000000000041429,Scotland,http://data.ordnancesurvey.co.uk/id/country/scotland,,,
osgb4000000003445953,http://data.ordnancesurvey.co.uk/id/4000000003445953,Crowlin Road,,,,transportNetwork,Named Road,174812.000,826509.000,1000,20000,174806.263,826489.965,174816.000,826522.000,IV41,http://data.ordnancesurvey.co.uk/id/postcodedistrict/IV41,Caol Acain / Kyleakin,http://data.ordnancesurvey.co.uk/id/4000000074542834,http://www.ordnancesurvey.co.uk/xml/codelists/localtype.xml#village,,,,Highland,http://data.ordnancesurvey.co.uk/id/7000000000029638,http://data.ordnancesurvey.co.uk/ontology/admingeo/UnitaryAuthority,Scotland,http://data.ordnancesurvey.co.uk/id/7000000000041429,Scotland,http://data.ordnancesurvey.co.uk/id/country/scotland,,,
osgb4000000003453563,http://data.ordnancesurvey.co.uk/id/4000000003453563,Burnside,,,,transportNetwork,Named Road,179384.131,832756.327,1000,20000,179384.131,832756.327,179419.323,832783.761,IV52,http://data.ordnancesurvey.co.uk/id/postcodedistrict/IV52,,,,,,,Highland,http://data.ordnancesurvey.co.uk/id/7000000000029638,http://data.ordnancesurvey.co.uk/ontology/admingeo/UnitaryAuthority,Scotland,http://data.ordnancesurvey.co.uk/id/7000000000041429,Scotland,http://data.ordnancesurvey.co.uk/id/country/scotland,,,
osgb4000000003445873,http://data.ordnancesurvey.co.uk/id/4000000003445873,Cnoc Terrace,,,,transportNetwork,Named Road,176303.000,827474.000,1000,20000,176248.000,827390.000,176364.000,827515.327,IV40,http://data.ordnancesurvey.co.uk/id/postcodedistrict/IV40,Caol Loch Aillse / Kyle of Lochalsh,http://data.ordnancesurvey.co.uk/id/4000000074343321,http://www.ordnancesurvey.co.uk/xml/codelists/localtype.xml#village,,,,Highland,http://data.ordnancesurvey.co.uk/id/7000000000029638,http://data.ordnancesurvey.co.uk/ontology/admingeo/UnitaryAuthority,Scotland,http://data.ordnancesurvey.co.uk/id/7000000000041429,Scotland,http://data.ordnancesurvey.co.uk/id/country/scotland,,,
osgb4000000003445880,http://data.ordnancesurvey.co.uk/id/4000000003445880,Station Road,,,,transportNetwork,Named Road,179417.000,832940.000,1000,20000,179365.352,832873.598,179490.023,833002.457,IV52,http://data.ordnancesurvey.co.uk/id/postcodedistrict/IV52,Am Ploc / Plockton,http://data.ordnancesurvey.co.uk/id/4000000074542610,http://www.ordnancesurvey.co.uk/xml/codelists/localtype.xml#village,,,,Highland,http://data.ordnancesurvey.co.uk/id/7000000000029638,http://data.ordnancesurvey.co.uk/ontology/admingeo/UnitaryAuthority,Scotland,http://data.ordnancesurvey.co.uk/id/7000000000041429,Scotland,http://data.ordnancesurvey.co.uk/id/country/scotland,,,
osgb4000000003445943,http://data.ordnancesurvey.co.uk/id/4000000003445943,Sraid Uilleim Rois,,,,transportNetwork,Named Road,164833.000,823084.000,1000,20000,164807.974,823079.000,164851.000,823089.775,IV49,http://data.ordnancesurvey.co.uk/id/postcodedistrict/IV49,An t-Àth Leathann / Broadford,http://data.ordnancesurvey.co.uk/id/4000000074542543,http://www.ordnancesurvey.co.uk/xml/codelists/localtype.xml#village,,,,Highland,http://data.ordnancesurvey.co.uk/id/7000000000029638,http://data.ordnancesurvey.co.uk/ontology/admingeo/UnitaryAuthority,Scotland,http://data.ordnancesurvey.co.uk/id/7000000000041429,Scotland,http://data.ordnancesurvey.co.uk/id/country/scotland,,,
osgb4000000003445872,http://data.ordnancesurvey.co.uk/id/4000000003445872,Douglas Row,,,,transportNetwork,Named Road,176145.000,827439.000,1000,20000,176111.872,827386.450,176171.000,827518.922,IV40,http://data.ordnancesurvey.co.uk/id/postcodedistrict/IV40,Caol Loch Aillse / Kyle of Lochalsh,http://data.ordnancesurvey.co.uk/id/4000000074343321,http://www.ordnancesurvey.co.uk/xml/codelists/localtype.xml#village,,,,Highland,http://data.ordnancesurvey.co.uk/id/7000000000029638,http://data.ordnancesurvey.co.uk/ontology/admingeo/UnitaryAuthority,Scotland,http://data.ordnancesurvey.co.uk/id/7000000000041429,Scotland,http://data.ordnancesurvey.co.uk/id/country/scotland,,,
osgb4000000003445871,http://data.ordnancesurvey.co.uk/id/4000000003445871,Langlands Terrace,,,,transportNetwork,Named Road,176377.365,827358.522,1000,20000,176330.000,827275.207,176434.722,827458.000,IV40,http://data.ordnancesurvey.co.uk/id/postcodedistrict/IV40,Caol Loch Aillse / Kyle of Lochalsh,http://data.ordnancesurvey.co.uk/id/4000000074343321,http://www.ordnancesurvey.co.uk/xml/codelists/localtype.xml#village,,,,Highland,http://data.ordnancesurvey.co.uk/id/7000000000029638,http://data.ordnancesurvey.co.uk/ontology/admingeo/UnitaryAuthority,Scotland,http://data.ordnancesurvey.co.uk/id/7000000000041429,Scotland,http://data.ordnancesurvey.co.uk/id/country/scotland,,,
osgb4000000003445918,http://data.ordnancesurvey.co.uk/id/4000000003445918,School Road,,,,transportNetwork,Named Road,176109.000,827901.000,1000,20000,176017.867,827864.644,176179.000,827962.000,IV40,http://data.ordnancesurvey.co.uk/id/postcodedistrict/IV40,Caol Loch Aillse / Kyle of Lochalsh,http://data.ordnancesurvey.co.uk/id/4000000074343321,http://www.ordnancesurvey.co.uk/xml/codelists/localtype.xml#village,,,,Highland,http://data.ordnancesurvey.co.uk/id/7000000000029638,http://data.ordnancesurvey.co.uk/ontology/admingeo/UnitaryAuthority,Scotland,http://data.ordnancesurvey.co.uk/id/7000000000041429,Scotland,http://data.ordnancesurvey.co.uk/id/country/scotland,,,
osgb4000000003452834,http://data.ordnancesurvey.co.uk/id/4000000003452834,Ford Road,eng,Rathad Na H-Atha,gla,transportNetwork,Named Road,163819.430,823774.776,2000,20000,163671.513,823669.999,164009.368,823855.442,IV49,http://data.ordnancesurvey.co.uk/id/postcodedistrict/IV49,An t-Àth Leathann / Broadford,http://data.ordnancesurvey.co.uk/id/4000000074542543,http://www.ordnancesurvey.co.uk/xml/codelists/localtype.xml#village,,,,Highland,http://data.ordnancesurvey.co.uk/id/7000000000029638,http://data.ordnancesurvey.co.uk/ontology/admingeo/UnitaryAuthority,Scotland,http://data.ordnancesurvey.co.uk/id/7000000000041429,Scotland,http://data.ordnancesurvey.co.uk/id/country/scotland,,,
osgb4000000003452836,http://data.ordnancesurvey.co.uk/id/4000000003452836,Bayview Crescent,eng,Sealladh A' Bhaigh,gla,transportNetwork,Named Road,164076.110,823426.236,1000,20000,163984.000,823387.190,164196.313,823521.000,IV49,http://data.ordnancesurvey.co.uk/id/postcodedistrict/IV49,An t-Àth Leathann / Broadford,http://data.ordnancesurvey.co.uk/id/4000000074542543,http://www.ordnancesurvey.co.uk/xml/codelists/localtype.xml#village,,,,Highland,http://data.ordnancesurvey.co.uk/id/7000000000029638,http://data.ordnancesurvey.co.uk/ontology/admingeo/UnitaryAuthority,Scotland,http://data.ordnancesurvey.co.uk/id/7000000000041429,Scotland,http://data.ordnancesurvey.co.uk/id/country/scotland,,,
osgb4000000003445917,http://data.ordnancesurvey.co.uk/id/4000000003445917,Kyle Terrace,,,,transportNetwork,Named Road,176205.000,827743.000,1000,20000,176194.000,827731.000,176217.000,827802.000,IV40,http://data.ordnancesurvey.co.uk/id/postcodedistrict/IV40,Caol Loch Aillse / Kyle of Lochalsh,http://data.ordnancesurvey.co.uk/id/4000000074343321,http://www.ordnancesurvey.co.uk/xml/codelists/localtype.xml#village,,,,Highland,http://data.ordnancesurvey.co.uk/id/7000000000029638,http://data.ordnancesurvey.co.uk/ontology/admingeo/UnitaryAuthority,Scotland,http://data.ordnancesurvey.co.uk/id/7000000000041429,Scotland,http://data.ordnancesurvey.co.uk/id/country/scotland,,,
osgb4000000003445945,http://data.ordnancesurvey.co.uk/id/4000000003445945,Seaview,eng,Faire Chuain,gla,transportNetwork,Named Road,176457.000,827314.000,1000,20000,176432.000,827303.000,176492.120,827338.551,IV40,http://data.ordnancesurvey.co.uk/id/postcodedistrict/IV40,Caol Loch Aillse / Kyle of Lochalsh,http://data.ordnancesurvey.co.uk/id/4000000074343321,http://www.ordnancesurvey.co.uk/xml/codelists/localtype.xml#village,,,,Highland,http://data.ordnancesurvey.co.uk/id/7000000000029638,http://data.ordnancesurvey.co.uk/ontology/admingeo/UnitaryAuthority,Scotland,http://data.ordnancesurvey.co.uk/id/7000000000041429,Scotland,http://data.ordnancesurvey.co.uk/id/country/scotland,,,
osgb4000000003448024,http://data.ordnancesurvey.co.uk/id/4000000003448024,Sraid Nicconnich,,,,transportNetwork,Named Road,164851.000,823079.000,1000,20000,164831.557,823034.000,164867.354,823141.270,IV49,http://data.ordnancesurvey.co.uk/id/postcodedistrict/IV49,An t-Àth Leathann / Broadford,http://data.ordnancesurvey.co.uk/id/4000000074542543,http://www.ordnancesurvey.co.uk/xml/codelists/localtype.xml#village,,,,Highland,http://data.ordnancesurvey.co.uk/id/7000000000029638,http://data.ordnancesurvey.co.uk/ontology/admingeo/UnitaryAuthority,Scotland,http://data.ordnancesurvey.co.uk/id/7000000000041429,Scotland,http://data.ordnancesurvey.co.uk/id/country/scotland,,,
osgb4000000003452835,http://data.ordnancesurvey.co.uk/id/4000000003452835,An Rathad Ard,gla,High Road,eng,transportNetwork,Named Road,164020.000,823824.000,2000,20000,163971.333,823713.536,164092.000,824041.000,IV49,http://data.ordnancesurvey.co.uk/id/postcodedistrict/IV49,An t-Àth Leathann / Broadford,http://data.ordnancesurvey.co.uk/id/4000000074542543,http://www.ordnancesurvey.co.uk/xml/codelists/localtype.xml#village,,,,Highland,http://data.ordnancesurvey.co.uk/id/7000000000029638,http://data.ordnancesurvey.co.uk/ontology/admingeo/UnitaryAuthority,Scotland,http://data.ordnancesurvey.co.uk/id/7000000000041429,Scotland,http://data.ordnancesurvey.co.uk/id/country/scotland,,,
osgb4000000003448023,http://data.ordnancesurvey.co.uk/id/4000000003448023,Boreraig Place,eng,Ionad Bhoraraig,gla,transportNetwork,Named Road,164239.558,823303.464,1000,20000,164212.854,823267.049,164267.799,823343.278,IV49,http://data.ordnancesurvey.co.uk/id/postcodedistrict/IV49,An t-Àth Leathann / Broadford,http://data.ordnancesurvey.co.uk/id/4000000074542543,http://www.ordnancesurvey.co.uk/xml/codelists/localtype.xml#village,,,,Highland,http://data.ordnancesurvey.co.uk/id/7000000000029638,http://data.ordnancesurvey.co.uk/ontology/admingeo/UnitaryAuthority,Scotland,http://data.ordnancesurvey.co.uk/id/7000000000041429,Scotland,http://data.ordnancesurvey.co.uk/id/country/scotland,,,
osgb5000005204332283,http://data.ordnancesurvey.co.uk/id/5000005204332283,Old School Square,,Ceàrnag Na Seann Sgoile,,transportNetwork,Named Road,165152.584,823127.641,1000,20000,165123.751,823091.000,165159.540,823154.249,IV49,http://data.ordnancesurvey.co.uk/id/postcodedistrict/IV49,Harrapul / Harrapool,http://data.ordnancesurvey.co.uk/id/4000000074549430,http://www.ordnancesurvey.co.uk/xml/codelists/localtype.xml#village,,,,Highland,http://data.ordnancesurvey.co.uk/id/7000000000029638,http://data.ordnancesurvey.co.uk/ontology/admingeo/UnitaryAuthority,Scotland,http://data.ordnancesurvey.co.uk/id/7000000000041429,Scotland,http://data.ordnancesurvey.co.uk/id/country/scotland,,,
osgb4000000003445803,http://data.ordnancesurvey.co.uk/id/4000000003445803,Church Road,,,,transportNetwork,Named Road,176171.000,827613.000,2000,20000,176171.000,827481.000,176242.000,827745.000,IV40,http://data.ordnancesurvey.co.uk/id/postcodedistrict/IV40,Caol Loch Aillse / Kyle of Lochalsh,http://data.ordnancesurvey.co.uk/id/4000000074343321,http://www.ordnancesurvey.co.uk/xml/codelists/localtype.xml#village,,,,Highland,http://data.ordnancesurvey.co.uk/id/7000000000029638,http://data.ordnancesurvey.co.uk/ontology/admingeo/UnitaryAuthority,Scotland,http://data.ordnancesurvey.co.uk/id/7000000000041429,Scotland,http://data.ordnancesurvey.co.uk/id/country/scotland,,,
osgb4000000003445784,http://data.ordnancesurvey.co.uk/id/4000000003445784,Main Street,,,,transportNetwork,Named Road,176285.000,827667.000,5000,20000,176110.000,827262.000,176317.000,827962.000,IV40,http://data.ordnancesurvey.co.uk/id/postcodedistrict/IV40,Caol Loch Aillse / Kyle of Lochalsh,http://data.ordnancesurvey.co.uk/id/4000000074343321,http://www.ordnancesurvey.co.uk/xml/codelists/localtype.xml#village,,,,Highland,http://data.ordnancesurvey.co.uk/id/7000000000029638,http://data.ordnancesurvey.co.uk/ontology/admingeo/UnitaryAuthority,Scotland,http://data.ordnancesurvey.co.uk/id/7000000000041429,Scotland,http://data.ordnancesurvey.co.uk/id/country/scotland,,,
osgb4000000003445944,http://data.ordnancesurvey.co.uk/id/4000000003445944,Hamilton Place,,,,transportNetwork,Named Road,175947.000,827278.000,1000,20000,175936.277,827270.052,175976.859,827293.056,IV40,http://data.ordnancesurvey.co.uk/id/postcodedistrict/IV40,Caol Loch Aillse / Kyle of Lochalsh,http://data.ordnancesurvey.co.uk/id/4000000074343321,http://www.ordnancesurvey.co.uk/xml/codelists/localtype.xml#village,,,,Highland,http://data.ordnancesurvey.co.uk/id/7000000000029638,http://data.ordnancesurvey.co.uk/ontology/admingeo/UnitaryAuthority,Scotland,http://data.ordnancesurvey.co.uk/id/7000000000041429,Scotland,http://data.ordnancesurvey.co.uk/id/country/scotland,,,
osgb4000000003445914,http://data.ordnancesurvey.co.uk/id/4000000003445914,Heathmount Road,,,,transportNetwork,Named Road,175829.000,827332.000,1000,20000,175767.027,827274.897,175864.048,827395.374,IV40,http://data.ordnancesurvey.co.uk/id/postcodedistrict/IV40,Caol Loch Aillse / Kyle of Lochalsh,http://data.ordnancesurvey.co.uk/id/4000000074343321,http://www.ordnancesurvey.co.uk/xml/codelists/localtype.xml#village,,,,Highland,http://data.ordnancesurvey.co.uk/id/7000000000029638,http://data.ordnancesurvey.co.uk/ontology/admingeo/UnitaryAuthority,Scotland,http://data.ordnancesurvey.co.uk/id/7000000000041429,Scotland,http://data.ordnancesurvey.co.uk/id/country/scotland,,,
osgb4000000003452838,http://data.ordnancesurvey.co.uk/id/4000000003452838,Riverbank,eng,Bruach Na H Aibhne Or,gla,transportNetwork,Named Road,163904.980,823670.665,1000,20000,163877.707,823580.298,163935.000,823715.000,IV49,http://data.ordnancesurvey.co.uk/id/postcodedistrict/IV49,An t-Àth Leathann / Broadford,http://data.ordnancesurvey.co.uk/id/4000000074542543,http://www.ordnancesurvey.co.uk/xml/codelists/localtype.xml#village,,,,Highland,http://data.ordnancesurvey.co.uk/id/7000000000029638,http://data.ordnancesurvey.co.uk/ontology/admingeo/UnitaryAuthority,Scotland,http://data.ordnancesurvey.co.uk/id/7000000000041429,Scotland,http://data.ordnancesurvey.co.uk/id/country/scotland,,,
osgb4000000003445801,http://data.ordnancesurvey.co.uk/id/4000000003445801,Olaf Road,,,,transportNetwork,Named Road,174941.000,826401.000,1000,20000,174838.675,826388.000,175048.000,826431.091,IV41,http://data.ordnancesurvey.co.uk/id/postcodedistrict/IV41,Caol Acain / Kyleakin,http://data.ordnancesurvey.co.uk/id/4000000074542834,http://www.ordnancesurvey.co.uk/xml/codelists/localtype.xml#village,,,,Highland,http://data.ordnancesurvey.co.uk/id/7000000000029638,http://data.ordnancesurvey.co.uk/ontology/admingeo/UnitaryAuthority,Scotland,http://data.ordnancesurvey.co.uk/id/7000000000041429,Scotland,http://data.ordnancesurvey.co.uk/id/country/scotland,,,
osgb4000000003445863,http://data.ordnancesurvey.co.uk/id/4000000003445863,Achmore Road,,,,transportNetwork,Named Road,174818.000,826387.000,1000,20000,174762.282,826376.000,174879.000,826417.000,IV41,http://data.ordnancesurvey.co.uk/id/postcodedistrict/IV41,Caol Acain / Kyleakin,http://data.ordnancesurvey.co.uk/id/4000000074542834,http://www.ordnancesurvey.co.uk/xml/codelists/localtype.xml#village,,,,Highland,http://data.ordnancesurvey.co.uk/id/7000000000029638,http://data.ordnancesurvey.co.uk/ontology/admingeo/UnitaryAuthority,Scotland,http://data.ordnancesurvey.co.uk/id/7000000000041429,Scotland,http://data.ordnancesurvey.co.uk/id/country/scotland,,,
osgb4000000003445865,http://data.ordnancesurvey.co.uk/id/4000000003445865,Kyleside,,,,transportNetwork,Named Road,174835.000,826516.000,2000,20000,174707.297,826459.000,175011.000,826558.455,IV41,http://data.ordnancesurvey.co.uk/id/postcodedistrict/IV41,Caol Acain / Kyleakin,http://data.ordnancesurvey.co.uk/id/4000000074542834,http://www.ordnancesurvey.co.uk/xml/codelists/localtype.xml#village,,,,Highland,http://data.ordnancesurvey.co.uk/id/7000000000029638,http://data.ordnancesurvey.co.uk/ontology/admingeo/UnitaryAuthority,Scotland,http://data.ordnancesurvey.co.uk/id/7000000000041429,Scotland,http://data.ordnancesurvey.co.uk/id/country/scotland,,,
osgb4000000003445869,http://data.ordnancesurvey.co.uk/id/4000000003445869,Heathmount Place,,,,transportNetwork,Named Road,175787.809,827259.671,2000,20000,175676.000,827256.000,175943.000,827317.000,IV40,http://data.ordnancesurvey.co.uk/id/postcodedistrict/IV40,Caol Loch Aillse / Kyle of Lochalsh,http://data.ordnancesurvey.co.uk/id/4000000074343321,http://www.ordnancesurvey.co.uk/xml/codelists/localtype.xml#village,,,,Highland,http://data.ordnancesurvey.co.uk/id/7000000000029638,http://data.ordnancesurvey.co.uk/ontology/admingeo/UnitaryAuthority,Scotland,http://data.ordnancesurvey.co.uk/id/7000000000041429,Scotland,http://data.ordnancesurvey.co.uk/id/country/scotland,,,
osgb4000000003451886,http://data.ordnancesurvey.co.uk/id/4000000003451886,Lime Park,,,,transportNetwork,Named Road,164712.054,823276.195,1000,20000,164645.469,823215.478,164752.585,823320.006,IV49,http://data.ordnancesurvey.co.uk/id/postcodedistrict/IV49,An t-Àth Leathann / Broadford,http://data.ordnancesurvey.co.uk/id/4000000074542543,http://www.ordnancesurvey.co.uk/xml/codelists/localtype.xml#village,,,,Highland,http://data.ordnancesurvey.co.uk/id/7000000000029638,http://data.ordnancesurvey.co.uk/ontology/admingeo/UnitaryAuthority,Scotland,http://data.ordnancesurvey.co.uk/id/7000000000041429,Scotland,http://data.ordnancesurvey.co.uk/id/country/scotland,,,
osgb4000000003445875,http://data.ordnancesurvey.co.uk/id/4000000003445875,Main Street,,,,transportNetwork,Named Road,177626.000,831091.000,1000,20000,177575.060,830992.540,177715.497,831192.000,IV40,http://data.ordnancesurvey.co.uk/id/postcodedistrict/IV40,Drumbuie,http://data.ordnancesurvey.co.uk/id/4000000074572364,http://www.ordnancesurvey.co.uk/xml/codelists/localtype.xml#hamlet,,,,Highland,http://data.ordnancesurvey.co.uk/id/7000000000029638,http://data.ordnancesurvey.co.uk/ontology/admingeo/UnitaryAuthority,Scotland,http://data.ordnancesurvey.co.uk/id/7000000000041429,Scotland,http://data.ordnancesurvey.co.uk/id/country/scotland,,,
osgb4000000003445861,http://data.ordnancesurvey.co.uk/id/4000000003445861,Cul A' Chuirn,,,,transportNetwork,Named Road,164728.628,823181.778,1000,20000,164703.005,823160.995,164753.887,823215.478,IV49,http://data.ordnancesurvey.co.uk/id/postcodedistrict/IV49,An t-Àth Leathann / Broadford,http://data.ordnancesurvey.co.uk/id/4000000074542543,http://www.ordnancesurvey.co.uk/xml/codelists/localtype.xml#village,,,,Highland,http://data.ordnancesurvey.co.uk/id/7000000000029638,http://data.ordnancesurvey.co.uk/ontology/admingeo/UnitaryAuthority,Scotland,http://data.ordnancesurvey.co.uk/id/7000000000041429,Scotland,http://data.ordnancesurvey.co.uk/id/country/scotland,,,
osgb4000000003445800,http://data.ordnancesurvey.co.uk/id/4000000003445800,Old Kyle Farm Road,,,,transportNetwork,Named Road,174328.000,826183.000,3000,20000,174316.000,825964.997,174354.000,826415.161,IV41,http://data.ordnancesurvey.co.uk/id/postcodedistrict/IV41,Caol Acain / Kyleakin,http://data.ordnancesurvey.co.uk/id/4000000074542834,http://www.ordnancesurvey.co.uk/xml/codelists/localtype.xml#village,,,,Highland,http://data.ordnancesurvey.co.uk/id/7000000000029638,http://data.ordnancesurvey.co.uk/ontology/admingeo/UnitaryAuthority,Scotland,http://data.ordnancesurvey.co.uk/id/7000000000041429,Scotland,http://data.ordnancesurvey.co.uk/id/country/scotland,,,
osgb4000000003445874,http://data.ordnancesurvey.co.uk/id/4000000003445874,An T-Sraid,,,,transportNetwork,Named Road,176235.000,829642.000,1000,20000,176201.000,829608.000,176269.262,829719.825,IV40,http://data.ordnancesurvey.co.uk/id/postcodedistrict/IV40,Erbusaig,http://data.ordnancesurvey.co.uk/id/4000000074572362,http://www.ordnancesurvey.co.uk/xml/codelists/localtype.xml#hamlet,,,,Highland,http://data.ordnancesurvey.co.uk/id/7000000000029638,http://data.ordnancesurvey.co.uk/ontology/admingeo/UnitaryAuthority,Scotland,http://data.ordnancesurvey.co.uk/id/7000000000041429,Scotland,http://data.ordnancesurvey.co.uk/id/country/scotland,,,
osgb4000000003452837,http://data.ordnancesurvey.co.uk/id/4000000003452837,Pairc Nan Craobh,,,,transportNetwork,Named Road,163891.000,823940.000,2000,20000,163748.000,823837.000,164032.636,824033.537,IV49,http://data.ordnancesurvey.co.uk/id/postcodedistrict/IV49,An t-Àth Leathann / Broadford,http://data.ordnancesurvey.co.uk/id/4000000074542543,http://www.ordnancesurvey.co.uk/xml/codelists/localtype.xml#village,,,,Highland,http://data.ordnancesurvey.co.uk/id/7000000000029638,http://data.ordnancesurvey.co.uk/ontology/admingeo/UnitaryAuthority,Scotland,http://data.ordnancesurvey.co.uk/id/7000000000041429,Scotland,http://data.ordnancesurvey.co.uk/id/country/scotland,,,
osgb4000000003445864,http://data.ordnancesurvey.co.uk/id/4000000003445864,King Street,,,,transportNetwork,Named Road,175048.000,826388.000,1000,20000,174955.000,826336.000,175065.000,826441.000,IV41,http://data.ordnancesurvey.co.uk/id/postcodedistrict/IV41,Caol Acain / Kyleakin,http://data.ordnancesurvey.co.uk/id/4000000074542834,http://www.ordnancesurvey.co.uk/xml/codelists/localtype.xml#village,,,,Highland,http://data.ordnancesurvey.co.uk/id/7000000000029638,http://data.ordnancesurvey.co.uk/ontology/admingeo/UnitaryAuthority,Scotland,http://data.ordnancesurvey.co.uk/id/7000000000041429,Scotland,http://data.ordnancesurvey.co.uk/id/country/scotland,,,
osgb4000000003451998,http://data.ordnancesurvey.co.uk/id/4000000003451998,Clobhsa Nan Cuaraidhean,,,,transportNetwork,Named Road,163978.737,823309.886,1000,20000,163947.597,823283.616,164007.050,823338.834,IV49,http://data.ordnancesurvey.co.uk/id/postcodedistrict/IV49,An t-Àth Leathann / Broadford,http://data.ordnancesurvey.co.uk/id/4000000074542543,http://www.ordnancesurvey.co.uk/xml/codelists/localtype.xml#village,,,,Highland,http://data.ordnancesurvey.co.uk/id/7000000000029638,http://data.ordnancesurvey.co.uk/ontology/admingeo/UnitaryAuthority,Scotland,http://data.ordnancesurvey.co.uk/id/7000000000041429,Scotland,http://data.ordnancesurvey.co.uk/id/country/scotland,,,
osgb4000000003445862,http://data.ordnancesurvey.co.uk/id/4000000003445862,Sraid Na H-Atha,,,,transportNetwork,Named Road,164545.948,823471.768,1000,20000,164537.918,823424.847,164552.241,823510.786,IV49,http://data.ordnancesurvey.co.uk/id/postcodedistrict/IV49,An t-Àth Leathann / Broadford,http://data.ordnancesurvey.co.uk/id/4000000074542543,http://www.ordnancesurvey.co.uk/xml/codelists/localtype.xml#village,,,,Highland,http://data.ordnancesurvey.co.uk/id/7000000000029638,http://data.ordnancesurvey.co.uk/ontology/admingeo/UnitaryAuthority,Scotland,http://data.ordnancesurvey.co.uk/id/7000000000041429,Scotland,http://data.ordnancesurvey.co.uk/id/country/scotland,,,
osgb4000000003445870,http://data.ordnancesurvey.co.uk/id/4000000003445870,Old Plock Road,,,,transportNetwork,Named Road,176039.595,827295.490,1000,20000,175943.000,827256.000,176117.950,827353.022,IV40,http://data.ordnancesurvey.co.uk/id/postcodedistrict/IV40,Caol Loch Aillse / Kyle of Lochalsh,http://data.ordnancesurvey.co.uk/id/4000000074343321,http://www.ordnancesurvey.co.uk/xml/codelists/localtype.xml#village,,,,Highland,http://data.ordnancesurvey.co.uk/id/7000000000029638,http://data.ordnancesurvey.co.uk/ontology/admingeo/UnitaryAuthority,Scotland,http://data.ordnancesurvey.co.uk/id/7000000000041429,Scotland,http://data.ordnancesurvey.co.uk/id/country/scotland,,,
osgb4000000003445916,http://data.ordnancesurvey.co.uk/id/4000000003445916,Wemyss Place,,,,transportNetwork,Named Road,176053.178,827821.376,1000,20000,176022.000,827781.454,176083.000,827887.212,IV40,http://data.ordnancesurvey.co.uk/id/postcodedistrict/IV40,Caol Loch Aillse / Kyle of Lochalsh,http://data.ordnancesurvey.co.uk/id/4000000074343321,http://www.ordnancesurvey.co.uk/xml/codelists/localtype.xml#village,,,,Highland,http://data.ordnancesurvey.co.uk/id/7000000000029638,http://data.ordnancesurvey.co.uk/ontology/admingeo/UnitaryAuthority,Scotland,http://data.ordnancesurvey.co.uk/id/7000000000041429,Scotland,http://data.ordnancesurvey.co.uk/id/country/scotland,,,
osgb4000000003445802,http://data.ordnancesurvey.co.uk/id/4000000003445802,Plock Road,,,,transportNetwork,Named Road,176062.000,827358.000,1000,20000,175976.859,827293.056,176158.000,827389.373,IV40,http://data.ordnancesurvey.co.uk/id/postcodedistrict/IV40,Caol Loch Aillse / Kyle of Lochalsh,http://data.ordnancesurvey.co.uk/id/4000000074343321,http://www.ordnancesurvey.co.uk/xml/codelists/localtype.xml#village,,,,Highland,http://data.ordnancesurvey.co.uk/id/7000000000029638,http://data.ordnancesurvey.co.uk/ontology/admingeo/UnitaryAuthority,Scotland,http://data.ordnancesurvey.co.uk/id/7000000000041429,Scotland,http://data.ordnancesurvey.co.uk/id/country/scotland,,,
osgb4000000003448070,http://data.ordnancesurvey.co.uk/id/4000000003448070,Pladaig Road,,,,transportNetwork,Named Road,175946.051,827747.834,2000,20000,175907.487,827619.893,176171.642,827949.873,IV40,http://data.ordnancesurvey.co.uk/id/postcodedistrict/IV40,Caol Loch Aillse / Kyle of Lochalsh,http://data.ordnancesurvey.co.uk/id/4000000074343321,http://www.ordnancesurvey.co.uk/xml/codelists/localtype.xml#village,,,,Highland,http://data.ordnancesurvey.co.uk/id/7000000000029638,http://data.ordnancesurvey.co.uk/ontology/admingeo/UnitaryAuthority,Scotland,http://data.ordnancesurvey.co.uk/id/7000000000041429,Scotland,http://data.ordnancesurvey.co.uk/id/country/scotland,,,
osgb4000000003445915,http://data.ordnancesurvey.co.uk/id/4000000003445915,Railway Terrace,,,,transportNetwork,Named Road,176387.103,827287.986,1000,20000,176326.725,827282.000,176423.851,827319.926,IV40,http://data.ordnancesurvey.co.uk/id/postcodedistrict/IV40,Caol Loch Aillse / Kyle of Lochalsh,http://data.ordnancesurvey.co.uk/id/4000000074343321,http://www.ordnancesurvey.co.uk/xml/codelists/localtype.xml#village,,,,Highland,http://data.ordnancesurvey.co.uk/id/7000000000029638,http://data.ordnancesurvey.co.uk/ontology/admingeo/UnitaryAuthority,Scotland,http://data.ordnancesurvey.co.uk/id/7000000000041429,Scotland,http://data.ordnancesurvey.co.uk/id/country/scotland,,,
osgb4000000003445868,http://data.ordnancesurvey.co.uk/id/4000000003445868,Lochalsh Road,,,,transportNetwork,Named Road,175851.000,827213.000,1000,20000,175740.984,827202.179,175943.000,827256.000,IV40,http://data.ordnancesurvey.co.uk/id/postcodedistrict/IV40,Caol Loch Aillse / Kyle of Lochalsh,http://data.ordnancesurvey.co.uk/id/4000000074343321,http://www.ordnancesurvey.co.uk/xml/codelists/localtype.xml#village,,,,Highland,http://data.ordnancesurvey.co.uk/id/7000000000029638,http://data.ordnancesurvey.co.uk/ontology/admingeo/UnitaryAuthority,Scotland,http://data.ordnancesurvey.co.uk/id/7000000000041429,Scotland,http://data.ordnancesurvey.co.uk/id/country/scotland,,,
osgb4000000003445866,http://data.ordnancesurvey.co.uk/id/4000000003445866,Meuse Lane,,,,transportNetwork,Named Road,175194.000,826373.000,2000,20000,175048.000,826354.000,175332.000,826388.000,IV41,http://data.ordnancesurvey.co.uk/id/postcodedistrict/IV41,Caol Acain / Kyleakin,http://data.ordnancesurvey.co.uk/id/4000000074542834,http://www.ordnancesurvey.co.uk/xml/codelists/localtype.xml#village,,,,Highland,http://data.ordnancesurvey.co.uk/id/7000000000029638,http://data.ordnancesurvey.co.uk/ontology/admingeo/UnitaryAuthority,Scotland,http://data.ordnancesurvey.co.uk/id/7000000000041429,Scotland,http://data.ordnancesurvey.co.uk/id/country/scotland,,,
IV499AR,http://data.ordnancesurvey.co.uk/id/postcodeunit/IV499AR,IV49 9AR,,,,other,Postcode,163878.000,823638.000,3500,18000,,,,,,,An t-Àth Leathann / Broadford,http://data.ordnancesurvey.co.uk/id/4000000074542543,http://www.ordnancesurvey.co.uk/xml/codelists/localtype.xml#village,,,,Highland,http://data.ordnancesurvey.co.uk/id/7000000000029638,http://data.ordnancesurvey.co.uk/ontology/admingeo/UnitaryAuthority,Scotland,http://data.ordnancesurvey.co.uk/id/7000000000041429,Scotland,http://data.ordnancesurvey.co.uk/id/country/scotland,,,
IV499AE,http://data.ordnancesurvey.co.uk/id/postcodeunit/IV499AE,IV49 9AE,,,,other,Postcode,164720.000,823240.000,3500,18000,,,,,,,An t-Àth Leathann / Broadford,http://data.ordnancesurvey.co.uk/id/4000000074542543,http://www.ordnancesurvey.co.uk/xml/codelists/localtype.xml#village,,,,Highland,http://data.ordnancesurvey.co.uk/id/7000000000029638,http://data.ordnancesurvey.co.uk/ontology/admingeo/UnitaryAuthority,Scotland,http://data.ordnancesurvey.co.uk/id/7000000000041429,Scotland,http://data.ordnancesurvey.co.uk/id/country/scotland,,,
IV499AF,http://data.ordnancesurvey.co.uk/id/postcodeunit/IV499AF,IV49 9AF,,,,other,Postcode,164708.000,823314.000,3500,18000,,,,,,,An t-Àth Leathann / Broadford,http://data.ordnancesurvey.co.uk/id/4000000074542543,http://www.ordnancesurvey.co.uk/xml/codelists/localtype.xml#village,,,,Highland,http://data.ordnancesurvey.co.uk/id/7000000000029638,http://data.ordnancesurvey.co.uk/ontology/admingeo/UnitaryAuthority,Scotland,http://data.ordnancesurvey.co.uk/id/7000000000041429,Scotland,http://data.ordnancesurvey.co.uk/id/country/scotland,,,
IV408DE,http://data.ordnancesurvey.co.uk/id/postcodeunit/IV408DE,IV40 8DE,,,,other,Postcode,176067.000,827826.000,3500,18000,,,,,,,Caol Loch Aillse / Kyle of Lochalsh,http://data.ordnancesurvey.co.uk/id/4000000074343321,http://www.ordnancesurvey.co.uk/xml/codelists/localtype.xml#village,,,,Highland,http://data.ordnancesurvey.co.uk/id/7000000000029638,http://data.ordnancesurvey.co.uk/ontology/admingeo/UnitaryAuthority,Scotland,http://data.ordnancesurvey.co.uk/id/7000000000041429,Scotland,http://data.ordnancesurvey.co.uk/id/country/scotland,,,
IV418PR,http://data.ordnancesurvey.co.uk/id/postcodeunit/IV418PR,IV41 8PR,,,,other,Postcode,174333.000,826142.000,3500,18000,,,,,,,Caol Acain / Kyleakin,http://data.ordnancesurvey.co.uk/id/4000000074542834,http://www.ordnancesurvey.co.uk/xml/codelists/localtype.xml#village,,,,Highland,http://data.ordnancesurvey.co.uk/id/7000000000029638,http://data.ordnancesurvey.co.uk/ontology/admingeo/UnitaryAuthority,Scotland,http://data.ordnancesurvey.co.uk/id/7000000000041429,Scotland,http://data.ordnancesurvey.co.uk/id/country/scotland,,,
IV428PY,http://data.ordnancesurvey.co.uk/id/postcodeunit/IV428PY,IV42 8PY,,,,other,Postcode,167919.000,823231.000,3500,18000,,,,,,,Breacais Ard / Breakish,http://data.ordnancesurvey.co.uk/id/4000000074337805,http://www.ordnancesurvey.co.uk/xml/codelists/localtype.xml#village,,,,Highland,http://data.ordnancesurvey.co.uk/id/7000000000029638,http://data.ordnancesurvey.co.uk/ontology/admingeo/UnitaryAuthority,Scotland,http://data.ordnancesurvey.co.uk/id/7000000000041429,Scotland,http://data.ordnancesurvey.co.uk/id/country/scotland,,,
IV408AL,http://data.ordnancesurvey.co.uk/id/postcodeunit/IV408AL,IV40 8AL,,,,other,Postcode,176371.000,827313.000,3500,18000,,,,,,,Caol Loch Aillse / Kyle of Lochalsh,http://data.ordnancesurvey.co.uk/id/4000000074343321,http://www.ordnancesurvey.co.uk/xml/codelists/localtype.xml#village,,,,Highland,http://data.ordnancesurvey.co.uk/id/7000000000029638,http://data.ordnancesurvey.co.uk/ontology/admingeo/UnitaryAuthority,Scotland,http://data.ordnancesurvey.co.uk/id/7000000000041429,Scotland,http://data.ordnancesurvey.co.uk/id/country/scotland,,,
osgb5000005204422550,http://data.ordnancesurvey.co.uk/id/5000005204422550,Glas Eilean Court,,,,transportNetwork,Named Road,165656.458,822995.765,1000,20000,165647.750,822994.000,165666.250,823034.500,IV49,http://data.ordnancesurvey.co.uk/id/postcodedistrict/IV49,Harrapul / Harrapool,http://data.ordnancesurvey.co.uk/id/4000000074549430,http://www.ordnancesurvey.co.uk/xml/codelists/localtype.xml#village,,,,Highland,http://data.ordnancesurvey.co.uk/id/7000000000029638,http://data.ordnancesurvey.co.uk/ontology/admingeo/UnitaryAuthority,Scotland,http://data.ordnancesurvey.co.uk/id/7000000000041429,Scotland,http://data.ordnancesurvey.co.uk/id/country/scotland,,,
osgb5000005191722226,http://data.ordnancesurvey.co.uk/id/5000005191722226,School Wynd,,,,transportNetwork,Named Road,176085.280,827927.397,1000,20000,176073.564,827920.796,176085.280,827927.397,IV40,http://data.ordnancesurvey.co.uk/id/postcodedistrict/IV40,Caol Loch Aillse / Kyle of Lochalsh,http://data.ordnancesurvey.co.uk/id/4000000074343321,http://www.ordnancesurvey.co.uk/xml/codelists/localtype.xml#village,,,,Highland,http://data.ordnancesurvey.co.uk/id/7000000000029638,http://data.ordnancesurvey.co.uk/ontology/admingeo/UnitaryAuthority,Scotland,http://data.ordnancesurvey.co.uk/id/7000000000041429,Scotland,http://data.ordnancesurvey.co.uk/id/country/scotland,,,
osgb4000000003445913,http://data.ordnancesurvey.co.uk/id/4000000003445913,Stoney Road,,,,transportNetwork,Named Road,176266.000,827333.000,1000,20000,176226.531,827263.604,176346.122,827432.677,IV41,http://data.ordnancesurvey.co.uk/id/postcodedistrict/IV41,Caol Loch Aillse / Kyle of Lochalsh,http://data.ordnancesurvey.co.uk/id/4000000074343321,http://www.ordnancesurvey.co.uk/xml/codelists/localtype.xml#village,,,,Highland,http://data.ordnancesurvey.co.uk/id/7000000000029638,http://data.ordnancesurvey.co.uk/ontology/admingeo/UnitaryAuthority,Scotland,http://data.ordnancesurvey.co.uk/id/7000000000041429,Scotland,http://data.ordnancesurvey.co.uk/id/country/scotland,,,
42abc035-9ae2-4238-aa90-293fd6f1a6f4,http://data.ordnancesurvey.co.uk/id/42abc035-9ae2-4238-aa90-293fd6f1a6f4,Pairc Nan Craobh,,,,transportNetwork,Section Of Named Road,163891.000,823940.000,2000,25000,163748.000,823837.000,164032.636,824033.537,IV49,http://data.ordnancesurvey.co.uk/id/postcodedistrict/IV49,An t-Àth Leathann / Broadford,http://data.ordnancesurvey.co.uk/id/4000000074542543,http://www.ordnancesurvey.co.uk/xml/codelists/localtype.xml#village,,,,Highland,http://data.ordnancesurvey.co.uk/id/7000000000029638,http://data.ordnancesurvey.co.uk/ontology/admingeo/UnitaryAuthority,Scotland,http://data.ordnancesurvey.co.uk/id/7000000000041429,Scotland,http://data.ordnancesurvey.co.uk/id/country/scotland,osgb4000000003452837,,
osgb4000000074543120,http://data.ordnancesurvey.co.uk/id/4000000074543120,Pairc an Aoil,gla,Limepark,eng,populatedPlace,Suburban Area,164813.000,823185.000,2000,25000,164469.638,823010.509,164969.638,823510.509,IV49,http://data.ordnancesurvey.co.uk/id/postcodedistrict/IV49,,,,,,,Highland,http://data.ordnancesurvey.co.uk/id/7000000000029638,http://data.ordnancesurvey.co.uk/ontology/admingeo/UnitaryAuthority,Scotland,http://data.ordnancesurvey.co.uk/id/7000000000041429,Scotland,http://data.ordnancesurvey.co.uk/id/country/scotland,,,
b2ab0b1c-2f65-40e4-9896-ceaa1752b6cf,http://data.ordnancesurvey.co.uk/id/b2ab0b1c-2f65-40e4-9896-ceaa1752b6cf,Burnside,,,,transportNetwork,Section Of Named Road,179399.463,832768.279,1000,25000,179399.463,832768.279,179419.323,832783.761,IV52,http://data.ordnancesurvey.co.uk/id/postcodedistrict/IV52,Am Ploc / Plockton,http://data.ordnancesurvey.co.uk/id/4000000074542610,http://www.ordnancesurvey.co.uk/xml/codelists/localtype.xml#village,,,,Highland,http://data.ordnancesurvey.co.uk/id/7000000000029638,http://data.ordnancesurvey.co.uk/ontology/admingeo/UnitaryAuthority,Scotland,http://data.ordnancesurvey.co.uk/id/7000000000041429,Scotland,http://data.ordnancesurvey.co.uk/id/country/scotland,osgb4000000003453563,,
