﻿osgb4000000074555616,http://data.ordnancesurvey.co.uk/id/4000000074555616,Errogie,,,,populatedPlace,Hamlet,256684.000,822754.000,5000,25000,255825.864,822294.840,256982.094,823335.452,IV2,http://data.ordnancesurvey.co.uk/id/postcodedistrict/IV2,,,,,,,Highland,http://data.ordnancesurvey.co.uk/id/7000000000029638,http://data.ordnancesurvey.co.uk/ontology/admingeo/UnitaryAuthority,Scotland,http://data.ordnancesurvey.co.uk/id/7000000000041429,Scotland,http://data.ordnancesurvey.co.uk/id/country/scotland,,http://dbpedia.org/resource/Errogie,http://sws.geonames.org/2649922
osgb4000000074556380,http://data.ordnancesurvey.co.uk/id/4000000074556380,Drumnadrochit,,,,populatedPlace,Village,250825.000,830147.000,25000,250000,249765.711,828226.752,253571.219,830991.650,IV63,http://data.ordnancesurvey.co.uk/id/postcodedistrict/IV63,,,,,,,Highland,http://data.ordnancesurvey.co.uk/id/7000000000029638,http://data.ordnancesurvey.co.uk/ontology/admingeo/UnitaryAuthority,Scotland,http://data.ordnancesurvey.co.uk/id/7000000000041429,Scotland,http://data.ordnancesurvey.co.uk/id/country/scotland,,http://dbpedia.org/resource/Drumnadrochit,http://sws.geonames.org/2650918
osgb4000000074559003,http://data.ordnancesurvey.co.uk/id/4000000074559003,Shenval,,,,populatedPlace,Hamlet,240699.630,829764.240,5000,25000,240445.030,829477.072,240945.030,829977.072,IV63,http://data.ordnancesurvey.co.uk/id/postcodedistrict/IV63,,,,,,,Highland,http://data.ordnancesurvey.co.uk/id/7000000000029638,http://data.ordnancesurvey.co.uk/ontology/admingeo/UnitaryAuthority,Scotland,http://data.ordnancesurvey.co.uk/id/7000000000041429,Scotland,http://data.ordnancesurvey.co.uk/id/country/scotland,,,
osgb4000000074550718,http://data.ordnancesurvey.co.uk/id/4000000074550718,Lewiston,,,,populatedPlace,Village,251174.570,829077.260,8000,250000,250358.902,828548.480,251575.461,829493.639,IV63,http://data.ordnancesurvey.co.uk/id/postcodedistrict/IV63,,,,,,,Highland,http://data.ordnancesurvey.co.uk/id/7000000000029638,http://data.ordnancesurvey.co.uk/ontology/admingeo/UnitaryAuthority,Scotland,http://data.ordnancesurvey.co.uk/id/7000000000041429,Scotland,http://data.ordnancesurvey.co.uk/id/country/scotland,,"http://dbpedia.org/resource/Lewiston,_Highland",http://sws.geonames.org/2644555
osgb4000000074541217,http://data.ordnancesurvey.co.uk/id/4000000074541217,Strone,,,,populatedPlace,Hamlet,252741.390,828809.460,5000,25000,252414.981,828528.435,253128.830,829051.256,IV63,http://data.ordnancesurvey.co.uk/id/postcodedistrict/IV63,,,,,,,Highland,http://data.ordnancesurvey.co.uk/id/7000000000029638,http://data.ordnancesurvey.co.uk/ontology/admingeo/UnitaryAuthority,Scotland,http://data.ordnancesurvey.co.uk/id/7000000000041429,Scotland,http://data.ordnancesurvey.co.uk/id/country/scotland,,,
osgb4000000074555615,http://data.ordnancesurvey.co.uk/id/4000000074555615,Dhuhallow,,,,populatedPlace,Hamlet,255650.550,822352.200,5000,25000,255314.454,822004.622,255814.454,822504.622,IV2,http://data.ordnancesurvey.co.uk/id/postcodedistrict/IV2,,,,,,,Highland,http://data.ordnancesurvey.co.uk/id/7000000000029638,http://data.ordnancesurvey.co.uk/ontology/admingeo/UnitaryAuthority,Scotland,http://data.ordnancesurvey.co.uk/id/7000000000041429,Scotland,http://data.ordnancesurvey.co.uk/id/country/scotland,,,
osgb4000000074556379,http://data.ordnancesurvey.co.uk/id/4000000074556379,Torness,,,,populatedPlace,Hamlet,257654.000,827946.000,5000,25000,257087.573,826894.163,258082.933,828015.202,IV2,http://data.ordnancesurvey.co.uk/id/postcodedistrict/IV2,,,,,,,Highland,http://data.ordnancesurvey.co.uk/id/7000000000029638,http://data.ordnancesurvey.co.uk/ontology/admingeo/UnitaryAuthority,Scotland,http://data.ordnancesurvey.co.uk/id/7000000000041429,Scotland,http://data.ordnancesurvey.co.uk/id/country/scotland,,,http://sws.geonames.org/2635659
osgb4000000074556748,http://data.ordnancesurvey.co.uk/id/4000000074556748,Dores,,,,populatedPlace,Village,259859.590,834777.170,6000,250000,259673.117,834354.288,260216.046,835289.330,IV2,http://data.ordnancesurvey.co.uk/id/postcodedistrict/IV2,,,,,,,Highland,http://data.ordnancesurvey.co.uk/id/7000000000029638,http://data.ordnancesurvey.co.uk/ontology/admingeo/UnitaryAuthority,Scotland,http://data.ordnancesurvey.co.uk/id/7000000000041429,Scotland,http://data.ordnancesurvey.co.uk/id/country/scotland,,http://dbpedia.org/resource/Dores,http://sws.geonames.org/2651096
osgb4000000074556750,http://data.ordnancesurvey.co.uk/id/4000000074556750,Balchraggan,,,,populatedPlace,Hamlet,256289.960,834550.370,5000,25000,256013.390,834287.780,256636.749,834787.780,IV3,http://data.ordnancesurvey.co.uk/id/postcodedistrict/IV3,,,,,,,Highland,http://data.ordnancesurvey.co.uk/id/7000000000029638,http://data.ordnancesurvey.co.uk/ontology/admingeo/UnitaryAuthority,Scotland,http://data.ordnancesurvey.co.uk/id/7000000000041429,Scotland,http://data.ordnancesurvey.co.uk/id/country/scotland,,,
osgb4000000074559373,http://data.ordnancesurvey.co.uk/id/4000000074559373,Braefield,,,,populatedPlace,Village,241143.000,830265.000,17000,250000,240803.000,830142.094,243365.144,830924.580,IV63,http://data.ordnancesurvey.co.uk/id/postcodedistrict/IV63,,,,,,,Highland,http://data.ordnancesurvey.co.uk/id/7000000000029638,http://data.ordnancesurvey.co.uk/ontology/admingeo/UnitaryAuthority,Scotland,http://data.ordnancesurvey.co.uk/id/7000000000041429,Scotland,http://data.ordnancesurvey.co.uk/id/country/scotland,,,
osgb4000000074556381,http://data.ordnancesurvey.co.uk/id/4000000074556381,Kilmichael,,,,populatedPlace,Suburban Area,250482.670,830402.240,5000,25000,250102.530,830123.348,250811.292,830623.348,IV63,http://data.ordnancesurvey.co.uk/id/postcodedistrict/IV63,,,,,,,Highland,http://data.ordnancesurvey.co.uk/id/7000000000029638,http://data.ordnancesurvey.co.uk/ontology/admingeo/UnitaryAuthority,Scotland,http://data.ordnancesurvey.co.uk/id/7000000000041429,Scotland,http://data.ordnancesurvey.co.uk/id/country/scotland,,,
osgb4000000074558243,http://data.ordnancesurvey.co.uk/id/4000000074558243,Easter Milton,,,,populatedPlace,Hamlet,249899.800,830309.000,5000,25000,249675.319,830009.375,250175.319,830509.375,IV63,http://data.ordnancesurvey.co.uk/id/postcodedistrict/IV63,,,,,,,Highland,http://data.ordnancesurvey.co.uk/id/7000000000029638,http://data.ordnancesurvey.co.uk/ontology/admingeo/UnitaryAuthority,Scotland,http://data.ordnancesurvey.co.uk/id/7000000000041429,Scotland,http://data.ordnancesurvey.co.uk/id/country/scotland,,,
osgb4000000074556749,http://data.ordnancesurvey.co.uk/id/4000000074556749,Killianan,,,,populatedPlace,Hamlet,257157.000,834881.000,5000,25000,256490.968,834550.352,257400.868,835058.086,IV3,http://data.ordnancesurvey.co.uk/id/postcodedistrict/IV3,,,,,,,Highland,http://data.ordnancesurvey.co.uk/id/7000000000029638,http://data.ordnancesurvey.co.uk/ontology/admingeo/UnitaryAuthority,Scotland,http://data.ordnancesurvey.co.uk/id/7000000000041429,Scotland,http://data.ordnancesurvey.co.uk/id/country/scotland,,,
osgb4000000074542519,http://data.ordnancesurvey.co.uk/id/4000000074542519,Ault-na-goire,,,,populatedPlace,Hamlet,254379.790,822724.800,5000,25000,254002.385,822665.687,254502.385,823165.687,IV2,http://data.ordnancesurvey.co.uk/id/postcodedistrict/IV2,,,,,,,Highland,http://data.ordnancesurvey.co.uk/id/7000000000029638,http://data.ordnancesurvey.co.uk/ontology/admingeo/UnitaryAuthority,Scotland,http://data.ordnancesurvey.co.uk/id/7000000000041429,Scotland,http://data.ordnancesurvey.co.uk/id/country/scotland,,,
osgb4000000074555614,http://data.ordnancesurvey.co.uk/id/4000000074555614,Foyers,,,,populatedPlace,Village,250274.180,821445.900,18000,250000,249254.154,819882.190,251228.591,822596.463,IV2,http://data.ordnancesurvey.co.uk/id/postcodedistrict/IV2,,,,,,,Highland,http://data.ordnancesurvey.co.uk/id/7000000000029638,http://data.ordnancesurvey.co.uk/ontology/admingeo/UnitaryAuthority,Scotland,http://data.ordnancesurvey.co.uk/id/7000000000041429,Scotland,http://data.ordnancesurvey.co.uk/id/country/scotland,,http://dbpedia.org/resource/Foyers,http://sws.geonames.org/2649113
osgb4000000074559729,http://data.ordnancesurvey.co.uk/id/4000000074559729,Eskadale,,,,populatedPlace,Hamlet,245565.000,839846.000,5000,25000,245272.713,839618.809,245810.613,840118.809,IV4,http://data.ordnancesurvey.co.uk/id/postcodedistrict/IV4,,,,,,,Highland,http://data.ordnancesurvey.co.uk/id/7000000000029638,http://data.ordnancesurvey.co.uk/ontology/admingeo/UnitaryAuthority,Scotland,http://data.ordnancesurvey.co.uk/id/7000000000041429,Scotland,http://data.ordnancesurvey.co.uk/id/country/scotland,,,http://sws.geonames.org/2649902
osgb4000000074556751,http://data.ordnancesurvey.co.uk/id/4000000074556751,Balmore,,,,populatedPlace,Hamlet,256357.270,835241.490,5000,25000,256102.723,834988.175,256602.723,835488.175,IV3,http://data.ordnancesurvey.co.uk/id/postcodedistrict/IV3,,,,,,,Highland,http://data.ordnancesurvey.co.uk/id/7000000000029638,http://data.ordnancesurvey.co.uk/ontology/admingeo/UnitaryAuthority,Scotland,http://data.ordnancesurvey.co.uk/id/7000000000041429,Scotland,http://data.ordnancesurvey.co.uk/id/country/scotland,,,http://sws.geonames.org/2656448
osgb4000000074559367,http://data.ordnancesurvey.co.uk/id/4000000074559367,Ardendrain,,,,populatedPlace,Other Settlement,251037.630,838180.280,15000,25000,250470.721,837435.696,251481.170,838968.967,IV4,http://data.ordnancesurvey.co.uk/id/postcodedistrict/IV4,,,,,,,Highland,http://data.ordnancesurvey.co.uk/id/7000000000029638,http://data.ordnancesurvey.co.uk/ontology/admingeo/UnitaryAuthority,Scotland,http://data.ordnancesurvey.co.uk/id/7000000000041429,Scotland,http://data.ordnancesurvey.co.uk/id/country/scotland,,http://dbpedia.org/resource/Ardendrain,http://sws.geonames.org/6458621
osgb4000000074556752,http://data.ordnancesurvey.co.uk/id/4000000074556752,Abriachan,,,,populatedPlace,Other Settlement,255574.040,835424.180,15000,25000,255214.089,834857.004,256511.078,835661.334,IV3,http://data.ordnancesurvey.co.uk/id/postcodedistrict/IV3,,,,,,,Highland,http://data.ordnancesurvey.co.uk/id/7000000000029638,http://data.ordnancesurvey.co.uk/ontology/admingeo/UnitaryAuthority,Scotland,http://data.ordnancesurvey.co.uk/id/7000000000041429,Scotland,http://data.ordnancesurvey.co.uk/id/country/scotland,,http://dbpedia.org/resource/Abriachan,http://sws.geonames.org/6458622
osgb4000000074541436,http://data.ordnancesurvey.co.uk/id/4000000074541436,Teavarran,,,,populatedPlace,Other Settlement,252969.380,837894.160,15000,25000,252549.821,837302.334,253137.257,838409.937,IV4,http://data.ordnancesurvey.co.uk/id/postcodedistrict/IV4,,,,,,,Highland,http://data.ordnancesurvey.co.uk/id/7000000000029638,http://data.ordnancesurvey.co.uk/ontology/admingeo/UnitaryAuthority,Scotland,http://data.ordnancesurvey.co.uk/id/7000000000041429,Scotland,http://data.ordnancesurvey.co.uk/id/country/scotland,,,
osgb4000000074551454,http://data.ordnancesurvey.co.uk/id/4000000074551454,Grotaig,,,,populatedPlace,Other Settlement,249183.190,824039.990,15000,25000,248869.163,823606.854,249369.163,824468.368,IV63,http://data.ordnancesurvey.co.uk/id/postcodedistrict/IV63,,,,,,,Highland,http://data.ordnancesurvey.co.uk/id/7000000000029638,http://data.ordnancesurvey.co.uk/ontology/admingeo/UnitaryAuthority,Scotland,http://data.ordnancesurvey.co.uk/id/7000000000041429,Scotland,http://data.ordnancesurvey.co.uk/id/country/scotland,,,
osgb4000000074558996,http://data.ordnancesurvey.co.uk/id/4000000074558996,Lochend,,,,populatedPlace,Hamlet,259688.000,837934.000,5000,25000,259205.597,837546.494,259900.862,838279.664,IV3,http://data.ordnancesurvey.co.uk/id/postcodedistrict/IV3,,,,,,,Highland,http://data.ordnancesurvey.co.uk/id/7000000000029638,http://data.ordnancesurvey.co.uk/ontology/admingeo/UnitaryAuthority,Scotland,http://data.ordnancesurvey.co.uk/id/7000000000041429,Scotland,http://data.ordnancesurvey.co.uk/id/country/scotland,,http://dbpedia.org/resource/Lochend_(Loch_Ness),
osgb4000000074556753,http://data.ordnancesurvey.co.uk/id/4000000074556753,Cragganvallie,,,,populatedPlace,Other Settlement,253146.070,837040.120,15000,25000,252908.869,836671.585,253688.068,837516.133,IV4,http://data.ordnancesurvey.co.uk/id/postcodedistrict/IV4,,,,,,,Highland,http://data.ordnancesurvey.co.uk/id/7000000000029638,http://data.ordnancesurvey.co.uk/ontology/admingeo/UnitaryAuthority,Scotland,http://data.ordnancesurvey.co.uk/id/7000000000041429,Scotland,http://data.ordnancesurvey.co.uk/id/country/scotland,,,
osgb4000000074559002,http://data.ordnancesurvey.co.uk/id/4000000074559002,Balnain,,,,populatedPlace,Village,244671.500,830384.280,7000,250000,244412.589,829971.452,245435.215,831013.934,IV63,http://data.ordnancesurvey.co.uk/id/postcodedistrict/IV63,,,,,,,Highland,http://data.ordnancesurvey.co.uk/id/7000000000029638,http://data.ordnancesurvey.co.uk/ontology/admingeo/UnitaryAuthority,Scotland,http://data.ordnancesurvey.co.uk/id/7000000000041429,Scotland,http://data.ordnancesurvey.co.uk/id/country/scotland,,http://dbpedia.org/resource/Balnain,http://sws.geonames.org/6620351
osgb4000000074559734,http://data.ordnancesurvey.co.uk/id/4000000074559734,Struy,,,,populatedPlace,Other Settlement,240425.000,839611.000,15000,25000,239732.832,839226.443,240461.761,840599.130,IV4,http://data.ordnancesurvey.co.uk/id/postcodedistrict/IV4,,,,,,,Highland,http://data.ordnancesurvey.co.uk/id/7000000000029638,http://data.ordnancesurvey.co.uk/ontology/admingeo/UnitaryAuthority,Scotland,http://data.ordnancesurvey.co.uk/id/7000000000041429,Scotland,http://data.ordnancesurvey.co.uk/id/country/scotland,,http://dbpedia.org/resource/Struy,http://sws.geonames.org/2636606
osgb4000000074337155,http://data.ordnancesurvey.co.uk/id/4000000074337155,Inverfarigaig,,,,populatedPlace,Hamlet,252124.428,823841.402,5000,25000,251303.992,823134.359,252284.280,824245.351,IV2,http://data.ordnancesurvey.co.uk/id/postcodedistrict/IV2,,,,,,,Highland,http://data.ordnancesurvey.co.uk/id/7000000000029638,http://data.ordnancesurvey.co.uk/ontology/admingeo/UnitaryAuthority,Scotland,http://data.ordnancesurvey.co.uk/id/7000000000041429,Scotland,http://data.ordnancesurvey.co.uk/id/country/scotland,,,
osgb4000000074559000,http://data.ordnancesurvey.co.uk/id/4000000074559000,Rychraggan,,,,populatedPlace,Hamlet,246697.290,830625.900,5000,25000,246378.409,830333.839,247103.183,831013.934,IV63,http://data.ordnancesurvey.co.uk/id/postcodedistrict/IV63,,,,,,,Highland,http://data.ordnancesurvey.co.uk/id/7000000000029638,http://data.ordnancesurvey.co.uk/ontology/admingeo/UnitaryAuthority,Scotland,http://data.ordnancesurvey.co.uk/id/7000000000041429,Scotland,http://data.ordnancesurvey.co.uk/id/country/scotland,,,
osgb4000000074559368,http://data.ordnancesurvey.co.uk/id/4000000074559368,Glaichbea,,,,populatedPlace,Hamlet,251354.240,839867.230,5000,25000,250842.730,838868.426,251596.791,840260.927,IV4,http://data.ordnancesurvey.co.uk/id/postcodedistrict/IV4,,,,,,,Highland,http://data.ordnancesurvey.co.uk/id/7000000000029638,http://data.ordnancesurvey.co.uk/ontology/admingeo/UnitaryAuthority,Scotland,http://data.ordnancesurvey.co.uk/id/7000000000041429,Scotland,http://data.ordnancesurvey.co.uk/id/country/scotland,,http://dbpedia.org/resource/Glaichbea,
osgb4000000074559001,http://data.ordnancesurvey.co.uk/id/4000000074559001,Balbeg,,,,populatedPlace,Hamlet,245119.000,831248.200,5000,25000,244884.881,831044.409,245384.881,831544.409,IV63,http://data.ordnancesurvey.co.uk/id/postcodedistrict/IV63,,,,,,,Highland,http://data.ordnancesurvey.co.uk/id/7000000000029638,http://data.ordnancesurvey.co.uk/ontology/admingeo/UnitaryAuthority,Scotland,http://data.ordnancesurvey.co.uk/id/7000000000041429,Scotland,http://data.ordnancesurvey.co.uk/id/country/scotland,,"http://dbpedia.org/resource/Balbeg,_Highland",
osgb4000000074558621,http://data.ordnancesurvey.co.uk/id/4000000074558621,Milton,,,,populatedPlace,Village,249291.000,830405.000,8000,250000,248602.366,830150.161,249828.522,830785.579,IV63,http://data.ordnancesurvey.co.uk/id/postcodedistrict/IV63,,,,,,,Highland,http://data.ordnancesurvey.co.uk/id/7000000000029638,http://data.ordnancesurvey.co.uk/ontology/admingeo/UnitaryAuthority,Scotland,http://data.ordnancesurvey.co.uk/id/7000000000041429,Scotland,http://data.ordnancesurvey.co.uk/id/country/scotland,,,http://sws.geonames.org/2642473
IV38LA,http://data.ordnancesurvey.co.uk/id/postcodeunit/IV38LA,IV3 8LA,,,,other,Postcode,259130.000,837270.000,3500,18000,,,,,,,,,,,,,Highland,http://data.ordnancesurvey.co.uk/id/7000000000029638,http://data.ordnancesurvey.co.uk/ontology/admingeo/UnitaryAuthority,Scotland,http://data.ordnancesurvey.co.uk/id/7000000000041429,Scotland,http://data.ordnancesurvey.co.uk/id/country/scotland,,,
IV47HR,http://data.ordnancesurvey.co.uk/id/postcodeunit/IV47HR,IV4 7HR,,,,other,Postcode,251300.000,839740.000,3500,18000,,,,,,,Glaichbea,http://data.ordnancesurvey.co.uk/id/4000000074559368,http://www.ordnancesurvey.co.uk/xml/codelists/localtype.xml#hamlet,,,,Highland,http://data.ordnancesurvey.co.uk/id/7000000000029638,http://data.ordnancesurvey.co.uk/ontology/admingeo/UnitaryAuthority,Scotland,http://data.ordnancesurvey.co.uk/id/7000000000041429,Scotland,http://data.ordnancesurvey.co.uk/id/country/scotland,,,
IV636XJ,http://data.ordnancesurvey.co.uk/id/postcodeunit/IV636XJ,IV63 6XJ,,,,other,Postcode,251869.000,827070.000,3500,18000,,,,,,,,,,,,,Highland,http://data.ordnancesurvey.co.uk/id/7000000000029638,http://data.ordnancesurvey.co.uk/ontology/admingeo/UnitaryAuthority,Scotland,http://data.ordnancesurvey.co.uk/id/7000000000041429,Scotland,http://data.ordnancesurvey.co.uk/id/country/scotland,,,
IV636XS,http://data.ordnancesurvey.co.uk/id/postcodeunit/IV636XS,IV63 6XS,,,,other,Postcode,249109.000,830839.000,3500,18000,,,,,,,,,,,,,Highland,http://data.ordnancesurvey.co.uk/id/7000000000029638,http://data.ordnancesurvey.co.uk/ontology/admingeo/UnitaryAuthority,Scotland,http://data.ordnancesurvey.co.uk/id/7000000000041429,Scotland,http://data.ordnancesurvey.co.uk/id/country/scotland,,,
IV636TR,http://data.ordnancesurvey.co.uk/id/postcodeunit/IV636TR,IV63 6TR,,,,other,Postcode,251155.000,829449.000,3500,18000,,,,,,,Drumnadrochit,http://data.ordnancesurvey.co.uk/id/4000000074556380,http://www.ordnancesurvey.co.uk/xml/codelists/localtype.xml#village,,,,Highland,http://data.ordnancesurvey.co.uk/id/7000000000029638,http://data.ordnancesurvey.co.uk/ontology/admingeo/UnitaryAuthority,Scotland,http://data.ordnancesurvey.co.uk/id/7000000000041429,Scotland,http://data.ordnancesurvey.co.uk/id/country/scotland,,,
IV38AU,http://data.ordnancesurvey.co.uk/id/postcodeunit/IV38AU,IV3 8AU,,,,other,Postcode,256007.000,832758.000,3500,18000,,,,,,,,,,,,,Highland,http://data.ordnancesurvey.co.uk/id/7000000000029638,http://data.ordnancesurvey.co.uk/ontology/admingeo/UnitaryAuthority,Scotland,http://data.ordnancesurvey.co.uk/id/7000000000041429,Scotland,http://data.ordnancesurvey.co.uk/id/country/scotland,,,
IV26XS,http://data.ordnancesurvey.co.uk/id/postcodeunit/IV26XS,IV2 6XS,,,,other,Postcode,252152.000,824153.000,3500,18000,,,,,,,Inverfarigaig,http://data.ordnancesurvey.co.uk/id/4000000074337155,http://www.ordnancesurvey.co.uk/xml/codelists/localtype.xml#hamlet,,,,Highland,http://data.ordnancesurvey.co.uk/id/7000000000029638,http://data.ordnancesurvey.co.uk/ontology/admingeo/UnitaryAuthority,Scotland,http://data.ordnancesurvey.co.uk/id/7000000000041429,Scotland,http://data.ordnancesurvey.co.uk/id/country/scotland,,,
IV636US,http://data.ordnancesurvey.co.uk/id/postcodeunit/IV636US,IV63 6US,,,,other,Postcode,250400.000,828317.000,3500,18000,,,,,,,,,,,,,Highland,http://data.ordnancesurvey.co.uk/id/7000000000029638,http://data.ordnancesurvey.co.uk/ontology/admingeo/UnitaryAuthority,Scotland,http://data.ordnancesurvey.co.uk/id/7000000000041429,Scotland,http://data.ordnancesurvey.co.uk/id/country/scotland,,,
IV26XR,http://data.ordnancesurvey.co.uk/id/postcodeunit/IV26XR,IV2 6XR,,,,other,Postcode,251801.000,823715.000,3500,18000,,,,,,,Inverfarigaig,http://data.ordnancesurvey.co.uk/id/4000000074337155,http://www.ordnancesurvey.co.uk/xml/codelists/localtype.xml#hamlet,,,,Highland,http://data.ordnancesurvey.co.uk/id/7000000000029638,http://data.ordnancesurvey.co.uk/ontology/admingeo/UnitaryAuthority,Scotland,http://data.ordnancesurvey.co.uk/id/7000000000041429,Scotland,http://data.ordnancesurvey.co.uk/id/country/scotland,,,
IV636UN,http://data.ordnancesurvey.co.uk/id/postcodeunit/IV636UN,IV63 6UN,,,,other,Postcode,251164.000,829077.000,3500,18000,,,,,,,Lewiston,http://data.ordnancesurvey.co.uk/id/4000000074550718,http://www.ordnancesurvey.co.uk/xml/codelists/localtype.xml#village,,,,Highland,http://data.ordnancesurvey.co.uk/id/7000000000029638,http://data.ordnancesurvey.co.uk/ontology/admingeo/UnitaryAuthority,Scotland,http://data.ordnancesurvey.co.uk/id/7000000000041429,Scotland,http://data.ordnancesurvey.co.uk/id/country/scotland,,,
IV26XU,http://data.ordnancesurvey.co.uk/id/postcodeunit/IV26XU,IV2 6XU,,,,other,Postcode,249785.000,820707.000,3500,18000,,,,,,,Foyers,http://data.ordnancesurvey.co.uk/id/4000000074555614,http://www.ordnancesurvey.co.uk/xml/codelists/localtype.xml#village,,,,Highland,http://data.ordnancesurvey.co.uk/id/7000000000029638,http://data.ordnancesurvey.co.uk/ontology/admingeo/UnitaryAuthority,Scotland,http://data.ordnancesurvey.co.uk/id/7000000000041429,Scotland,http://data.ordnancesurvey.co.uk/id/country/scotland,,,
IV26TZ,http://data.ordnancesurvey.co.uk/id/postcodeunit/IV26TZ,IV2 6TZ,,,,other,Postcode,256649.000,825802.000,3500,18000,,,,,,,,,,,,,Highland,http://data.ordnancesurvey.co.uk/id/7000000000029638,http://data.ordnancesurvey.co.uk/ontology/admingeo/UnitaryAuthority,Scotland,http://data.ordnancesurvey.co.uk/id/7000000000041429,Scotland,http://data.ordnancesurvey.co.uk/id/country/scotland,,,
IV636UX,http://data.ordnancesurvey.co.uk/id/postcodeunit/IV636UX,IV63 6UX,,,,other,Postcode,251747.000,830945.000,3500,18000,,,,,,,Drumnadrochit,http://data.ordnancesurvey.co.uk/id/4000000074556380,http://www.ordnancesurvey.co.uk/xml/codelists/localtype.xml#village,,,,Highland,http://data.ordnancesurvey.co.uk/id/7000000000029638,http://data.ordnancesurvey.co.uk/ontology/admingeo/UnitaryAuthority,Scotland,http://data.ordnancesurvey.co.uk/id/7000000000041429,Scotland,http://data.ordnancesurvey.co.uk/id/country/scotland,,,
IV636WF,http://data.ordnancesurvey.co.uk/id/postcodeunit/IV636WF,IV63 6WF,,,,other,Postcode,250788.000,830012.000,3500,18000,,,,,,,Drumnadrochit,http://data.ordnancesurvey.co.uk/id/4000000074556380,http://www.ordnancesurvey.co.uk/xml/codelists/localtype.xml#village,,,,Highland,http://data.ordnancesurvey.co.uk/id/7000000000029638,http://data.ordnancesurvey.co.uk/ontology/admingeo/UnitaryAuthority,Scotland,http://data.ordnancesurvey.co.uk/id/7000000000041429,Scotland,http://data.ordnancesurvey.co.uk/id/country/scotland,,,
IV636TS,http://data.ordnancesurvey.co.uk/id/postcodeunit/IV636TS,IV63 6TS,,,,other,Postcode,251196.000,829519.000,3500,18000,,,,,,,Drumnadrochit,http://data.ordnancesurvey.co.uk/id/4000000074556380,http://www.ordnancesurvey.co.uk/xml/codelists/localtype.xml#village,,,,Highland,http://data.ordnancesurvey.co.uk/id/7000000000029638,http://data.ordnancesurvey.co.uk/ontology/admingeo/UnitaryAuthority,Scotland,http://data.ordnancesurvey.co.uk/id/7000000000041429,Scotland,http://data.ordnancesurvey.co.uk/id/country/scotland,,,
IV636XR,http://data.ordnancesurvey.co.uk/id/postcodeunit/IV636XR,IV63 6XR,,,,other,Postcode,252812.000,830249.000,3500,18000,,,,,,,Drumnadrochit,http://data.ordnancesurvey.co.uk/id/4000000074556380,http://www.ordnancesurvey.co.uk/xml/codelists/localtype.xml#village,,,,Highland,http://data.ordnancesurvey.co.uk/id/7000000000029638,http://data.ordnancesurvey.co.uk/ontology/admingeo/UnitaryAuthority,Scotland,http://data.ordnancesurvey.co.uk/id/7000000000041429,Scotland,http://data.ordnancesurvey.co.uk/id/country/scotland,,,
IV636WU,http://data.ordnancesurvey.co.uk/id/postcodeunit/IV636WU,IV63 6WU,,,,other,Postcode,250421.000,828614.000,3500,18000,,,,,,,Lewiston,http://data.ordnancesurvey.co.uk/id/4000000074550718,http://www.ordnancesurvey.co.uk/xml/codelists/localtype.xml#village,,,,Highland,http://data.ordnancesurvey.co.uk/id/7000000000029638,http://data.ordnancesurvey.co.uk/ontology/admingeo/UnitaryAuthority,Scotland,http://data.ordnancesurvey.co.uk/id/7000000000041429,Scotland,http://data.ordnancesurvey.co.uk/id/country/scotland,,,
IV636UR,http://data.ordnancesurvey.co.uk/id/postcodeunit/IV636UR,IV63 6UR,,,,other,Postcode,250416.000,828855.000,3500,18000,,,,,,,Drumnadrochit,http://data.ordnancesurvey.co.uk/id/4000000074556380,http://www.ordnancesurvey.co.uk/xml/codelists/localtype.xml#village,,,,Highland,http://data.ordnancesurvey.co.uk/id/7000000000029638,http://data.ordnancesurvey.co.uk/ontology/admingeo/UnitaryAuthority,Scotland,http://data.ordnancesurvey.co.uk/id/7000000000041429,Scotland,http://data.ordnancesurvey.co.uk/id/country/scotland,,,
IV47JL,http://data.ordnancesurvey.co.uk/id/postcodeunit/IV47JL,IV4 7JL,,,,other,Postcode,246449.000,839835.000,3500,18000,,,,,,,,,,,,,Highland,http://data.ordnancesurvey.co.uk/id/7000000000029638,http://data.ordnancesurvey.co.uk/ontology/admingeo/UnitaryAuthority,Scotland,http://data.ordnancesurvey.co.uk/id/7000000000041429,Scotland,http://data.ordnancesurvey.co.uk/id/country/scotland,,,
IV636TQ,http://data.ordnancesurvey.co.uk/id/postcodeunit/IV636TQ,IV63 6TQ,,,,other,Postcode,251242.000,829459.000,3500,18000,,,,,,,Drumnadrochit,http://data.ordnancesurvey.co.uk/id/4000000074556380,http://www.ordnancesurvey.co.uk/xml/codelists/localtype.xml#village,,,,Highland,http://data.ordnancesurvey.co.uk/id/7000000000029638,http://data.ordnancesurvey.co.uk/ontology/admingeo/UnitaryAuthority,Scotland,http://data.ordnancesurvey.co.uk/id/7000000000041429,Scotland,http://data.ordnancesurvey.co.uk/id/country/scotland,,,
IV26XP,http://data.ordnancesurvey.co.uk/id/postcodeunit/IV26XP,IV2 6XP,,,,other,Postcode,258537.000,832950.000,3500,18000,,,,,,,,,,,,,Highland,http://data.ordnancesurvey.co.uk/id/7000000000029638,http://data.ordnancesurvey.co.uk/ontology/admingeo/UnitaryAuthority,Scotland,http://data.ordnancesurvey.co.uk/id/7000000000041429,Scotland,http://data.ordnancesurvey.co.uk/id/country/scotland,,,
IV636TY,http://data.ordnancesurvey.co.uk/id/postcodeunit/IV636TY,IV63 6TY,,,,other,Postcode,250708.000,829689.000,3500,18000,,,,,,,Drumnadrochit,http://data.ordnancesurvey.co.uk/id/4000000074556380,http://www.ordnancesurvey.co.uk/xml/codelists/localtype.xml#village,,,,Highland,http://data.ordnancesurvey.co.uk/id/7000000000029638,http://data.ordnancesurvey.co.uk/ontology/admingeo/UnitaryAuthority,Scotland,http://data.ordnancesurvey.co.uk/id/7000000000041429,Scotland,http://data.ordnancesurvey.co.uk/id/country/scotland,,,
IV636UL,http://data.ordnancesurvey.co.uk/id/postcodeunit/IV636UL,IV63 6UL,,,,other,Postcode,251084.000,829119.000,3500,18000,,,,,,,Lewiston,http://data.ordnancesurvey.co.uk/id/4000000074550718,http://www.ordnancesurvey.co.uk/xml/codelists/localtype.xml#village,,,,Highland,http://data.ordnancesurvey.co.uk/id/7000000000029638,http://data.ordnancesurvey.co.uk/ontology/admingeo/UnitaryAuthority,Scotland,http://data.ordnancesurvey.co.uk/id/7000000000041429,Scotland,http://data.ordnancesurvey.co.uk/id/country/scotland,,,
IV636UD,http://data.ordnancesurvey.co.uk/id/postcodeunit/IV636UD,IV63 6UD,,,,other,Postcode,251136.000,828992.000,3500,18000,,,,,,,Lewiston,http://data.ordnancesurvey.co.uk/id/4000000074550718,http://www.ordnancesurvey.co.uk/xml/codelists/localtype.xml#village,,,,Highland,http://data.ordnancesurvey.co.uk/id/7000000000029638,http://data.ordnancesurvey.co.uk/ontology/admingeo/UnitaryAuthority,Scotland,http://data.ordnancesurvey.co.uk/id/7000000000041429,Scotland,http://data.ordnancesurvey.co.uk/id/country/scotland,,,
IV26YA,http://data.ordnancesurvey.co.uk/id/postcodeunit/IV26YA,IV2 6YA,,,,other,Postcode,250130.000,820107.000,3500,18000,,,,,,,Foyers,http://data.ordnancesurvey.co.uk/id/4000000074555614,http://www.ordnancesurvey.co.uk/xml/codelists/localtype.xml#village,,,,Highland,http://data.ordnancesurvey.co.uk/id/7000000000029638,http://data.ordnancesurvey.co.uk/ontology/admingeo/UnitaryAuthority,Scotland,http://data.ordnancesurvey.co.uk/id/7000000000041429,Scotland,http://data.ordnancesurvey.co.uk/id/country/scotland,,,
IV636XN,http://data.ordnancesurvey.co.uk/id/postcodeunit/IV636XN,IV63 6XN,,,,other,Postcode,251905.000,829048.000,3500,18000,,,,,,,,,,,,,Highland,http://data.ordnancesurvey.co.uk/id/7000000000029638,http://data.ordnancesurvey.co.uk/ontology/admingeo/UnitaryAuthority,Scotland,http://data.ordnancesurvey.co.uk/id/7000000000041429,Scotland,http://data.ordnancesurvey.co.uk/id/country/scotland,,,
IV636XD,http://data.ordnancesurvey.co.uk/id/postcodeunit/IV636XD,IV63 6XD,,,,other,Postcode,250448.000,829645.000,3500,18000,,,,,,,Drumnadrochit,http://data.ordnancesurvey.co.uk/id/4000000074556380,http://www.ordnancesurvey.co.uk/xml/codelists/localtype.xml#village,,,,Highland,http://data.ordnancesurvey.co.uk/id/7000000000029638,http://data.ordnancesurvey.co.uk/ontology/admingeo/UnitaryAuthority,Scotland,http://data.ordnancesurvey.co.uk/id/7000000000041429,Scotland,http://data.ordnancesurvey.co.uk/id/country/scotland,,,
IV636UY,http://data.ordnancesurvey.co.uk/id/postcodeunit/IV636UY,IV63 6UY,,,,other,Postcode,250547.000,828910.000,3500,18000,,,,,,,Drumnadrochit,http://data.ordnancesurvey.co.uk/id/4000000074556380,http://www.ordnancesurvey.co.uk/xml/codelists/localtype.xml#village,,,,Highland,http://data.ordnancesurvey.co.uk/id/7000000000029638,http://data.ordnancesurvey.co.uk/ontology/admingeo/UnitaryAuthority,Scotland,http://data.ordnancesurvey.co.uk/id/7000000000041429,Scotland,http://data.ordnancesurvey.co.uk/id/country/scotland,,,
IV47JR,http://data.ordnancesurvey.co.uk/id/postcodeunit/IV47JR,IV4 7JR,,,,other,Postcode,245413.000,839966.000,3500,18000,,,,,,,Eskadale,http://data.ordnancesurvey.co.uk/id/4000000074559729,http://www.ordnancesurvey.co.uk/xml/codelists/localtype.xml#hamlet,,,,Highland,http://data.ordnancesurvey.co.uk/id/7000000000029638,http://data.ordnancesurvey.co.uk/ontology/admingeo/UnitaryAuthority,Scotland,http://data.ordnancesurvey.co.uk/id/7000000000041429,Scotland,http://data.ordnancesurvey.co.uk/id/country/scotland,,,
IV26XX,http://data.ordnancesurvey.co.uk/id/postcodeunit/IV26XX,IV2 6XX,,,,other,Postcode,249897.000,820250.000,3500,18000,,,,,,,Foyers,http://data.ordnancesurvey.co.uk/id/4000000074555614,http://www.ordnancesurvey.co.uk/xml/codelists/localtype.xml#village,,,,Highland,http://data.ordnancesurvey.co.uk/id/7000000000029638,http://data.ordnancesurvey.co.uk/ontology/admingeo/UnitaryAuthority,Scotland,http://data.ordnancesurvey.co.uk/id/7000000000041429,Scotland,http://data.ordnancesurvey.co.uk/id/country/scotland,,,
IV636TX,http://data.ordnancesurvey.co.uk/id/postcodeunit/IV636TX,IV63 6TX,,,,other,Postcode,250837.000,829951.000,3500,18000,,,,,,,Drumnadrochit,http://data.ordnancesurvey.co.uk/id/4000000074556380,http://www.ordnancesurvey.co.uk/xml/codelists/localtype.xml#village,,,,Highland,http://data.ordnancesurvey.co.uk/id/7000000000029638,http://data.ordnancesurvey.co.uk/ontology/admingeo/UnitaryAuthority,Scotland,http://data.ordnancesurvey.co.uk/id/7000000000041429,Scotland,http://data.ordnancesurvey.co.uk/id/country/scotland,,,
IV38LE,http://data.ordnancesurvey.co.uk/id/postcodeunit/IV38LE,IV3 8LE,,,,other,Postcode,256259.000,835261.000,3500,18000,,,,,,,Balmore,http://data.ordnancesurvey.co.uk/id/4000000074556751,http://www.ordnancesurvey.co.uk/xml/codelists/localtype.xml#hamlet,,,,Highland,http://data.ordnancesurvey.co.uk/id/7000000000029638,http://data.ordnancesurvey.co.uk/ontology/admingeo/UnitaryAuthority,Scotland,http://data.ordnancesurvey.co.uk/id/7000000000041429,Scotland,http://data.ordnancesurvey.co.uk/id/country/scotland,,,
IV636UH,http://data.ordnancesurvey.co.uk/id/postcodeunit/IV636UH,IV63 6UH,,,,other,Postcode,251335.000,829560.000,3500,18000,,,,,,,Drumnadrochit,http://data.ordnancesurvey.co.uk/id/4000000074556380,http://www.ordnancesurvey.co.uk/xml/codelists/localtype.xml#village,,,,Highland,http://data.ordnancesurvey.co.uk/id/7000000000029638,http://data.ordnancesurvey.co.uk/ontology/admingeo/UnitaryAuthority,Scotland,http://data.ordnancesurvey.co.uk/id/7000000000041429,Scotland,http://data.ordnancesurvey.co.uk/id/country/scotland,,,
IV26XT,http://data.ordnancesurvey.co.uk/id/postcodeunit/IV26XT,IV2 6XT,,,,other,Postcode,250889.000,822257.000,3500,18000,,,,,,,Foyers,http://data.ordnancesurvey.co.uk/id/4000000074555614,http://www.ordnancesurvey.co.uk/xml/codelists/localtype.xml#village,,,,Highland,http://data.ordnancesurvey.co.uk/id/7000000000029638,http://data.ordnancesurvey.co.uk/ontology/admingeo/UnitaryAuthority,Scotland,http://data.ordnancesurvey.co.uk/id/7000000000041429,Scotland,http://data.ordnancesurvey.co.uk/id/country/scotland,,,
IV636UU,http://data.ordnancesurvey.co.uk/id/postcodeunit/IV636UU,IV63 6UU,,,,other,Postcode,250335.000,828524.000,3500,18000,,,,,,,Drumnadrochit,http://data.ordnancesurvey.co.uk/id/4000000074556380,http://www.ordnancesurvey.co.uk/xml/codelists/localtype.xml#village,,,,Highland,http://data.ordnancesurvey.co.uk/id/7000000000029638,http://data.ordnancesurvey.co.uk/ontology/admingeo/UnitaryAuthority,Scotland,http://data.ordnancesurvey.co.uk/id/7000000000041429,Scotland,http://data.ordnancesurvey.co.uk/id/country/scotland,,,
IV38LB,http://data.ordnancesurvey.co.uk/id/postcodeunit/IV38LB,IV3 8LB,,,,other,Postcode,255529.000,836774.000,3500,18000,,,,,,,,,,,,,Highland,http://data.ordnancesurvey.co.uk/id/7000000000029638,http://data.ordnancesurvey.co.uk/ontology/admingeo/UnitaryAuthority,Scotland,http://data.ordnancesurvey.co.uk/id/7000000000041429,Scotland,http://data.ordnancesurvey.co.uk/id/country/scotland,,,
IV636UQ,http://data.ordnancesurvey.co.uk/id/postcodeunit/IV636UQ,IV63 6UQ,,,,other,Postcode,250777.000,829328.000,3500,18000,,,,,,,Drumnadrochit,http://data.ordnancesurvey.co.uk/id/4000000074556380,http://www.ordnancesurvey.co.uk/xml/codelists/localtype.xml#village,,,,Highland,http://data.ordnancesurvey.co.uk/id/7000000000029638,http://data.ordnancesurvey.co.uk/ontology/admingeo/UnitaryAuthority,Scotland,http://data.ordnancesurvey.co.uk/id/7000000000041429,Scotland,http://data.ordnancesurvey.co.uk/id/country/scotland,,,
IV26TT,http://data.ordnancesurvey.co.uk/id/postcodeunit/IV26TT,IV2 6TT,,,,other,Postcode,259770.000,834572.000,3500,18000,,,,,,,Dores,http://data.ordnancesurvey.co.uk/id/4000000074556748,http://www.ordnancesurvey.co.uk/xml/codelists/localtype.xml#village,,,,Highland,http://data.ordnancesurvey.co.uk/id/7000000000029638,http://data.ordnancesurvey.co.uk/ontology/admingeo/UnitaryAuthority,Scotland,http://data.ordnancesurvey.co.uk/id/7000000000041429,Scotland,http://data.ordnancesurvey.co.uk/id/country/scotland,,,
IV26UG,http://data.ordnancesurvey.co.uk/id/postcodeunit/IV26UG,IV2 6UG,,,,other,Postcode,258863.000,826823.000,3500,18000,,,,,,,,,,,,,Highland,http://data.ordnancesurvey.co.uk/id/7000000000029638,http://data.ordnancesurvey.co.uk/ontology/admingeo/UnitaryAuthority,Scotland,http://data.ordnancesurvey.co.uk/id/7000000000041429,Scotland,http://data.ordnancesurvey.co.uk/id/country/scotland,,,
IV636TZ,http://data.ordnancesurvey.co.uk/id/postcodeunit/IV636TZ,IV63 6TZ,,,,other,Postcode,250222.000,830200.000,3500,18000,,,,,,,Drumnadrochit,http://data.ordnancesurvey.co.uk/id/4000000074556380,http://www.ordnancesurvey.co.uk/xml/codelists/localtype.xml#village,,,,Highland,http://data.ordnancesurvey.co.uk/id/7000000000029638,http://data.ordnancesurvey.co.uk/ontology/admingeo/UnitaryAuthority,Scotland,http://data.ordnancesurvey.co.uk/id/7000000000041429,Scotland,http://data.ordnancesurvey.co.uk/id/country/scotland,,,
IV636TP,http://data.ordnancesurvey.co.uk/id/postcodeunit/IV636TP,IV63 6TP,,,,other,Postcode,251278.000,829616.000,3500,18000,,,,,,,Drumnadrochit,http://data.ordnancesurvey.co.uk/id/4000000074556380,http://www.ordnancesurvey.co.uk/xml/codelists/localtype.xml#village,,,,Highland,http://data.ordnancesurvey.co.uk/id/7000000000029638,http://data.ordnancesurvey.co.uk/ontology/admingeo/UnitaryAuthority,Scotland,http://data.ordnancesurvey.co.uk/id/7000000000041429,Scotland,http://data.ordnancesurvey.co.uk/id/country/scotland,,,
IV26XZ,http://data.ordnancesurvey.co.uk/id/postcodeunit/IV26XZ,IV2 6XZ,,,,other,Postcode,249889.000,820049.000,3500,18000,,,,,,,Foyers,http://data.ordnancesurvey.co.uk/id/4000000074555614,http://www.ordnancesurvey.co.uk/xml/codelists/localtype.xml#village,,,,Highland,http://data.ordnancesurvey.co.uk/id/7000000000029638,http://data.ordnancesurvey.co.uk/ontology/admingeo/UnitaryAuthority,Scotland,http://data.ordnancesurvey.co.uk/id/7000000000041429,Scotland,http://data.ordnancesurvey.co.uk/id/country/scotland,,,
IV26YF,http://data.ordnancesurvey.co.uk/id/postcodeunit/IV26YF,IV2 6YF,,,,other,Postcode,249375.000,820762.000,3500,18000,,,,,,,Foyers,http://data.ordnancesurvey.co.uk/id/4000000074555614,http://www.ordnancesurvey.co.uk/xml/codelists/localtype.xml#village,,,,Highland,http://data.ordnancesurvey.co.uk/id/7000000000029638,http://data.ordnancesurvey.co.uk/ontology/admingeo/UnitaryAuthority,Scotland,http://data.ordnancesurvey.co.uk/id/7000000000041429,Scotland,http://data.ordnancesurvey.co.uk/id/country/scotland,,,
IV636XW,http://data.ordnancesurvey.co.uk/id/postcodeunit/IV636XW,IV63 6XW,,,,other,Postcode,249138.000,827484.000,3500,18000,,,,,,,,,,,,,Highland,http://data.ordnancesurvey.co.uk/id/7000000000029638,http://data.ordnancesurvey.co.uk/ontology/admingeo/UnitaryAuthority,Scotland,http://data.ordnancesurvey.co.uk/id/7000000000041429,Scotland,http://data.ordnancesurvey.co.uk/id/country/scotland,,,
IV26TX,http://data.ordnancesurvey.co.uk/id/postcodeunit/IV26TX,IV2 6TX,,,,other,Postcode,258464.000,831226.000,3500,18000,,,,,,,,,,,,,Highland,http://data.ordnancesurvey.co.uk/id/7000000000029638,http://data.ordnancesurvey.co.uk/ontology/admingeo/UnitaryAuthority,Scotland,http://data.ordnancesurvey.co.uk/id/7000000000041429,Scotland,http://data.ordnancesurvey.co.uk/id/country/scotland,,,
IV636UW,http://data.ordnancesurvey.co.uk/id/postcodeunit/IV636UW,IV63 6UW,,,,other,Postcode,250776.000,828863.000,3500,18000,,,,,,,Lewiston,http://data.ordnancesurvey.co.uk/id/4000000074550718,http://www.ordnancesurvey.co.uk/xml/codelists/localtype.xml#village,,,,Highland,http://data.ordnancesurvey.co.uk/id/7000000000029638,http://data.ordnancesurvey.co.uk/ontology/admingeo/UnitaryAuthority,Scotland,http://data.ordnancesurvey.co.uk/id/7000000000041429,Scotland,http://data.ordnancesurvey.co.uk/id/country/scotland,,,
IV26TY,http://data.ordnancesurvey.co.uk/id/postcodeunit/IV26TY,IV2 6TY,,,,other,Postcode,255612.000,825910.000,3500,18000,,,,,,,,,,,,,Highland,http://data.ordnancesurvey.co.uk/id/7000000000029638,http://data.ordnancesurvey.co.uk/ontology/admingeo/UnitaryAuthority,Scotland,http://data.ordnancesurvey.co.uk/id/7000000000041429,Scotland,http://data.ordnancesurvey.co.uk/id/country/scotland,,,
IV26UJ,http://data.ordnancesurvey.co.uk/id/postcodeunit/IV26UJ,IV2 6UJ,,,,other,Postcode,254021.000,820151.000,3500,18000,,,,,,,Gorthleck,http://data.ordnancesurvey.co.uk/id/4000000074555612,http://www.ordnancesurvey.co.uk/xml/codelists/localtype.xml#village,,,,Highland,http://data.ordnancesurvey.co.uk/id/7000000000029638,http://data.ordnancesurvey.co.uk/ontology/admingeo/UnitaryAuthority,Scotland,http://data.ordnancesurvey.co.uk/id/7000000000041429,Scotland,http://data.ordnancesurvey.co.uk/id/country/scotland,,,
IV636XT,http://data.ordnancesurvey.co.uk/id/postcodeunit/IV636XT,IV63 6XT,,,,other,Postcode,246873.000,830631.000,3500,18000,,,,,,,Rychraggan,http://data.ordnancesurvey.co.uk/id/4000000074559000,http://www.ordnancesurvey.co.uk/xml/codelists/localtype.xml#hamlet,,,,Highland,http://data.ordnancesurvey.co.uk/id/7000000000029638,http://data.ordnancesurvey.co.uk/ontology/admingeo/UnitaryAuthority,Scotland,http://data.ordnancesurvey.co.uk/id/7000000000041429,Scotland,http://data.ordnancesurvey.co.uk/id/country/scotland,,,
IV47HX,http://data.ordnancesurvey.co.uk/id/postcodeunit/IV47HX,IV4 7HX,,,,other,Postcode,249758.000,839986.000,3500,18000,,,,,,,,,,,,,Highland,http://data.ordnancesurvey.co.uk/id/7000000000029638,http://data.ordnancesurvey.co.uk/ontology/admingeo/UnitaryAuthority,Scotland,http://data.ordnancesurvey.co.uk/id/7000000000041429,Scotland,http://data.ordnancesurvey.co.uk/id/country/scotland,,,
IV636UE,http://data.ordnancesurvey.co.uk/id/postcodeunit/IV636UE,IV63 6UE,,,,other,Postcode,250626.000,829026.000,3500,18000,,,,,,,Drumnadrochit,http://data.ordnancesurvey.co.uk/id/4000000074556380,http://www.ordnancesurvey.co.uk/xml/codelists/localtype.xml#village,,,,Highland,http://data.ordnancesurvey.co.uk/id/7000000000029638,http://data.ordnancesurvey.co.uk/ontology/admingeo/UnitaryAuthority,Scotland,http://data.ordnancesurvey.co.uk/id/7000000000041429,Scotland,http://data.ordnancesurvey.co.uk/id/country/scotland,,,
IV26TU,http://data.ordnancesurvey.co.uk/id/postcodeunit/IV26TU,IV2 6TU,,,,other,Postcode,259391.000,832958.000,3500,18000,,,,,,,,,,,,,Highland,http://data.ordnancesurvey.co.uk/id/7000000000029638,http://data.ordnancesurvey.co.uk/ontology/admingeo/UnitaryAuthority,Scotland,http://data.ordnancesurvey.co.uk/id/7000000000041429,Scotland,http://data.ordnancesurvey.co.uk/id/country/scotland,,,
IV38JZ,http://data.ordnancesurvey.co.uk/id/postcodeunit/IV38JZ,IV3 8JZ,,,,other,Postcode,259696.000,837867.000,3500,18000,,,,,,,Lochend,http://data.ordnancesurvey.co.uk/id/4000000074558996,http://www.ordnancesurvey.co.uk/xml/codelists/localtype.xml#hamlet,,,,Highland,http://data.ordnancesurvey.co.uk/id/7000000000029638,http://data.ordnancesurvey.co.uk/ontology/admingeo/UnitaryAuthority,Scotland,http://data.ordnancesurvey.co.uk/id/7000000000041429,Scotland,http://data.ordnancesurvey.co.uk/id/country/scotland,,,
IV636TG,http://data.ordnancesurvey.co.uk/id/postcodeunit/IV636TG,IV63 6TG,,,,other,Postcode,250983.000,829590.000,3500,18000,,,,,,,Drumnadrochit,http://data.ordnancesurvey.co.uk/id/4000000074556380,http://www.ordnancesurvey.co.uk/xml/codelists/localtype.xml#village,,,,Highland,http://data.ordnancesurvey.co.uk/id/7000000000029638,http://data.ordnancesurvey.co.uk/ontology/admingeo/UnitaryAuthority,Scotland,http://data.ordnancesurvey.co.uk/id/7000000000041429,Scotland,http://data.ordnancesurvey.co.uk/id/country/scotland,,,
IV636TH,http://data.ordnancesurvey.co.uk/id/postcodeunit/IV636TH,IV63 6TH,,,,other,Postcode,246301.000,829838.000,3500,18000,,,,,,,,,,,,,Highland,http://data.ordnancesurvey.co.uk/id/7000000000029638,http://data.ordnancesurvey.co.uk/ontology/admingeo/UnitaryAuthority,Scotland,http://data.ordnancesurvey.co.uk/id/7000000000041429,Scotland,http://data.ordnancesurvey.co.uk/id/country/scotland,,,
IV26YE,http://data.ordnancesurvey.co.uk/id/postcodeunit/IV26YE,IV2 6YE,,,,other,Postcode,249644.000,820938.000,3500,18000,,,,,,,Foyers,http://data.ordnancesurvey.co.uk/id/4000000074555614,http://www.ordnancesurvey.co.uk/xml/codelists/localtype.xml#village,,,,Highland,http://data.ordnancesurvey.co.uk/id/7000000000029638,http://data.ordnancesurvey.co.uk/ontology/admingeo/UnitaryAuthority,Scotland,http://data.ordnancesurvey.co.uk/id/7000000000041429,Scotland,http://data.ordnancesurvey.co.uk/id/country/scotland,,,
IV636WR,http://data.ordnancesurvey.co.uk/id/postcodeunit/IV636WR,IV63 6WR,,,,other,Postcode,250717.000,829157.000,3500,18000,,,,,,,Drumnadrochit,http://data.ordnancesurvey.co.uk/id/4000000074556380,http://www.ordnancesurvey.co.uk/xml/codelists/localtype.xml#village,,,,Highland,http://data.ordnancesurvey.co.uk/id/7000000000029638,http://data.ordnancesurvey.co.uk/ontology/admingeo/UnitaryAuthority,Scotland,http://data.ordnancesurvey.co.uk/id/7000000000041429,Scotland,http://data.ordnancesurvey.co.uk/id/country/scotland,,,
IV636TJ,http://data.ordnancesurvey.co.uk/id/postcodeunit/IV636TJ,IV63 6TJ,,,,other,Postcode,244547.000,830446.000,3500,18000,,,,,,,Balnain,http://data.ordnancesurvey.co.uk/id/4000000074559002,http://www.ordnancesurvey.co.uk/xml/codelists/localtype.xml#village,,,,Highland,http://data.ordnancesurvey.co.uk/id/7000000000029638,http://data.ordnancesurvey.co.uk/ontology/admingeo/UnitaryAuthority,Scotland,http://data.ordnancesurvey.co.uk/id/7000000000041429,Scotland,http://data.ordnancesurvey.co.uk/id/country/scotland,,,
IV26UH,http://data.ordnancesurvey.co.uk/id/postcodeunit/IV26UH,IV2 6UH,,,,other,Postcode,256154.000,822600.000,3500,18000,,,,,,,Errogie,http://data.ordnancesurvey.co.uk/id/4000000074555616,http://www.ordnancesurvey.co.uk/xml/codelists/localtype.xml#hamlet,,,,Highland,http://data.ordnancesurvey.co.uk/id/7000000000029638,http://data.ordnancesurvey.co.uk/ontology/admingeo/UnitaryAuthority,Scotland,http://data.ordnancesurvey.co.uk/id/7000000000041429,Scotland,http://data.ordnancesurvey.co.uk/id/country/scotland,,,
IV636XH,http://data.ordnancesurvey.co.uk/id/postcodeunit/IV636XH,IV63 6XH,,,,other,Postcode,249156.000,823812.000,3500,18000,,,,,,,Grotaig,http://data.ordnancesurvey.co.uk/id/4000000074551454,http://www.ordnancesurvey.co.uk/xml/codelists/localtype.xml#otherSettlement,,,,Highland,http://data.ordnancesurvey.co.uk/id/7000000000029638,http://data.ordnancesurvey.co.uk/ontology/admingeo/UnitaryAuthority,Scotland,http://data.ordnancesurvey.co.uk/id/7000000000041429,Scotland,http://data.ordnancesurvey.co.uk/id/country/scotland,,,
IV26XW,http://data.ordnancesurvey.co.uk/id/postcodeunit/IV26XW,IV2 6XW,,,,other,Postcode,249419.000,820810.000,3500,18000,,,,,,,Foyers,http://data.ordnancesurvey.co.uk/id/4000000074555614,http://www.ordnancesurvey.co.uk/xml/codelists/localtype.xml#village,,,,Highland,http://data.ordnancesurvey.co.uk/id/7000000000029638,http://data.ordnancesurvey.co.uk/ontology/admingeo/UnitaryAuthority,Scotland,http://data.ordnancesurvey.co.uk/id/7000000000041429,Scotland,http://data.ordnancesurvey.co.uk/id/country/scotland,,,
IV636XG,http://data.ordnancesurvey.co.uk/id/postcodeunit/IV636XG,IV63 6XG,,,,other,Postcode,249859.000,825603.000,3500,18000,,,,,,,,,,,,,Highland,http://data.ordnancesurvey.co.uk/id/7000000000029638,http://data.ordnancesurvey.co.uk/ontology/admingeo/UnitaryAuthority,Scotland,http://data.ordnancesurvey.co.uk/id/7000000000041429,Scotland,http://data.ordnancesurvey.co.uk/id/country/scotland,,,
IV636XE,http://data.ordnancesurvey.co.uk/id/postcodeunit/IV636XE,IV63 6XE,,,,other,Postcode,250024.000,829991.000,3500,18000,,,,,,,Drumnadrochit,http://data.ordnancesurvey.co.uk/id/4000000074556380,http://www.ordnancesurvey.co.uk/xml/codelists/localtype.xml#village,,,,Highland,http://data.ordnancesurvey.co.uk/id/7000000000029638,http://data.ordnancesurvey.co.uk/ontology/admingeo/UnitaryAuthority,Scotland,http://data.ordnancesurvey.co.uk/id/7000000000041429,Scotland,http://data.ordnancesurvey.co.uk/id/country/scotland,,,
IV26XY,http://data.ordnancesurvey.co.uk/id/postcodeunit/IV26XY,IV2 6XY,,,,other,Postcode,249951.000,820130.000,3500,18000,,,,,,,Foyers,http://data.ordnancesurvey.co.uk/id/4000000074555614,http://www.ordnancesurvey.co.uk/xml/codelists/localtype.xml#village,,,,Highland,http://data.ordnancesurvey.co.uk/id/7000000000029638,http://data.ordnancesurvey.co.uk/ontology/admingeo/UnitaryAuthority,Scotland,http://data.ordnancesurvey.co.uk/id/7000000000041429,Scotland,http://data.ordnancesurvey.co.uk/id/country/scotland,,,
IV636XL,http://data.ordnancesurvey.co.uk/id/postcodeunit/IV636XL,IV63 6XL,,,,other,Postcode,252646.000,828700.000,3500,18000,,,,,,,Strone,http://data.ordnancesurvey.co.uk/id/4000000074541217,http://www.ordnancesurvey.co.uk/xml/codelists/localtype.xml#hamlet,,,,Highland,http://data.ordnancesurvey.co.uk/id/7000000000029638,http://data.ordnancesurvey.co.uk/ontology/admingeo/UnitaryAuthority,Scotland,http://data.ordnancesurvey.co.uk/id/7000000000041429,Scotland,http://data.ordnancesurvey.co.uk/id/country/scotland,,,
IV47HS,http://data.ordnancesurvey.co.uk/id/postcodeunit/IV47HS,IV4 7HS,,,,other,Postcode,251093.000,838396.000,3500,18000,,,,,,,Ardendrain,http://data.ordnancesurvey.co.uk/id/4000000074559367,http://www.ordnancesurvey.co.uk/xml/codelists/localtype.xml#otherSettlement,,,,Highland,http://data.ordnancesurvey.co.uk/id/7000000000029638,http://data.ordnancesurvey.co.uk/ontology/admingeo/UnitaryAuthority,Scotland,http://data.ordnancesurvey.co.uk/id/7000000000041429,Scotland,http://data.ordnancesurvey.co.uk/id/country/scotland,,,
IV636TU,http://data.ordnancesurvey.co.uk/id/postcodeunit/IV636TU,IV63 6TU,,,,other,Postcode,250848.000,830170.000,3500,18000,,,,,,,Drumnadrochit,http://data.ordnancesurvey.co.uk/id/4000000074556380,http://www.ordnancesurvey.co.uk/xml/codelists/localtype.xml#village,,,,Highland,http://data.ordnancesurvey.co.uk/id/7000000000029638,http://data.ordnancesurvey.co.uk/ontology/admingeo/UnitaryAuthority,Scotland,http://data.ordnancesurvey.co.uk/id/7000000000041429,Scotland,http://data.ordnancesurvey.co.uk/id/country/scotland,,,
IV636XQ,http://data.ordnancesurvey.co.uk/id/postcodeunit/IV636XQ,IV63 6XQ,,,,other,Postcode,249145.000,824213.000,3500,18000,,,,,,,Grotaig,http://data.ordnancesurvey.co.uk/id/4000000074551454,http://www.ordnancesurvey.co.uk/xml/codelists/localtype.xml#otherSettlement,,,,Highland,http://data.ordnancesurvey.co.uk/id/7000000000029638,http://data.ordnancesurvey.co.uk/ontology/admingeo/UnitaryAuthority,Scotland,http://data.ordnancesurvey.co.uk/id/7000000000041429,Scotland,http://data.ordnancesurvey.co.uk/id/country/scotland,,,
IV636UP,http://data.ordnancesurvey.co.uk/id/postcodeunit/IV636UP,IV63 6UP,,,,other,Postcode,250054.000,828544.000,3500,18000,,,,,,,Drumnadrochit,http://data.ordnancesurvey.co.uk/id/4000000074556380,http://www.ordnancesurvey.co.uk/xml/codelists/localtype.xml#village,,,,Highland,http://data.ordnancesurvey.co.uk/id/7000000000029638,http://data.ordnancesurvey.co.uk/ontology/admingeo/UnitaryAuthority,Scotland,http://data.ordnancesurvey.co.uk/id/7000000000041429,Scotland,http://data.ordnancesurvey.co.uk/id/country/scotland,,,
IV636XF,http://data.ordnancesurvey.co.uk/id/postcodeunit/IV636XF,IV63 6XF,,,,other,Postcode,250953.000,827631.000,3500,18000,,,,,,,,,,,,,Highland,http://data.ordnancesurvey.co.uk/id/7000000000029638,http://data.ordnancesurvey.co.uk/ontology/admingeo/UnitaryAuthority,Scotland,http://data.ordnancesurvey.co.uk/id/7000000000041429,Scotland,http://data.ordnancesurvey.co.uk/id/country/scotland,,,
IV26TR,http://data.ordnancesurvey.co.uk/id/postcodeunit/IV26TR,IV2 6TR,,,,other,Postcode,259825.000,834757.000,3500,18000,,,,,,,Dores,http://data.ordnancesurvey.co.uk/id/4000000074556748,http://www.ordnancesurvey.co.uk/xml/codelists/localtype.xml#village,,,,Highland,http://data.ordnancesurvey.co.uk/id/7000000000029638,http://data.ordnancesurvey.co.uk/ontology/admingeo/UnitaryAuthority,Scotland,http://data.ordnancesurvey.co.uk/id/7000000000041429,Scotland,http://data.ordnancesurvey.co.uk/id/country/scotland,,,
IV636TL,http://data.ordnancesurvey.co.uk/id/postcodeunit/IV636TL,IV63 6TL,,,,other,Postcode,244776.000,830854.000,3500,18000,,,,,,,Balnain,http://data.ordnancesurvey.co.uk/id/4000000074559002,http://www.ordnancesurvey.co.uk/xml/codelists/localtype.xml#village,,,,Highland,http://data.ordnancesurvey.co.uk/id/7000000000029638,http://data.ordnancesurvey.co.uk/ontology/admingeo/UnitaryAuthority,Scotland,http://data.ordnancesurvey.co.uk/id/7000000000041429,Scotland,http://data.ordnancesurvey.co.uk/id/country/scotland,,,
IV26YB,http://data.ordnancesurvey.co.uk/id/postcodeunit/IV26YB,IV2 6YB,,,,other,Postcode,249610.000,820901.000,3500,18000,,,,,,,Foyers,http://data.ordnancesurvey.co.uk/id/4000000074555614,http://www.ordnancesurvey.co.uk/xml/codelists/localtype.xml#village,,,,Highland,http://data.ordnancesurvey.co.uk/id/7000000000029638,http://data.ordnancesurvey.co.uk/ontology/admingeo/UnitaryAuthority,Scotland,http://data.ordnancesurvey.co.uk/id/7000000000041429,Scotland,http://data.ordnancesurvey.co.uk/id/country/scotland,,,
IV47HT,http://data.ordnancesurvey.co.uk/id/postcodeunit/IV47HT,IV4 7HT,,,,other,Postcode,252358.000,838656.000,3500,18000,,,,,,,,,,,,,Highland,http://data.ordnancesurvey.co.uk/id/7000000000029638,http://data.ordnancesurvey.co.uk/ontology/admingeo/UnitaryAuthority,Scotland,http://data.ordnancesurvey.co.uk/id/7000000000041429,Scotland,http://data.ordnancesurvey.co.uk/id/country/scotland,,,
IV636XP,http://data.ordnancesurvey.co.uk/id/postcodeunit/IV636XP,IV63 6XP,,,,other,Postcode,251692.000,830230.000,3500,18000,,,,,,,Drumnadrochit,http://data.ordnancesurvey.co.uk/id/4000000074556380,http://www.ordnancesurvey.co.uk/xml/codelists/localtype.xml#village,,,,Highland,http://data.ordnancesurvey.co.uk/id/7000000000029638,http://data.ordnancesurvey.co.uk/ontology/admingeo/UnitaryAuthority,Scotland,http://data.ordnancesurvey.co.uk/id/7000000000041429,Scotland,http://data.ordnancesurvey.co.uk/id/country/scotland,,,
osgb4000000003557353,http://data.ordnancesurvey.co.uk/id/4000000003557353,Coiltie Crescent,,,,transportNetwork,Named Road,251154.000,829424.000,1000,20000,251100.000,829341.844,251252.328,829568.000,IV63,http://data.ordnancesurvey.co.uk/id/postcodedistrict/IV63,Drumnadrochit,http://data.ordnancesurvey.co.uk/id/4000000074556380,http://www.ordnancesurvey.co.uk/xml/codelists/localtype.xml#village,,,,Highland,http://data.ordnancesurvey.co.uk/id/7000000000029638,http://data.ordnancesurvey.co.uk/ontology/admingeo/UnitaryAuthority,Scotland,http://data.ordnancesurvey.co.uk/id/7000000000041429,Scotland,http://data.ordnancesurvey.co.uk/id/country/scotland,,,
osgb4000000003545956,http://data.ordnancesurvey.co.uk/id/4000000003545956,Woodside,,,,transportNetwork,Named Road,250648.430,829032.548,1000,20000,250615.636,829011.141,250648.430,829053.726,IV63,http://data.ordnancesurvey.co.uk/id/postcodedistrict/IV63,Drumnadrochit,http://data.ordnancesurvey.co.uk/id/4000000074556380,http://www.ordnancesurvey.co.uk/xml/codelists/localtype.xml#village,,,,Highland,http://data.ordnancesurvey.co.uk/id/7000000000029638,http://data.ordnancesurvey.co.uk/ontology/admingeo/UnitaryAuthority,Scotland,http://data.ordnancesurvey.co.uk/id/7000000000041429,Scotland,http://data.ordnancesurvey.co.uk/id/country/scotland,,,
osgb4000000003531334,http://data.ordnancesurvey.co.uk/id/4000000003531334,Torr Gardens,,,,transportNetwork,Named Road,259917.000,834762.000,1000,20000,259856.000,834692.000,259962.184,834829.441,IV2,http://data.ordnancesurvey.co.uk/id/postcodedistrict/IV2,Dores,http://data.ordnancesurvey.co.uk/id/4000000074556748,http://www.ordnancesurvey.co.uk/xml/codelists/localtype.xml#village,,,,Highland,http://data.ordnancesurvey.co.uk/id/7000000000029638,http://data.ordnancesurvey.co.uk/ontology/admingeo/UnitaryAuthority,Scotland,http://data.ordnancesurvey.co.uk/id/7000000000041429,Scotland,http://data.ordnancesurvey.co.uk/id/country/scotland,,,
osgb4000000003530890,http://data.ordnancesurvey.co.uk/id/4000000003530890,Oakbank Road,,,,transportNetwork,Named Road,249001.000,830350.000,2000,20000,248823.800,830343.000,249206.200,830361.200,IV63,http://data.ordnancesurvey.co.uk/id/postcodedistrict/IV63,Milton,http://data.ordnancesurvey.co.uk/id/4000000074558621,http://www.ordnancesurvey.co.uk/xml/codelists/localtype.xml#village,,,,Highland,http://data.ordnancesurvey.co.uk/id/7000000000029638,http://data.ordnancesurvey.co.uk/ontology/admingeo/UnitaryAuthority,Scotland,http://data.ordnancesurvey.co.uk/id/7000000000041429,Scotland,http://data.ordnancesurvey.co.uk/id/country/scotland,,,
osgb4000000003531923,http://data.ordnancesurvey.co.uk/id/4000000003531923,Grays Park,,,,transportNetwork,Named Road,249426.000,820829.000,1000,20000,249384.535,820823.000,249452.098,820838.073,IV2,http://data.ordnancesurvey.co.uk/id/postcodedistrict/IV2,Foyers,http://data.ordnancesurvey.co.uk/id/4000000074555614,http://www.ordnancesurvey.co.uk/xml/codelists/localtype.xml#village,,,,Highland,http://data.ordnancesurvey.co.uk/id/7000000000029638,http://data.ordnancesurvey.co.uk/ontology/admingeo/UnitaryAuthority,Scotland,http://data.ordnancesurvey.co.uk/id/7000000000041429,Scotland,http://data.ordnancesurvey.co.uk/id/country/scotland,,,
osgb4000000003531924,http://data.ordnancesurvey.co.uk/id/4000000003531924,General Wade's Military Road,,,,transportNetwork,Named Road,250837.000,822211.000,1000,20000,250730.000,822077.000,250884.000,822270.000,IV2,http://data.ordnancesurvey.co.uk/id/postcodedistrict/IV2,Foyers,http://data.ordnancesurvey.co.uk/id/4000000074555614,http://www.ordnancesurvey.co.uk/xml/codelists/localtype.xml#village,,,,Highland,http://data.ordnancesurvey.co.uk/id/7000000000029638,http://data.ordnancesurvey.co.uk/ontology/admingeo/UnitaryAuthority,Scotland,http://data.ordnancesurvey.co.uk/id/7000000000041429,Scotland,http://data.ordnancesurvey.co.uk/id/country/scotland,,,
osgb4000000003534167,http://data.ordnancesurvey.co.uk/id/4000000003534167,A833,,,,transportNetwork,Numbered Road,251272.595,837136.825,89000,1000000,248823.800,830361.200,252754.000,844012.000,IV4,http://data.ordnancesurvey.co.uk/id/postcodedistrict/IV4,,,,,,,Highland,http://data.ordnancesurvey.co.uk/id/7000000000029638,http://data.ordnancesurvey.co.uk/ontology/admingeo/UnitaryAuthority,Scotland,http://data.ordnancesurvey.co.uk/id/7000000000041429,Scotland,http://data.ordnancesurvey.co.uk/id/country/scotland,,,
osgb4000000003536266,http://data.ordnancesurvey.co.uk/id/4000000003536266,Culanlon,,,,transportNetwork,Named Road,251242.746,829439.861,1000,20000,251179.863,829397.141,251328.785,829492.363,IV63,http://data.ordnancesurvey.co.uk/id/postcodedistrict/IV63,Drumnadrochit,http://data.ordnancesurvey.co.uk/id/4000000074556380,http://www.ordnancesurvey.co.uk/xml/codelists/localtype.xml#village,,,,Highland,http://data.ordnancesurvey.co.uk/id/7000000000029638,http://data.ordnancesurvey.co.uk/ontology/admingeo/UnitaryAuthority,Scotland,http://data.ordnancesurvey.co.uk/id/7000000000041429,Scotland,http://data.ordnancesurvey.co.uk/id/country/scotland,,,
osgb4000000003531925,http://data.ordnancesurvey.co.uk/id/4000000003531925,The Kennels,,,,transportNetwork,Named Road,250071.880,828510.811,1000,20000,250069.344,828476.847,250093.313,828537.273,IV63,http://data.ordnancesurvey.co.uk/id/postcodedistrict/IV63,Drumnadrochit,http://data.ordnancesurvey.co.uk/id/4000000074556380,http://www.ordnancesurvey.co.uk/xml/codelists/localtype.xml#village,,,,Highland,http://data.ordnancesurvey.co.uk/id/7000000000029638,http://data.ordnancesurvey.co.uk/ontology/admingeo/UnitaryAuthority,Scotland,http://data.ordnancesurvey.co.uk/id/7000000000041429,Scotland,http://data.ordnancesurvey.co.uk/id/country/scotland,,,
osgb4000000003534159,http://data.ordnancesurvey.co.uk/id/4000000003534159,B862,,,,transportNetwork,Numbered Road,257654.000,827942.000,242000,250000,237931.000,808324.542,266630.000,845606.854,IV2,http://data.ordnancesurvey.co.uk/id/postcodedistrict/IV2,Torness,http://data.ordnancesurvey.co.uk/id/4000000074556379,http://www.ordnancesurvey.co.uk/xml/codelists/localtype.xml#hamlet,,,,Highland,http://data.ordnancesurvey.co.uk/id/7000000000029638,http://data.ordnancesurvey.co.uk/ontology/admingeo/UnitaryAuthority,Scotland,http://data.ordnancesurvey.co.uk/id/7000000000041429,Scotland,http://data.ordnancesurvey.co.uk/id/country/scotland,,,
osgb4000000003543989,http://data.ordnancesurvey.co.uk/id/4000000003543989,Kilmore Road,,,,transportNetwork,Named Road,251237.000,829535.000,1000,20000,251208.000,829492.363,251328.785,829545.000,IV63,http://data.ordnancesurvey.co.uk/id/postcodedistrict/IV63,Drumnadrochit,http://data.ordnancesurvey.co.uk/id/4000000074556380,http://www.ordnancesurvey.co.uk/xml/codelists/localtype.xml#village,,,,Highland,http://data.ordnancesurvey.co.uk/id/7000000000029638,http://data.ordnancesurvey.co.uk/ontology/admingeo/UnitaryAuthority,Scotland,http://data.ordnancesurvey.co.uk/id/7000000000041429,Scotland,http://data.ordnancesurvey.co.uk/id/country/scotland,,,
osgb4000000003544045,http://data.ordnancesurvey.co.uk/id/4000000003544045,Sraid-Na-Firinn,,,,transportNetwork,Named Road,244640.265,830400.484,1000,20000,244607.614,830384.287,244671.501,830404.726,IV63,http://data.ordnancesurvey.co.uk/id/postcodedistrict/IV63,Balnain,http://data.ordnancesurvey.co.uk/id/4000000074559002,http://www.ordnancesurvey.co.uk/xml/codelists/localtype.xml#village,,,,Highland,http://data.ordnancesurvey.co.uk/id/7000000000029638,http://data.ordnancesurvey.co.uk/ontology/admingeo/UnitaryAuthority,Scotland,http://data.ordnancesurvey.co.uk/id/7000000000041429,Scotland,http://data.ordnancesurvey.co.uk/id/country/scotland,,,
osgb4000000003534166,http://data.ordnancesurvey.co.uk/id/4000000003534166,B852,,,,transportNetwork,Numbered Road,253914.000,826698.000,115000,250000,249353.172,817143.005,259859.588,834777.170,IV2,http://data.ordnancesurvey.co.uk/id/postcodedistrict/IV2,,,,,,,Highland,http://data.ordnancesurvey.co.uk/id/7000000000029638,http://data.ordnancesurvey.co.uk/ontology/admingeo/UnitaryAuthority,Scotland,http://data.ordnancesurvey.co.uk/id/7000000000041429,Scotland,http://data.ordnancesurvey.co.uk/id/country/scotland,,,
osgb4000000003531331,http://data.ordnancesurvey.co.uk/id/4000000003531331,Enrick Crescent,,,,transportNetwork,Named Road,251267.000,829560.000,1000,20000,251208.000,829545.000,251341.094,829647.000,IV63,http://data.ordnancesurvey.co.uk/id/postcodedistrict/IV63,Drumnadrochit,http://data.ordnancesurvey.co.uk/id/4000000074556380,http://www.ordnancesurvey.co.uk/xml/codelists/localtype.xml#village,,,,Highland,http://data.ordnancesurvey.co.uk/id/7000000000029638,http://data.ordnancesurvey.co.uk/ontology/admingeo/UnitaryAuthority,Scotland,http://data.ordnancesurvey.co.uk/id/7000000000041429,Scotland,http://data.ordnancesurvey.co.uk/id/country/scotland,,,
osgb5000005115176727,http://data.ordnancesurvey.co.uk/id/5000005115176727,Coiltie Court,,,,transportNetwork,Named Road,251281.798,829153.664,1000,20000,251249.241,829153.664,251281.798,829183.077,IV63,http://data.ordnancesurvey.co.uk/id/postcodedistrict/IV63,Lewiston,http://data.ordnancesurvey.co.uk/id/4000000074550718,http://www.ordnancesurvey.co.uk/xml/codelists/localtype.xml#village,,,,Highland,http://data.ordnancesurvey.co.uk/id/7000000000029638,http://data.ordnancesurvey.co.uk/ontology/admingeo/UnitaryAuthority,Scotland,http://data.ordnancesurvey.co.uk/id/7000000000041429,Scotland,http://data.ordnancesurvey.co.uk/id/country/scotland,,,
osgb4000000003531329,http://data.ordnancesurvey.co.uk/id/4000000003531329,St Drostans,,,,transportNetwork,Named Road,250621.575,829185.099,1000,20000,250581.585,829147.811,250722.154,829249.000,IV63,http://data.ordnancesurvey.co.uk/id/postcodedistrict/IV63,Drumnadrochit,http://data.ordnancesurvey.co.uk/id/4000000074556380,http://www.ordnancesurvey.co.uk/xml/codelists/localtype.xml#village,,,,Highland,http://data.ordnancesurvey.co.uk/id/7000000000029638,http://data.ordnancesurvey.co.uk/ontology/admingeo/UnitaryAuthority,Scotland,http://data.ordnancesurvey.co.uk/id/7000000000041429,Scotland,http://data.ordnancesurvey.co.uk/id/country/scotland,,,
osgb4000000003530889,http://data.ordnancesurvey.co.uk/id/4000000003530889,Balmacaan Road,,,,transportNetwork,Named Road,250549.000,828955.000,4000,20000,250248.689,828619.659,250822.644,829306.880,IV63,http://data.ordnancesurvey.co.uk/id/postcodedistrict/IV63,Drumnadrochit,http://data.ordnancesurvey.co.uk/id/4000000074556380,http://www.ordnancesurvey.co.uk/xml/codelists/localtype.xml#village,,,,Highland,http://data.ordnancesurvey.co.uk/id/7000000000029638,http://data.ordnancesurvey.co.uk/ontology/admingeo/UnitaryAuthority,Scotland,http://data.ordnancesurvey.co.uk/id/7000000000041429,Scotland,http://data.ordnancesurvey.co.uk/id/country/scotland,,,
IV636UG,http://data.ordnancesurvey.co.uk/id/postcodeunit/IV636UG,IV63 6UG,,,,other,Postcode,250842.000,829421.000,3500,18000,,,,,,,Drumnadrochit,http://data.ordnancesurvey.co.uk/id/4000000074556380,http://www.ordnancesurvey.co.uk/xml/codelists/localtype.xml#village,,,,Highland,http://data.ordnancesurvey.co.uk/id/7000000000029638,http://data.ordnancesurvey.co.uk/ontology/admingeo/UnitaryAuthority,Scotland,http://data.ordnancesurvey.co.uk/id/7000000000041429,Scotland,http://data.ordnancesurvey.co.uk/id/country/scotland,,,
IV26TS,http://data.ordnancesurvey.co.uk/id/postcodeunit/IV26TS,IV2 6TS,,,,other,Postcode,259918.000,834786.000,3500,18000,,,,,,,Dores,http://data.ordnancesurvey.co.uk/id/4000000074556748,http://www.ordnancesurvey.co.uk/xml/codelists/localtype.xml#village,,,,Highland,http://data.ordnancesurvey.co.uk/id/7000000000029638,http://data.ordnancesurvey.co.uk/ontology/admingeo/UnitaryAuthority,Scotland,http://data.ordnancesurvey.co.uk/id/7000000000041429,Scotland,http://data.ordnancesurvey.co.uk/id/country/scotland,,,
IV636TN,http://data.ordnancesurvey.co.uk/id/postcodeunit/IV636TN,IV63 6TN,,,,other,Postcode,241822.000,830462.000,3500,18000,,,,,,,Braefield,http://data.ordnancesurvey.co.uk/id/4000000074559373,http://www.ordnancesurvey.co.uk/xml/codelists/localtype.xml#village,,,,Highland,http://data.ordnancesurvey.co.uk/id/7000000000029638,http://data.ordnancesurvey.co.uk/ontology/admingeo/UnitaryAuthority,Scotland,http://data.ordnancesurvey.co.uk/id/7000000000041429,Scotland,http://data.ordnancesurvey.co.uk/id/country/scotland,,,
IV636UT,http://data.ordnancesurvey.co.uk/id/postcodeunit/IV636UT,IV63 6UT,,,,other,Postcode,250644.000,829213.000,3500,18000,,,,,,,Drumnadrochit,http://data.ordnancesurvey.co.uk/id/4000000074556380,http://www.ordnancesurvey.co.uk/xml/codelists/localtype.xml#village,,,,Highland,http://data.ordnancesurvey.co.uk/id/7000000000029638,http://data.ordnancesurvey.co.uk/ontology/admingeo/UnitaryAuthority,Scotland,http://data.ordnancesurvey.co.uk/id/7000000000041429,Scotland,http://data.ordnancesurvey.co.uk/id/country/scotland,,,
IV26YH,http://data.ordnancesurvey.co.uk/id/postcodeunit/IV26YH,IV2 6YH,,,,other,Postcode,249349.000,820940.000,3500,18000,,,,,,,Foyers,http://data.ordnancesurvey.co.uk/id/4000000074555614,http://www.ordnancesurvey.co.uk/xml/codelists/localtype.xml#village,,,,Highland,http://data.ordnancesurvey.co.uk/id/7000000000029638,http://data.ordnancesurvey.co.uk/ontology/admingeo/UnitaryAuthority,Scotland,http://data.ordnancesurvey.co.uk/id/7000000000041429,Scotland,http://data.ordnancesurvey.co.uk/id/country/scotland,,,
IV38LD,http://data.ordnancesurvey.co.uk/id/postcodeunit/IV38LD,IV3 8LD,,,,other,Postcode,256321.000,834611.000,3500,18000,,,,,,,Balchraggan,http://data.ordnancesurvey.co.uk/id/4000000074556750,http://www.ordnancesurvey.co.uk/xml/codelists/localtype.xml#hamlet,,,,Highland,http://data.ordnancesurvey.co.uk/id/7000000000029638,http://data.ordnancesurvey.co.uk/ontology/admingeo/UnitaryAuthority,Scotland,http://data.ordnancesurvey.co.uk/id/7000000000041429,Scotland,http://data.ordnancesurvey.co.uk/id/country/scotland,,,
IV26YG,http://data.ordnancesurvey.co.uk/id/postcodeunit/IV26YG,IV2 6YG,,,,other,Postcode,249386.000,820525.000,3500,18000,,,,,,,Foyers,http://data.ordnancesurvey.co.uk/id/4000000074555614,http://www.ordnancesurvey.co.uk/xml/codelists/localtype.xml#village,,,,Highland,http://data.ordnancesurvey.co.uk/id/7000000000029638,http://data.ordnancesurvey.co.uk/ontology/admingeo/UnitaryAuthority,Scotland,http://data.ordnancesurvey.co.uk/id/7000000000041429,Scotland,http://data.ordnancesurvey.co.uk/id/country/scotland,,,
IV636UA,http://data.ordnancesurvey.co.uk/id/postcodeunit/IV636UA,IV63 6UA,,,,other,Postcode,249447.000,830423.000,3500,18000,,,,,,,Milton,http://data.ordnancesurvey.co.uk/id/4000000074558621,http://www.ordnancesurvey.co.uk/xml/codelists/localtype.xml#village,,,,Highland,http://data.ordnancesurvey.co.uk/id/7000000000029638,http://data.ordnancesurvey.co.uk/ontology/admingeo/UnitaryAuthority,Scotland,http://data.ordnancesurvey.co.uk/id/7000000000041429,Scotland,http://data.ordnancesurvey.co.uk/id/country/scotland,,,
osgb4000000003532409,http://data.ordnancesurvey.co.uk/id/4000000003532409,The Beeches,,,,transportNetwork,Named Road,250310.000,828611.000,1000,20000,250304.000,828585.917,250333.000,828631.000,IV63,http://data.ordnancesurvey.co.uk/id/postcodedistrict/IV63,Drumnadrochit,http://data.ordnancesurvey.co.uk/id/4000000074556380,http://www.ordnancesurvey.co.uk/xml/codelists/localtype.xml#village,,,,Highland,http://data.ordnancesurvey.co.uk/id/7000000000029638,http://data.ordnancesurvey.co.uk/ontology/admingeo/UnitaryAuthority,Scotland,http://data.ordnancesurvey.co.uk/id/7000000000041429,Scotland,http://data.ordnancesurvey.co.uk/id/country/scotland,,,
IV636WP,http://data.ordnancesurvey.co.uk/id/postcodeunit/IV636WP,IV63 6WP,,,,other,Postcode,251264.000,829156.000,3500,18000,,,,,,,Lewiston,http://data.ordnancesurvey.co.uk/id/4000000074550718,http://www.ordnancesurvey.co.uk/xml/codelists/localtype.xml#village,,,,Highland,http://data.ordnancesurvey.co.uk/id/7000000000029638,http://data.ordnancesurvey.co.uk/ontology/admingeo/UnitaryAuthority,Scotland,http://data.ordnancesurvey.co.uk/id/7000000000041429,Scotland,http://data.ordnancesurvey.co.uk/id/country/scotland,,,
IV636UF,http://data.ordnancesurvey.co.uk/id/postcodeunit/IV636UF,IV63 6UF,,,,other,Postcode,251391.000,829526.000,3500,18000,,,,,,,Drumnadrochit,http://data.ordnancesurvey.co.uk/id/4000000074556380,http://www.ordnancesurvey.co.uk/xml/codelists/localtype.xml#village,,,,Highland,http://data.ordnancesurvey.co.uk/id/7000000000029638,http://data.ordnancesurvey.co.uk/ontology/admingeo/UnitaryAuthority,Scotland,http://data.ordnancesurvey.co.uk/id/7000000000041429,Scotland,http://data.ordnancesurvey.co.uk/id/country/scotland,,,
IV636XA,http://data.ordnancesurvey.co.uk/id/postcodeunit/IV636XA,IV63 6XA,,,,other,Postcode,250500.000,829139.000,3500,18000,,,,,,,Drumnadrochit,http://data.ordnancesurvey.co.uk/id/4000000074556380,http://www.ordnancesurvey.co.uk/xml/codelists/localtype.xml#village,,,,Highland,http://data.ordnancesurvey.co.uk/id/7000000000029638,http://data.ordnancesurvey.co.uk/ontology/admingeo/UnitaryAuthority,Scotland,http://data.ordnancesurvey.co.uk/id/7000000000041429,Scotland,http://data.ordnancesurvey.co.uk/id/country/scotland,,,
IV636UJ,http://data.ordnancesurvey.co.uk/id/postcodeunit/IV636UJ,IV63 6UJ,,,,other,Postcode,251333.000,829247.000,3500,18000,,,,,,,Lewiston,http://data.ordnancesurvey.co.uk/id/4000000074550718,http://www.ordnancesurvey.co.uk/xml/codelists/localtype.xml#village,,,,Highland,http://data.ordnancesurvey.co.uk/id/7000000000029638,http://data.ordnancesurvey.co.uk/ontology/admingeo/UnitaryAuthority,Scotland,http://data.ordnancesurvey.co.uk/id/7000000000041429,Scotland,http://data.ordnancesurvey.co.uk/id/country/scotland,,,
osgb4000000003536265,http://data.ordnancesurvey.co.uk/id/4000000003536265,Druimlon,,,,transportNetwork,Named Road,250746.933,829685.853,1000,20000,250707.000,829583.915,250764.749,829745.033,IV63,http://data.ordnancesurvey.co.uk/id/postcodedistrict/IV63,Drumnadrochit,http://data.ordnancesurvey.co.uk/id/4000000074556380,http://www.ordnancesurvey.co.uk/xml/codelists/localtype.xml#village,,,,Highland,http://data.ordnancesurvey.co.uk/id/7000000000029638,http://data.ordnancesurvey.co.uk/ontology/admingeo/UnitaryAuthority,Scotland,http://data.ordnancesurvey.co.uk/id/7000000000041429,Scotland,http://data.ordnancesurvey.co.uk/id/country/scotland,,,
osgb4000000003558422,http://data.ordnancesurvey.co.uk/id/4000000003558422,Old School Court,,,,transportNetwork,Named Road,250969.369,829599.156,1000,20000,250950.271,829576.139,250996.103,829620.692,IV63,http://data.ordnancesurvey.co.uk/id/postcodedistrict/IV63,Drumnadrochit,http://data.ordnancesurvey.co.uk/id/4000000074556380,http://www.ordnancesurvey.co.uk/xml/codelists/localtype.xml#village,,,,Highland,http://data.ordnancesurvey.co.uk/id/7000000000029638,http://data.ordnancesurvey.co.uk/ontology/admingeo/UnitaryAuthority,Scotland,http://data.ordnancesurvey.co.uk/id/7000000000041429,Scotland,http://data.ordnancesurvey.co.uk/id/country/scotland,,,
