﻿osgb4000000074562533,http://data.ordnancesurvey.co.uk/id/4000000074562533,Cabrach,,,,populatedPlace,Hamlet,338920.000,826806.000,5000,25000,338507.535,826436.554,339242.920,827140.343,AB54,http://data.ordnancesurvey.co.uk/id/postcodedistrict/AB54,,,,,,,Moray,http://data.ordnancesurvey.co.uk/id/7000000000029959,http://data.ordnancesurvey.co.uk/ontology/admingeo/UnitaryAuthority,Scotland,http://data.ordnancesurvey.co.uk/id/7000000000041429,Scotland,http://data.ordnancesurvey.co.uk/id/country/scotland,,http://dbpedia.org/resource/Cabrach,http://sws.geonames.org/2654121
osgb4000000074336441,http://data.ordnancesurvey.co.uk/id/4000000074336441,Glen Rinnes,,,,populatedPlace,Other Settlement,331043.130,838925.940,15000,25000,330419.229,837448.652,331309.027,839007.056,AB55,http://data.ordnancesurvey.co.uk/id/postcodedistrict/AB55,,,,,,,Moray,http://data.ordnancesurvey.co.uk/id/7000000000029959,http://data.ordnancesurvey.co.uk/ontology/admingeo/UnitaryAuthority,Scotland,http://data.ordnancesurvey.co.uk/id/7000000000041429,Scotland,http://data.ordnancesurvey.co.uk/id/country/scotland,,,
osgb4000000074543227,http://data.ordnancesurvey.co.uk/id/4000000074543227,Dufftown,,,,populatedPlace,Town,332368.000,839977.000,26000,2000000,331662.023,838785.799,334119.167,842762.301,AB55,http://data.ordnancesurvey.co.uk/id/postcodedistrict/AB55,,,,,,,Moray,http://data.ordnancesurvey.co.uk/id/7000000000029959,http://data.ordnancesurvey.co.uk/ontology/admingeo/UnitaryAuthority,Scotland,http://data.ordnancesurvey.co.uk/id/7000000000041429,Scotland,http://data.ordnancesurvey.co.uk/id/country/scotland,,http://dbpedia.org/resource/Dufftown,http://sws.geonames.org/2650833
osgb4000000074336337,http://data.ordnancesurvey.co.uk/id/4000000074336337,Lower Cabrach,,,,populatedPlace,Hamlet,338361.000,831324.000,5000,25000,338026.839,831007.534,338559.239,831507.534,AB54,http://data.ordnancesurvey.co.uk/id/postcodedistrict/AB54,,,,,,,Moray,http://data.ordnancesurvey.co.uk/id/7000000000029959,http://data.ordnancesurvey.co.uk/ontology/admingeo/UnitaryAuthority,Scotland,http://data.ordnancesurvey.co.uk/id/7000000000041429,Scotland,http://data.ordnancesurvey.co.uk/id/country/scotland,,,
osgb4000000074561764,http://data.ordnancesurvey.co.uk/id/4000000074561764,Auchnarrow,,,,populatedPlace,Hamlet,321218.000,823575.000,5000,25000,320881.886,823080.635,321444.917,823955.354,AB37,http://data.ordnancesurvey.co.uk/id/postcodedistrict/AB37,,,,,,,Moray,http://data.ordnancesurvey.co.uk/id/7000000000029959,http://data.ordnancesurvey.co.uk/ontology/admingeo/UnitaryAuthority,Scotland,http://data.ordnancesurvey.co.uk/id/7000000000041429,Scotland,http://data.ordnancesurvey.co.uk/id/country/scotland,,http://dbpedia.org/resource/Auchnarrow,
osgb4000000074542717,http://data.ordnancesurvey.co.uk/id/4000000074542717,Kirktown of Mortlach,,,,populatedPlace,Suburban Area,332353.049,839259.258,4000,25000,331917.860,838838.166,332590.933,839424.305,AB55,http://data.ordnancesurvey.co.uk/id/postcodedistrict/AB55,,,,,,,Moray,http://data.ordnancesurvey.co.uk/id/7000000000029959,http://data.ordnancesurvey.co.uk/ontology/admingeo/UnitaryAuthority,Scotland,http://data.ordnancesurvey.co.uk/id/7000000000041429,Scotland,http://data.ordnancesurvey.co.uk/id/country/scotland,,,http://sws.geonames.org/2645200
osgb4000000074560311,http://data.ordnancesurvey.co.uk/id/4000000074560311,Tomnavoulin,,,,populatedPlace,Village,321140.000,826105.000,18000,250000,319469.218,825277.476,322188.926,827011.060,AB37,http://data.ordnancesurvey.co.uk/id/postcodedistrict/AB37,,,,,,,Moray,http://data.ordnancesurvey.co.uk/id/7000000000029959,http://data.ordnancesurvey.co.uk/ontology/admingeo/UnitaryAuthority,Scotland,http://data.ordnancesurvey.co.uk/id/7000000000041429,Scotland,http://data.ordnancesurvey.co.uk/id/country/scotland,,,http://sws.geonames.org/2635704
osgb4000000074561154,http://data.ordnancesurvey.co.uk/id/4000000074561154,Chapeltown,,,,populatedPlace,Other Settlement,324203.000,820972.000,15000,25000,323797.958,819368.767,325012.769,821906.821,AB37,http://data.ordnancesurvey.co.uk/id/postcodedistrict/AB37,,,,,,,Moray,http://data.ordnancesurvey.co.uk/id/7000000000029959,http://data.ordnancesurvey.co.uk/ontology/admingeo/UnitaryAuthority,Scotland,http://data.ordnancesurvey.co.uk/id/7000000000041429,Scotland,http://data.ordnancesurvey.co.uk/id/country/scotland,,,
osgb4000000074560312,http://data.ordnancesurvey.co.uk/id/4000000074560312,Auchbreck,,,,populatedPlace,Hamlet,320977.000,828600.000,5000,25000,320717.346,828342.847,321217.346,828842.847,AB37,http://data.ordnancesurvey.co.uk/id/postcodedistrict/AB37,,,,,,,Moray,http://data.ordnancesurvey.co.uk/id/7000000000029959,http://data.ordnancesurvey.co.uk/ontology/admingeo/UnitaryAuthority,Scotland,http://data.ordnancesurvey.co.uk/id/7000000000041429,Scotland,http://data.ordnancesurvey.co.uk/id/country/scotland,,,
osgb4000000074543515,http://data.ordnancesurvey.co.uk/id/4000000074543515,Rechlerich,,,,populatedPlace,Hamlet,321018.710,838221.830,5000,25000,320809.198,837866.812,321316.937,838384.594,AB37,http://data.ordnancesurvey.co.uk/id/postcodedistrict/AB37,,,,,,,Moray,http://data.ordnancesurvey.co.uk/id/7000000000029959,http://data.ordnancesurvey.co.uk/ontology/admingeo/UnitaryAuthority,Scotland,http://data.ordnancesurvey.co.uk/id/7000000000041429,Scotland,http://data.ordnancesurvey.co.uk/id/country/scotland,,,
osgb4000000074562730,http://data.ordnancesurvey.co.uk/id/4000000074562730,Bridgend,,,,populatedPlace,Other Settlement,337295.000,831721.000,15000,25000,337010.891,831517.784,337669.441,832017.784,AB54,http://data.ordnancesurvey.co.uk/id/postcodedistrict/AB54,,,,,,,Moray,http://data.ordnancesurvey.co.uk/id/7000000000029959,http://data.ordnancesurvey.co.uk/ontology/admingeo/UnitaryAuthority,Scotland,http://data.ordnancesurvey.co.uk/id/7000000000041429,Scotland,http://data.ordnancesurvey.co.uk/id/country/scotland,,,
AB554DY,http://data.ordnancesurvey.co.uk/id/postcodeunit/AB554DY,AB55 4DY,,,,other,Postcode,335649.000,839975.000,3500,18000,,,,,,,Milltown of Auchindoun,http://data.ordnancesurvey.co.uk/id/4000000074543321,http://www.ordnancesurvey.co.uk/xml/codelists/localtype.xml#hamlet,,,,Moray,http://data.ordnancesurvey.co.uk/id/7000000000029959,http://data.ordnancesurvey.co.uk/ontology/admingeo/UnitaryAuthority,Scotland,http://data.ordnancesurvey.co.uk/id/7000000000041429,Scotland,http://data.ordnancesurvey.co.uk/id/country/scotland,,,
AB379DR,http://data.ordnancesurvey.co.uk/id/postcodeunit/AB379DR,AB37 9DR,,,,other,Postcode,323550.000,831539.000,3500,18000,,,,,,,,,,,,,Moray,http://data.ordnancesurvey.co.uk/id/7000000000029959,http://data.ordnancesurvey.co.uk/ontology/admingeo/UnitaryAuthority,Scotland,http://data.ordnancesurvey.co.uk/id/7000000000041429,Scotland,http://data.ordnancesurvey.co.uk/id/country/scotland,,,
AB389NL,http://data.ordnancesurvey.co.uk/id/postcodeunit/AB389NL,AB38 9NL,,,,other,Postcode,326575.000,839041.000,3500,18000,,,,,,,,,,,,,Moray,http://data.ordnancesurvey.co.uk/id/7000000000029959,http://data.ordnancesurvey.co.uk/ontology/admingeo/UnitaryAuthority,Scotland,http://data.ordnancesurvey.co.uk/id/7000000000041429,Scotland,http://data.ordnancesurvey.co.uk/id/country/scotland,,,
AB379DS,http://data.ordnancesurvey.co.uk/id/postcodeunit/AB379DS,AB37 9DS,,,,other,Postcode,322837.000,832115.000,3500,18000,,,,,,,,,,,,,Moray,http://data.ordnancesurvey.co.uk/id/7000000000029959,http://data.ordnancesurvey.co.uk/ontology/admingeo/UnitaryAuthority,Scotland,http://data.ordnancesurvey.co.uk/id/7000000000041429,Scotland,http://data.ordnancesurvey.co.uk/id/country/scotland,,,
AB379JT,http://data.ordnancesurvey.co.uk/id/postcodeunit/AB379JT,AB37 9JT,,,,other,Postcode,324282.000,822112.000,3500,18000,,,,,,,,,,,,,Moray,http://data.ordnancesurvey.co.uk/id/7000000000029959,http://data.ordnancesurvey.co.uk/ontology/admingeo/UnitaryAuthority,Scotland,http://data.ordnancesurvey.co.uk/id/7000000000041429,Scotland,http://data.ordnancesurvey.co.uk/id/country/scotland,,,
AB544HQ,http://data.ordnancesurvey.co.uk/id/postcodeunit/AB544HQ,AB54 4HQ,,,,other,Postcode,339049.000,826541.000,3500,18000,,,,,,,Cabrach,http://data.ordnancesurvey.co.uk/id/4000000074562533,http://www.ordnancesurvey.co.uk/xml/codelists/localtype.xml#hamlet,,,,Moray,http://data.ordnancesurvey.co.uk/id/7000000000029959,http://data.ordnancesurvey.co.uk/ontology/admingeo/UnitaryAuthority,Scotland,http://data.ordnancesurvey.co.uk/id/7000000000041429,Scotland,http://data.ordnancesurvey.co.uk/id/country/scotland,,,
AB379BX,http://data.ordnancesurvey.co.uk/id/postcodeunit/AB379BX,AB37 9BX,,,,other,Postcode,320163.000,830023.000,3500,18000,,,,,,,,,,,,,Moray,http://data.ordnancesurvey.co.uk/id/7000000000029959,http://data.ordnancesurvey.co.uk/ontology/admingeo/UnitaryAuthority,Scotland,http://data.ordnancesurvey.co.uk/id/7000000000041429,Scotland,http://data.ordnancesurvey.co.uk/id/country/scotland,,,
AB544HY,http://data.ordnancesurvey.co.uk/id/postcodeunit/AB544HY,AB54 4HY,,,,other,Postcode,336858.000,826798.000,3500,18000,,,,,,,,,,,,,Moray,http://data.ordnancesurvey.co.uk/id/7000000000029959,http://data.ordnancesurvey.co.uk/ontology/admingeo/UnitaryAuthority,Scotland,http://data.ordnancesurvey.co.uk/id/7000000000041429,Scotland,http://data.ordnancesurvey.co.uk/id/country/scotland,,,
AB554BT,http://data.ordnancesurvey.co.uk/id/postcodeunit/AB554BT,AB55 4BT,,,,other,Postcode,331032.000,838936.000,3500,18000,,,,,,,Glen Rinnes,http://data.ordnancesurvey.co.uk/id/4000000074336441,http://www.ordnancesurvey.co.uk/xml/codelists/localtype.xml#otherSettlement,,,,Moray,http://data.ordnancesurvey.co.uk/id/7000000000029959,http://data.ordnancesurvey.co.uk/ontology/admingeo/UnitaryAuthority,Scotland,http://data.ordnancesurvey.co.uk/id/7000000000041429,Scotland,http://data.ordnancesurvey.co.uk/id/country/scotland,,,
AB554FG,http://data.ordnancesurvey.co.uk/id/postcodeunit/AB554FG,AB55 4FG,,,,other,Postcode,332047.000,839961.000,3500,18000,,,,,,,Dufftown,http://data.ordnancesurvey.co.uk/id/4000000074543227,http://www.ordnancesurvey.co.uk/xml/codelists/localtype.xml#town,,,,Moray,http://data.ordnancesurvey.co.uk/id/7000000000029959,http://data.ordnancesurvey.co.uk/ontology/admingeo/UnitaryAuthority,Scotland,http://data.ordnancesurvey.co.uk/id/7000000000041429,Scotland,http://data.ordnancesurvey.co.uk/id/country/scotland,,,
AB554DX,http://data.ordnancesurvey.co.uk/id/postcodeunit/AB554DX,AB55 4DX,,,,other,Postcode,333206.000,837150.000,3500,18000,,,,,,,,,,,,,Moray,http://data.ordnancesurvey.co.uk/id/7000000000029959,http://data.ordnancesurvey.co.uk/ontology/admingeo/UnitaryAuthority,Scotland,http://data.ordnancesurvey.co.uk/id/7000000000041429,Scotland,http://data.ordnancesurvey.co.uk/id/country/scotland,,,
AB389ND,http://data.ordnancesurvey.co.uk/id/postcodeunit/AB389ND,AB38 9ND,,,,other,Postcode,327839.000,838619.000,3500,18000,,,,,,,,,,,,,Moray,http://data.ordnancesurvey.co.uk/id/7000000000029959,http://data.ordnancesurvey.co.uk/ontology/admingeo/UnitaryAuthority,Scotland,http://data.ordnancesurvey.co.uk/id/7000000000041429,Scotland,http://data.ordnancesurvey.co.uk/id/country/scotland,,,
AB544EQ,http://data.ordnancesurvey.co.uk/id/postcodeunit/AB544EQ,AB54 4EQ,,,,other,Postcode,339705.000,832081.000,3500,18000,,,,,,,,,,,,,Moray,http://data.ordnancesurvey.co.uk/id/7000000000029959,http://data.ordnancesurvey.co.uk/ontology/admingeo/UnitaryAuthority,Scotland,http://data.ordnancesurvey.co.uk/id/7000000000041429,Scotland,http://data.ordnancesurvey.co.uk/id/country/scotland,,,
AB554DZ,http://data.ordnancesurvey.co.uk/id/postcodeunit/AB554DZ,AB55 4DZ,,,,other,Postcode,336458.000,839677.000,3500,18000,,,,,,,,,,,,,Moray,http://data.ordnancesurvey.co.uk/id/7000000000029959,http://data.ordnancesurvey.co.uk/ontology/admingeo/UnitaryAuthority,Scotland,http://data.ordnancesurvey.co.uk/id/7000000000041429,Scotland,http://data.ordnancesurvey.co.uk/id/country/scotland,,,
AB544EW,http://data.ordnancesurvey.co.uk/id/postcodeunit/AB544EW,AB54 4EW,,,,other,Postcode,338093.000,831310.000,3500,18000,,,,,,,Lower Cabrach,http://data.ordnancesurvey.co.uk/id/4000000074336337,http://www.ordnancesurvey.co.uk/xml/codelists/localtype.xml#hamlet,,,,Moray,http://data.ordnancesurvey.co.uk/id/7000000000029959,http://data.ordnancesurvey.co.uk/ontology/admingeo/UnitaryAuthority,Scotland,http://data.ordnancesurvey.co.uk/id/7000000000041429,Scotland,http://data.ordnancesurvey.co.uk/id/country/scotland,,,
AB554AR,http://data.ordnancesurvey.co.uk/id/postcodeunit/AB554AR,AB55 4AR,,,,other,Postcode,332443.000,839806.000,3500,18000,,,,,,,Dufftown,http://data.ordnancesurvey.co.uk/id/4000000074543227,http://www.ordnancesurvey.co.uk/xml/codelists/localtype.xml#town,,,,Moray,http://data.ordnancesurvey.co.uk/id/7000000000029959,http://data.ordnancesurvey.co.uk/ontology/admingeo/UnitaryAuthority,Scotland,http://data.ordnancesurvey.co.uk/id/7000000000041429,Scotland,http://data.ordnancesurvey.co.uk/id/country/scotland,,,
AB389NT,http://data.ordnancesurvey.co.uk/id/postcodeunit/AB389NT,AB38 9NT,,,,other,Postcode,322406.000,838928.000,3500,18000,,,,,,,,,,,,,Moray,http://data.ordnancesurvey.co.uk/id/7000000000029959,http://data.ordnancesurvey.co.uk/ontology/admingeo/UnitaryAuthority,Scotland,http://data.ordnancesurvey.co.uk/id/7000000000041429,Scotland,http://data.ordnancesurvey.co.uk/id/country/scotland,,,
AB379JQ,http://data.ordnancesurvey.co.uk/id/postcodeunit/AB379JQ,AB37 9JQ,,,,other,Postcode,322526.000,821254.000,3500,18000,,,,,,,,,,,,,Moray,http://data.ordnancesurvey.co.uk/id/7000000000029959,http://data.ordnancesurvey.co.uk/ontology/admingeo/UnitaryAuthority,Scotland,http://data.ordnancesurvey.co.uk/id/7000000000041429,Scotland,http://data.ordnancesurvey.co.uk/id/country/scotland,,,
AB544ES,http://data.ordnancesurvey.co.uk/id/postcodeunit/AB544ES,AB54 4ES,,,,other,Postcode,336630.000,832936.000,3500,18000,,,,,,,,,,,,,Moray,http://data.ordnancesurvey.co.uk/id/7000000000029959,http://data.ordnancesurvey.co.uk/ontology/admingeo/UnitaryAuthority,Scotland,http://data.ordnancesurvey.co.uk/id/7000000000041429,Scotland,http://data.ordnancesurvey.co.uk/id/country/scotland,,,
AB554EJ,http://data.ordnancesurvey.co.uk/id/postcodeunit/AB554EJ,AB55 4EJ,,,,other,Postcode,332910.000,839961.000,3500,18000,,,,,,,Dufftown,http://data.ordnancesurvey.co.uk/id/4000000074543227,http://www.ordnancesurvey.co.uk/xml/codelists/localtype.xml#town,,,,Moray,http://data.ordnancesurvey.co.uk/id/7000000000029959,http://data.ordnancesurvey.co.uk/ontology/admingeo/UnitaryAuthority,Scotland,http://data.ordnancesurvey.co.uk/id/7000000000041429,Scotland,http://data.ordnancesurvey.co.uk/id/country/scotland,,,
AB544EY,http://data.ordnancesurvey.co.uk/id/postcodeunit/AB544EY,AB54 4EY,,,,other,Postcode,339850.000,833906.000,3500,18000,,,,,,,,,,,,,Moray,http://data.ordnancesurvey.co.uk/id/7000000000029959,http://data.ordnancesurvey.co.uk/ontology/admingeo/UnitaryAuthority,Scotland,http://data.ordnancesurvey.co.uk/id/7000000000041429,Scotland,http://data.ordnancesurvey.co.uk/id/country/scotland,,,
AB379EL,http://data.ordnancesurvey.co.uk/id/postcodeunit/AB379EL,AB37 9EL,,,,other,Postcode,320118.000,820177.000,3500,18000,,,,,,,,,,,,,Moray,http://data.ordnancesurvey.co.uk/id/7000000000029959,http://data.ordnancesurvey.co.uk/ontology/admingeo/UnitaryAuthority,Scotland,http://data.ordnancesurvey.co.uk/id/7000000000041429,Scotland,http://data.ordnancesurvey.co.uk/id/country/scotland,,,
AB379JE,http://data.ordnancesurvey.co.uk/id/postcodeunit/AB379JE,AB37 9JE,,,,other,Postcode,321087.000,826175.000,3500,18000,,,,,,,Tomnavoulin,http://data.ordnancesurvey.co.uk/id/4000000074560311,http://www.ordnancesurvey.co.uk/xml/codelists/localtype.xml#village,,,,Moray,http://data.ordnancesurvey.co.uk/id/7000000000029959,http://data.ordnancesurvey.co.uk/ontology/admingeo/UnitaryAuthority,Scotland,http://data.ordnancesurvey.co.uk/id/7000000000041429,Scotland,http://data.ordnancesurvey.co.uk/id/country/scotland,,,
AB379JA,http://data.ordnancesurvey.co.uk/id/postcodeunit/AB379JA,AB37 9JA,,,,other,Postcode,321129.000,826138.000,3500,18000,,,,,,,Tomnavoulin,http://data.ordnancesurvey.co.uk/id/4000000074560311,http://www.ordnancesurvey.co.uk/xml/codelists/localtype.xml#village,,,,Moray,http://data.ordnancesurvey.co.uk/id/7000000000029959,http://data.ordnancesurvey.co.uk/ontology/admingeo/UnitaryAuthority,Scotland,http://data.ordnancesurvey.co.uk/id/7000000000041429,Scotland,http://data.ordnancesurvey.co.uk/id/country/scotland,,,
AB554DB,http://data.ordnancesurvey.co.uk/id/postcodeunit/AB554DB,AB55 4DB,,,,other,Postcode,327015.000,833814.000,3500,18000,,,,,,,,,,,,,Moray,http://data.ordnancesurvey.co.uk/id/7000000000029959,http://data.ordnancesurvey.co.uk/ontology/admingeo/UnitaryAuthority,Scotland,http://data.ordnancesurvey.co.uk/id/7000000000041429,Scotland,http://data.ordnancesurvey.co.uk/id/country/scotland,,,
AB544EJ,http://data.ordnancesurvey.co.uk/id/postcodeunit/AB544EJ,AB54 4EJ,,,,other,Postcode,338135.000,830696.000,3500,18000,,,,,,,,,,,,,Moray,http://data.ordnancesurvey.co.uk/id/7000000000029959,http://data.ordnancesurvey.co.uk/ontology/admingeo/UnitaryAuthority,Scotland,http://data.ordnancesurvey.co.uk/id/7000000000041429,Scotland,http://data.ordnancesurvey.co.uk/id/country/scotland,,,
AB554DW,http://data.ordnancesurvey.co.uk/id/postcodeunit/AB554DW,AB55 4DW,,,,other,Postcode,333169.000,839630.000,3500,18000,,,,,,,Dufftown,http://data.ordnancesurvey.co.uk/id/4000000074543227,http://www.ordnancesurvey.co.uk/xml/codelists/localtype.xml#town,,,,Moray,http://data.ordnancesurvey.co.uk/id/7000000000029959,http://data.ordnancesurvey.co.uk/ontology/admingeo/UnitaryAuthority,Scotland,http://data.ordnancesurvey.co.uk/id/7000000000041429,Scotland,http://data.ordnancesurvey.co.uk/id/country/scotland,,,
AB379BB,http://data.ordnancesurvey.co.uk/id/postcodeunit/AB379BB,AB37 9BB,,,,other,Postcode,320210.000,837251.000,3500,18000,,,,,,,,,,,,,Moray,http://data.ordnancesurvey.co.uk/id/7000000000029959,http://data.ordnancesurvey.co.uk/ontology/admingeo/UnitaryAuthority,Scotland,http://data.ordnancesurvey.co.uk/id/7000000000041429,Scotland,http://data.ordnancesurvey.co.uk/id/country/scotland,,,
AB554BX,http://data.ordnancesurvey.co.uk/id/postcodeunit/AB554BX,AB55 4BX,,,,other,Postcode,330940.000,837112.000,3500,18000,,,,,,,,,,,,,Moray,http://data.ordnancesurvey.co.uk/id/7000000000029959,http://data.ordnancesurvey.co.uk/ontology/admingeo/UnitaryAuthority,Scotland,http://data.ordnancesurvey.co.uk/id/7000000000041429,Scotland,http://data.ordnancesurvey.co.uk/id/country/scotland,,,
AB389NJ,http://data.ordnancesurvey.co.uk/id/postcodeunit/AB389NJ,AB38 9NJ,,,,other,Postcode,327163.000,837713.000,3500,18000,,,,,,,,,,,,,Moray,http://data.ordnancesurvey.co.uk/id/7000000000029959,http://data.ordnancesurvey.co.uk/ontology/admingeo/UnitaryAuthority,Scotland,http://data.ordnancesurvey.co.uk/id/7000000000041429,Scotland,http://data.ordnancesurvey.co.uk/id/country/scotland,,,
AB379JN,http://data.ordnancesurvey.co.uk/id/postcodeunit/AB379JN,AB37 9JN,,,,other,Postcode,321146.000,823502.000,3500,18000,,,,,,,Auchnarrow,http://data.ordnancesurvey.co.uk/id/4000000074561764,http://www.ordnancesurvey.co.uk/xml/codelists/localtype.xml#hamlet,,,,Moray,http://data.ordnancesurvey.co.uk/id/7000000000029959,http://data.ordnancesurvey.co.uk/ontology/admingeo/UnitaryAuthority,Scotland,http://data.ordnancesurvey.co.uk/id/7000000000041429,Scotland,http://data.ordnancesurvey.co.uk/id/country/scotland,,,
AB379BD,http://data.ordnancesurvey.co.uk/id/postcodeunit/AB379BD,AB37 9BD,,,,other,Postcode,320940.000,838137.000,3500,18000,,,,,,,Rechlerich,http://data.ordnancesurvey.co.uk/id/4000000074543515,http://www.ordnancesurvey.co.uk/xml/codelists/localtype.xml#hamlet,,,,Moray,http://data.ordnancesurvey.co.uk/id/7000000000029959,http://data.ordnancesurvey.co.uk/ontology/admingeo/UnitaryAuthority,Scotland,http://data.ordnancesurvey.co.uk/id/7000000000041429,Scotland,http://data.ordnancesurvey.co.uk/id/country/scotland,,,
AB554BG,http://data.ordnancesurvey.co.uk/id/postcodeunit/AB554BG,AB55 4BG,,,,other,Postcode,332818.000,839976.000,3500,18000,,,,,,,Dufftown,http://data.ordnancesurvey.co.uk/id/4000000074543227,http://www.ordnancesurvey.co.uk/xml/codelists/localtype.xml#town,,,,Moray,http://data.ordnancesurvey.co.uk/id/7000000000029959,http://data.ordnancesurvey.co.uk/ontology/admingeo/UnitaryAuthority,Scotland,http://data.ordnancesurvey.co.uk/id/7000000000041429,Scotland,http://data.ordnancesurvey.co.uk/id/country/scotland,,,
AB379DP,http://data.ordnancesurvey.co.uk/id/postcodeunit/AB379DP,AB37 9DP,,,,other,Postcode,321516.000,829588.000,3500,18000,,,,,,,,,,,,,Moray,http://data.ordnancesurvey.co.uk/id/7000000000029959,http://data.ordnancesurvey.co.uk/ontology/admingeo/UnitaryAuthority,Scotland,http://data.ordnancesurvey.co.uk/id/7000000000041429,Scotland,http://data.ordnancesurvey.co.uk/id/country/scotland,,,
AB379JL,http://data.ordnancesurvey.co.uk/id/postcodeunit/AB379JL,AB37 9JL,,,,other,Postcode,321133.000,825324.000,3500,18000,,,,,,,Tomnavoulin,http://data.ordnancesurvey.co.uk/id/4000000074560311,http://www.ordnancesurvey.co.uk/xml/codelists/localtype.xml#village,,,,Moray,http://data.ordnancesurvey.co.uk/id/7000000000029959,http://data.ordnancesurvey.co.uk/ontology/admingeo/UnitaryAuthority,Scotland,http://data.ordnancesurvey.co.uk/id/7000000000041429,Scotland,http://data.ordnancesurvey.co.uk/id/country/scotland,,,
AB554ER,http://data.ordnancesurvey.co.uk/id/postcodeunit/AB554ER,AB55 4ER,,,,other,Postcode,332347.000,839164.000,3500,18000,,,,,,,Dufftown,http://data.ordnancesurvey.co.uk/id/4000000074543227,http://www.ordnancesurvey.co.uk/xml/codelists/localtype.xml#town,,,,Moray,http://data.ordnancesurvey.co.uk/id/7000000000029959,http://data.ordnancesurvey.co.uk/ontology/admingeo/UnitaryAuthority,Scotland,http://data.ordnancesurvey.co.uk/id/7000000000041429,Scotland,http://data.ordnancesurvey.co.uk/id/country/scotland,,,
AB554DA,http://data.ordnancesurvey.co.uk/id/postcodeunit/AB554DA,AB55 4DA,,,,other,Postcode,328926.000,835693.000,3500,18000,,,,,,,,,,,,,Moray,http://data.ordnancesurvey.co.uk/id/7000000000029959,http://data.ordnancesurvey.co.uk/ontology/admingeo/UnitaryAuthority,Scotland,http://data.ordnancesurvey.co.uk/id/7000000000041429,Scotland,http://data.ordnancesurvey.co.uk/id/country/scotland,,,
AB554BU,http://data.ordnancesurvey.co.uk/id/postcodeunit/AB554BU,AB55 4BU,,,,other,Postcode,330877.000,837898.000,3500,18000,,,,,,,Glen Rinnes,http://data.ordnancesurvey.co.uk/id/4000000074336441,http://www.ordnancesurvey.co.uk/xml/codelists/localtype.xml#otherSettlement,,,,Moray,http://data.ordnancesurvey.co.uk/id/7000000000029959,http://data.ordnancesurvey.co.uk/ontology/admingeo/UnitaryAuthority,Scotland,http://data.ordnancesurvey.co.uk/id/7000000000041429,Scotland,http://data.ordnancesurvey.co.uk/id/country/scotland,,,
AB379DN,http://data.ordnancesurvey.co.uk/id/postcodeunit/AB379DN,AB37 9DN,,,,other,Postcode,320904.000,827661.000,3500,18000,,,,,,,,,,,,,Moray,http://data.ordnancesurvey.co.uk/id/7000000000029959,http://data.ordnancesurvey.co.uk/ontology/admingeo/UnitaryAuthority,Scotland,http://data.ordnancesurvey.co.uk/id/7000000000041429,Scotland,http://data.ordnancesurvey.co.uk/id/country/scotland,,,
AB554EA,http://data.ordnancesurvey.co.uk/id/postcodeunit/AB554EA,AB55 4EA,,,,other,Postcode,335183.000,839174.000,3500,18000,,,,,,,,,,,,,Moray,http://data.ordnancesurvey.co.uk/id/7000000000029959,http://data.ordnancesurvey.co.uk/ontology/admingeo/UnitaryAuthority,Scotland,http://data.ordnancesurvey.co.uk/id/7000000000041429,Scotland,http://data.ordnancesurvey.co.uk/id/country/scotland,,,
AB554EH,http://data.ordnancesurvey.co.uk/id/postcodeunit/AB554EH,AB55 4EH,,,,other,Postcode,332620.000,839814.000,3500,18000,,,,,,,Dufftown,http://data.ordnancesurvey.co.uk/id/4000000074543227,http://www.ordnancesurvey.co.uk/xml/codelists/localtype.xml#town,,,,Moray,http://data.ordnancesurvey.co.uk/id/7000000000029959,http://data.ordnancesurvey.co.uk/ontology/admingeo/UnitaryAuthority,Scotland,http://data.ordnancesurvey.co.uk/id/7000000000041429,Scotland,http://data.ordnancesurvey.co.uk/id/country/scotland,,,
AB544EU,http://data.ordnancesurvey.co.uk/id/postcodeunit/AB544EU,AB54 4EU,,,,other,Postcode,338197.000,831191.000,3500,18000,,,,,,,Lower Cabrach,http://data.ordnancesurvey.co.uk/id/4000000074336337,http://www.ordnancesurvey.co.uk/xml/codelists/localtype.xml#hamlet,,,,Moray,http://data.ordnancesurvey.co.uk/id/7000000000029959,http://data.ordnancesurvey.co.uk/ontology/admingeo/UnitaryAuthority,Scotland,http://data.ordnancesurvey.co.uk/id/7000000000041429,Scotland,http://data.ordnancesurvey.co.uk/id/country/scotland,,,
AB554DU,http://data.ordnancesurvey.co.uk/id/postcodeunit/AB554DU,AB55 4DU,,,,other,Postcode,333075.000,839387.000,3500,18000,,,,,,,Dufftown,http://data.ordnancesurvey.co.uk/id/4000000074543227,http://www.ordnancesurvey.co.uk/xml/codelists/localtype.xml#town,,,,Moray,http://data.ordnancesurvey.co.uk/id/7000000000029959,http://data.ordnancesurvey.co.uk/ontology/admingeo/UnitaryAuthority,Scotland,http://data.ordnancesurvey.co.uk/id/7000000000041429,Scotland,http://data.ordnancesurvey.co.uk/id/country/scotland,,,
AB379JP,http://data.ordnancesurvey.co.uk/id/postcodeunit/AB379JP,AB37 9JP,,,,other,Postcode,322324.000,823354.000,3500,18000,,,,,,,,,,,,,Moray,http://data.ordnancesurvey.co.uk/id/7000000000029959,http://data.ordnancesurvey.co.uk/ontology/admingeo/UnitaryAuthority,Scotland,http://data.ordnancesurvey.co.uk/id/7000000000041429,Scotland,http://data.ordnancesurvey.co.uk/id/country/scotland,,,
AB379JR,http://data.ordnancesurvey.co.uk/id/postcodeunit/AB379JR,AB37 9JR,,,,other,Postcode,323699.000,821926.000,3500,18000,,,,,,,,,,,,,Moray,http://data.ordnancesurvey.co.uk/id/7000000000029959,http://data.ordnancesurvey.co.uk/ontology/admingeo/UnitaryAuthority,Scotland,http://data.ordnancesurvey.co.uk/id/7000000000041429,Scotland,http://data.ordnancesurvey.co.uk/id/country/scotland,,,
AB554DG,http://data.ordnancesurvey.co.uk/id/postcodeunit/AB554DG,AB55 4DG,,,,other,Postcode,332740.000,839989.000,3500,18000,,,,,,,Dufftown,http://data.ordnancesurvey.co.uk/id/4000000074543227,http://www.ordnancesurvey.co.uk/xml/codelists/localtype.xml#town,,,,Moray,http://data.ordnancesurvey.co.uk/id/7000000000029959,http://data.ordnancesurvey.co.uk/ontology/admingeo/UnitaryAuthority,Scotland,http://data.ordnancesurvey.co.uk/id/7000000000041429,Scotland,http://data.ordnancesurvey.co.uk/id/country/scotland,,,
AB554AP,http://data.ordnancesurvey.co.uk/id/postcodeunit/AB554AP,AB55 4AP,,,,other,Postcode,332658.000,839917.000,3500,18000,,,,,,,Dufftown,http://data.ordnancesurvey.co.uk/id/4000000074543227,http://www.ordnancesurvey.co.uk/xml/codelists/localtype.xml#town,,,,Moray,http://data.ordnancesurvey.co.uk/id/7000000000029959,http://data.ordnancesurvey.co.uk/ontology/admingeo/UnitaryAuthority,Scotland,http://data.ordnancesurvey.co.uk/id/7000000000041429,Scotland,http://data.ordnancesurvey.co.uk/id/country/scotland,,,
AB544EP,http://data.ordnancesurvey.co.uk/id/postcodeunit/AB544EP,AB54 4EP,,,,other,Postcode,338361.000,831658.000,3500,18000,,,,,,,,,,,,,Moray,http://data.ordnancesurvey.co.uk/id/7000000000029959,http://data.ordnancesurvey.co.uk/ontology/admingeo/UnitaryAuthority,Scotland,http://data.ordnancesurvey.co.uk/id/7000000000041429,Scotland,http://data.ordnancesurvey.co.uk/id/country/scotland,,,
AB379BJ,http://data.ordnancesurvey.co.uk/id/postcodeunit/AB379BJ,AB37 9BJ,,,,other,Postcode,321316.000,838921.000,3500,18000,,,,,,,,,,,,,Moray,http://data.ordnancesurvey.co.uk/id/7000000000029959,http://data.ordnancesurvey.co.uk/ontology/admingeo/UnitaryAuthority,Scotland,http://data.ordnancesurvey.co.uk/id/7000000000041429,Scotland,http://data.ordnancesurvey.co.uk/id/country/scotland,,,
AB554BZ,http://data.ordnancesurvey.co.uk/id/postcodeunit/AB554BZ,AB55 4BZ,,,,other,Postcode,328472.000,832660.000,3500,18000,,,,,,,,,,,,,Moray,http://data.ordnancesurvey.co.uk/id/7000000000029959,http://data.ordnancesurvey.co.uk/ontology/admingeo/UnitaryAuthority,Scotland,http://data.ordnancesurvey.co.uk/id/7000000000041429,Scotland,http://data.ordnancesurvey.co.uk/id/country/scotland,,,
AB544EH,http://data.ordnancesurvey.co.uk/id/postcodeunit/AB544EH,AB54 4EH,,,,other,Postcode,337570.000,831693.000,3500,18000,,,,,,,Bridgend,http://data.ordnancesurvey.co.uk/id/4000000074562730,http://www.ordnancesurvey.co.uk/xml/codelists/localtype.xml#otherSettlement,,,,Moray,http://data.ordnancesurvey.co.uk/id/7000000000029959,http://data.ordnancesurvey.co.uk/ontology/admingeo/UnitaryAuthority,Scotland,http://data.ordnancesurvey.co.uk/id/7000000000041429,Scotland,http://data.ordnancesurvey.co.uk/id/country/scotland,,,
AB379JS,http://data.ordnancesurvey.co.uk/id/postcodeunit/AB379JS,AB37 9JS,,,,other,Postcode,324400.000,820903.000,3500,18000,,,,,,,Chapeltown,http://data.ordnancesurvey.co.uk/id/4000000074561154,http://www.ordnancesurvey.co.uk/xml/codelists/localtype.xml#otherSettlement,,,,Moray,http://data.ordnancesurvey.co.uk/id/7000000000029959,http://data.ordnancesurvey.co.uk/ontology/admingeo/UnitaryAuthority,Scotland,http://data.ordnancesurvey.co.uk/id/7000000000041429,Scotland,http://data.ordnancesurvey.co.uk/id/country/scotland,,,
AB554DD,http://data.ordnancesurvey.co.uk/id/postcodeunit/AB554DD,AB55 4DD,,,,other,Postcode,326011.000,831618.000,3500,18000,,,,,,,,,,,,,Moray,http://data.ordnancesurvey.co.uk/id/7000000000029959,http://data.ordnancesurvey.co.uk/ontology/admingeo/UnitaryAuthority,Scotland,http://data.ordnancesurvey.co.uk/id/7000000000041429,Scotland,http://data.ordnancesurvey.co.uk/id/country/scotland,,,
AB379DT,http://data.ordnancesurvey.co.uk/id/postcodeunit/AB379DT,AB37 9DT,,,,other,Postcode,321270.000,830512.000,3500,18000,,,,,,,,,,,,,Moray,http://data.ordnancesurvey.co.uk/id/7000000000029959,http://data.ordnancesurvey.co.uk/ontology/admingeo/UnitaryAuthority,Scotland,http://data.ordnancesurvey.co.uk/id/7000000000041429,Scotland,http://data.ordnancesurvey.co.uk/id/country/scotland,,,
AB554DQ,http://data.ordnancesurvey.co.uk/id/postcodeunit/AB554DQ,AB55 4DQ,,,,other,Postcode,333867.000,839211.000,3500,18000,,,,,,,Dufftown,http://data.ordnancesurvey.co.uk/id/4000000074543227,http://www.ordnancesurvey.co.uk/xml/codelists/localtype.xml#town,,,,Moray,http://data.ordnancesurvey.co.uk/id/7000000000029959,http://data.ordnancesurvey.co.uk/ontology/admingeo/UnitaryAuthority,Scotland,http://data.ordnancesurvey.co.uk/id/7000000000041429,Scotland,http://data.ordnancesurvey.co.uk/id/country/scotland,,,
AB544EZ,http://data.ordnancesurvey.co.uk/id/postcodeunit/AB544EZ,AB54 4EZ,,,,other,Postcode,339622.000,833349.000,3500,18000,,,,,,,,,,,,,Moray,http://data.ordnancesurvey.co.uk/id/7000000000029959,http://data.ordnancesurvey.co.uk/ontology/admingeo/UnitaryAuthority,Scotland,http://data.ordnancesurvey.co.uk/id/7000000000041429,Scotland,http://data.ordnancesurvey.co.uk/id/country/scotland,,,
AB554BS,http://data.ordnancesurvey.co.uk/id/postcodeunit/AB554BS,AB55 4BS,,,,other,Postcode,331273.000,839252.000,3500,18000,,,,,,,,,,,,,Moray,http://data.ordnancesurvey.co.uk/id/7000000000029959,http://data.ordnancesurvey.co.uk/ontology/admingeo/UnitaryAuthority,Scotland,http://data.ordnancesurvey.co.uk/id/7000000000041429,Scotland,http://data.ordnancesurvey.co.uk/id/country/scotland,,,
AB554EP,http://data.ordnancesurvey.co.uk/id/postcodeunit/AB554EP,AB55 4EP,,,,other,Postcode,333038.000,839907.000,3500,18000,,,,,,,Dufftown,http://data.ordnancesurvey.co.uk/id/4000000074543227,http://www.ordnancesurvey.co.uk/xml/codelists/localtype.xml#town,,,,Moray,http://data.ordnancesurvey.co.uk/id/7000000000029959,http://data.ordnancesurvey.co.uk/ontology/admingeo/UnitaryAuthority,Scotland,http://data.ordnancesurvey.co.uk/id/7000000000041429,Scotland,http://data.ordnancesurvey.co.uk/id/country/scotland,,,
AB554AL,http://data.ordnancesurvey.co.uk/id/postcodeunit/AB554AL,AB55 4AL,,,,other,Postcode,332468.000,839942.000,3500,18000,,,,,,,Dufftown,http://data.ordnancesurvey.co.uk/id/4000000074543227,http://www.ordnancesurvey.co.uk/xml/codelists/localtype.xml#town,,,,Moray,http://data.ordnancesurvey.co.uk/id/7000000000029959,http://data.ordnancesurvey.co.uk/ontology/admingeo/UnitaryAuthority,Scotland,http://data.ordnancesurvey.co.uk/id/7000000000041429,Scotland,http://data.ordnancesurvey.co.uk/id/country/scotland,,,
AB554DS,http://data.ordnancesurvey.co.uk/id/postcodeunit/AB554DS,AB55 4DS,,,,other,Postcode,334039.000,836022.000,3500,18000,,,,,,,,,,,,,Moray,http://data.ordnancesurvey.co.uk/id/7000000000029959,http://data.ordnancesurvey.co.uk/ontology/admingeo/UnitaryAuthority,Scotland,http://data.ordnancesurvey.co.uk/id/7000000000041429,Scotland,http://data.ordnancesurvey.co.uk/id/country/scotland,,,
AB379JD,http://data.ordnancesurvey.co.uk/id/postcodeunit/AB379JD,AB37 9JD,,,,other,Postcode,321947.000,825817.000,3500,18000,,,,,,,Tomnavoulin,http://data.ordnancesurvey.co.uk/id/4000000074560311,http://www.ordnancesurvey.co.uk/xml/codelists/localtype.xml#village,,,,Moray,http://data.ordnancesurvey.co.uk/id/7000000000029959,http://data.ordnancesurvey.co.uk/ontology/admingeo/UnitaryAuthority,Scotland,http://data.ordnancesurvey.co.uk/id/7000000000041429,Scotland,http://data.ordnancesurvey.co.uk/id/country/scotland,,,
AB544EL,http://data.ordnancesurvey.co.uk/id/postcodeunit/AB544EL,AB54 4EL,,,,other,Postcode,338018.000,830442.000,3500,18000,,,,,,,,,,,,,Moray,http://data.ordnancesurvey.co.uk/id/7000000000029959,http://data.ordnancesurvey.co.uk/ontology/admingeo/UnitaryAuthority,Scotland,http://data.ordnancesurvey.co.uk/id/7000000000041429,Scotland,http://data.ordnancesurvey.co.uk/id/country/scotland,,,
AB554DE,http://data.ordnancesurvey.co.uk/id/postcodeunit/AB554DE,AB55 4DE,,,,other,Postcode,327791.000,833598.000,3500,18000,,,,,,,,,,,,,Moray,http://data.ordnancesurvey.co.uk/id/7000000000029959,http://data.ordnancesurvey.co.uk/ontology/admingeo/UnitaryAuthority,Scotland,http://data.ordnancesurvey.co.uk/id/7000000000041429,Scotland,http://data.ordnancesurvey.co.uk/id/country/scotland,,,
AB554DR,http://data.ordnancesurvey.co.uk/id/postcodeunit/AB554DR,AB55 4DR,,,,other,Postcode,334016.000,837361.000,3500,18000,,,,,,,,,,,,,Moray,http://data.ordnancesurvey.co.uk/id/7000000000029959,http://data.ordnancesurvey.co.uk/ontology/admingeo/UnitaryAuthority,Scotland,http://data.ordnancesurvey.co.uk/id/7000000000041429,Scotland,http://data.ordnancesurvey.co.uk/id/country/scotland,,,
AB554DP,http://data.ordnancesurvey.co.uk/id/postcodeunit/AB554DP,AB55 4DP,,,,other,Postcode,333048.000,839940.000,3500,18000,,,,,,,Dufftown,http://data.ordnancesurvey.co.uk/id/4000000074543227,http://www.ordnancesurvey.co.uk/xml/codelists/localtype.xml#town,,,,Moray,http://data.ordnancesurvey.co.uk/id/7000000000029959,http://data.ordnancesurvey.co.uk/ontology/admingeo/UnitaryAuthority,Scotland,http://data.ordnancesurvey.co.uk/id/7000000000041429,Scotland,http://data.ordnancesurvey.co.uk/id/country/scotland,,,
AB554EN,http://data.ordnancesurvey.co.uk/id/postcodeunit/AB554EN,AB55 4EN,,,,other,Postcode,334701.000,837391.000,3500,18000,,,,,,,,,,,,,Moray,http://data.ordnancesurvey.co.uk/id/7000000000029959,http://data.ordnancesurvey.co.uk/ontology/admingeo/UnitaryAuthority,Scotland,http://data.ordnancesurvey.co.uk/id/7000000000041429,Scotland,http://data.ordnancesurvey.co.uk/id/country/scotland,,,
AB379DQ,http://data.ordnancesurvey.co.uk/id/postcodeunit/AB379DQ,AB37 9DQ,,,,other,Postcode,322482.000,830794.000,3500,18000,,,,,,,,,,,,,Moray,http://data.ordnancesurvey.co.uk/id/7000000000029959,http://data.ordnancesurvey.co.uk/ontology/admingeo/UnitaryAuthority,Scotland,http://data.ordnancesurvey.co.uk/id/7000000000041429,Scotland,http://data.ordnancesurvey.co.uk/id/country/scotland,,,
AB554EX,http://data.ordnancesurvey.co.uk/id/postcodeunit/AB554EX,AB55 4EX,,,,other,Postcode,331988.000,839951.000,3500,18000,,,,,,,Dufftown,http://data.ordnancesurvey.co.uk/id/4000000074543227,http://www.ordnancesurvey.co.uk/xml/codelists/localtype.xml#town,,,,Moray,http://data.ordnancesurvey.co.uk/id/7000000000029959,http://data.ordnancesurvey.co.uk/ontology/admingeo/UnitaryAuthority,Scotland,http://data.ordnancesurvey.co.uk/id/7000000000041429,Scotland,http://data.ordnancesurvey.co.uk/id/country/scotland,,,
AB379EJ,http://data.ordnancesurvey.co.uk/id/postcodeunit/AB379EJ,AB37 9EJ,,,,other,Postcode,320982.000,828651.000,3500,18000,,,,,,,Auchbreck,http://data.ordnancesurvey.co.uk/id/4000000074560312,http://www.ordnancesurvey.co.uk/xml/codelists/localtype.xml#hamlet,,,,Moray,http://data.ordnancesurvey.co.uk/id/7000000000029959,http://data.ordnancesurvey.co.uk/ontology/admingeo/UnitaryAuthority,Scotland,http://data.ordnancesurvey.co.uk/id/7000000000041429,Scotland,http://data.ordnancesurvey.co.uk/id/country/scotland,,,
AB379JJ,http://data.ordnancesurvey.co.uk/id/postcodeunit/AB379JJ,AB37 9JJ,,,,other,Postcode,324528.000,824620.000,3500,18000,,,,,,,,,,,,,Moray,http://data.ordnancesurvey.co.uk/id/7000000000029959,http://data.ordnancesurvey.co.uk/ontology/admingeo/UnitaryAuthority,Scotland,http://data.ordnancesurvey.co.uk/id/7000000000041429,Scotland,http://data.ordnancesurvey.co.uk/id/country/scotland,,,
AB554BY,http://data.ordnancesurvey.co.uk/id/postcodeunit/AB554BY,AB55 4BY,,,,other,Postcode,328653.000,834538.000,3500,18000,,,,,,,,,,,,,Moray,http://data.ordnancesurvey.co.uk/id/7000000000029959,http://data.ordnancesurvey.co.uk/ontology/admingeo/UnitaryAuthority,Scotland,http://data.ordnancesurvey.co.uk/id/7000000000041429,Scotland,http://data.ordnancesurvey.co.uk/id/country/scotland,,,
AB544YX,http://data.ordnancesurvey.co.uk/id/postcodeunit/AB544YX,AB54 4YX,,,,other,Postcode,339421.000,838870.000,3500,18000,,,,,,,,,,,,,Moray,http://data.ordnancesurvey.co.uk/id/7000000000029959,http://data.ordnancesurvey.co.uk/ontology/admingeo/UnitaryAuthority,Scotland,http://data.ordnancesurvey.co.uk/id/7000000000041429,Scotland,http://data.ordnancesurvey.co.uk/id/country/scotland,,,
AB554AH,http://data.ordnancesurvey.co.uk/id/postcodeunit/AB554AH,AB55 4AH,,,,other,Postcode,332136.000,839902.000,3500,18000,,,,,,,Dufftown,http://data.ordnancesurvey.co.uk/id/4000000074543227,http://www.ordnancesurvey.co.uk/xml/codelists/localtype.xml#town,,,,Moray,http://data.ordnancesurvey.co.uk/id/7000000000029959,http://data.ordnancesurvey.co.uk/ontology/admingeo/UnitaryAuthority,Scotland,http://data.ordnancesurvey.co.uk/id/7000000000041429,Scotland,http://data.ordnancesurvey.co.uk/id/country/scotland,,,
AB554AD,http://data.ordnancesurvey.co.uk/id/postcodeunit/AB554AD,AB55 4AD,,,,other,Postcode,332350.000,839982.000,3500,18000,,,,,,,Dufftown,http://data.ordnancesurvey.co.uk/id/4000000074543227,http://www.ordnancesurvey.co.uk/xml/codelists/localtype.xml#town,,,,Moray,http://data.ordnancesurvey.co.uk/id/7000000000029959,http://data.ordnancesurvey.co.uk/ontology/admingeo/UnitaryAuthority,Scotland,http://data.ordnancesurvey.co.uk/id/7000000000041429,Scotland,http://data.ordnancesurvey.co.uk/id/country/scotland,,,
AB554EQ,http://data.ordnancesurvey.co.uk/id/postcodeunit/AB554EQ,AB55 4EQ,,,,other,Postcode,331582.000,839845.000,3500,18000,,,,,,,,,,,,,Moray,http://data.ordnancesurvey.co.uk/id/7000000000029959,http://data.ordnancesurvey.co.uk/ontology/admingeo/UnitaryAuthority,Scotland,http://data.ordnancesurvey.co.uk/id/7000000000041429,Scotland,http://data.ordnancesurvey.co.uk/id/country/scotland,,,
osgb4000000003809921,http://data.ordnancesurvey.co.uk/id/4000000003809921,Conval Street,,,,transportNetwork,Named Road,332069.477,839906.410,4000,20000,331750.000,839868.000,332373.000,839943.000,AB55,http://data.ordnancesurvey.co.uk/id/postcodedistrict/AB55,Dufftown,http://data.ordnancesurvey.co.uk/id/4000000074543227,http://www.ordnancesurvey.co.uk/xml/codelists/localtype.xml#town,,,,Moray,http://data.ordnancesurvey.co.uk/id/7000000000029959,http://data.ordnancesurvey.co.uk/ontology/admingeo/UnitaryAuthority,Scotland,http://data.ordnancesurvey.co.uk/id/7000000000041429,Scotland,http://data.ordnancesurvey.co.uk/id/country/scotland,,,
e20b9bd0-493b-477c-85c4-0eeb52d5d3fb,http://data.ordnancesurvey.co.uk/id/e20b9bd0-493b-477c-85c4-0eeb52d5d3fb,B9009,,,,transportNetwork,Section Of Numbered Road,332042.000,839905.000,4000,25000,331721.809,839848.618,332359.000,839941.000,AB55,http://data.ordnancesurvey.co.uk/id/postcodedistrict/AB55,Dufftown,http://data.ordnancesurvey.co.uk/id/4000000074543227,http://www.ordnancesurvey.co.uk/xml/codelists/localtype.xml#town,,,,Moray,http://data.ordnancesurvey.co.uk/id/7000000000029959,http://data.ordnancesurvey.co.uk/ontology/admingeo/UnitaryAuthority,Scotland,http://data.ordnancesurvey.co.uk/id/7000000000041429,Scotland,http://data.ordnancesurvey.co.uk/id/country/scotland,osgb4000000003841991,,
osgb4000000003841991,http://data.ordnancesurvey.co.uk/id/4000000003841991,B9009,,,,transportNetwork,Numbered Road,327137.000,833971.000,74000,250000,320977.000,828600.000,332359.000,839941.000,AB55,http://data.ordnancesurvey.co.uk/id/postcodedistrict/AB55,,,,,,,Moray,http://data.ordnancesurvey.co.uk/id/7000000000029959,http://data.ordnancesurvey.co.uk/ontology/admingeo/UnitaryAuthority,Scotland,http://data.ordnancesurvey.co.uk/id/7000000000041429,Scotland,http://data.ordnancesurvey.co.uk/id/country/scotland,,,
osgb4000000003809920,http://data.ordnancesurvey.co.uk/id/4000000003809920,Church Street,,,,transportNetwork,Named Road,332390.000,839534.000,3000,20000,332354.000,839290.000,332468.841,839752.908,AB55,http://data.ordnancesurvey.co.uk/id/postcodedistrict/AB55,Dufftown,http://data.ordnancesurvey.co.uk/id/4000000074543227,http://www.ordnancesurvey.co.uk/xml/codelists/localtype.xml#town,,,,Moray,http://data.ordnancesurvey.co.uk/id/7000000000029959,http://data.ordnancesurvey.co.uk/ontology/admingeo/UnitaryAuthority,Scotland,http://data.ordnancesurvey.co.uk/id/7000000000041429,Scotland,http://data.ordnancesurvey.co.uk/id/country/scotland,,,
osgb4000000003812161,http://data.ordnancesurvey.co.uk/id/4000000003812161,Hillside Avenue,,,,transportNetwork,Named Road,332049.000,839987.000,1000,20000,331969.100,839909.483,332103.445,840053.000,AB55,http://data.ordnancesurvey.co.uk/id/postcodedistrict/AB55,Dufftown,http://data.ordnancesurvey.co.uk/id/4000000074543227,http://www.ordnancesurvey.co.uk/xml/codelists/localtype.xml#town,,,,Moray,http://data.ordnancesurvey.co.uk/id/7000000000029959,http://data.ordnancesurvey.co.uk/ontology/admingeo/UnitaryAuthority,Scotland,http://data.ordnancesurvey.co.uk/id/7000000000041429,Scotland,http://data.ordnancesurvey.co.uk/id/country/scotland,,,
osgb4000000003812166,http://data.ordnancesurvey.co.uk/id/4000000003812166,Cowie Avenue,,,,transportNetwork,Named Road,332640.945,839799.816,1000,20000,332616.705,839718.688,332665.000,839883.000,AB55,http://data.ordnancesurvey.co.uk/id/postcodedistrict/AB55,Dufftown,http://data.ordnancesurvey.co.uk/id/4000000074543227,http://www.ordnancesurvey.co.uk/xml/codelists/localtype.xml#town,,,,Moray,http://data.ordnancesurvey.co.uk/id/7000000000029959,http://data.ordnancesurvey.co.uk/ontology/admingeo/UnitaryAuthority,Scotland,http://data.ordnancesurvey.co.uk/id/7000000000041429,Scotland,http://data.ordnancesurvey.co.uk/id/country/scotland,,,
osgb4000000003815313,http://data.ordnancesurvey.co.uk/id/4000000003815313,B9008,,,,transportNetwork,Numbered Road,320899.000,827444.000,108000,250000,317294.000,818874.000,321433.000,835454.000,AB37,http://data.ordnancesurvey.co.uk/id/postcodedistrict/AB37,,,,,,,Moray,http://data.ordnancesurvey.co.uk/id/7000000000029959,http://data.ordnancesurvey.co.uk/ontology/admingeo/UnitaryAuthority,Scotland,http://data.ordnancesurvey.co.uk/id/7000000000041429,Scotland,http://data.ordnancesurvey.co.uk/id/country/scotland,,,
osgb4000000003813865,http://data.ordnancesurvey.co.uk/id/4000000003813865,Chapel Court,,,,transportNetwork,Named Road,332753.000,839971.000,1000,20000,332727.482,839962.895,332789.846,839981.139,AB55,http://data.ordnancesurvey.co.uk/id/postcodedistrict/AB55,Dufftown,http://data.ordnancesurvey.co.uk/id/4000000074543227,http://www.ordnancesurvey.co.uk/xml/codelists/localtype.xml#town,,,,Moray,http://data.ordnancesurvey.co.uk/id/7000000000029959,http://data.ordnancesurvey.co.uk/ontology/admingeo/UnitaryAuthority,Scotland,http://data.ordnancesurvey.co.uk/id/7000000000041429,Scotland,http://data.ordnancesurvey.co.uk/id/country/scotland,,,
osgb4000000003813864,http://data.ordnancesurvey.co.uk/id/4000000003813864,Mount Crescent,,,,transportNetwork,Named Road,332802.000,840000.000,1000,20000,332789.846,839962.895,332802.000,840043.000,AB55,http://data.ordnancesurvey.co.uk/id/postcodedistrict/AB55,Dufftown,http://data.ordnancesurvey.co.uk/id/4000000074543227,http://www.ordnancesurvey.co.uk/xml/codelists/localtype.xml#town,,,,Moray,http://data.ordnancesurvey.co.uk/id/7000000000029959,http://data.ordnancesurvey.co.uk/ontology/admingeo/UnitaryAuthority,Scotland,http://data.ordnancesurvey.co.uk/id/7000000000041429,Scotland,http://data.ordnancesurvey.co.uk/id/country/scotland,,,
osgb4000000003814934,http://data.ordnancesurvey.co.uk/id/4000000003814934,Conval Crescent,,,,transportNetwork,Named Road,331957.000,839931.000,1000,20000,331948.325,839899.000,331984.000,839937.000,AB55,http://data.ordnancesurvey.co.uk/id/postcodedistrict/AB55,Dufftown,http://data.ordnancesurvey.co.uk/id/4000000074543227,http://www.ordnancesurvey.co.uk/xml/codelists/localtype.xml#town,,,,Moray,http://data.ordnancesurvey.co.uk/id/7000000000029959,http://data.ordnancesurvey.co.uk/ontology/admingeo/UnitaryAuthority,Scotland,http://data.ordnancesurvey.co.uk/id/7000000000041429,Scotland,http://data.ordnancesurvey.co.uk/id/country/scotland,,,
osgb5000005199230603,http://data.ordnancesurvey.co.uk/id/5000005199230603,Braehead Terrace,,,,transportNetwork,Named Road,332522.391,839835.224,1000,20000,332464.611,839788.165,332570.448,839932.395,AB55,http://data.ordnancesurvey.co.uk/id/postcodedistrict/AB55,Dufftown,http://data.ordnancesurvey.co.uk/id/4000000074543227,http://www.ordnancesurvey.co.uk/xml/codelists/localtype.xml#town,,,,Moray,http://data.ordnancesurvey.co.uk/id/7000000000029959,http://data.ordnancesurvey.co.uk/ontology/admingeo/UnitaryAuthority,Scotland,http://data.ordnancesurvey.co.uk/id/7000000000041429,Scotland,http://data.ordnancesurvey.co.uk/id/country/scotland,,,
osgb4000000003814935,http://data.ordnancesurvey.co.uk/id/4000000003814935,Corsemaul Drive,,,,transportNetwork,Named Road,332884.626,839975.224,1000,20000,332862.637,839897.529,332926.089,840052.000,AB55,http://data.ordnancesurvey.co.uk/id/postcodedistrict/AB55,Dufftown,http://data.ordnancesurvey.co.uk/id/4000000074543227,http://www.ordnancesurvey.co.uk/xml/codelists/localtype.xml#town,,,,Moray,http://data.ordnancesurvey.co.uk/id/7000000000029959,http://data.ordnancesurvey.co.uk/ontology/admingeo/UnitaryAuthority,Scotland,http://data.ordnancesurvey.co.uk/id/7000000000041429,Scotland,http://data.ordnancesurvey.co.uk/id/country/scotland,,,
AB554AQ,http://data.ordnancesurvey.co.uk/id/postcodeunit/AB554AQ,AB55 4AQ,,,,other,Postcode,332928.000,839841.000,3500,18000,,,,,,,Dufftown,http://data.ordnancesurvey.co.uk/id/4000000074543227,http://www.ordnancesurvey.co.uk/xml/codelists/localtype.xml#town,,,,Moray,http://data.ordnancesurvey.co.uk/id/7000000000029959,http://data.ordnancesurvey.co.uk/ontology/admingeo/UnitaryAuthority,Scotland,http://data.ordnancesurvey.co.uk/id/7000000000041429,Scotland,http://data.ordnancesurvey.co.uk/id/country/scotland,,,
AB554AN,http://data.ordnancesurvey.co.uk/id/postcodeunit/AB554AN,AB55 4AN,,,,other,Postcode,332516.000,839855.000,3500,18000,,,,,,,Dufftown,http://data.ordnancesurvey.co.uk/id/4000000074543227,http://www.ordnancesurvey.co.uk/xml/codelists/localtype.xml#town,,,,Moray,http://data.ordnancesurvey.co.uk/id/7000000000029959,http://data.ordnancesurvey.co.uk/ontology/admingeo/UnitaryAuthority,Scotland,http://data.ordnancesurvey.co.uk/id/7000000000041429,Scotland,http://data.ordnancesurvey.co.uk/id/country/scotland,,,
AB554DF,http://data.ordnancesurvey.co.uk/id/postcodeunit/AB554DF,AB55 4DF,,,,other,Postcode,332017.000,839822.000,3500,18000,,,,,,,Dufftown,http://data.ordnancesurvey.co.uk/id/4000000074543227,http://www.ordnancesurvey.co.uk/xml/codelists/localtype.xml#town,,,,Moray,http://data.ordnancesurvey.co.uk/id/7000000000029959,http://data.ordnancesurvey.co.uk/ontology/admingeo/UnitaryAuthority,Scotland,http://data.ordnancesurvey.co.uk/id/7000000000041429,Scotland,http://data.ordnancesurvey.co.uk/id/country/scotland,,,
AB554BR,http://data.ordnancesurvey.co.uk/id/postcodeunit/AB554BR,AB55 4BR,,,,other,Postcode,332341.000,839232.000,3500,18000,,,,,,,Dufftown,http://data.ordnancesurvey.co.uk/id/4000000074543227,http://www.ordnancesurvey.co.uk/xml/codelists/localtype.xml#town,,,,Moray,http://data.ordnancesurvey.co.uk/id/7000000000029959,http://data.ordnancesurvey.co.uk/ontology/admingeo/UnitaryAuthority,Scotland,http://data.ordnancesurvey.co.uk/id/7000000000041429,Scotland,http://data.ordnancesurvey.co.uk/id/country/scotland,,,
AB554AE,http://data.ordnancesurvey.co.uk/id/postcodeunit/AB554AE,AB55 4AE,,,,other,Postcode,332310.000,839948.000,3500,18000,,,,,,,Dufftown,http://data.ordnancesurvey.co.uk/id/4000000074543227,http://www.ordnancesurvey.co.uk/xml/codelists/localtype.xml#town,,,,Moray,http://data.ordnancesurvey.co.uk/id/7000000000029959,http://data.ordnancesurvey.co.uk/ontology/admingeo/UnitaryAuthority,Scotland,http://data.ordnancesurvey.co.uk/id/7000000000041429,Scotland,http://data.ordnancesurvey.co.uk/id/country/scotland,,,
AB379JB,http://data.ordnancesurvey.co.uk/id/postcodeunit/AB379JB,AB37 9JB,,,,other,Postcode,320178.000,826103.000,3500,18000,,,,,,,Tomnavoulin,http://data.ordnancesurvey.co.uk/id/4000000074560311,http://www.ordnancesurvey.co.uk/xml/codelists/localtype.xml#village,,,,Moray,http://data.ordnancesurvey.co.uk/id/7000000000029959,http://data.ordnancesurvey.co.uk/ontology/admingeo/UnitaryAuthority,Scotland,http://data.ordnancesurvey.co.uk/id/7000000000041429,Scotland,http://data.ordnancesurvey.co.uk/id/country/scotland,,,
osgb4000000003809923,http://data.ordnancesurvey.co.uk/id/4000000003809923,Fife Street,,,,transportNetwork,Named Road,332710.000,839861.000,4000,20000,332373.000,839830.000,333043.000,839956.000,AB55,http://data.ordnancesurvey.co.uk/id/postcodedistrict/AB55,Dufftown,http://data.ordnancesurvey.co.uk/id/4000000074543227,http://www.ordnancesurvey.co.uk/xml/codelists/localtype.xml#town,,,,Moray,http://data.ordnancesurvey.co.uk/id/7000000000029959,http://data.ordnancesurvey.co.uk/ontology/admingeo/UnitaryAuthority,Scotland,http://data.ordnancesurvey.co.uk/id/7000000000041429,Scotland,http://data.ordnancesurvey.co.uk/id/country/scotland,,,
df9d5ecb-7467-4e5b-b105-d0cbf3a08beb,http://data.ordnancesurvey.co.uk/id/df9d5ecb-7467-4e5b-b105-d0cbf3a08beb,A920,,,,transportNetwork,Section Of Numbered Road,333549.000,839510.000,1000,25000,333534.298,839505.266,333570.345,839512.426,AB55,http://data.ordnancesurvey.co.uk/id/postcodedistrict/AB55,Dufftown,http://data.ordnancesurvey.co.uk/id/4000000074543227,http://www.ordnancesurvey.co.uk/xml/codelists/localtype.xml#town,,,,Moray,http://data.ordnancesurvey.co.uk/id/7000000000029959,http://data.ordnancesurvey.co.uk/ontology/admingeo/UnitaryAuthority,Scotland,http://data.ordnancesurvey.co.uk/id/7000000000041429,Scotland,http://data.ordnancesurvey.co.uk/id/country/scotland,osgb4000000003841982,,
osgb4000000003814933,http://data.ordnancesurvey.co.uk/id/4000000003814933,St Michael's Lane,,,,transportNetwork,Named Road,332038.097,839944.098,1000,20000,332038.097,839944.098,332098.431,839948.303,AB55,http://data.ordnancesurvey.co.uk/id/postcodedistrict/AB55,Dufftown,http://data.ordnancesurvey.co.uk/id/4000000074543227,http://www.ordnancesurvey.co.uk/xml/codelists/localtype.xml#town,,,,Moray,http://data.ordnancesurvey.co.uk/id/7000000000029959,http://data.ordnancesurvey.co.uk/ontology/admingeo/UnitaryAuthority,Scotland,http://data.ordnancesurvey.co.uk/id/7000000000041429,Scotland,http://data.ordnancesurvey.co.uk/id/country/scotland,,,
osgb4000000003814931,http://data.ordnancesurvey.co.uk/id/4000000003814931,The Square,,,,transportNetwork,Named Road,332385.000,839958.000,1000,20000,332357.000,839941.000,332389.000,839977.000,AB55,http://data.ordnancesurvey.co.uk/id/postcodedistrict/AB55,Dufftown,http://data.ordnancesurvey.co.uk/id/4000000074543227,http://www.ordnancesurvey.co.uk/xml/codelists/localtype.xml#town,,,,Moray,http://data.ordnancesurvey.co.uk/id/7000000000029959,http://data.ordnancesurvey.co.uk/ontology/admingeo/UnitaryAuthority,Scotland,http://data.ordnancesurvey.co.uk/id/7000000000041429,Scotland,http://data.ordnancesurvey.co.uk/id/country/scotland,,,
