﻿osgb4000000074310298,http://data.ordnancesurvey.co.uk/id/4000000074310298,Charlestown,,,,populatedPlace,Suburban Area,405325.900,863395.000,2000,25000,405047.242,863170.638,405547.242,863670.638,AB43,http://data.ordnancesurvey.co.uk/id/postcodedistrict/AB43,,,,,,,Aberdeenshire,http://data.ordnancesurvey.co.uk/id/7000000000030111,http://data.ordnancesurvey.co.uk/ontology/admingeo/UnitaryAuthority,Scotland,http://data.ordnancesurvey.co.uk/id/7000000000041429,Scotland,http://data.ordnancesurvey.co.uk/id/country/scotland,,,
osgb4000000074545426,http://data.ordnancesurvey.co.uk/id/4000000074545426,Inverallochy,,,,populatedPlace,Village,404219.660,865100.310,7000,250000,403512.627,864481.354,404618.586,865607.422,AB43,http://data.ordnancesurvey.co.uk/id/postcodedistrict/AB43,,,,,,,Aberdeenshire,http://data.ordnancesurvey.co.uk/id/7000000000030111,http://data.ordnancesurvey.co.uk/ontology/admingeo/UnitaryAuthority,Scotland,http://data.ordnancesurvey.co.uk/id/7000000000041429,Scotland,http://data.ordnancesurvey.co.uk/id/country/scotland,,,http://sws.geonames.org/2646143
osgb4000000074545425,http://data.ordnancesurvey.co.uk/id/4000000074545425,St Combs,,,,populatedPlace,Village,405428.110,863026.670,5000,250000,405054.824,862762.086,405900.496,863566.426,AB43,http://data.ordnancesurvey.co.uk/id/postcodedistrict/AB43,,,,,,,Aberdeenshire,http://data.ordnancesurvey.co.uk/id/7000000000030111,http://data.ordnancesurvey.co.uk/ontology/admingeo/UnitaryAuthority,Scotland,http://data.ordnancesurvey.co.uk/id/7000000000041429,Scotland,http://data.ordnancesurvey.co.uk/id/country/scotland,,,
AB438UN,http://data.ordnancesurvey.co.uk/id/postcodeunit/AB438UN,AB43 8UN,,,,other,Postcode,400475.000,860232.000,3500,18000,,,,,,,,,,,,,Aberdeenshire,http://data.ordnancesurvey.co.uk/id/7000000000030111,http://data.ordnancesurvey.co.uk/ontology/admingeo/UnitaryAuthority,Scotland,http://data.ordnancesurvey.co.uk/id/7000000000041429,Scotland,http://data.ordnancesurvey.co.uk/id/country/scotland,,,
AB438YN,http://data.ordnancesurvey.co.uk/id/postcodeunit/AB438YN,AB43 8YN,,,,other,Postcode,403970.000,865253.000,3500,18000,,,,,,,Inverallochy,http://data.ordnancesurvey.co.uk/id/4000000074545426,http://www.ordnancesurvey.co.uk/xml/codelists/localtype.xml#village,,,,Aberdeenshire,http://data.ordnancesurvey.co.uk/id/7000000000030111,http://data.ordnancesurvey.co.uk/ontology/admingeo/UnitaryAuthority,Scotland,http://data.ordnancesurvey.co.uk/id/7000000000041429,Scotland,http://data.ordnancesurvey.co.uk/id/country/scotland,,,
AB438WN,http://data.ordnancesurvey.co.uk/id/postcodeunit/AB438WN,AB43 8WN,,,,other,Postcode,403886.000,865226.000,3500,18000,,,,,,,Inverallochy,http://data.ordnancesurvey.co.uk/id/4000000074545426,http://www.ordnancesurvey.co.uk/xml/codelists/localtype.xml#village,,,,Aberdeenshire,http://data.ordnancesurvey.co.uk/id/7000000000030111,http://data.ordnancesurvey.co.uk/ontology/admingeo/UnitaryAuthority,Scotland,http://data.ordnancesurvey.co.uk/id/7000000000041429,Scotland,http://data.ordnancesurvey.co.uk/id/country/scotland,,,
AB438WU,http://data.ordnancesurvey.co.uk/id/postcodeunit/AB438WU,AB43 8WU,,,,other,Postcode,403951.000,865221.000,3500,18000,,,,,,,Inverallochy,http://data.ordnancesurvey.co.uk/id/4000000074545426,http://www.ordnancesurvey.co.uk/xml/codelists/localtype.xml#village,,,,Aberdeenshire,http://data.ordnancesurvey.co.uk/id/7000000000030111,http://data.ordnancesurvey.co.uk/ontology/admingeo/UnitaryAuthority,Scotland,http://data.ordnancesurvey.co.uk/id/7000000000041429,Scotland,http://data.ordnancesurvey.co.uk/id/country/scotland,,,
AB438YG,http://data.ordnancesurvey.co.uk/id/postcodeunit/AB438YG,AB43 8YG,,,,other,Postcode,403738.000,864687.000,3500,18000,,,,,,,Inverallochy,http://data.ordnancesurvey.co.uk/id/4000000074545426,http://www.ordnancesurvey.co.uk/xml/codelists/localtype.xml#village,,,,Aberdeenshire,http://data.ordnancesurvey.co.uk/id/7000000000030111,http://data.ordnancesurvey.co.uk/ontology/admingeo/UnitaryAuthority,Scotland,http://data.ordnancesurvey.co.uk/id/7000000000041429,Scotland,http://data.ordnancesurvey.co.uk/id/country/scotland,,,
AB438ZZ,http://data.ordnancesurvey.co.uk/id/postcodeunit/AB438ZZ,AB43 8ZZ,,,,other,Postcode,405347.000,863063.000,3500,18000,,,,,,,St Combs,http://data.ordnancesurvey.co.uk/id/4000000074545425,http://www.ordnancesurvey.co.uk/xml/codelists/localtype.xml#village,,,,Aberdeenshire,http://data.ordnancesurvey.co.uk/id/7000000000030111,http://data.ordnancesurvey.co.uk/ontology/admingeo/UnitaryAuthority,Scotland,http://data.ordnancesurvey.co.uk/id/7000000000041429,Scotland,http://data.ordnancesurvey.co.uk/id/country/scotland,,,
AB439TD,http://data.ordnancesurvey.co.uk/id/postcodeunit/AB439TD,AB43 9TD,,,,other,Postcode,400077.000,866600.000,3500,18000,,,,,,,Fraserburgh,http://data.ordnancesurvey.co.uk/id/4000000074545701,http://www.ordnancesurvey.co.uk/xml/codelists/localtype.xml#town,,,,Aberdeenshire,http://data.ordnancesurvey.co.uk/id/7000000000030111,http://data.ordnancesurvey.co.uk/ontology/admingeo/UnitaryAuthority,Scotland,http://data.ordnancesurvey.co.uk/id/7000000000041429,Scotland,http://data.ordnancesurvey.co.uk/id/country/scotland,,,
AB438XS,http://data.ordnancesurvey.co.uk/id/postcodeunit/AB438XS,AB43 8XS,,,,other,Postcode,402541.000,860605.000,3500,18000,,,,,,,,,,,,,Aberdeenshire,http://data.ordnancesurvey.co.uk/id/7000000000030111,http://data.ordnancesurvey.co.uk/ontology/admingeo/UnitaryAuthority,Scotland,http://data.ordnancesurvey.co.uk/id/7000000000041429,Scotland,http://data.ordnancesurvey.co.uk/id/country/scotland,,,
AB438YX,http://data.ordnancesurvey.co.uk/id/postcodeunit/AB438YX,AB43 8YX,,,,other,Postcode,405495.000,863243.000,3500,18000,,,,,,,St Combs,http://data.ordnancesurvey.co.uk/id/4000000074545425,http://www.ordnancesurvey.co.uk/xml/codelists/localtype.xml#village,,,,Aberdeenshire,http://data.ordnancesurvey.co.uk/id/7000000000030111,http://data.ordnancesurvey.co.uk/ontology/admingeo/UnitaryAuthority,Scotland,http://data.ordnancesurvey.co.uk/id/7000000000041429,Scotland,http://data.ordnancesurvey.co.uk/id/country/scotland,,,
AB438YB,http://data.ordnancesurvey.co.uk/id/postcodeunit/AB438YB,AB43 8YB,,,,other,Postcode,404041.000,864898.000,3500,18000,,,,,,,Inverallochy,http://data.ordnancesurvey.co.uk/id/4000000074545426,http://www.ordnancesurvey.co.uk/xml/codelists/localtype.xml#village,,,,Aberdeenshire,http://data.ordnancesurvey.co.uk/id/7000000000030111,http://data.ordnancesurvey.co.uk/ontology/admingeo/UnitaryAuthority,Scotland,http://data.ordnancesurvey.co.uk/id/7000000000041429,Scotland,http://data.ordnancesurvey.co.uk/id/country/scotland,,,
AB438ZT,http://data.ordnancesurvey.co.uk/id/postcodeunit/AB438ZT,AB43 8ZT,,,,other,Postcode,405365.000,863198.000,3500,18000,,,,,,,St Combs,http://data.ordnancesurvey.co.uk/id/4000000074545425,http://www.ordnancesurvey.co.uk/xml/codelists/localtype.xml#village,,,,Aberdeenshire,http://data.ordnancesurvey.co.uk/id/7000000000030111,http://data.ordnancesurvey.co.uk/ontology/admingeo/UnitaryAuthority,Scotland,http://data.ordnancesurvey.co.uk/id/7000000000041429,Scotland,http://data.ordnancesurvey.co.uk/id/country/scotland,,,
AB438UP,http://data.ordnancesurvey.co.uk/id/postcodeunit/AB438UP,AB43 8UP,,,,other,Postcode,401194.000,861842.000,3500,18000,,,,,,,,,,,,,Aberdeenshire,http://data.ordnancesurvey.co.uk/id/7000000000030111,http://data.ordnancesurvey.co.uk/ontology/admingeo/UnitaryAuthority,Scotland,http://data.ordnancesurvey.co.uk/id/7000000000041429,Scotland,http://data.ordnancesurvey.co.uk/id/country/scotland,,,
AB438SN,http://data.ordnancesurvey.co.uk/id/postcodeunit/AB438SN,AB43 8SN,,,,other,Postcode,402816.000,860083.000,3500,18000,,,,,,,,,,,,,Aberdeenshire,http://data.ordnancesurvey.co.uk/id/7000000000030111,http://data.ordnancesurvey.co.uk/ontology/admingeo/UnitaryAuthority,Scotland,http://data.ordnancesurvey.co.uk/id/7000000000041429,Scotland,http://data.ordnancesurvey.co.uk/id/country/scotland,,,
AB438WF,http://data.ordnancesurvey.co.uk/id/postcodeunit/AB438WF,AB43 8WF,,,,other,Postcode,404298.000,864911.000,3500,18000,,,,,,,Inverallochy,http://data.ordnancesurvey.co.uk/id/4000000074545426,http://www.ordnancesurvey.co.uk/xml/codelists/localtype.xml#village,,,,Aberdeenshire,http://data.ordnancesurvey.co.uk/id/7000000000030111,http://data.ordnancesurvey.co.uk/ontology/admingeo/UnitaryAuthority,Scotland,http://data.ordnancesurvey.co.uk/id/7000000000041429,Scotland,http://data.ordnancesurvey.co.uk/id/country/scotland,,,
AB438XD,http://data.ordnancesurvey.co.uk/id/postcodeunit/AB438XD,AB43 8XD,,,,other,Postcode,403798.000,862109.000,3500,18000,,,,,,,,,,,,,Aberdeenshire,http://data.ordnancesurvey.co.uk/id/7000000000030111,http://data.ordnancesurvey.co.uk/ontology/admingeo/UnitaryAuthority,Scotland,http://data.ordnancesurvey.co.uk/id/7000000000041429,Scotland,http://data.ordnancesurvey.co.uk/id/country/scotland,,,
AB438ZX,http://data.ordnancesurvey.co.uk/id/postcodeunit/AB438ZX,AB43 8ZX,,,,other,Postcode,405573.000,863192.000,3500,18000,,,,,,,St Combs,http://data.ordnancesurvey.co.uk/id/4000000074545425,http://www.ordnancesurvey.co.uk/xml/codelists/localtype.xml#village,,,,Aberdeenshire,http://data.ordnancesurvey.co.uk/id/7000000000030111,http://data.ordnancesurvey.co.uk/ontology/admingeo/UnitaryAuthority,Scotland,http://data.ordnancesurvey.co.uk/id/7000000000041429,Scotland,http://data.ordnancesurvey.co.uk/id/country/scotland,,,
AB438TP,http://data.ordnancesurvey.co.uk/id/postcodeunit/AB438TP,AB43 8TP,,,,other,Postcode,402432.000,863860.000,3500,18000,,,,,,,,,,,,,Aberdeenshire,http://data.ordnancesurvey.co.uk/id/7000000000030111,http://data.ordnancesurvey.co.uk/ontology/admingeo/UnitaryAuthority,Scotland,http://data.ordnancesurvey.co.uk/id/7000000000041429,Scotland,http://data.ordnancesurvey.co.uk/id/country/scotland,,,
AB438WR,http://data.ordnancesurvey.co.uk/id/postcodeunit/AB438WR,AB43 8WR,,,,other,Postcode,403835.000,864654.000,3500,18000,,,,,,,Inverallochy,http://data.ordnancesurvey.co.uk/id/4000000074545426,http://www.ordnancesurvey.co.uk/xml/codelists/localtype.xml#village,,,,Aberdeenshire,http://data.ordnancesurvey.co.uk/id/7000000000030111,http://data.ordnancesurvey.co.uk/ontology/admingeo/UnitaryAuthority,Scotland,http://data.ordnancesurvey.co.uk/id/7000000000041429,Scotland,http://data.ordnancesurvey.co.uk/id/country/scotland,,,
AB438ZY,http://data.ordnancesurvey.co.uk/id/postcodeunit/AB438ZY,AB43 8ZY,,,,other,Postcode,405596.000,863182.000,3500,18000,,,,,,,St Combs,http://data.ordnancesurvey.co.uk/id/4000000074545425,http://www.ordnancesurvey.co.uk/xml/codelists/localtype.xml#village,,,,Aberdeenshire,http://data.ordnancesurvey.co.uk/id/7000000000030111,http://data.ordnancesurvey.co.uk/ontology/admingeo/UnitaryAuthority,Scotland,http://data.ordnancesurvey.co.uk/id/7000000000041429,Scotland,http://data.ordnancesurvey.co.uk/id/country/scotland,,,
AB438WE,http://data.ordnancesurvey.co.uk/id/postcodeunit/AB438WE,AB43 8WE,,,,other,Postcode,404054.000,864853.000,3500,18000,,,,,,,Inverallochy,http://data.ordnancesurvey.co.uk/id/4000000074545426,http://www.ordnancesurvey.co.uk/xml/codelists/localtype.xml#village,,,,Aberdeenshire,http://data.ordnancesurvey.co.uk/id/7000000000030111,http://data.ordnancesurvey.co.uk/ontology/admingeo/UnitaryAuthority,Scotland,http://data.ordnancesurvey.co.uk/id/7000000000041429,Scotland,http://data.ordnancesurvey.co.uk/id/country/scotland,,,
AB438YZ,http://data.ordnancesurvey.co.uk/id/postcodeunit/AB438YZ,AB43 8YZ,,,,other,Postcode,405287.000,863187.000,3500,18000,,,,,,,St Combs,http://data.ordnancesurvey.co.uk/id/4000000074545425,http://www.ordnancesurvey.co.uk/xml/codelists/localtype.xml#village,,,,Aberdeenshire,http://data.ordnancesurvey.co.uk/id/7000000000030111,http://data.ordnancesurvey.co.uk/ontology/admingeo/UnitaryAuthority,Scotland,http://data.ordnancesurvey.co.uk/id/7000000000041429,Scotland,http://data.ordnancesurvey.co.uk/id/country/scotland,,,
AB438XJ,http://data.ordnancesurvey.co.uk/id/postcodeunit/AB438XJ,AB43 8XJ,,,,other,Postcode,404965.000,862357.000,3500,18000,,,,,,,,,,,,,Aberdeenshire,http://data.ordnancesurvey.co.uk/id/7000000000030111,http://data.ordnancesurvey.co.uk/ontology/admingeo/UnitaryAuthority,Scotland,http://data.ordnancesurvey.co.uk/id/7000000000041429,Scotland,http://data.ordnancesurvey.co.uk/id/country/scotland,,,
AB438ZQ,http://data.ordnancesurvey.co.uk/id/postcodeunit/AB438ZQ,AB43 8ZQ,,,,other,Postcode,405498.000,862950.000,3500,18000,,,,,,,St Combs,http://data.ordnancesurvey.co.uk/id/4000000074545425,http://www.ordnancesurvey.co.uk/xml/codelists/localtype.xml#village,,,,Aberdeenshire,http://data.ordnancesurvey.co.uk/id/7000000000030111,http://data.ordnancesurvey.co.uk/ontology/admingeo/UnitaryAuthority,Scotland,http://data.ordnancesurvey.co.uk/id/7000000000041429,Scotland,http://data.ordnancesurvey.co.uk/id/country/scotland,,,
AB438XZ,http://data.ordnancesurvey.co.uk/id/postcodeunit/AB438XZ,AB43 8XZ,,,,other,Postcode,404313.000,865039.000,3500,18000,,,,,,,Inverallochy,http://data.ordnancesurvey.co.uk/id/4000000074545426,http://www.ordnancesurvey.co.uk/xml/codelists/localtype.xml#village,,,,Aberdeenshire,http://data.ordnancesurvey.co.uk/id/7000000000030111,http://data.ordnancesurvey.co.uk/ontology/admingeo/UnitaryAuthority,Scotland,http://data.ordnancesurvey.co.uk/id/7000000000041429,Scotland,http://data.ordnancesurvey.co.uk/id/country/scotland,,,
AB438XH,http://data.ordnancesurvey.co.uk/id/postcodeunit/AB438XH,AB43 8XH,,,,other,Postcode,404903.000,862268.000,3500,18000,,,,,,,,,,,,,Aberdeenshire,http://data.ordnancesurvey.co.uk/id/7000000000030111,http://data.ordnancesurvey.co.uk/ontology/admingeo/UnitaryAuthority,Scotland,http://data.ordnancesurvey.co.uk/id/7000000000041429,Scotland,http://data.ordnancesurvey.co.uk/id/country/scotland,,,
AB438ZW,http://data.ordnancesurvey.co.uk/id/postcodeunit/AB438ZW,AB43 8ZW,,,,other,Postcode,405407.000,863333.000,3500,18000,,,,,,,St Combs,http://data.ordnancesurvey.co.uk/id/4000000074545425,http://www.ordnancesurvey.co.uk/xml/codelists/localtype.xml#village,,,,Aberdeenshire,http://data.ordnancesurvey.co.uk/id/7000000000030111,http://data.ordnancesurvey.co.uk/ontology/admingeo/UnitaryAuthority,Scotland,http://data.ordnancesurvey.co.uk/id/7000000000041429,Scotland,http://data.ordnancesurvey.co.uk/id/country/scotland,,,
AB438ZS,http://data.ordnancesurvey.co.uk/id/postcodeunit/AB438ZS,AB43 8ZS,,,,other,Postcode,405605.000,862995.000,3500,18000,,,,,,,St Combs,http://data.ordnancesurvey.co.uk/id/4000000074545425,http://www.ordnancesurvey.co.uk/xml/codelists/localtype.xml#village,,,,Aberdeenshire,http://data.ordnancesurvey.co.uk/id/7000000000030111,http://data.ordnancesurvey.co.uk/ontology/admingeo/UnitaryAuthority,Scotland,http://data.ordnancesurvey.co.uk/id/7000000000041429,Scotland,http://data.ordnancesurvey.co.uk/id/country/scotland,,,
AB438XP,http://data.ordnancesurvey.co.uk/id/postcodeunit/AB438XP,AB43 8XP,,,,other,Postcode,403791.000,861246.000,3500,18000,,,,,,,,,,,,,Aberdeenshire,http://data.ordnancesurvey.co.uk/id/7000000000030111,http://data.ordnancesurvey.co.uk/ontology/admingeo/UnitaryAuthority,Scotland,http://data.ordnancesurvey.co.uk/id/7000000000041429,Scotland,http://data.ordnancesurvey.co.uk/id/country/scotland,,,
AB438YU,http://data.ordnancesurvey.co.uk/id/postcodeunit/AB438YU,AB43 8YU,,,,other,Postcode,405189.000,862877.000,3500,18000,,,,,,,St Combs,http://data.ordnancesurvey.co.uk/id/4000000074545425,http://www.ordnancesurvey.co.uk/xml/codelists/localtype.xml#village,,,,Aberdeenshire,http://data.ordnancesurvey.co.uk/id/7000000000030111,http://data.ordnancesurvey.co.uk/ontology/admingeo/UnitaryAuthority,Scotland,http://data.ordnancesurvey.co.uk/id/7000000000041429,Scotland,http://data.ordnancesurvey.co.uk/id/country/scotland,,,
AB438WH,http://data.ordnancesurvey.co.uk/id/postcodeunit/AB438WH,AB43 8WH,,,,other,Postcode,403705.000,864749.000,3500,18000,,,,,,,Inverallochy,http://data.ordnancesurvey.co.uk/id/4000000074545426,http://www.ordnancesurvey.co.uk/xml/codelists/localtype.xml#village,,,,Aberdeenshire,http://data.ordnancesurvey.co.uk/id/7000000000030111,http://data.ordnancesurvey.co.uk/ontology/admingeo/UnitaryAuthority,Scotland,http://data.ordnancesurvey.co.uk/id/7000000000041429,Scotland,http://data.ordnancesurvey.co.uk/id/country/scotland,,,
AB438UT,http://data.ordnancesurvey.co.uk/id/postcodeunit/AB438UT,AB43 8UT,,,,other,Postcode,404184.000,863131.000,3500,18000,,,,,,,,,,,,,Aberdeenshire,http://data.ordnancesurvey.co.uk/id/7000000000030111,http://data.ordnancesurvey.co.uk/ontology/admingeo/UnitaryAuthority,Scotland,http://data.ordnancesurvey.co.uk/id/7000000000041429,Scotland,http://data.ordnancesurvey.co.uk/id/country/scotland,,,
AB438YT,http://data.ordnancesurvey.co.uk/id/postcodeunit/AB438YT,AB43 8YT,,,,other,Postcode,405261.000,863477.000,3500,18000,,,,,,,St Combs,http://data.ordnancesurvey.co.uk/id/4000000074545425,http://www.ordnancesurvey.co.uk/xml/codelists/localtype.xml#village,,,,Aberdeenshire,http://data.ordnancesurvey.co.uk/id/7000000000030111,http://data.ordnancesurvey.co.uk/ontology/admingeo/UnitaryAuthority,Scotland,http://data.ordnancesurvey.co.uk/id/7000000000041429,Scotland,http://data.ordnancesurvey.co.uk/id/country/scotland,,,
AB438UR,http://data.ordnancesurvey.co.uk/id/postcodeunit/AB438UR,AB43 8UR,,,,other,Postcode,401598.000,862259.000,3500,18000,,,,,,,,,,,,,Aberdeenshire,http://data.ordnancesurvey.co.uk/id/7000000000030111,http://data.ordnancesurvey.co.uk/ontology/admingeo/UnitaryAuthority,Scotland,http://data.ordnancesurvey.co.uk/id/7000000000041429,Scotland,http://data.ordnancesurvey.co.uk/id/country/scotland,,,
AB438TN,http://data.ordnancesurvey.co.uk/id/postcodeunit/AB438TN,AB43 8TN,,,,other,Postcode,401605.000,863932.000,3500,18000,,,,,,,,,,,,,Aberdeenshire,http://data.ordnancesurvey.co.uk/id/7000000000030111,http://data.ordnancesurvey.co.uk/ontology/admingeo/UnitaryAuthority,Scotland,http://data.ordnancesurvey.co.uk/id/7000000000041429,Scotland,http://data.ordnancesurvey.co.uk/id/country/scotland,,,
AB438WD,http://data.ordnancesurvey.co.uk/id/postcodeunit/AB438WD,AB43 8WD,,,,other,Postcode,404211.000,864916.000,3500,18000,,,,,,,Inverallochy,http://data.ordnancesurvey.co.uk/id/4000000074545426,http://www.ordnancesurvey.co.uk/xml/codelists/localtype.xml#village,,,,Aberdeenshire,http://data.ordnancesurvey.co.uk/id/7000000000030111,http://data.ordnancesurvey.co.uk/ontology/admingeo/UnitaryAuthority,Scotland,http://data.ordnancesurvey.co.uk/id/7000000000041429,Scotland,http://data.ordnancesurvey.co.uk/id/country/scotland,,,
AB438ZU,http://data.ordnancesurvey.co.uk/id/postcodeunit/AB438ZU,AB43 8ZU,,,,other,Postcode,405438.000,863161.000,3500,18000,,,,,,,St Combs,http://data.ordnancesurvey.co.uk/id/4000000074545425,http://www.ordnancesurvey.co.uk/xml/codelists/localtype.xml#village,,,,Aberdeenshire,http://data.ordnancesurvey.co.uk/id/7000000000030111,http://data.ordnancesurvey.co.uk/ontology/admingeo/UnitaryAuthority,Scotland,http://data.ordnancesurvey.co.uk/id/7000000000041429,Scotland,http://data.ordnancesurvey.co.uk/id/country/scotland,,,
AB438TL,http://data.ordnancesurvey.co.uk/id/postcodeunit/AB438TL,AB43 8TL,,,,other,Postcode,400176.000,865608.000,3500,18000,,,,,,,Fraserburgh,http://data.ordnancesurvey.co.uk/id/4000000074545701,http://www.ordnancesurvey.co.uk/xml/codelists/localtype.xml#town,,,,Aberdeenshire,http://data.ordnancesurvey.co.uk/id/7000000000030111,http://data.ordnancesurvey.co.uk/ontology/admingeo/UnitaryAuthority,Scotland,http://data.ordnancesurvey.co.uk/id/7000000000041429,Scotland,http://data.ordnancesurvey.co.uk/id/country/scotland,,,
AB438YW,http://data.ordnancesurvey.co.uk/id/postcodeunit/AB438YW,AB43 8YW,,,,other,Postcode,404013.000,865189.000,3500,18000,,,,,,,Inverallochy,http://data.ordnancesurvey.co.uk/id/4000000074545426,http://www.ordnancesurvey.co.uk/xml/codelists/localtype.xml#village,,,,Aberdeenshire,http://data.ordnancesurvey.co.uk/id/7000000000030111,http://data.ordnancesurvey.co.uk/ontology/admingeo/UnitaryAuthority,Scotland,http://data.ordnancesurvey.co.uk/id/7000000000041429,Scotland,http://data.ordnancesurvey.co.uk/id/country/scotland,,,
AB438WQ,http://data.ordnancesurvey.co.uk/id/postcodeunit/AB438WQ,AB43 8WQ,,,,other,Postcode,404034.000,865119.000,3500,18000,,,,,,,Inverallochy,http://data.ordnancesurvey.co.uk/id/4000000074545426,http://www.ordnancesurvey.co.uk/xml/codelists/localtype.xml#village,,,,Aberdeenshire,http://data.ordnancesurvey.co.uk/id/7000000000030111,http://data.ordnancesurvey.co.uk/ontology/admingeo/UnitaryAuthority,Scotland,http://data.ordnancesurvey.co.uk/id/7000000000041429,Scotland,http://data.ordnancesurvey.co.uk/id/country/scotland,,,
AB438YR,http://data.ordnancesurvey.co.uk/id/postcodeunit/AB438YR,AB43 8YR,,,,other,Postcode,405345.000,862977.000,3500,18000,,,,,,,St Combs,http://data.ordnancesurvey.co.uk/id/4000000074545425,http://www.ordnancesurvey.co.uk/xml/codelists/localtype.xml#village,,,,Aberdeenshire,http://data.ordnancesurvey.co.uk/id/7000000000030111,http://data.ordnancesurvey.co.uk/ontology/admingeo/UnitaryAuthority,Scotland,http://data.ordnancesurvey.co.uk/id/7000000000041429,Scotland,http://data.ordnancesurvey.co.uk/id/country/scotland,,,
AB439TB,http://data.ordnancesurvey.co.uk/id/postcodeunit/AB439TB,AB43 9TB,,,,other,Postcode,400036.000,866599.000,3500,18000,,,,,,,Fraserburgh,http://data.ordnancesurvey.co.uk/id/4000000074545701,http://www.ordnancesurvey.co.uk/xml/codelists/localtype.xml#town,,,,Aberdeenshire,http://data.ordnancesurvey.co.uk/id/7000000000030111,http://data.ordnancesurvey.co.uk/ontology/admingeo/UnitaryAuthority,Scotland,http://data.ordnancesurvey.co.uk/id/7000000000041429,Scotland,http://data.ordnancesurvey.co.uk/id/country/scotland,,,
AB438TR,http://data.ordnancesurvey.co.uk/id/postcodeunit/AB438TR,AB43 8TR,,,,other,Postcode,402179.000,863035.000,3500,18000,,,,,,,,,,,,,Aberdeenshire,http://data.ordnancesurvey.co.uk/id/7000000000030111,http://data.ordnancesurvey.co.uk/ontology/admingeo/UnitaryAuthority,Scotland,http://data.ordnancesurvey.co.uk/id/7000000000041429,Scotland,http://data.ordnancesurvey.co.uk/id/country/scotland,,,
AB438WT,http://data.ordnancesurvey.co.uk/id/postcodeunit/AB438WT,AB43 8WT,,,,other,Postcode,403685.000,865548.000,3500,18000,,,,,,,Inverallochy,http://data.ordnancesurvey.co.uk/id/4000000074545426,http://www.ordnancesurvey.co.uk/xml/codelists/localtype.xml#village,,,,Aberdeenshire,http://data.ordnancesurvey.co.uk/id/7000000000030111,http://data.ordnancesurvey.co.uk/ontology/admingeo/UnitaryAuthority,Scotland,http://data.ordnancesurvey.co.uk/id/7000000000041429,Scotland,http://data.ordnancesurvey.co.uk/id/country/scotland,,,
AB438XU,http://data.ordnancesurvey.co.uk/id/postcodeunit/AB438XU,AB43 8XU,,,,other,Postcode,404311.000,865064.000,3500,18000,,,,,,,Inverallochy,http://data.ordnancesurvey.co.uk/id/4000000074545426,http://www.ordnancesurvey.co.uk/xml/codelists/localtype.xml#village,,,,Aberdeenshire,http://data.ordnancesurvey.co.uk/id/7000000000030111,http://data.ordnancesurvey.co.uk/ontology/admingeo/UnitaryAuthority,Scotland,http://data.ordnancesurvey.co.uk/id/7000000000041429,Scotland,http://data.ordnancesurvey.co.uk/id/country/scotland,,,
AB438UL,http://data.ordnancesurvey.co.uk/id/postcodeunit/AB438UL,AB43 8UL,,,,other,Postcode,400112.000,860837.000,3500,18000,,,,,,,Rathen,http://data.ordnancesurvey.co.uk/id/4000000074545424,http://www.ordnancesurvey.co.uk/xml/codelists/localtype.xml#village,,,,Aberdeenshire,http://data.ordnancesurvey.co.uk/id/7000000000030111,http://data.ordnancesurvey.co.uk/ontology/admingeo/UnitaryAuthority,Scotland,http://data.ordnancesurvey.co.uk/id/7000000000041429,Scotland,http://data.ordnancesurvey.co.uk/id/country/scotland,,,
AB438YS,http://data.ordnancesurvey.co.uk/id/postcodeunit/AB438YS,AB43 8YS,,,,other,Postcode,405368.000,862934.000,3500,18000,,,,,,,St Combs,http://data.ordnancesurvey.co.uk/id/4000000074545425,http://www.ordnancesurvey.co.uk/xml/codelists/localtype.xml#village,,,,Aberdeenshire,http://data.ordnancesurvey.co.uk/id/7000000000030111,http://data.ordnancesurvey.co.uk/ontology/admingeo/UnitaryAuthority,Scotland,http://data.ordnancesurvey.co.uk/id/7000000000041429,Scotland,http://data.ordnancesurvey.co.uk/id/country/scotland,,,
AB438WS,http://data.ordnancesurvey.co.uk/id/postcodeunit/AB438WS,AB43 8WS,,,,other,Postcode,403909.000,865336.000,3500,18000,,,,,,,Inverallochy,http://data.ordnancesurvey.co.uk/id/4000000074545426,http://www.ordnancesurvey.co.uk/xml/codelists/localtype.xml#village,,,,Aberdeenshire,http://data.ordnancesurvey.co.uk/id/7000000000030111,http://data.ordnancesurvey.co.uk/ontology/admingeo/UnitaryAuthority,Scotland,http://data.ordnancesurvey.co.uk/id/7000000000041429,Scotland,http://data.ordnancesurvey.co.uk/id/country/scotland,,,
AB438XL,http://data.ordnancesurvey.co.uk/id/postcodeunit/AB438XL,AB43 8XL,,,,other,Postcode,405500.000,862120.000,3500,18000,,,,,,,,,,,,,Aberdeenshire,http://data.ordnancesurvey.co.uk/id/7000000000030111,http://data.ordnancesurvey.co.uk/ontology/admingeo/UnitaryAuthority,Scotland,http://data.ordnancesurvey.co.uk/id/7000000000041429,Scotland,http://data.ordnancesurvey.co.uk/id/country/scotland,,,
AB438US,http://data.ordnancesurvey.co.uk/id/postcodeunit/AB438US,AB43 8US,,,,other,Postcode,403668.000,864894.000,3500,18000,,,,,,,Inverallochy,http://data.ordnancesurvey.co.uk/id/4000000074545426,http://www.ordnancesurvey.co.uk/xml/codelists/localtype.xml#village,,,,Aberdeenshire,http://data.ordnancesurvey.co.uk/id/7000000000030111,http://data.ordnancesurvey.co.uk/ontology/admingeo/UnitaryAuthority,Scotland,http://data.ordnancesurvey.co.uk/id/7000000000041429,Scotland,http://data.ordnancesurvey.co.uk/id/country/scotland,,,
AB438XN,http://data.ordnancesurvey.co.uk/id/postcodeunit/AB438XN,AB43 8XN,,,,other,Postcode,405281.000,861007.000,3500,18000,,,,,,,,,,,,,Aberdeenshire,http://data.ordnancesurvey.co.uk/id/7000000000030111,http://data.ordnancesurvey.co.uk/ontology/admingeo/UnitaryAuthority,Scotland,http://data.ordnancesurvey.co.uk/id/7000000000041429,Scotland,http://data.ordnancesurvey.co.uk/id/country/scotland,,,
AB438UX,http://data.ordnancesurvey.co.uk/id/postcodeunit/AB438UX,AB43 8UX,,,,other,Postcode,403002.000,863002.000,3500,18000,,,,,,,,,,,,,Aberdeenshire,http://data.ordnancesurvey.co.uk/id/7000000000030111,http://data.ordnancesurvey.co.uk/ontology/admingeo/UnitaryAuthority,Scotland,http://data.ordnancesurvey.co.uk/id/7000000000041429,Scotland,http://data.ordnancesurvey.co.uk/id/country/scotland,,,
AB438YJ,http://data.ordnancesurvey.co.uk/id/postcodeunit/AB438YJ,AB43 8YJ,,,,other,Postcode,404046.000,865277.000,3500,18000,,,,,,,Inverallochy,http://data.ordnancesurvey.co.uk/id/4000000074545426,http://www.ordnancesurvey.co.uk/xml/codelists/localtype.xml#village,,,,Aberdeenshire,http://data.ordnancesurvey.co.uk/id/7000000000030111,http://data.ordnancesurvey.co.uk/ontology/admingeo/UnitaryAuthority,Scotland,http://data.ordnancesurvey.co.uk/id/7000000000041429,Scotland,http://data.ordnancesurvey.co.uk/id/country/scotland,,,
AB438WP,http://data.ordnancesurvey.co.uk/id/postcodeunit/AB438WP,AB43 8WP,,,,other,Postcode,404114.000,865120.000,3500,18000,,,,,,,Inverallochy,http://data.ordnancesurvey.co.uk/id/4000000074545426,http://www.ordnancesurvey.co.uk/xml/codelists/localtype.xml#village,,,,Aberdeenshire,http://data.ordnancesurvey.co.uk/id/7000000000030111,http://data.ordnancesurvey.co.uk/ontology/admingeo/UnitaryAuthority,Scotland,http://data.ordnancesurvey.co.uk/id/7000000000041429,Scotland,http://data.ordnancesurvey.co.uk/id/country/scotland,,,
AB438TQ,http://data.ordnancesurvey.co.uk/id/postcodeunit/AB438TQ,AB43 8TQ,,,,other,Postcode,402762.000,864477.000,3500,18000,,,,,,,,,,,,,Aberdeenshire,http://data.ordnancesurvey.co.uk/id/7000000000030111,http://data.ordnancesurvey.co.uk/ontology/admingeo/UnitaryAuthority,Scotland,http://data.ordnancesurvey.co.uk/id/7000000000041429,Scotland,http://data.ordnancesurvey.co.uk/id/country/scotland,,,
AB438UZ,http://data.ordnancesurvey.co.uk/id/postcodeunit/AB438UZ,AB43 8UZ,,,,other,Postcode,403489.000,864028.000,3500,18000,,,,,,,,,,,,,Aberdeenshire,http://data.ordnancesurvey.co.uk/id/7000000000030111,http://data.ordnancesurvey.co.uk/ontology/admingeo/UnitaryAuthority,Scotland,http://data.ordnancesurvey.co.uk/id/7000000000041429,Scotland,http://data.ordnancesurvey.co.uk/id/country/scotland,,,
AB438YD,http://data.ordnancesurvey.co.uk/id/postcodeunit/AB438YD,AB43 8YD,,,,other,Postcode,404213.000,864822.000,3500,18000,,,,,,,Inverallochy,http://data.ordnancesurvey.co.uk/id/4000000074545426,http://www.ordnancesurvey.co.uk/xml/codelists/localtype.xml#village,,,,Aberdeenshire,http://data.ordnancesurvey.co.uk/id/7000000000030111,http://data.ordnancesurvey.co.uk/ontology/admingeo/UnitaryAuthority,Scotland,http://data.ordnancesurvey.co.uk/id/7000000000041429,Scotland,http://data.ordnancesurvey.co.uk/id/country/scotland,,,
AB438XW,http://data.ordnancesurvey.co.uk/id/postcodeunit/AB438XW,AB43 8XW,,,,other,Postcode,404461.000,864967.000,3500,18000,,,,,,,Inverallochy,http://data.ordnancesurvey.co.uk/id/4000000074545426,http://www.ordnancesurvey.co.uk/xml/codelists/localtype.xml#village,,,,Aberdeenshire,http://data.ordnancesurvey.co.uk/id/7000000000030111,http://data.ordnancesurvey.co.uk/ontology/admingeo/UnitaryAuthority,Scotland,http://data.ordnancesurvey.co.uk/id/7000000000041429,Scotland,http://data.ordnancesurvey.co.uk/id/country/scotland,,,
AB438YF,http://data.ordnancesurvey.co.uk/id/postcodeunit/AB438YF,AB43 8YF,,,,other,Postcode,403941.000,864812.000,3500,18000,,,,,,,Inverallochy,http://data.ordnancesurvey.co.uk/id/4000000074545426,http://www.ordnancesurvey.co.uk/xml/codelists/localtype.xml#village,,,,Aberdeenshire,http://data.ordnancesurvey.co.uk/id/7000000000030111,http://data.ordnancesurvey.co.uk/ontology/admingeo/UnitaryAuthority,Scotland,http://data.ordnancesurvey.co.uk/id/7000000000041429,Scotland,http://data.ordnancesurvey.co.uk/id/country/scotland,,,
AB438WL,http://data.ordnancesurvey.co.uk/id/postcodeunit/AB438WL,AB43 8WL,,,,other,Postcode,403892.000,865283.000,3500,18000,,,,,,,Inverallochy,http://data.ordnancesurvey.co.uk/id/4000000074545426,http://www.ordnancesurvey.co.uk/xml/codelists/localtype.xml#village,,,,Aberdeenshire,http://data.ordnancesurvey.co.uk/id/7000000000030111,http://data.ordnancesurvey.co.uk/ontology/admingeo/UnitaryAuthority,Scotland,http://data.ordnancesurvey.co.uk/id/7000000000041429,Scotland,http://data.ordnancesurvey.co.uk/id/country/scotland,,,
AB438XX,http://data.ordnancesurvey.co.uk/id/postcodeunit/AB438XX,AB43 8XX,,,,other,Postcode,404313.000,865134.000,3500,18000,,,,,,,Inverallochy,http://data.ordnancesurvey.co.uk/id/4000000074545426,http://www.ordnancesurvey.co.uk/xml/codelists/localtype.xml#village,,,,Aberdeenshire,http://data.ordnancesurvey.co.uk/id/7000000000030111,http://data.ordnancesurvey.co.uk/ontology/admingeo/UnitaryAuthority,Scotland,http://data.ordnancesurvey.co.uk/id/7000000000041429,Scotland,http://data.ordnancesurvey.co.uk/id/country/scotland,,,
AB438WA,http://data.ordnancesurvey.co.uk/id/postcodeunit/AB438WA,AB43 8WA,,,,other,Postcode,404347.000,865194.000,3500,18000,,,,,,,Inverallochy,http://data.ordnancesurvey.co.uk/id/4000000074545426,http://www.ordnancesurvey.co.uk/xml/codelists/localtype.xml#village,,,,Aberdeenshire,http://data.ordnancesurvey.co.uk/id/7000000000030111,http://data.ordnancesurvey.co.uk/ontology/admingeo/UnitaryAuthority,Scotland,http://data.ordnancesurvey.co.uk/id/7000000000041429,Scotland,http://data.ordnancesurvey.co.uk/id/country/scotland,,,
AB438TT,http://data.ordnancesurvey.co.uk/id/postcodeunit/AB438TT,AB43 8TT,,,,other,Postcode,400567.000,863950.000,3500,18000,,,,,,,,,,,,,Aberdeenshire,http://data.ordnancesurvey.co.uk/id/7000000000030111,http://data.ordnancesurvey.co.uk/ontology/admingeo/UnitaryAuthority,Scotland,http://data.ordnancesurvey.co.uk/id/7000000000041429,Scotland,http://data.ordnancesurvey.co.uk/id/country/scotland,,,
AB438TD,http://data.ordnancesurvey.co.uk/id/postcodeunit/AB438TD,AB43 8TD,,,,other,Postcode,404424.000,864913.000,3500,18000,,,,,,,Inverallochy,http://data.ordnancesurvey.co.uk/id/4000000074545426,http://www.ordnancesurvey.co.uk/xml/codelists/localtype.xml#village,,,,Aberdeenshire,http://data.ordnancesurvey.co.uk/id/7000000000030111,http://data.ordnancesurvey.co.uk/ontology/admingeo/UnitaryAuthority,Scotland,http://data.ordnancesurvey.co.uk/id/7000000000041429,Scotland,http://data.ordnancesurvey.co.uk/id/country/scotland,,,
AB438ZN,http://data.ordnancesurvey.co.uk/id/postcodeunit/AB438ZN,AB43 8ZN,,,,other,Postcode,405468.000,863216.000,3500,18000,,,,,,,St Combs,http://data.ordnancesurvey.co.uk/id/4000000074545425,http://www.ordnancesurvey.co.uk/xml/codelists/localtype.xml#village,,,,Aberdeenshire,http://data.ordnancesurvey.co.uk/id/7000000000030111,http://data.ordnancesurvey.co.uk/ontology/admingeo/UnitaryAuthority,Scotland,http://data.ordnancesurvey.co.uk/id/7000000000041429,Scotland,http://data.ordnancesurvey.co.uk/id/country/scotland,,,
AB438YL,http://data.ordnancesurvey.co.uk/id/postcodeunit/AB438YL,AB43 8YL,,,,other,Postcode,403952.000,865373.000,3500,18000,,,,,,,Inverallochy,http://data.ordnancesurvey.co.uk/id/4000000074545426,http://www.ordnancesurvey.co.uk/xml/codelists/localtype.xml#village,,,,Aberdeenshire,http://data.ordnancesurvey.co.uk/id/7000000000030111,http://data.ordnancesurvey.co.uk/ontology/admingeo/UnitaryAuthority,Scotland,http://data.ordnancesurvey.co.uk/id/7000000000041429,Scotland,http://data.ordnancesurvey.co.uk/id/country/scotland,,,
AB438XB,http://data.ordnancesurvey.co.uk/id/postcodeunit/AB438XB,AB43 8XB,,,,other,Postcode,403246.000,862347.000,3500,18000,,,,,,,,,,,,,Aberdeenshire,http://data.ordnancesurvey.co.uk/id/7000000000030111,http://data.ordnancesurvey.co.uk/ontology/admingeo/UnitaryAuthority,Scotland,http://data.ordnancesurvey.co.uk/id/7000000000041429,Scotland,http://data.ordnancesurvey.co.uk/id/country/scotland,,,
AB438TS,http://data.ordnancesurvey.co.uk/id/postcodeunit/AB438TS,AB43 8TS,,,,other,Postcode,400770.000,863156.000,3500,18000,,,,,,,,,,,,,Aberdeenshire,http://data.ordnancesurvey.co.uk/id/7000000000030111,http://data.ordnancesurvey.co.uk/ontology/admingeo/UnitaryAuthority,Scotland,http://data.ordnancesurvey.co.uk/id/7000000000041429,Scotland,http://data.ordnancesurvey.co.uk/id/country/scotland,,,
AB438WG,http://data.ordnancesurvey.co.uk/id/postcodeunit/AB438WG,AB43 8WG,,,,other,Postcode,403889.000,864829.000,3500,18000,,,,,,,Inverallochy,http://data.ordnancesurvey.co.uk/id/4000000074545426,http://www.ordnancesurvey.co.uk/xml/codelists/localtype.xml#village,,,,Aberdeenshire,http://data.ordnancesurvey.co.uk/id/7000000000030111,http://data.ordnancesurvey.co.uk/ontology/admingeo/UnitaryAuthority,Scotland,http://data.ordnancesurvey.co.uk/id/7000000000041429,Scotland,http://data.ordnancesurvey.co.uk/id/country/scotland,,,
AB438XA,http://data.ordnancesurvey.co.uk/id/postcodeunit/AB438XA,AB43 8XA,,,,other,Postcode,402290.000,862715.000,3500,18000,,,,,,,,,,,,,Aberdeenshire,http://data.ordnancesurvey.co.uk/id/7000000000030111,http://data.ordnancesurvey.co.uk/ontology/admingeo/UnitaryAuthority,Scotland,http://data.ordnancesurvey.co.uk/id/7000000000041429,Scotland,http://data.ordnancesurvey.co.uk/id/country/scotland,,,
AB438UJ,http://data.ordnancesurvey.co.uk/id/postcodeunit/AB438UJ,AB43 8UJ,,,,other,Postcode,403959.000,860612.000,3500,18000,,,,,,,,,,,,,Aberdeenshire,http://data.ordnancesurvey.co.uk/id/7000000000030111,http://data.ordnancesurvey.co.uk/ontology/admingeo/UnitaryAuthority,Scotland,http://data.ordnancesurvey.co.uk/id/7000000000041429,Scotland,http://data.ordnancesurvey.co.uk/id/country/scotland,,,
AB438TB,http://data.ordnancesurvey.co.uk/id/postcodeunit/AB438TB,AB43 8TB,,,,other,Postcode,404082.000,864976.000,3500,18000,,,,,,,Inverallochy,http://data.ordnancesurvey.co.uk/id/4000000074545426,http://www.ordnancesurvey.co.uk/xml/codelists/localtype.xml#village,,,,Aberdeenshire,http://data.ordnancesurvey.co.uk/id/7000000000030111,http://data.ordnancesurvey.co.uk/ontology/admingeo/UnitaryAuthority,Scotland,http://data.ordnancesurvey.co.uk/id/7000000000041429,Scotland,http://data.ordnancesurvey.co.uk/id/country/scotland,,,
AB438ZF,http://data.ordnancesurvey.co.uk/id/postcodeunit/AB438ZF,AB43 8ZF,,,,other,Postcode,404777.000,862749.000,3500,18000,,,,,,,,,,,,,Aberdeenshire,http://data.ordnancesurvey.co.uk/id/7000000000030111,http://data.ordnancesurvey.co.uk/ontology/admingeo/UnitaryAuthority,Scotland,http://data.ordnancesurvey.co.uk/id/7000000000041429,Scotland,http://data.ordnancesurvey.co.uk/id/country/scotland,,,
AB438YQ,http://data.ordnancesurvey.co.uk/id/postcodeunit/AB438YQ,AB43 8YQ,,,,other,Postcode,404563.000,863656.000,3500,18000,,,,,,,,,,,,,Aberdeenshire,http://data.ordnancesurvey.co.uk/id/7000000000030111,http://data.ordnancesurvey.co.uk/ontology/admingeo/UnitaryAuthority,Scotland,http://data.ordnancesurvey.co.uk/id/7000000000041429,Scotland,http://data.ordnancesurvey.co.uk/id/country/scotland,,,
AB438WJ,http://data.ordnancesurvey.co.uk/id/postcodeunit/AB438WJ,AB43 8WJ,,,,other,Postcode,404130.000,865243.000,3500,18000,,,,,,,Inverallochy,http://data.ordnancesurvey.co.uk/id/4000000074545426,http://www.ordnancesurvey.co.uk/xml/codelists/localtype.xml#village,,,,Aberdeenshire,http://data.ordnancesurvey.co.uk/id/7000000000030111,http://data.ordnancesurvey.co.uk/ontology/admingeo/UnitaryAuthority,Scotland,http://data.ordnancesurvey.co.uk/id/7000000000041429,Scotland,http://data.ordnancesurvey.co.uk/id/country/scotland,,,
AB438TA,http://data.ordnancesurvey.co.uk/id/postcodeunit/AB438TA,AB43 8TA,,,,other,Postcode,404547.000,864623.000,3500,18000,,,,,,,,,,,,,Aberdeenshire,http://data.ordnancesurvey.co.uk/id/7000000000030111,http://data.ordnancesurvey.co.uk/ontology/admingeo/UnitaryAuthority,Scotland,http://data.ordnancesurvey.co.uk/id/7000000000041429,Scotland,http://data.ordnancesurvey.co.uk/id/country/scotland,,,
AB438XQ,http://data.ordnancesurvey.co.uk/id/postcodeunit/AB438XQ,AB43 8XQ,,,,other,Postcode,403107.000,861790.000,3500,18000,,,,,,,,,,,,,Aberdeenshire,http://data.ordnancesurvey.co.uk/id/7000000000030111,http://data.ordnancesurvey.co.uk/ontology/admingeo/UnitaryAuthority,Scotland,http://data.ordnancesurvey.co.uk/id/7000000000041429,Scotland,http://data.ordnancesurvey.co.uk/id/country/scotland,,,
osgb4000000004193004,http://data.ordnancesurvey.co.uk/id/4000000004193004,Frederick Street,,,,transportNetwork,Named Road,404319.600,865050.275,1000,20000,404219.654,864989.247,404425.221,865138.640,AB43,http://data.ordnancesurvey.co.uk/id/postcodedistrict/AB43,Inverallochy,http://data.ordnancesurvey.co.uk/id/4000000074545426,http://www.ordnancesurvey.co.uk/xml/codelists/localtype.xml#village,,,,Aberdeenshire,http://data.ordnancesurvey.co.uk/id/7000000000030111,http://data.ordnancesurvey.co.uk/ontology/admingeo/UnitaryAuthority,Scotland,http://data.ordnancesurvey.co.uk/id/7000000000041429,Scotland,http://data.ordnancesurvey.co.uk/id/country/scotland,,,
osgb4000000004193346,http://data.ordnancesurvey.co.uk/id/4000000004193346,B9107,,,,transportNetwork,Numbered Road,403648.362,864767.591,7000,250000,403202.174,864144.134,404219.654,865100.302,AB43,http://data.ordnancesurvey.co.uk/id/postcodedistrict/AB43,Inverallochy,http://data.ordnancesurvey.co.uk/id/4000000074545426,http://www.ordnancesurvey.co.uk/xml/codelists/localtype.xml#village,,,,Aberdeenshire,http://data.ordnancesurvey.co.uk/id/7000000000030111,http://data.ordnancesurvey.co.uk/ontology/admingeo/UnitaryAuthority,Scotland,http://data.ordnancesurvey.co.uk/id/7000000000041429,Scotland,http://data.ordnancesurvey.co.uk/id/country/scotland,,,
osgb4000000004193164,http://data.ordnancesurvey.co.uk/id/4000000004193164,Summerfield Terrace,,,,transportNetwork,Named Road,404143.728,864928.255,1000,20000,404086.141,864871.171,404169.302,864959.518,AB43,http://data.ordnancesurvey.co.uk/id/postcodedistrict/AB43,Inverallochy,http://data.ordnancesurvey.co.uk/id/4000000074545426,http://www.ordnancesurvey.co.uk/xml/codelists/localtype.xml#village,,,,Aberdeenshire,http://data.ordnancesurvey.co.uk/id/7000000000030111,http://data.ordnancesurvey.co.uk/ontology/admingeo/UnitaryAuthority,Scotland,http://data.ordnancesurvey.co.uk/id/7000000000041429,Scotland,http://data.ordnancesurvey.co.uk/id/country/scotland,,,
osgb4000000004193005,http://data.ordnancesurvey.co.uk/id/4000000004193005,West Haven Crescent,,,,transportNetwork,Named Road,403872.000,865241.000,1000,20000,403869.073,865179.570,403937.362,865303.947,AB43,http://data.ordnancesurvey.co.uk/id/postcodedistrict/AB43,Inverallochy,http://data.ordnancesurvey.co.uk/id/4000000074545426,http://www.ordnancesurvey.co.uk/xml/codelists/localtype.xml#village,,,,Aberdeenshire,http://data.ordnancesurvey.co.uk/id/7000000000030111,http://data.ordnancesurvey.co.uk/ontology/admingeo/UnitaryAuthority,Scotland,http://data.ordnancesurvey.co.uk/id/7000000000041429,Scotland,http://data.ordnancesurvey.co.uk/id/country/scotland,,,
osgb4000000004193808,http://data.ordnancesurvey.co.uk/id/4000000004193808,Allochy Place,,,,transportNetwork,Named Road,403943.645,864727.801,1000,20000,403919.130,864727.801,403943.645,864794.076,AB43,http://data.ordnancesurvey.co.uk/id/postcodedistrict/AB43,Inverallochy,http://data.ordnancesurvey.co.uk/id/4000000074545426,http://www.ordnancesurvey.co.uk/xml/codelists/localtype.xml#village,,,,Aberdeenshire,http://data.ordnancesurvey.co.uk/id/7000000000030111,http://data.ordnancesurvey.co.uk/ontology/admingeo/UnitaryAuthority,Scotland,http://data.ordnancesurvey.co.uk/id/7000000000041429,Scotland,http://data.ordnancesurvey.co.uk/id/country/scotland,,,
osgb4000000004193007,http://data.ordnancesurvey.co.uk/id/4000000004193007,Duthie Terrace,,,,transportNetwork,Named Road,403977.243,865242.214,1000,20000,403937.362,865179.570,404001.827,865271.350,AB43,http://data.ordnancesurvey.co.uk/id/postcodedistrict/AB43,Inverallochy,http://data.ordnancesurvey.co.uk/id/4000000074545426,http://www.ordnancesurvey.co.uk/xml/codelists/localtype.xml#village,,,,Aberdeenshire,http://data.ordnancesurvey.co.uk/id/7000000000030111,http://data.ordnancesurvey.co.uk/ontology/admingeo/UnitaryAuthority,Scotland,http://data.ordnancesurvey.co.uk/id/7000000000041429,Scotland,http://data.ordnancesurvey.co.uk/id/country/scotland,,,
osgb4000000004192908,http://data.ordnancesurvey.co.uk/id/4000000004192908,Mid Street,,,,transportNetwork,Named Road,405522.466,863206.569,2000,20000,405458.652,863072.552,405550.324,863321.894,AB43,http://data.ordnancesurvey.co.uk/id/postcodedistrict/AB43,St Combs,http://data.ordnancesurvey.co.uk/id/4000000074545425,http://www.ordnancesurvey.co.uk/xml/codelists/localtype.xml#village,,,,Aberdeenshire,http://data.ordnancesurvey.co.uk/id/7000000000030111,http://data.ordnancesurvey.co.uk/ontology/admingeo/UnitaryAuthority,Scotland,http://data.ordnancesurvey.co.uk/id/7000000000041429,Scotland,http://data.ordnancesurvey.co.uk/id/country/scotland,,,
osgb4000000004193157,http://data.ordnancesurvey.co.uk/id/4000000004193157,Tillyduff Gardens,,,,transportNetwork,Named Road,405187.604,862891.353,1000,20000,405124.587,862828.530,405210.107,862894.653,AB43,http://data.ordnancesurvey.co.uk/id/postcodedistrict/AB43,St Combs,http://data.ordnancesurvey.co.uk/id/4000000074545425,http://www.ordnancesurvey.co.uk/xml/codelists/localtype.xml#village,,,,Aberdeenshire,http://data.ordnancesurvey.co.uk/id/7000000000030111,http://data.ordnancesurvey.co.uk/ontology/admingeo/UnitaryAuthority,Scotland,http://data.ordnancesurvey.co.uk/id/7000000000041429,Scotland,http://data.ordnancesurvey.co.uk/id/country/scotland,,,
osgb4000000004192873,http://data.ordnancesurvey.co.uk/id/4000000004192873,Harbour Road,,,,transportNetwork,Named Road,400018.000,866441.000,5000,20000,399878.000,866050.700,400024.000,866826.000,AB43,http://data.ordnancesurvey.co.uk/id/postcodedistrict/AB43,Fraserburgh,http://data.ordnancesurvey.co.uk/id/4000000074545701,http://www.ordnancesurvey.co.uk/xml/codelists/localtype.xml#town,,,,Aberdeenshire,http://data.ordnancesurvey.co.uk/id/7000000000030111,http://data.ordnancesurvey.co.uk/ontology/admingeo/UnitaryAuthority,Scotland,http://data.ordnancesurvey.co.uk/id/7000000000041429,Scotland,http://data.ordnancesurvey.co.uk/id/country/scotland,,,
osgb4000000004193809,http://data.ordnancesurvey.co.uk/id/4000000004193809,Cairndenity Place,,,,transportNetwork,Named Road,404419.358,864935.768,1000,20000,404401.333,864899.523,404463.355,864954.438,AB43,http://data.ordnancesurvey.co.uk/id/postcodedistrict/AB43,Inverallochy,http://data.ordnancesurvey.co.uk/id/4000000074545426,http://www.ordnancesurvey.co.uk/xml/codelists/localtype.xml#village,,,,Aberdeenshire,http://data.ordnancesurvey.co.uk/id/7000000000030111,http://data.ordnancesurvey.co.uk/ontology/admingeo/UnitaryAuthority,Scotland,http://data.ordnancesurvey.co.uk/id/7000000000041429,Scotland,http://data.ordnancesurvey.co.uk/id/country/scotland,,,
osgb4000000004192913,http://data.ordnancesurvey.co.uk/id/4000000004192913,Church Street,,,,transportNetwork,Named Road,404000.000,865225.000,3000,20000,403815.899,865144.000,404212.000,865361.302,AB43,http://data.ordnancesurvey.co.uk/id/postcodedistrict/AB43,Inverallochy,http://data.ordnancesurvey.co.uk/id/4000000074545426,http://www.ordnancesurvey.co.uk/xml/codelists/localtype.xml#village,,,,Aberdeenshire,http://data.ordnancesurvey.co.uk/id/7000000000030111,http://data.ordnancesurvey.co.uk/ontology/admingeo/UnitaryAuthority,Scotland,http://data.ordnancesurvey.co.uk/id/7000000000041429,Scotland,http://data.ordnancesurvey.co.uk/id/country/scotland,,,
osgb4000000004192906,http://data.ordnancesurvey.co.uk/id/4000000004192906,West Park,,,,transportNetwork,Named Road,405387.699,862930.997,2000,20000,405224.360,862898.610,405504.706,862975.179,AB43,http://data.ordnancesurvey.co.uk/id/postcodedistrict/AB43,St Combs,http://data.ordnancesurvey.co.uk/id/4000000074545425,http://www.ordnancesurvey.co.uk/xml/codelists/localtype.xml#village,,,,Aberdeenshire,http://data.ordnancesurvey.co.uk/id/7000000000030111,http://data.ordnancesurvey.co.uk/ontology/admingeo/UnitaryAuthority,Scotland,http://data.ordnancesurvey.co.uk/id/7000000000041429,Scotland,http://data.ordnancesurvey.co.uk/id/country/scotland,,,
osgb4000000004193006,http://data.ordnancesurvey.co.uk/id/4000000004193006,Seatown Place,,,,transportNetwork,Named Road,404134.140,865165.920,1000,20000,404114.640,865092.670,404144.000,865195.000,AB43,http://data.ordnancesurvey.co.uk/id/postcodedistrict/AB43,Inverallochy,http://data.ordnancesurvey.co.uk/id/4000000074545426,http://www.ordnancesurvey.co.uk/xml/codelists/localtype.xml#village,,,,Aberdeenshire,http://data.ordnancesurvey.co.uk/id/7000000000030111,http://data.ordnancesurvey.co.uk/ontology/admingeo/UnitaryAuthority,Scotland,http://data.ordnancesurvey.co.uk/id/7000000000041429,Scotland,http://data.ordnancesurvey.co.uk/id/country/scotland,,,
osgb4000000004193162,http://data.ordnancesurvey.co.uk/id/4000000004193162,Bridge Street,,,,transportNetwork,Named Road,405412.000,863344.000,1000,20000,405404.428,863322.377,405416.178,863372.256,AB43,http://data.ordnancesurvey.co.uk/id/postcodedistrict/AB43,St Combs,http://data.ordnancesurvey.co.uk/id/4000000074545425,http://www.ordnancesurvey.co.uk/xml/codelists/localtype.xml#village,,,,Aberdeenshire,http://data.ordnancesurvey.co.uk/id/7000000000030111,http://data.ordnancesurvey.co.uk/ontology/admingeo/UnitaryAuthority,Scotland,http://data.ordnancesurvey.co.uk/id/7000000000041429,Scotland,http://data.ordnancesurvey.co.uk/id/country/scotland,,,
osgb4000000004193159,http://data.ordnancesurvey.co.uk/id/4000000004193159,Millburn Avenue,,,,transportNetwork,Named Road,405319.124,863186.950,1000,20000,405228.968,863090.881,405362.799,863236.040,AB43,http://data.ordnancesurvey.co.uk/id/postcodedistrict/AB43,St Combs,http://data.ordnancesurvey.co.uk/id/4000000074545425,http://www.ordnancesurvey.co.uk/xml/codelists/localtype.xml#village,,,,Aberdeenshire,http://data.ordnancesurvey.co.uk/id/7000000000030111,http://data.ordnancesurvey.co.uk/ontology/admingeo/UnitaryAuthority,Scotland,http://data.ordnancesurvey.co.uk/id/7000000000041429,Scotland,http://data.ordnancesurvey.co.uk/id/country/scotland,,,
osgb4000000004193288,http://data.ordnancesurvey.co.uk/id/4000000004193288,Shore Street,,,,transportNetwork,Named Road,404151.335,865270.440,4000,20000,403803.333,865072.000,404480.000,865457.825,AB43,http://data.ordnancesurvey.co.uk/id/postcodedistrict/AB43,Inverallochy,http://data.ordnancesurvey.co.uk/id/4000000074545426,http://www.ordnancesurvey.co.uk/xml/codelists/localtype.xml#village,,,,Aberdeenshire,http://data.ordnancesurvey.co.uk/id/7000000000030111,http://data.ordnancesurvey.co.uk/ontology/admingeo/UnitaryAuthority,Scotland,http://data.ordnancesurvey.co.uk/id/7000000000041429,Scotland,http://data.ordnancesurvey.co.uk/id/country/scotland,,,
osgb4000000004192999,http://data.ordnancesurvey.co.uk/id/4000000004192999,Corsekelly Place,,,,transportNetwork,Named Road,405610.293,863013.932,2000,20000,405504.706,862883.034,405784.677,863040.175,AB43,http://data.ordnancesurvey.co.uk/id/postcodedistrict/AB43,St Combs,http://data.ordnancesurvey.co.uk/id/4000000074545425,http://www.ordnancesurvey.co.uk/xml/codelists/localtype.xml#village,,,,Aberdeenshire,http://data.ordnancesurvey.co.uk/id/7000000000030111,http://data.ordnancesurvey.co.uk/ontology/admingeo/UnitaryAuthority,Scotland,http://data.ordnancesurvey.co.uk/id/7000000000041429,Scotland,http://data.ordnancesurvey.co.uk/id/country/scotland,,,
osgb4000000004193160,http://data.ordnancesurvey.co.uk/id/4000000004193160,Mormond Place,,,,transportNetwork,Named Road,403650.210,864729.402,1000,20000,403632.841,864665.591,403697.391,864748.989,AB43,http://data.ordnancesurvey.co.uk/id/postcodedistrict/AB43,Inverallochy,http://data.ordnancesurvey.co.uk/id/4000000074545426,http://www.ordnancesurvey.co.uk/xml/codelists/localtype.xml#village,,,,Aberdeenshire,http://data.ordnancesurvey.co.uk/id/7000000000030111,http://data.ordnancesurvey.co.uk/ontology/admingeo/UnitaryAuthority,Scotland,http://data.ordnancesurvey.co.uk/id/7000000000041429,Scotland,http://data.ordnancesurvey.co.uk/id/country/scotland,,,
osgb4000000004192995,http://data.ordnancesurvey.co.uk/id/4000000004192995,Charles Street,,,,transportNetwork,Named Road,405457.083,863130.546,1000,20000,405439.117,863043.902,405473.191,863210.327,AB43,http://data.ordnancesurvey.co.uk/id/postcodedistrict/AB43,St Combs,http://data.ordnancesurvey.co.uk/id/4000000074545425,http://www.ordnancesurvey.co.uk/xml/codelists/localtype.xml#village,,,,Aberdeenshire,http://data.ordnancesurvey.co.uk/id/7000000000030111,http://data.ordnancesurvey.co.uk/ontology/admingeo/UnitaryAuthority,Scotland,http://data.ordnancesurvey.co.uk/id/7000000000041429,Scotland,http://data.ordnancesurvey.co.uk/id/country/scotland,,,
osgb4000000004192996,http://data.ordnancesurvey.co.uk/id/4000000004192996,East Street,,,,transportNetwork,Named Road,405566.146,863179.215,1000,20000,405550.092,863084.773,405585.585,863268.320,AB43,http://data.ordnancesurvey.co.uk/id/postcodedistrict/AB43,St Combs,http://data.ordnancesurvey.co.uk/id/4000000074545425,http://www.ordnancesurvey.co.uk/xml/codelists/localtype.xml#village,,,,Aberdeenshire,http://data.ordnancesurvey.co.uk/id/7000000000030111,http://data.ordnancesurvey.co.uk/ontology/admingeo/UnitaryAuthority,Scotland,http://data.ordnancesurvey.co.uk/id/7000000000041429,Scotland,http://data.ordnancesurvey.co.uk/id/country/scotland,,,
osgb4000000004193158,http://data.ordnancesurvey.co.uk/id/4000000004193158,Reidfield Place,,,,transportNetwork,Named Road,405495.000,863000.000,1000,20000,405478.400,862938.587,405519.002,863045.104,AB43,http://data.ordnancesurvey.co.uk/id/postcodedistrict/AB43,St Combs,http://data.ordnancesurvey.co.uk/id/4000000074545425,http://www.ordnancesurvey.co.uk/xml/codelists/localtype.xml#village,,,,Aberdeenshire,http://data.ordnancesurvey.co.uk/id/7000000000030111,http://data.ordnancesurvey.co.uk/ontology/admingeo/UnitaryAuthority,Scotland,http://data.ordnancesurvey.co.uk/id/7000000000041429,Scotland,http://data.ordnancesurvey.co.uk/id/country/scotland,,,
osgb4000000004192914,http://data.ordnancesurvey.co.uk/id/4000000004192914,Mid Street,,,,transportNetwork,Named Road,404228.183,865205.064,3000,20000,404002.009,865043.173,404455.450,865314.145,AB43,http://data.ordnancesurvey.co.uk/id/postcodedistrict/AB43,Inverallochy,http://data.ordnancesurvey.co.uk/id/4000000074545426,http://www.ordnancesurvey.co.uk/xml/codelists/localtype.xml#village,,,,Aberdeenshire,http://data.ordnancesurvey.co.uk/id/7000000000030111,http://data.ordnancesurvey.co.uk/ontology/admingeo/UnitaryAuthority,Scotland,http://data.ordnancesurvey.co.uk/id/7000000000041429,Scotland,http://data.ordnancesurvey.co.uk/id/country/scotland,,,
c5ea9fba-039a-40f7-8553-7fdf70d24ea2,http://data.ordnancesurvey.co.uk/id/c5ea9fba-039a-40f7-8553-7fdf70d24ea2,West Street,,,,transportNetwork,Section Of Named Road,405391.249,863140.069,2000,25000,405305.486,863026.673,405428.113,863279.931,AB43,http://data.ordnancesurvey.co.uk/id/postcodedistrict/AB43,St Combs,http://data.ordnancesurvey.co.uk/id/4000000074545425,http://www.ordnancesurvey.co.uk/xml/codelists/localtype.xml#village,,,,Aberdeenshire,http://data.ordnancesurvey.co.uk/id/7000000000030111,http://data.ordnancesurvey.co.uk/ontology/admingeo/UnitaryAuthority,Scotland,http://data.ordnancesurvey.co.uk/id/7000000000041429,Scotland,http://data.ordnancesurvey.co.uk/id/country/scotland,osgb4000000004192997,,
aa7c581d-0765-4fa3-a327-26e0c0945085,http://data.ordnancesurvey.co.uk/id/aa7c581d-0765-4fa3-a327-26e0c0945085,Fraser Crescent,,,,transportNetwork,Section Of Named Road,403746.913,864716.467,3000,25000,403582.000,864545.018,403967.635,864789.764,AB43,http://data.ordnancesurvey.co.uk/id/postcodedistrict/AB43,Inverallochy,http://data.ordnancesurvey.co.uk/id/4000000074545426,http://www.ordnancesurvey.co.uk/xml/codelists/localtype.xml#village,,,,Aberdeenshire,http://data.ordnancesurvey.co.uk/id/7000000000030111,http://data.ordnancesurvey.co.uk/ontology/admingeo/UnitaryAuthority,Scotland,http://data.ordnancesurvey.co.uk/id/7000000000041429,Scotland,http://data.ordnancesurvey.co.uk/id/country/scotland,osgb4000000004192911,,
osgb4000000004192875,http://data.ordnancesurvey.co.uk/id/4000000004192875,Main Street,,,,transportNetwork,Named Road,404183.000,865185.000,3000,20000,403909.865,865029.515,404438.514,865362.949,AB43,http://data.ordnancesurvey.co.uk/id/postcodedistrict/AB43,Inverallochy,http://data.ordnancesurvey.co.uk/id/4000000074545426,http://www.ordnancesurvey.co.uk/xml/codelists/localtype.xml#village,,,,Aberdeenshire,http://data.ordnancesurvey.co.uk/id/7000000000030111,http://data.ordnancesurvey.co.uk/ontology/admingeo/UnitaryAuthority,Scotland,http://data.ordnancesurvey.co.uk/id/7000000000041429,Scotland,http://data.ordnancesurvey.co.uk/id/country/scotland,,,
osgb4000000004193161,http://data.ordnancesurvey.co.uk/id/4000000004193161,Braeheads,,,,transportNetwork,Named Road,405436.748,863274.343,1000,20000,405416.178,863210.327,405454.000,863322.377,AB43,http://data.ordnancesurvey.co.uk/id/postcodedistrict/AB43,St Combs,http://data.ordnancesurvey.co.uk/id/4000000074545425,http://www.ordnancesurvey.co.uk/xml/codelists/localtype.xml#village,,,,Aberdeenshire,http://data.ordnancesurvey.co.uk/id/7000000000030111,http://data.ordnancesurvey.co.uk/ontology/admingeo/UnitaryAuthority,Scotland,http://data.ordnancesurvey.co.uk/id/7000000000041429,Scotland,http://data.ordnancesurvey.co.uk/id/country/scotland,,,
osgb4000000004192909,http://data.ordnancesurvey.co.uk/id/4000000004192909,Gordon Street,,,,transportNetwork,Named Road,405479.000,863215.000,2000,20000,405404.428,863057.927,405510.255,863376.989,AB43,http://data.ordnancesurvey.co.uk/id/postcodedistrict/AB43,St Combs,http://data.ordnancesurvey.co.uk/id/4000000074545425,http://www.ordnancesurvey.co.uk/xml/codelists/localtype.xml#village,,,,Aberdeenshire,http://data.ordnancesurvey.co.uk/id/7000000000030111,http://data.ordnancesurvey.co.uk/ontology/admingeo/UnitaryAuthority,Scotland,http://data.ordnancesurvey.co.uk/id/7000000000041429,Scotland,http://data.ordnancesurvey.co.uk/id/country/scotland,,,
osgb4000000004192998,http://data.ordnancesurvey.co.uk/id/4000000004192998,Church Street,,,,transportNetwork,Named Road,405605.806,863187.700,1000,20000,405509.694,863099.999,405622.249,863268.991,AB43,http://data.ordnancesurvey.co.uk/id/postcodedistrict/AB43,St Combs,http://data.ordnancesurvey.co.uk/id/4000000074545425,http://www.ordnancesurvey.co.uk/xml/codelists/localtype.xml#village,,,,Aberdeenshire,http://data.ordnancesurvey.co.uk/id/7000000000030111,http://data.ordnancesurvey.co.uk/ontology/admingeo/UnitaryAuthority,Scotland,http://data.ordnancesurvey.co.uk/id/7000000000041429,Scotland,http://data.ordnancesurvey.co.uk/id/country/scotland,,,
osgb4000000004193166,http://data.ordnancesurvey.co.uk/id/4000000004193166,Summerfield Walk,,,,transportNetwork,Named Road,404279.210,864886.344,1000,20000,404253.710,864882.402,404304.464,864900.634,AB43,http://data.ordnancesurvey.co.uk/id/postcodedistrict/AB43,Inverallochy,http://data.ordnancesurvey.co.uk/id/4000000074545426,http://www.ordnancesurvey.co.uk/xml/codelists/localtype.xml#village,,,,Aberdeenshire,http://data.ordnancesurvey.co.uk/id/7000000000030111,http://data.ordnancesurvey.co.uk/ontology/admingeo/UnitaryAuthority,Scotland,http://data.ordnancesurvey.co.uk/id/7000000000041429,Scotland,http://data.ordnancesurvey.co.uk/id/country/scotland,,,
osgb4000000004193000,http://data.ordnancesurvey.co.uk/id/4000000004193000,Cemetery Road,,,,transportNetwork,Named Road,400020.000,865610.000,1000,20000,399974.757,865605.634,400140.000,865631.000,AB43,http://data.ordnancesurvey.co.uk/id/postcodedistrict/AB43,Fraserburgh,http://data.ordnancesurvey.co.uk/id/4000000074545701,http://www.ordnancesurvey.co.uk/xml/codelists/localtype.xml#town,,,,Aberdeenshire,http://data.ordnancesurvey.co.uk/id/7000000000030111,http://data.ordnancesurvey.co.uk/ontology/admingeo/UnitaryAuthority,Scotland,http://data.ordnancesurvey.co.uk/id/7000000000041429,Scotland,http://data.ordnancesurvey.co.uk/id/country/scotland,,,
osgb4000000004193165,http://data.ordnancesurvey.co.uk/id/4000000004193165,Summerfield Place,,,,transportNetwork,Named Road,404176.947,864912.192,1000,20000,404144.503,864826.351,404240.717,864942.212,AB43,http://data.ordnancesurvey.co.uk/id/postcodedistrict/AB43,Inverallochy,http://data.ordnancesurvey.co.uk/id/4000000074545426,http://www.ordnancesurvey.co.uk/xml/codelists/localtype.xml#village,,,,Aberdeenshire,http://data.ordnancesurvey.co.uk/id/7000000000030111,http://data.ordnancesurvey.co.uk/ontology/admingeo/UnitaryAuthority,Scotland,http://data.ordnancesurvey.co.uk/id/7000000000041429,Scotland,http://data.ordnancesurvey.co.uk/id/country/scotland,,,
39011ff1-bdd4-4058-a9c1-adf69de3bb80,http://data.ordnancesurvey.co.uk/id/39011ff1-bdd4-4058-a9c1-adf69de3bb80,High Street,,,,transportNetwork,Section Of Named Road,405334.751,862991.612,3000,25000,405095.659,862763.909,405622.249,863099.999,AB43,http://data.ordnancesurvey.co.uk/id/postcodedistrict/AB43,St Combs,http://data.ordnancesurvey.co.uk/id/4000000074545425,http://www.ordnancesurvey.co.uk/xml/codelists/localtype.xml#village,,,,Aberdeenshire,http://data.ordnancesurvey.co.uk/id/7000000000030111,http://data.ordnancesurvey.co.uk/ontology/admingeo/UnitaryAuthority,Scotland,http://data.ordnancesurvey.co.uk/id/7000000000041429,Scotland,http://data.ordnancesurvey.co.uk/id/country/scotland,osgb4000000004192871,,
osgb4000000004193002,http://data.ordnancesurvey.co.uk/id/4000000004193002,Corn Road,,,,transportNetwork,Named Road,403802.594,864647.975,1000,20000,403722.029,864568.641,403943.645,864727.801,AB43,http://data.ordnancesurvey.co.uk/id/postcodedistrict/AB43,Inverallochy,http://data.ordnancesurvey.co.uk/id/4000000074545426,http://www.ordnancesurvey.co.uk/xml/codelists/localtype.xml#village,,,,Aberdeenshire,http://data.ordnancesurvey.co.uk/id/7000000000030111,http://data.ordnancesurvey.co.uk/ontology/admingeo/UnitaryAuthority,Scotland,http://data.ordnancesurvey.co.uk/id/7000000000041429,Scotland,http://data.ordnancesurvey.co.uk/id/country/scotland,,,
osgb4000000004192912,http://data.ordnancesurvey.co.uk/id/4000000004192912,Charles Street,,,,transportNetwork,Named Road,404334.350,865080.687,1000,20000,404241.782,865009.120,404425.221,865160.813,AB43,http://data.ordnancesurvey.co.uk/id/postcodedistrict/AB43,Inverallochy,http://data.ordnancesurvey.co.uk/id/4000000074545426,http://www.ordnancesurvey.co.uk/xml/codelists/localtype.xml#village,,,,Aberdeenshire,http://data.ordnancesurvey.co.uk/id/7000000000030111,http://data.ordnancesurvey.co.uk/ontology/admingeo/UnitaryAuthority,Scotland,http://data.ordnancesurvey.co.uk/id/7000000000041429,Scotland,http://data.ordnancesurvey.co.uk/id/country/scotland,,,
osgb4000000004193003,http://data.ordnancesurvey.co.uk/id/4000000004193003,Station Road,,,,transportNetwork,Named Road,404047.536,865106.181,2000,20000,403937.362,865067.920,404205.390,865179.570,AB43,http://data.ordnancesurvey.co.uk/id/postcodedistrict/AB43,Inverallochy,http://data.ordnancesurvey.co.uk/id/4000000074545426,http://www.ordnancesurvey.co.uk/xml/codelists/localtype.xml#village,,,,Aberdeenshire,http://data.ordnancesurvey.co.uk/id/7000000000030111,http://data.ordnancesurvey.co.uk/ontology/admingeo/UnitaryAuthority,Scotland,http://data.ordnancesurvey.co.uk/id/7000000000041429,Scotland,http://data.ordnancesurvey.co.uk/id/country/scotland,,,
e75a4fd0-a9b4-439a-9d97-4a1449827955,http://data.ordnancesurvey.co.uk/id/e75a4fd0-a9b4-439a-9d97-4a1449827955,B9033,,,,transportNetwork,Section Of Numbered Road,400227.000,865517.000,4000,25000,399812.000,865256.082,400478.630,865631.000,AB43,http://data.ordnancesurvey.co.uk/id/postcodedistrict/AB43,Fraserburgh,http://data.ordnancesurvey.co.uk/id/4000000074545701,http://www.ordnancesurvey.co.uk/xml/codelists/localtype.xml#town,,,,Aberdeenshire,http://data.ordnancesurvey.co.uk/id/7000000000030111,http://data.ordnancesurvey.co.uk/ontology/admingeo/UnitaryAuthority,Scotland,http://data.ordnancesurvey.co.uk/id/7000000000041429,Scotland,http://data.ordnancesurvey.co.uk/id/country/scotland,osgb4000000004193343,,
osgb4000000004193343,http://data.ordnancesurvey.co.uk/id/4000000004193343,B9033,,,,transportNetwork,Numbered Road,403976.000,863295.000,50000,250000,399812.000,858000.000,405062.599,865631.000,AB43,http://data.ordnancesurvey.co.uk/id/postcodedistrict/AB43,,,,,,,Aberdeenshire,http://data.ordnancesurvey.co.uk/id/7000000000030111,http://data.ordnancesurvey.co.uk/ontology/admingeo/UnitaryAuthority,Scotland,http://data.ordnancesurvey.co.uk/id/7000000000041429,Scotland,http://data.ordnancesurvey.co.uk/id/country/scotland,,,
osgb4000000004193163,http://data.ordnancesurvey.co.uk/id/4000000004193163,Castle Drive,,,,transportNetwork,Named Road,404052.000,864829.000,1000,20000,404013.246,864813.909,404058.580,864904.576,AB43,http://data.ordnancesurvey.co.uk/id/postcodedistrict/AB43,Inverallochy,http://data.ordnancesurvey.co.uk/id/4000000074545426,http://www.ordnancesurvey.co.uk/xml/codelists/localtype.xml#village,,,,Aberdeenshire,http://data.ordnancesurvey.co.uk/id/7000000000030111,http://data.ordnancesurvey.co.uk/ontology/admingeo/UnitaryAuthority,Scotland,http://data.ordnancesurvey.co.uk/id/7000000000041429,Scotland,http://data.ordnancesurvey.co.uk/id/country/scotland,,,
osgb4000000004192874,http://data.ordnancesurvey.co.uk/id/4000000004192874,Rathen Road,,,,transportNetwork,Named Road,403876.507,864878.460,4000,20000,403551.000,864700.000,404219.654,865144.000,AB43,http://data.ordnancesurvey.co.uk/id/postcodedistrict/AB43,Inverallochy,http://data.ordnancesurvey.co.uk/id/4000000074545426,http://www.ordnancesurvey.co.uk/xml/codelists/localtype.xml#village,,,,Aberdeenshire,http://data.ordnancesurvey.co.uk/id/7000000000030111,http://data.ordnancesurvey.co.uk/ontology/admingeo/UnitaryAuthority,Scotland,http://data.ordnancesurvey.co.uk/id/7000000000041429,Scotland,http://data.ordnancesurvey.co.uk/id/country/scotland,,,
osgb4000000004192911,http://data.ordnancesurvey.co.uk/id/4000000004192911,Fraser Crescent,,,,transportNetwork,Named Road,403746.913,864716.467,3000,20000,403582.000,864537.620,403967.635,864789.764,AB43,http://data.ordnancesurvey.co.uk/id/postcodedistrict/AB43,Inverallochy,http://data.ordnancesurvey.co.uk/id/4000000074545426,http://www.ordnancesurvey.co.uk/xml/codelists/localtype.xml#village,,,,Aberdeenshire,http://data.ordnancesurvey.co.uk/id/7000000000030111,http://data.ordnancesurvey.co.uk/ontology/admingeo/UnitaryAuthority,Scotland,http://data.ordnancesurvey.co.uk/id/7000000000041429,Scotland,http://data.ordnancesurvey.co.uk/id/country/scotland,,,
osgb4000000004193168,http://data.ordnancesurvey.co.uk/id/4000000004193168,Allochy Road,,,,transportNetwork,Named Road,404208.870,864834.236,4000,20000,403884.268,864789.764,404522.762,864899.523,AB43,http://data.ordnancesurvey.co.uk/id/postcodedistrict/AB43,Inverallochy,http://data.ordnancesurvey.co.uk/id/4000000074545426,http://www.ordnancesurvey.co.uk/xml/codelists/localtype.xml#village,,,,Aberdeenshire,http://data.ordnancesurvey.co.uk/id/7000000000030111,http://data.ordnancesurvey.co.uk/ontology/admingeo/UnitaryAuthority,Scotland,http://data.ordnancesurvey.co.uk/id/7000000000041429,Scotland,http://data.ordnancesurvey.co.uk/id/country/scotland,,,
AB438YE,http://data.ordnancesurvey.co.uk/id/postcodeunit/AB438YE,AB43 8YE,,,,other,Postcode,403654.000,864704.000,3500,18000,,,,,,,Inverallochy,http://data.ordnancesurvey.co.uk/id/4000000074545426,http://www.ordnancesurvey.co.uk/xml/codelists/localtype.xml#village,,,,Aberdeenshire,http://data.ordnancesurvey.co.uk/id/7000000000030111,http://data.ordnancesurvey.co.uk/ontology/admingeo/UnitaryAuthority,Scotland,http://data.ordnancesurvey.co.uk/id/7000000000041429,Scotland,http://data.ordnancesurvey.co.uk/id/country/scotland,,,
AB438WB,http://data.ordnancesurvey.co.uk/id/postcodeunit/AB438WB,AB43 8WB,,,,other,Postcode,404135.000,864889.000,3500,18000,,,,,,,Inverallochy,http://data.ordnancesurvey.co.uk/id/4000000074545426,http://www.ordnancesurvey.co.uk/xml/codelists/localtype.xml#village,,,,Aberdeenshire,http://data.ordnancesurvey.co.uk/id/7000000000030111,http://data.ordnancesurvey.co.uk/ontology/admingeo/UnitaryAuthority,Scotland,http://data.ordnancesurvey.co.uk/id/7000000000041429,Scotland,http://data.ordnancesurvey.co.uk/id/country/scotland,,,
AB438XY,http://data.ordnancesurvey.co.uk/id/postcodeunit/AB438XY,AB43 8XY,,,,other,Postcode,404335.000,865089.000,3500,18000,,,,,,,Inverallochy,http://data.ordnancesurvey.co.uk/id/4000000074545426,http://www.ordnancesurvey.co.uk/xml/codelists/localtype.xml#village,,,,Aberdeenshire,http://data.ordnancesurvey.co.uk/id/7000000000030111,http://data.ordnancesurvey.co.uk/ontology/admingeo/UnitaryAuthority,Scotland,http://data.ordnancesurvey.co.uk/id/7000000000041429,Scotland,http://data.ordnancesurvey.co.uk/id/country/scotland,,,
AB438YA,http://data.ordnancesurvey.co.uk/id/postcodeunit/AB438YA,AB43 8YA,,,,other,Postcode,404337.000,865150.000,3500,18000,,,,,,,Inverallochy,http://data.ordnancesurvey.co.uk/id/4000000074545426,http://www.ordnancesurvey.co.uk/xml/codelists/localtype.xml#village,,,,Aberdeenshire,http://data.ordnancesurvey.co.uk/id/7000000000030111,http://data.ordnancesurvey.co.uk/ontology/admingeo/UnitaryAuthority,Scotland,http://data.ordnancesurvey.co.uk/id/7000000000041429,Scotland,http://data.ordnancesurvey.co.uk/id/country/scotland,,,
AB438ZP,http://data.ordnancesurvey.co.uk/id/postcodeunit/AB438ZP,AB43 8ZP,,,,other,Postcode,405419.000,863243.000,3500,18000,,,,,,,St Combs,http://data.ordnancesurvey.co.uk/id/4000000074545425,http://www.ordnancesurvey.co.uk/xml/codelists/localtype.xml#village,,,,Aberdeenshire,http://data.ordnancesurvey.co.uk/id/7000000000030111,http://data.ordnancesurvey.co.uk/ontology/admingeo/UnitaryAuthority,Scotland,http://data.ordnancesurvey.co.uk/id/7000000000041429,Scotland,http://data.ordnancesurvey.co.uk/id/country/scotland,,,
osgb4000000004192871,http://data.ordnancesurvey.co.uk/id/4000000004192871,High Street,,,,transportNetwork,Named Road,405295.683,862976.386,4000,20000,405062.599,862666.795,405622.249,863099.999,AB43,http://data.ordnancesurvey.co.uk/id/postcodedistrict/AB43,St Combs,http://data.ordnancesurvey.co.uk/id/4000000074545425,http://www.ordnancesurvey.co.uk/xml/codelists/localtype.xml#village,,,,Aberdeenshire,http://data.ordnancesurvey.co.uk/id/7000000000030111,http://data.ordnancesurvey.co.uk/ontology/admingeo/UnitaryAuthority,Scotland,http://data.ordnancesurvey.co.uk/id/7000000000041429,Scotland,http://data.ordnancesurvey.co.uk/id/country/scotland,,,
osgb4000000004193167,http://data.ordnancesurvey.co.uk/id/4000000004193167,Macgregor Road,,,,transportNetwork,Named Road,403705.000,864773.000,1000,20000,403691.109,864716.467,403746.913,864794.322,AB43,http://data.ordnancesurvey.co.uk/id/postcodedistrict/AB43,Inverallochy,http://data.ordnancesurvey.co.uk/id/4000000074545426,http://www.ordnancesurvey.co.uk/xml/codelists/localtype.xml#village,,,,Aberdeenshire,http://data.ordnancesurvey.co.uk/id/7000000000030111,http://data.ordnancesurvey.co.uk/ontology/admingeo/UnitaryAuthority,Scotland,http://data.ordnancesurvey.co.uk/id/7000000000041429,Scotland,http://data.ordnancesurvey.co.uk/id/country/scotland,,,
osgb4000000004192997,http://data.ordnancesurvey.co.uk/id/4000000004192997,West Street,,,,transportNetwork,Named Road,405391.249,863140.069,2000,20000,405289.737,863026.673,405428.113,863279.931,AB43,http://data.ordnancesurvey.co.uk/id/postcodedistrict/AB43,St Combs,http://data.ordnancesurvey.co.uk/id/4000000074545425,http://www.ordnancesurvey.co.uk/xml/codelists/localtype.xml#village,,,,Aberdeenshire,http://data.ordnancesurvey.co.uk/id/7000000000030111,http://data.ordnancesurvey.co.uk/ontology/admingeo/UnitaryAuthority,Scotland,http://data.ordnancesurvey.co.uk/id/7000000000041429,Scotland,http://data.ordnancesurvey.co.uk/id/country/scotland,,,
osgb4000000004193008,http://data.ordnancesurvey.co.uk/id/4000000004193008,William Street,,,,transportNetwork,Named Road,403909.511,865342.283,1000,20000,403831.404,865258.421,404036.427,865404.802,AB43,http://data.ordnancesurvey.co.uk/id/postcodedistrict/AB43,Inverallochy,http://data.ordnancesurvey.co.uk/id/4000000074545426,http://www.ordnancesurvey.co.uk/xml/codelists/localtype.xml#village,,,,Aberdeenshire,http://data.ordnancesurvey.co.uk/id/7000000000030111,http://data.ordnancesurvey.co.uk/ontology/admingeo/UnitaryAuthority,Scotland,http://data.ordnancesurvey.co.uk/id/7000000000041429,Scotland,http://data.ordnancesurvey.co.uk/id/country/scotland,,,
osgb4000000004192910,http://data.ordnancesurvey.co.uk/id/4000000004192910,Dundas Road,,,,transportNetwork,Named Road,403776.355,864828.446,1000,20000,403705.000,864773.000,403884.268,864861.091,AB43,http://data.ordnancesurvey.co.uk/id/postcodedistrict/AB43,Inverallochy,http://data.ordnancesurvey.co.uk/id/4000000074545426,http://www.ordnancesurvey.co.uk/xml/codelists/localtype.xml#village,,,,Aberdeenshire,http://data.ordnancesurvey.co.uk/id/7000000000030111,http://data.ordnancesurvey.co.uk/ontology/admingeo/UnitaryAuthority,Scotland,http://data.ordnancesurvey.co.uk/id/7000000000041429,Scotland,http://data.ordnancesurvey.co.uk/id/country/scotland,,,
osgb4000000004193169,http://data.ordnancesurvey.co.uk/id/4000000004193169,Fraser Place,,,,transportNetwork,Named Road,404498.855,864981.569,1000,20000,404425.221,864896.089,404589.534,865072.000,AB43,http://data.ordnancesurvey.co.uk/id/postcodedistrict/AB43,Inverallochy,http://data.ordnancesurvey.co.uk/id/4000000074545426,http://www.ordnancesurvey.co.uk/xml/codelists/localtype.xml#village,,,,Aberdeenshire,http://data.ordnancesurvey.co.uk/id/7000000000030111,http://data.ordnancesurvey.co.uk/ontology/admingeo/UnitaryAuthority,Scotland,http://data.ordnancesurvey.co.uk/id/7000000000041429,Scotland,http://data.ordnancesurvey.co.uk/id/country/scotland,,,
