﻿osgb4000000074552734,http://data.ordnancesurvey.co.uk/id/4000000074552734,Ardtun,,,,populatedPlace,Village,138291.750,723049.630,19000,250000,137972.857,721976.376,140912.172,724095.609,PA67,http://data.ordnancesurvey.co.uk/id/postcodedistrict/PA67,,,,,,,Argyll and Bute,http://data.ordnancesurvey.co.uk/id/7000000000030106,http://data.ordnancesurvey.co.uk/ontology/admingeo/UnitaryAuthority,Scotland,http://data.ordnancesurvey.co.uk/id/7000000000041429,Scotland,http://data.ordnancesurvey.co.uk/id/country/scotland,,http://dbpedia.org/resource/Ardtun,
osgb4000000074553472,http://data.ordnancesurvey.co.uk/id/4000000074553472,Kintra,,,,populatedPlace,Other Settlement,130892.300,724912.350,15000,25000,130775.149,724757.999,131793.588,725488.760,PA66,http://data.ordnancesurvey.co.uk/id/postcodedistrict/PA66,,,,,,,Argyll and Bute,http://data.ordnancesurvey.co.uk/id/7000000000030106,http://data.ordnancesurvey.co.uk/ontology/admingeo/UnitaryAuthority,Scotland,http://data.ordnancesurvey.co.uk/id/7000000000041429,Scotland,http://data.ordnancesurvey.co.uk/id/country/scotland,,,http://sws.geonames.org/2645355
osgb4000000074553110,http://data.ordnancesurvey.co.uk/id/4000000074553110,Baile Mòr,,,,populatedPlace,Village,128457.000,724091.000,11000,250000,127337.940,723200.695,128853.811,724886.493,PA76,http://data.ordnancesurvey.co.uk/id/postcodedistrict/PA76,,,,,,,Argyll and Bute,http://data.ordnancesurvey.co.uk/id/7000000000030106,http://data.ordnancesurvey.co.uk/ontology/admingeo/UnitaryAuthority,Scotland,http://data.ordnancesurvey.co.uk/id/7000000000041429,Scotland,http://data.ordnancesurvey.co.uk/id/country/scotland,,,
osgb4000000074553109,http://data.ordnancesurvey.co.uk/id/4000000074553109,Fionnphort,,,,populatedPlace,Village,130201.640,723199.680,4000,250000,129874.096,723060.373,130500.473,723560.373,PA66,http://data.ordnancesurvey.co.uk/id/postcodedistrict/PA66,,,,,,,Argyll and Bute,http://data.ordnancesurvey.co.uk/id/7000000000030106,http://data.ordnancesurvey.co.uk/ontology/admingeo/UnitaryAuthority,Scotland,http://data.ordnancesurvey.co.uk/id/7000000000041429,Scotland,http://data.ordnancesurvey.co.uk/id/country/scotland,,http://dbpedia.org/resource/Fionnphort,http://sws.geonames.org/6695514
osgb4000000074553107,http://data.ordnancesurvey.co.uk/id/4000000074553107,Eorabus,,,,populatedPlace,Hamlet,138003.000,723732.000,5000,25000,137842.948,723070.213,138578.382,723756.896,PA67,http://data.ordnancesurvey.co.uk/id/postcodedistrict/PA67,,,,,,,Argyll and Bute,http://data.ordnancesurvey.co.uk/id/7000000000030106,http://data.ordnancesurvey.co.uk/ontology/admingeo/UnitaryAuthority,Scotland,http://data.ordnancesurvey.co.uk/id/7000000000041429,Scotland,http://data.ordnancesurvey.co.uk/id/country/scotland,,,
osgb4000000074552732,http://data.ordnancesurvey.co.uk/id/4000000074552732,Bunessan,,,,populatedPlace,Village,138458.010,721932.680,13000,250000,137848.002,721551.837,139777.742,722512.272,PA67,http://data.ordnancesurvey.co.uk/id/postcodedistrict/PA67,,,,,,,Argyll and Bute,http://data.ordnancesurvey.co.uk/id/7000000000030106,http://data.ordnancesurvey.co.uk/ontology/admingeo/UnitaryAuthority,Scotland,http://data.ordnancesurvey.co.uk/id/7000000000041429,Scotland,http://data.ordnancesurvey.co.uk/id/country/scotland,,http://dbpedia.org/resource/Bunessan,http://sws.geonames.org/2654329
osgb4000000074553108,http://data.ordnancesurvey.co.uk/id/4000000074553108,Aridhglas,,,,populatedPlace,Other Settlement,131813.000,723255.000,15000,25000,131236.914,723114.340,132045.268,723860.936,PA66,http://data.ordnancesurvey.co.uk/id/postcodedistrict/PA66,,,,,,,Argyll and Bute,http://data.ordnancesurvey.co.uk/id/7000000000030106,http://data.ordnancesurvey.co.uk/ontology/admingeo/UnitaryAuthority,Scotland,http://data.ordnancesurvey.co.uk/id/7000000000041429,Scotland,http://data.ordnancesurvey.co.uk/id/country/scotland,,http://dbpedia.org/resource/Aridhglas,
PA766SW,http://data.ordnancesurvey.co.uk/id/postcodeunit/PA766SW,PA76 6SW,,,,other,Postcode,128659.000,725052.000,3500,18000,,,,,,,,,,,,,Argyll and Bute,http://data.ordnancesurvey.co.uk/id/7000000000030106,http://data.ordnancesurvey.co.uk/ontology/admingeo/UnitaryAuthority,Scotland,http://data.ordnancesurvey.co.uk/id/7000000000041429,Scotland,http://data.ordnancesurvey.co.uk/id/country/scotland,,,
PA676DG,http://data.ordnancesurvey.co.uk/id/postcodeunit/PA676DG,PA67 6DG,,,,other,Postcode,138294.000,722044.000,3500,18000,,,,,,,Ardtun,http://data.ordnancesurvey.co.uk/id/4000000074552734,http://www.ordnancesurvey.co.uk/xml/codelists/localtype.xml#village,,,,Argyll and Bute,http://data.ordnancesurvey.co.uk/id/7000000000030106,http://data.ordnancesurvey.co.uk/ontology/admingeo/UnitaryAuthority,Scotland,http://data.ordnancesurvey.co.uk/id/7000000000041429,Scotland,http://data.ordnancesurvey.co.uk/id/country/scotland,,,
PA766SL,http://data.ordnancesurvey.co.uk/id/postcodeunit/PA766SL,PA76 6SL,,,,other,Postcode,128548.000,724363.000,3500,18000,,,,,,,Baile Mòr,http://data.ordnancesurvey.co.uk/id/4000000074553110,http://www.ordnancesurvey.co.uk/xml/codelists/localtype.xml#village,,,,Argyll and Bute,http://data.ordnancesurvey.co.uk/id/7000000000030106,http://data.ordnancesurvey.co.uk/ontology/admingeo/UnitaryAuthority,Scotland,http://data.ordnancesurvey.co.uk/id/7000000000041429,Scotland,http://data.ordnancesurvey.co.uk/id/country/scotland,,,
PA766SN,http://data.ordnancesurvey.co.uk/id/postcodeunit/PA766SN,PA76 6SN,,,,other,Postcode,128461.000,724590.000,3500,18000,,,,,,,Baile Mòr,http://data.ordnancesurvey.co.uk/id/4000000074553110,http://www.ordnancesurvey.co.uk/xml/codelists/localtype.xml#village,,,,Argyll and Bute,http://data.ordnancesurvey.co.uk/id/7000000000030106,http://data.ordnancesurvey.co.uk/ontology/admingeo/UnitaryAuthority,Scotland,http://data.ordnancesurvey.co.uk/id/7000000000041429,Scotland,http://data.ordnancesurvey.co.uk/id/country/scotland,,,
PA676DP,http://data.ordnancesurvey.co.uk/id/postcodeunit/PA676DP,PA67 6DP,,,,other,Postcode,138140.000,721706.000,3500,18000,,,,,,,Bunessan,http://data.ordnancesurvey.co.uk/id/4000000074552732,http://www.ordnancesurvey.co.uk/xml/codelists/localtype.xml#village,,,,Argyll and Bute,http://data.ordnancesurvey.co.uk/id/7000000000030106,http://data.ordnancesurvey.co.uk/ontology/admingeo/UnitaryAuthority,Scotland,http://data.ordnancesurvey.co.uk/id/7000000000041429,Scotland,http://data.ordnancesurvey.co.uk/id/country/scotland,,,
PA676DB,http://data.ordnancesurvey.co.uk/id/postcodeunit/PA676DB,PA67 6DB,,,,other,Postcode,138341.000,721889.000,3500,18000,,,,,,,Bunessan,http://data.ordnancesurvey.co.uk/id/4000000074552732,http://www.ordnancesurvey.co.uk/xml/codelists/localtype.xml#village,,,,Argyll and Bute,http://data.ordnancesurvey.co.uk/id/7000000000030106,http://data.ordnancesurvey.co.uk/ontology/admingeo/UnitaryAuthority,Scotland,http://data.ordnancesurvey.co.uk/id/7000000000041429,Scotland,http://data.ordnancesurvey.co.uk/id/country/scotland,,,
PA766SJ,http://data.ordnancesurvey.co.uk/id/postcodeunit/PA766SJ,PA76 6SJ,,,,other,Postcode,128568.000,724084.000,3500,18000,,,,,,,Baile Mòr,http://data.ordnancesurvey.co.uk/id/4000000074553110,http://www.ordnancesurvey.co.uk/xml/codelists/localtype.xml#village,,,,Argyll and Bute,http://data.ordnancesurvey.co.uk/id/7000000000030106,http://data.ordnancesurvey.co.uk/ontology/admingeo/UnitaryAuthority,Scotland,http://data.ordnancesurvey.co.uk/id/7000000000041429,Scotland,http://data.ordnancesurvey.co.uk/id/country/scotland,,,
PA666BU,http://data.ordnancesurvey.co.uk/id/postcodeunit/PA666BU,PA66 6BU,,,,other,Postcode,130192.000,724173.000,3500,18000,,,,,,,,,,,,,Argyll and Bute,http://data.ordnancesurvey.co.uk/id/7000000000030106,http://data.ordnancesurvey.co.uk/ontology/admingeo/UnitaryAuthority,Scotland,http://data.ordnancesurvey.co.uk/id/7000000000041429,Scotland,http://data.ordnancesurvey.co.uk/id/country/scotland,,,
PA666BS,http://data.ordnancesurvey.co.uk/id/postcodeunit/PA666BS,PA66 6BS,,,,other,Postcode,131385.000,725085.000,3500,18000,,,,,,,Kintra,http://data.ordnancesurvey.co.uk/id/4000000074553472,http://www.ordnancesurvey.co.uk/xml/codelists/localtype.xml#otherSettlement,,,,Argyll and Bute,http://data.ordnancesurvey.co.uk/id/7000000000030106,http://data.ordnancesurvey.co.uk/ontology/admingeo/UnitaryAuthority,Scotland,http://data.ordnancesurvey.co.uk/id/7000000000041429,Scotland,http://data.ordnancesurvey.co.uk/id/country/scotland,,,
PA676DU,http://data.ordnancesurvey.co.uk/id/postcodeunit/PA676DU,PA67 6DU,,,,other,Postcode,136338.000,721800.000,3500,18000,,,,,,,,,,,,,Argyll and Bute,http://data.ordnancesurvey.co.uk/id/7000000000030106,http://data.ordnancesurvey.co.uk/ontology/admingeo/UnitaryAuthority,Scotland,http://data.ordnancesurvey.co.uk/id/7000000000041429,Scotland,http://data.ordnancesurvey.co.uk/id/country/scotland,,,
PA666BT,http://data.ordnancesurvey.co.uk/id/postcodeunit/PA666BT,PA66 6BT,,,,other,Postcode,131466.000,725347.000,3500,18000,,,,,,,Kintra,http://data.ordnancesurvey.co.uk/id/4000000074553472,http://www.ordnancesurvey.co.uk/xml/codelists/localtype.xml#otherSettlement,,,,Argyll and Bute,http://data.ordnancesurvey.co.uk/id/7000000000030106,http://data.ordnancesurvey.co.uk/ontology/admingeo/UnitaryAuthority,Scotland,http://data.ordnancesurvey.co.uk/id/7000000000041429,Scotland,http://data.ordnancesurvey.co.uk/id/country/scotland,,,
PA766SQ,http://data.ordnancesurvey.co.uk/id/postcodeunit/PA766SQ,PA76 6SQ,,,,other,Postcode,128679.000,724500.000,3500,18000,,,,,,,Baile Mòr,http://data.ordnancesurvey.co.uk/id/4000000074553110,http://www.ordnancesurvey.co.uk/xml/codelists/localtype.xml#village,,,,Argyll and Bute,http://data.ordnancesurvey.co.uk/id/7000000000030106,http://data.ordnancesurvey.co.uk/ontology/admingeo/UnitaryAuthority,Scotland,http://data.ordnancesurvey.co.uk/id/7000000000041429,Scotland,http://data.ordnancesurvey.co.uk/id/country/scotland,,,
PA666BW,http://data.ordnancesurvey.co.uk/id/postcodeunit/PA666BW,PA66 6BW,,,,other,Postcode,131994.000,723161.000,3500,18000,,,,,,,Aridhglas,http://data.ordnancesurvey.co.uk/id/4000000074553108,http://www.ordnancesurvey.co.uk/xml/codelists/localtype.xml#otherSettlement,,,,Argyll and Bute,http://data.ordnancesurvey.co.uk/id/7000000000030106,http://data.ordnancesurvey.co.uk/ontology/admingeo/UnitaryAuthority,Scotland,http://data.ordnancesurvey.co.uk/id/7000000000041429,Scotland,http://data.ordnancesurvey.co.uk/id/country/scotland,,,
PA666BL,http://data.ordnancesurvey.co.uk/id/postcodeunit/PA666BL,PA66 6BL,,,,other,Postcode,130349.000,723254.000,3500,18000,,,,,,,Fionnphort,http://data.ordnancesurvey.co.uk/id/4000000074553109,http://www.ordnancesurvey.co.uk/xml/codelists/localtype.xml#village,,,,Argyll and Bute,http://data.ordnancesurvey.co.uk/id/7000000000030106,http://data.ordnancesurvey.co.uk/ontology/admingeo/UnitaryAuthority,Scotland,http://data.ordnancesurvey.co.uk/id/7000000000041429,Scotland,http://data.ordnancesurvey.co.uk/id/country/scotland,,,
PA676DX,http://data.ordnancesurvey.co.uk/id/postcodeunit/PA676DX,PA67 6DX,,,,other,Postcode,134731.000,723242.000,3500,18000,,,,,,,,,,,,,Argyll and Bute,http://data.ordnancesurvey.co.uk/id/7000000000030106,http://data.ordnancesurvey.co.uk/ontology/admingeo/UnitaryAuthority,Scotland,http://data.ordnancesurvey.co.uk/id/7000000000041429,Scotland,http://data.ordnancesurvey.co.uk/id/country/scotland,,,
PA666BP,http://data.ordnancesurvey.co.uk/id/postcodeunit/PA666BP,PA66 6BP,,,,other,Postcode,131250.000,724209.000,3500,18000,,,,,,,,,,,,,Argyll and Bute,http://data.ordnancesurvey.co.uk/id/7000000000030106,http://data.ordnancesurvey.co.uk/ontology/admingeo/UnitaryAuthority,Scotland,http://data.ordnancesurvey.co.uk/id/7000000000041429,Scotland,http://data.ordnancesurvey.co.uk/id/country/scotland,,,
PA676DH,http://data.ordnancesurvey.co.uk/id/postcodeunit/PA676DH,PA67 6DH,,,,other,Postcode,138617.000,723308.000,3500,18000,,,,,,,Ardtun,http://data.ordnancesurvey.co.uk/id/4000000074552734,http://www.ordnancesurvey.co.uk/xml/codelists/localtype.xml#village,,,,Argyll and Bute,http://data.ordnancesurvey.co.uk/id/7000000000030106,http://data.ordnancesurvey.co.uk/ontology/admingeo/UnitaryAuthority,Scotland,http://data.ordnancesurvey.co.uk/id/7000000000041429,Scotland,http://data.ordnancesurvey.co.uk/id/country/scotland,,,
PA676DQ,http://data.ordnancesurvey.co.uk/id/postcodeunit/PA676DQ,PA67 6DQ,,,,other,Postcode,138582.000,721910.000,3500,18000,,,,,,,Bunessan,http://data.ordnancesurvey.co.uk/id/4000000074552732,http://www.ordnancesurvey.co.uk/xml/codelists/localtype.xml#village,,,,Argyll and Bute,http://data.ordnancesurvey.co.uk/id/7000000000030106,http://data.ordnancesurvey.co.uk/ontology/admingeo/UnitaryAuthority,Scotland,http://data.ordnancesurvey.co.uk/id/7000000000041429,Scotland,http://data.ordnancesurvey.co.uk/id/country/scotland,,,
PA666BN,http://data.ordnancesurvey.co.uk/id/postcodeunit/PA666BN,PA66 6BN,,,,other,Postcode,131186.000,720887.000,3500,18000,,,,,,,,,,,,,Argyll and Bute,http://data.ordnancesurvey.co.uk/id/7000000000030106,http://data.ordnancesurvey.co.uk/ontology/admingeo/UnitaryAuthority,Scotland,http://data.ordnancesurvey.co.uk/id/7000000000041429,Scotland,http://data.ordnancesurvey.co.uk/id/country/scotland,,,
PA766SP,http://data.ordnancesurvey.co.uk/id/postcodeunit/PA766SP,PA76 6SP,,,,other,Postcode,127865.000,723804.000,3500,18000,,,,,,,Baile Mòr,http://data.ordnancesurvey.co.uk/id/4000000074553110,http://www.ordnancesurvey.co.uk/xml/codelists/localtype.xml#village,,,,Argyll and Bute,http://data.ordnancesurvey.co.uk/id/7000000000030106,http://data.ordnancesurvey.co.uk/ontology/admingeo/UnitaryAuthority,Scotland,http://data.ordnancesurvey.co.uk/id/7000000000041429,Scotland,http://data.ordnancesurvey.co.uk/id/country/scotland,,,
PA766SG,http://data.ordnancesurvey.co.uk/id/postcodeunit/PA766SG,PA76 6SG,,,,other,Postcode,128463.000,724284.000,3500,18000,,,,,,,Baile Mòr,http://data.ordnancesurvey.co.uk/id/4000000074553110,http://www.ordnancesurvey.co.uk/xml/codelists/localtype.xml#village,,,,Argyll and Bute,http://data.ordnancesurvey.co.uk/id/7000000000030106,http://data.ordnancesurvey.co.uk/ontology/admingeo/UnitaryAuthority,Scotland,http://data.ordnancesurvey.co.uk/id/7000000000041429,Scotland,http://data.ordnancesurvey.co.uk/id/country/scotland,,,
PA666BH,http://data.ordnancesurvey.co.uk/id/postcodeunit/PA666BH,PA66 6BH,,,,other,Postcode,130327.000,723205.000,3500,18000,,,,,,,Fionnphort,http://data.ordnancesurvey.co.uk/id/4000000074553109,http://www.ordnancesurvey.co.uk/xml/codelists/localtype.xml#village,,,,Argyll and Bute,http://data.ordnancesurvey.co.uk/id/7000000000030106,http://data.ordnancesurvey.co.uk/ontology/admingeo/UnitaryAuthority,Scotland,http://data.ordnancesurvey.co.uk/id/7000000000041429,Scotland,http://data.ordnancesurvey.co.uk/id/country/scotland,,,
osgb4000000004232871,http://data.ordnancesurvey.co.uk/id/4000000004232871,Millbrae,,,,transportNetwork,Named Road,138568.794,721896.916,1000,20000,138534.000,721860.864,138615.066,721942.000,PA67,http://data.ordnancesurvey.co.uk/id/postcodedistrict/PA67,Bunessan,http://data.ordnancesurvey.co.uk/id/4000000074552732,http://www.ordnancesurvey.co.uk/xml/codelists/localtype.xml#village,,,,Argyll and Bute,http://data.ordnancesurvey.co.uk/id/7000000000030106,http://data.ordnancesurvey.co.uk/ontology/admingeo/UnitaryAuthority,Scotland,http://data.ordnancesurvey.co.uk/id/7000000000041429,Scotland,http://data.ordnancesurvey.co.uk/id/country/scotland,,,
osgb5000005193112827,http://data.ordnancesurvey.co.uk/id/5000005193112827,The Glebe,,,,transportNetwork,Named Road,128493.647,724301.086,1000,20000,128463.847,724259.804,128511.291,724306.828,PA76,http://data.ordnancesurvey.co.uk/id/postcodedistrict/PA76,Baile Mòr,http://data.ordnancesurvey.co.uk/id/4000000074553110,http://www.ordnancesurvey.co.uk/xml/codelists/localtype.xml#village,,,,Argyll and Bute,http://data.ordnancesurvey.co.uk/id/7000000000030106,http://data.ordnancesurvey.co.uk/ontology/admingeo/UnitaryAuthority,Scotland,http://data.ordnancesurvey.co.uk/id/7000000000041429,Scotland,http://data.ordnancesurvey.co.uk/id/country/scotland,,,
osgb5000005111465086,http://data.ordnancesurvey.co.uk/id/5000005111465086,Ardmeanach View,,,,transportNetwork,Named Road,137931.052,721717.063,1000,20000,137903.328,721677.270,137959.947,721742.792,PA67,http://data.ordnancesurvey.co.uk/id/postcodedistrict/PA67,Bunessan,http://data.ordnancesurvey.co.uk/id/4000000074552732,http://www.ordnancesurvey.co.uk/xml/codelists/localtype.xml#village,,,,Argyll and Bute,http://data.ordnancesurvey.co.uk/id/7000000000030106,http://data.ordnancesurvey.co.uk/ontology/admingeo/UnitaryAuthority,Scotland,http://data.ordnancesurvey.co.uk/id/7000000000041429,Scotland,http://data.ordnancesurvey.co.uk/id/country/scotland,,,
osgb4000000004232870,http://data.ordnancesurvey.co.uk/id/4000000004232870,Monadh Mor,,,,transportNetwork,Named Road,130358.000,723216.000,1000,20000,130305.000,723214.805,130432.000,723249.000,PA66,http://data.ordnancesurvey.co.uk/id/postcodedistrict/PA66,Fionnphort,http://data.ordnancesurvey.co.uk/id/4000000074553109,http://www.ordnancesurvey.co.uk/xml/codelists/localtype.xml#village,,,,Argyll and Bute,http://data.ordnancesurvey.co.uk/id/7000000000030106,http://data.ordnancesurvey.co.uk/ontology/admingeo/UnitaryAuthority,Scotland,http://data.ordnancesurvey.co.uk/id/7000000000041429,Scotland,http://data.ordnancesurvey.co.uk/id/country/scotland,,,
PA676DJ,http://data.ordnancesurvey.co.uk/id/postcodeunit/PA676DJ,PA67 6DJ,,,,other,Postcode,139111.000,721996.000,3500,18000,,,,,,,Bunessan,http://data.ordnancesurvey.co.uk/id/4000000074552732,http://www.ordnancesurvey.co.uk/xml/codelists/localtype.xml#village,,,,Argyll and Bute,http://data.ordnancesurvey.co.uk/id/7000000000030106,http://data.ordnancesurvey.co.uk/ontology/admingeo/UnitaryAuthority,Scotland,http://data.ordnancesurvey.co.uk/id/7000000000041429,Scotland,http://data.ordnancesurvey.co.uk/id/country/scotland,,,
PA676DA,http://data.ordnancesurvey.co.uk/id/postcodeunit/PA676DA,PA67 6DA,,,,other,Postcode,137903.000,721723.000,3500,18000,,,,,,,Bunessan,http://data.ordnancesurvey.co.uk/id/4000000074552732,http://www.ordnancesurvey.co.uk/xml/codelists/localtype.xml#village,,,,Argyll and Bute,http://data.ordnancesurvey.co.uk/id/7000000000030106,http://data.ordnancesurvey.co.uk/ontology/admingeo/UnitaryAuthority,Scotland,http://data.ordnancesurvey.co.uk/id/7000000000041429,Scotland,http://data.ordnancesurvey.co.uk/id/country/scotland,,,
PA676DL,http://data.ordnancesurvey.co.uk/id/postcodeunit/PA676DL,PA67 6DL,,,,other,Postcode,139507.000,722289.000,3500,18000,,,,,,,Bunessan,http://data.ordnancesurvey.co.uk/id/4000000074552732,http://www.ordnancesurvey.co.uk/xml/codelists/localtype.xml#village,,,,Argyll and Bute,http://data.ordnancesurvey.co.uk/id/7000000000030106,http://data.ordnancesurvey.co.uk/ontology/admingeo/UnitaryAuthority,Scotland,http://data.ordnancesurvey.co.uk/id/7000000000041429,Scotland,http://data.ordnancesurvey.co.uk/id/country/scotland,,,
