﻿osgb4000000074550850,http://data.ordnancesurvey.co.uk/id/4000000074550850,Ellenabeich,,,,populatedPlace,Village,175269.000,716883.000,8000,250000,174137.979,716679.612,175407.850,717541.075,PA34,http://data.ordnancesurvey.co.uk/id/postcodedistrict/PA34,,,,,,,Argyll and Bute,http://data.ordnancesurvey.co.uk/id/7000000000030106,http://data.ordnancesurvey.co.uk/ontology/admingeo/UnitaryAuthority,Scotland,http://data.ordnancesurvey.co.uk/id/7000000000041429,Scotland,http://data.ordnancesurvey.co.uk/id/country/scotland,,,http://sws.geonames.org/2650111
osgb4000000074335149,http://data.ordnancesurvey.co.uk/id/4000000074335149,Black Mill Bay,,,,populatedPlace,Hamlet,173276.410,708364.920,5000,25000,173020.557,708089.009,173520.557,708589.009,PA34,http://data.ordnancesurvey.co.uk/id/postcodedistrict/PA34,,,,,,,Argyll and Bute,http://data.ordnancesurvey.co.uk/id/7000000000030106,http://data.ordnancesurvey.co.uk/ontology/admingeo/UnitaryAuthority,Scotland,http://data.ordnancesurvey.co.uk/id/7000000000041429,Scotland,http://data.ordnancesurvey.co.uk/id/country/scotland,,,
osgb4000000074550471,http://data.ordnancesurvey.co.uk/id/4000000074550471,Cuan,,,,populatedPlace,Hamlet,175433.000,714412.000,5000,25000,175154.465,714118.248,175654.465,714618.248,PA34,http://data.ordnancesurvey.co.uk/id/postcodedistrict/PA34,,,,,,,Argyll and Bute,http://data.ordnancesurvey.co.uk/id/7000000000030106,http://data.ordnancesurvey.co.uk/ontology/admingeo/UnitaryAuthority,Scotland,http://data.ordnancesurvey.co.uk/id/7000000000041429,Scotland,http://data.ordnancesurvey.co.uk/id/country/scotland,,,
osgb4000000074550846,http://data.ordnancesurvey.co.uk/id/4000000074550846,Clachan Seil,,,,populatedPlace,Village,178090.000,718656.000,10000,250000,177806.635,718317.553,178554.273,719836.038,PA34,http://data.ordnancesurvey.co.uk/id/postcodedistrict/PA34,,,,,,,Argyll and Bute,http://data.ordnancesurvey.co.uk/id/7000000000030106,http://data.ordnancesurvey.co.uk/ontology/admingeo/UnitaryAuthority,Scotland,http://data.ordnancesurvey.co.uk/id/7000000000041429,Scotland,http://data.ordnancesurvey.co.uk/id/country/scotland,,,
osgb4000000074550095,http://data.ordnancesurvey.co.uk/id/4000000074550095,Craobh Haven,,,,populatedPlace,Village,179742.000,707596.000,4000,250000,179366.905,707294.908,179866.905,707838.023,PA31,http://data.ordnancesurvey.co.uk/id/postcodedistrict/PA31,,,,,,,Argyll and Bute,http://data.ordnancesurvey.co.uk/id/7000000000030106,http://data.ordnancesurvey.co.uk/ontology/admingeo/UnitaryAuthority,Scotland,http://data.ordnancesurvey.co.uk/id/7000000000041429,Scotland,http://data.ordnancesurvey.co.uk/id/country/scotland,,,
osgb4000000074550473,http://data.ordnancesurvey.co.uk/id/4000000074550473,Oban Seil,,,,populatedPlace,Other Settlement,177708.000,718080.400,15000,25000,176697.716,717282.449,177976.442,718377.846,PA34,http://data.ordnancesurvey.co.uk/id/postcodedistrict/PA34,,,,,,,Argyll and Bute,http://data.ordnancesurvey.co.uk/id/7000000000030106,http://data.ordnancesurvey.co.uk/ontology/admingeo/UnitaryAuthority,Scotland,http://data.ordnancesurvey.co.uk/id/7000000000041429,Scotland,http://data.ordnancesurvey.co.uk/id/country/scotland,,,
osgb4000000074550848,http://data.ordnancesurvey.co.uk/id/4000000074550848,Cullipool,,,,populatedPlace,Village,173776.820,712846.290,7000,250000,173674.386,712203.683,174174.386,713255.542,PA34,http://data.ordnancesurvey.co.uk/id/postcodedistrict/PA34,,,,,,,Argyll and Bute,http://data.ordnancesurvey.co.uk/id/7000000000030106,http://data.ordnancesurvey.co.uk/ontology/admingeo/UnitaryAuthority,Scotland,http://data.ordnancesurvey.co.uk/id/7000000000041429,Scotland,http://data.ordnancesurvey.co.uk/id/country/scotland,,,http://sws.geonames.org/2651746
osgb4000000074335148,http://data.ordnancesurvey.co.uk/id/4000000074335148,South Cuan,,,,populatedPlace,Hamlet,174949.710,713527.120,5000,25000,174826.357,713389.744,175326.357,714173.479,PA34,http://data.ordnancesurvey.co.uk/id/postcodedistrict/PA34,,,,,,,Argyll and Bute,http://data.ordnancesurvey.co.uk/id/7000000000030106,http://data.ordnancesurvey.co.uk/ontology/admingeo/UnitaryAuthority,Scotland,http://data.ordnancesurvey.co.uk/id/7000000000041429,Scotland,http://data.ordnancesurvey.co.uk/id/country/scotland,,,
osgb4000000074334601,http://data.ordnancesurvey.co.uk/id/4000000074334601,Aird,,,,populatedPlace,Other Settlement,176567.820,700565.680,15000,25000,176314.785,700157.115,176814.785,700657.115,PA31,http://data.ordnancesurvey.co.uk/id/postcodedistrict/PA31,,,,,,,Argyll and Bute,http://data.ordnancesurvey.co.uk/id/7000000000030106,http://data.ordnancesurvey.co.uk/ontology/admingeo/UnitaryAuthority,Scotland,http://data.ordnancesurvey.co.uk/id/7000000000041429,Scotland,http://data.ordnancesurvey.co.uk/id/country/scotland,,,
osgb4000000074550849,http://data.ordnancesurvey.co.uk/id/4000000074550849,Easdale,,,,populatedPlace,Village,173902.480,717040.580,2000,250000,173652.471,716790.583,174152.471,717290.583,PA34,http://data.ordnancesurvey.co.uk/id/postcodedistrict/PA34,,,,,,,Argyll and Bute,http://data.ordnancesurvey.co.uk/id/7000000000030106,http://data.ordnancesurvey.co.uk/ontology/admingeo/UnitaryAuthority,Scotland,http://data.ordnancesurvey.co.uk/id/7000000000041429,Scotland,http://data.ordnancesurvey.co.uk/id/country/scotland,,,
osgb4000000074550472,http://data.ordnancesurvey.co.uk/id/4000000074550472,Balvicar,,,,populatedPlace,Village,176380.000,716772.000,9000,250000,175973.568,715967.056,177119.376,717387.869,PA34,http://data.ordnancesurvey.co.uk/id/postcodedistrict/PA34,,,,,,,Argyll and Bute,http://data.ordnancesurvey.co.uk/id/7000000000030106,http://data.ordnancesurvey.co.uk/ontology/admingeo/UnitaryAuthority,Scotland,http://data.ordnancesurvey.co.uk/id/7000000000041429,Scotland,http://data.ordnancesurvey.co.uk/id/country/scotland,,http://dbpedia.org/resource/Balvicar,
osgb4000000074335272,http://data.ordnancesurvey.co.uk/id/4000000074335272,Lunga,,,,populatedPlace,Other Settlement,179505.870,706691.490,15000,25000,179067.585,706273.990,179923.513,707078.350,PA31,http://data.ordnancesurvey.co.uk/id/postcodedistrict/PA31,,,,,,,Argyll and Bute,http://data.ordnancesurvey.co.uk/id/7000000000030106,http://data.ordnancesurvey.co.uk/ontology/admingeo/UnitaryAuthority,Scotland,http://data.ordnancesurvey.co.uk/id/7000000000041429,Scotland,http://data.ordnancesurvey.co.uk/id/country/scotland,,,http://sws.geonames.org/2643375
osgb4000000074550847,http://data.ordnancesurvey.co.uk/id/4000000074550847,Toberonochy,,,,populatedPlace,Village,174880.000,708724.000,4000,250000,174384.935,708439.800,175015.270,709041.138,PA34,http://data.ordnancesurvey.co.uk/id/postcodedistrict/PA34,,,,,,,Argyll and Bute,http://data.ordnancesurvey.co.uk/id/7000000000030106,http://data.ordnancesurvey.co.uk/ontology/admingeo/UnitaryAuthority,Scotland,http://data.ordnancesurvey.co.uk/id/7000000000041429,Scotland,http://data.ordnancesurvey.co.uk/id/country/scotland,,,http://sws.geonames.org/2635753
PA344TY,http://data.ordnancesurvey.co.uk/id/postcodeunit/PA344TY,PA34 4TY,,,,other,Postcode,174373.000,710099.000,3500,18000,,,,,,,,,,,,,Argyll and Bute,http://data.ordnancesurvey.co.uk/id/7000000000030106,http://data.ordnancesurvey.co.uk/ontology/admingeo/UnitaryAuthority,Scotland,http://data.ordnancesurvey.co.uk/id/7000000000041429,Scotland,http://data.ordnancesurvey.co.uk/id/country/scotland,,,
PA344UG,http://data.ordnancesurvey.co.uk/id/postcodeunit/PA344UG,PA34 4UG,,,,other,Postcode,174788.000,708776.000,3500,18000,,,,,,,Toberonochy,http://data.ordnancesurvey.co.uk/id/4000000074550847,http://www.ordnancesurvey.co.uk/xml/codelists/localtype.xml#village,,,,Argyll and Bute,http://data.ordnancesurvey.co.uk/id/7000000000030106,http://data.ordnancesurvey.co.uk/ontology/admingeo/UnitaryAuthority,Scotland,http://data.ordnancesurvey.co.uk/id/7000000000041429,Scotland,http://data.ordnancesurvey.co.uk/id/country/scotland,,,
PA344UH,http://data.ordnancesurvey.co.uk/id/postcodeunit/PA344UH,PA34 4UH,,,,other,Postcode,174482.000,708966.000,3500,18000,,,,,,,Toberonochy,http://data.ordnancesurvey.co.uk/id/4000000074550847,http://www.ordnancesurvey.co.uk/xml/codelists/localtype.xml#village,,,,Argyll and Bute,http://data.ordnancesurvey.co.uk/id/7000000000030106,http://data.ordnancesurvey.co.uk/ontology/admingeo/UnitaryAuthority,Scotland,http://data.ordnancesurvey.co.uk/id/7000000000041429,Scotland,http://data.ordnancesurvey.co.uk/id/country/scotland,,,
PA344UF,http://data.ordnancesurvey.co.uk/id/postcodeunit/PA344UF,PA34 4UF,,,,other,Postcode,174922.000,708721.000,3500,18000,,,,,,,Toberonochy,http://data.ordnancesurvey.co.uk/id/4000000074550847,http://www.ordnancesurvey.co.uk/xml/codelists/localtype.xml#village,,,,Argyll and Bute,http://data.ordnancesurvey.co.uk/id/7000000000030106,http://data.ordnancesurvey.co.uk/ontology/admingeo/UnitaryAuthority,Scotland,http://data.ordnancesurvey.co.uk/id/7000000000041429,Scotland,http://data.ordnancesurvey.co.uk/id/country/scotland,,,
PA344RE,http://data.ordnancesurvey.co.uk/id/postcodeunit/PA344RE,PA34 4RE,,,,other,Postcode,174264.000,717397.000,3500,18000,,,,,,,Ellenabeich,http://data.ordnancesurvey.co.uk/id/4000000074550850,http://www.ordnancesurvey.co.uk/xml/codelists/localtype.xml#village,,,,Argyll and Bute,http://data.ordnancesurvey.co.uk/id/7000000000030106,http://data.ordnancesurvey.co.uk/ontology/admingeo/UnitaryAuthority,Scotland,http://data.ordnancesurvey.co.uk/id/7000000000041429,Scotland,http://data.ordnancesurvey.co.uk/id/country/scotland,,,
PA344RD,http://data.ordnancesurvey.co.uk/id/postcodeunit/PA344RD,PA34 4RD,,,,other,Postcode,175845.000,716727.000,3500,18000,,,,,,,,,,,,,Argyll and Bute,http://data.ordnancesurvey.co.uk/id/7000000000030106,http://data.ordnancesurvey.co.uk/ontology/admingeo/UnitaryAuthority,Scotland,http://data.ordnancesurvey.co.uk/id/7000000000041429,Scotland,http://data.ordnancesurvey.co.uk/id/country/scotland,,,
PA344TW,http://data.ordnancesurvey.co.uk/id/postcodeunit/PA344TW,PA34 4TW,,,,other,Postcode,178240.000,719101.000,3500,18000,,,,,,,Clachan Seil,http://data.ordnancesurvey.co.uk/id/4000000074550846,http://www.ordnancesurvey.co.uk/xml/codelists/localtype.xml#village,,,,Argyll and Bute,http://data.ordnancesurvey.co.uk/id/7000000000030106,http://data.ordnancesurvey.co.uk/ontology/admingeo/UnitaryAuthority,Scotland,http://data.ordnancesurvey.co.uk/id/7000000000041429,Scotland,http://data.ordnancesurvey.co.uk/id/country/scotland,,,
PA344RJ,http://data.ordnancesurvey.co.uk/id/postcodeunit/PA344RJ,PA34 4RJ,,,,other,Postcode,176141.000,716099.000,3500,18000,,,,,,,Balvicar,http://data.ordnancesurvey.co.uk/id/4000000074550472,http://www.ordnancesurvey.co.uk/xml/codelists/localtype.xml#village,,,,Argyll and Bute,http://data.ordnancesurvey.co.uk/id/7000000000030106,http://data.ordnancesurvey.co.uk/ontology/admingeo/UnitaryAuthority,Scotland,http://data.ordnancesurvey.co.uk/id/7000000000041429,Scotland,http://data.ordnancesurvey.co.uk/id/country/scotland,,,
PA318JE,http://data.ordnancesurvey.co.uk/id/postcodeunit/PA318JE,PA31 8JE,,,,other,Postcode,179497.000,703422.000,3500,18000,,,,,,,,,,,,,Argyll and Bute,http://data.ordnancesurvey.co.uk/id/7000000000030106,http://data.ordnancesurvey.co.uk/ontology/admingeo/UnitaryAuthority,Scotland,http://data.ordnancesurvey.co.uk/id/7000000000041429,Scotland,http://data.ordnancesurvey.co.uk/id/country/scotland,,,
PA344QY,http://data.ordnancesurvey.co.uk/id/postcodeunit/PA344QY,PA34 4QY,,,,other,Postcode,178978.000,717592.000,3500,18000,,,,,,,,,,,,,Argyll and Bute,http://data.ordnancesurvey.co.uk/id/7000000000030106,http://data.ordnancesurvey.co.uk/ontology/admingeo/UnitaryAuthority,Scotland,http://data.ordnancesurvey.co.uk/id/7000000000041429,Scotland,http://data.ordnancesurvey.co.uk/id/country/scotland,,,
PA344RB,http://data.ordnancesurvey.co.uk/id/postcodeunit/PA344RB,PA34 4RB,,,,other,Postcode,175426.000,714449.000,3500,18000,,,,,,,Cuan,http://data.ordnancesurvey.co.uk/id/4000000074550471,http://www.ordnancesurvey.co.uk/xml/codelists/localtype.xml#hamlet,,,,Argyll and Bute,http://data.ordnancesurvey.co.uk/id/7000000000030106,http://data.ordnancesurvey.co.uk/ontology/admingeo/UnitaryAuthority,Scotland,http://data.ordnancesurvey.co.uk/id/7000000000041429,Scotland,http://data.ordnancesurvey.co.uk/id/country/scotland,,,
PA318QS,http://data.ordnancesurvey.co.uk/id/postcodeunit/PA318QS,PA31 8QS,,,,other,Postcode,177174.000,701639.000,3500,18000,,,,,,,,,,,,,Argyll and Bute,http://data.ordnancesurvey.co.uk/id/7000000000030106,http://data.ordnancesurvey.co.uk/ontology/admingeo/UnitaryAuthority,Scotland,http://data.ordnancesurvey.co.uk/id/7000000000041429,Scotland,http://data.ordnancesurvey.co.uk/id/country/scotland,,,
PA344TL,http://data.ordnancesurvey.co.uk/id/postcodeunit/PA344TL,PA34 4TL,,,,other,Postcode,177732.000,718132.000,3500,18000,,,,,,,Oban Seil,http://data.ordnancesurvey.co.uk/id/4000000074550473,http://www.ordnancesurvey.co.uk/xml/codelists/localtype.xml#otherSettlement,,,,Argyll and Bute,http://data.ordnancesurvey.co.uk/id/7000000000030106,http://data.ordnancesurvey.co.uk/ontology/admingeo/UnitaryAuthority,Scotland,http://data.ordnancesurvey.co.uk/id/7000000000041429,Scotland,http://data.ordnancesurvey.co.uk/id/country/scotland,,,
PA344RH,http://data.ordnancesurvey.co.uk/id/postcodeunit/PA344RH,PA34 4RH,,,,other,Postcode,178663.000,719357.000,3500,18000,,,,,,,,,,,,,Argyll and Bute,http://data.ordnancesurvey.co.uk/id/7000000000030106,http://data.ordnancesurvey.co.uk/ontology/admingeo/UnitaryAuthority,Scotland,http://data.ordnancesurvey.co.uk/id/7000000000041429,Scotland,http://data.ordnancesurvey.co.uk/id/country/scotland,,,
PA344TN,http://data.ordnancesurvey.co.uk/id/postcodeunit/PA344TN,PA34 4TN,,,,other,Postcode,177260.000,718112.000,3500,18000,,,,,,,Oban Seil,http://data.ordnancesurvey.co.uk/id/4000000074550473,http://www.ordnancesurvey.co.uk/xml/codelists/localtype.xml#otherSettlement,,,,Argyll and Bute,http://data.ordnancesurvey.co.uk/id/7000000000030106,http://data.ordnancesurvey.co.uk/ontology/admingeo/UnitaryAuthority,Scotland,http://data.ordnancesurvey.co.uk/id/7000000000041429,Scotland,http://data.ordnancesurvey.co.uk/id/country/scotland,,,
PA344TP,http://data.ordnancesurvey.co.uk/id/postcodeunit/PA344TP,PA34 4TP,,,,other,Postcode,178097.000,718811.000,3500,18000,,,,,,,Clachan Seil,http://data.ordnancesurvey.co.uk/id/4000000074550846,http://www.ordnancesurvey.co.uk/xml/codelists/localtype.xml#village,,,,Argyll and Bute,http://data.ordnancesurvey.co.uk/id/7000000000030106,http://data.ordnancesurvey.co.uk/ontology/admingeo/UnitaryAuthority,Scotland,http://data.ordnancesurvey.co.uk/id/7000000000041429,Scotland,http://data.ordnancesurvey.co.uk/id/country/scotland,,,
PA344TH,http://data.ordnancesurvey.co.uk/id/postcodeunit/PA344TH,PA34 4TH,,,,other,Postcode,176422.000,716793.000,3500,18000,,,,,,,Balvicar,http://data.ordnancesurvey.co.uk/id/4000000074550472,http://www.ordnancesurvey.co.uk/xml/codelists/localtype.xml#village,,,,Argyll and Bute,http://data.ordnancesurvey.co.uk/id/7000000000030106,http://data.ordnancesurvey.co.uk/ontology/admingeo/UnitaryAuthority,Scotland,http://data.ordnancesurvey.co.uk/id/7000000000041429,Scotland,http://data.ordnancesurvey.co.uk/id/country/scotland,,,
PA318UA,http://data.ordnancesurvey.co.uk/id/postcodeunit/PA318UA,PA31 8UA,,,,other,Postcode,179556.000,707660.000,3500,18000,,,,,,,Craobh Haven,http://data.ordnancesurvey.co.uk/id/4000000074550095,http://www.ordnancesurvey.co.uk/xml/codelists/localtype.xml#village,,,,Argyll and Bute,http://data.ordnancesurvey.co.uk/id/7000000000030106,http://data.ordnancesurvey.co.uk/ontology/admingeo/UnitaryAuthority,Scotland,http://data.ordnancesurvey.co.uk/id/7000000000041429,Scotland,http://data.ordnancesurvey.co.uk/id/country/scotland,,,
PA344QZ,http://data.ordnancesurvey.co.uk/id/postcodeunit/PA344QZ,PA34 4QZ,,,,other,Postcode,178379.000,719679.000,3500,18000,,,,,,,Clachan Seil,http://data.ordnancesurvey.co.uk/id/4000000074550846,http://www.ordnancesurvey.co.uk/xml/codelists/localtype.xml#village,,,,Argyll and Bute,http://data.ordnancesurvey.co.uk/id/7000000000030106,http://data.ordnancesurvey.co.uk/ontology/admingeo/UnitaryAuthority,Scotland,http://data.ordnancesurvey.co.uk/id/7000000000041429,Scotland,http://data.ordnancesurvey.co.uk/id/country/scotland,,,
PA344RG,http://data.ordnancesurvey.co.uk/id/postcodeunit/PA344RG,PA34 4RG,,,,other,Postcode,175281.000,716809.000,3500,18000,,,,,,,Ellenabeich,http://data.ordnancesurvey.co.uk/id/4000000074550850,http://www.ordnancesurvey.co.uk/xml/codelists/localtype.xml#village,,,,Argyll and Bute,http://data.ordnancesurvey.co.uk/id/7000000000030106,http://data.ordnancesurvey.co.uk/ontology/admingeo/UnitaryAuthority,Scotland,http://data.ordnancesurvey.co.uk/id/7000000000041429,Scotland,http://data.ordnancesurvey.co.uk/id/country/scotland,,,
PA344UD,http://data.ordnancesurvey.co.uk/id/postcodeunit/PA344UD,PA34 4UD,,,,other,Postcode,175550.000,712026.000,3500,18000,,,,,,,,,,,,,Argyll and Bute,http://data.ordnancesurvey.co.uk/id/7000000000030106,http://data.ordnancesurvey.co.uk/ontology/admingeo/UnitaryAuthority,Scotland,http://data.ordnancesurvey.co.uk/id/7000000000041429,Scotland,http://data.ordnancesurvey.co.uk/id/country/scotland,,,
PA344UA,http://data.ordnancesurvey.co.uk/id/postcodeunit/PA344UA,PA34 4UA,,,,other,Postcode,174000.000,712267.000,3500,18000,,,,,,,Cullipool,http://data.ordnancesurvey.co.uk/id/4000000074550848,http://www.ordnancesurvey.co.uk/xml/codelists/localtype.xml#village,,,,Argyll and Bute,http://data.ordnancesurvey.co.uk/id/7000000000030106,http://data.ordnancesurvey.co.uk/ontology/admingeo/UnitaryAuthority,Scotland,http://data.ordnancesurvey.co.uk/id/7000000000041429,Scotland,http://data.ordnancesurvey.co.uk/id/country/scotland,,,
PA344TZ,http://data.ordnancesurvey.co.uk/id/postcodeunit/PA344TZ,PA34 4TZ,,,,other,Postcode,173304.000,708434.000,3500,18000,,,,,,,Black Mill Bay,http://data.ordnancesurvey.co.uk/id/4000000074335149,http://www.ordnancesurvey.co.uk/xml/codelists/localtype.xml#hamlet,,,,Argyll and Bute,http://data.ordnancesurvey.co.uk/id/7000000000030106,http://data.ordnancesurvey.co.uk/ontology/admingeo/UnitaryAuthority,Scotland,http://data.ordnancesurvey.co.uk/id/7000000000041429,Scotland,http://data.ordnancesurvey.co.uk/id/country/scotland,,,
PA318AN,http://data.ordnancesurvey.co.uk/id/postcodeunit/PA318AN,PA31 8AN,,,,other,Postcode,179662.000,703376.000,3500,18000,,,,,,,,,,,,,Argyll and Bute,http://data.ordnancesurvey.co.uk/id/7000000000030106,http://data.ordnancesurvey.co.uk/ontology/admingeo/UnitaryAuthority,Scotland,http://data.ordnancesurvey.co.uk/id/7000000000041429,Scotland,http://data.ordnancesurvey.co.uk/id/country/scotland,,,
PA318UU,http://data.ordnancesurvey.co.uk/id/postcodeunit/PA318UU,PA31 8UU,,,,other,Postcode,179540.000,706611.000,3500,18000,,,,,,,Lunga,http://data.ordnancesurvey.co.uk/id/4000000074335272,http://www.ordnancesurvey.co.uk/xml/codelists/localtype.xml#otherSettlement,,,,Argyll and Bute,http://data.ordnancesurvey.co.uk/id/7000000000030106,http://data.ordnancesurvey.co.uk/ontology/admingeo/UnitaryAuthority,Scotland,http://data.ordnancesurvey.co.uk/id/7000000000041429,Scotland,http://data.ordnancesurvey.co.uk/id/country/scotland,,,
PA344UB,http://data.ordnancesurvey.co.uk/id/postcodeunit/PA344UB,PA34 4UB,,,,other,Postcode,173935.000,713087.000,3500,18000,,,,,,,Cullipool,http://data.ordnancesurvey.co.uk/id/4000000074550848,http://www.ordnancesurvey.co.uk/xml/codelists/localtype.xml#village,,,,Argyll and Bute,http://data.ordnancesurvey.co.uk/id/7000000000030106,http://data.ordnancesurvey.co.uk/ontology/admingeo/UnitaryAuthority,Scotland,http://data.ordnancesurvey.co.uk/id/7000000000041429,Scotland,http://data.ordnancesurvey.co.uk/id/country/scotland,,,
PA344RF,http://data.ordnancesurvey.co.uk/id/postcodeunit/PA344RF,PA34 4RF,,,,other,Postcode,174799.000,717294.000,3500,18000,,,,,,,Ellenabeich,http://data.ordnancesurvey.co.uk/id/4000000074550850,http://www.ordnancesurvey.co.uk/xml/codelists/localtype.xml#village,,,,Argyll and Bute,http://data.ordnancesurvey.co.uk/id/7000000000030106,http://data.ordnancesurvey.co.uk/ontology/admingeo/UnitaryAuthority,Scotland,http://data.ordnancesurvey.co.uk/id/7000000000041429,Scotland,http://data.ordnancesurvey.co.uk/id/country/scotland,,,
PA344RQ,http://data.ordnancesurvey.co.uk/id/postcodeunit/PA344RQ,PA34 4RQ,,,,other,Postcode,174318.000,717296.000,3500,18000,,,,,,,Ellenabeich,http://data.ordnancesurvey.co.uk/id/4000000074550850,http://www.ordnancesurvey.co.uk/xml/codelists/localtype.xml#village,,,,Argyll and Bute,http://data.ordnancesurvey.co.uk/id/7000000000030106,http://data.ordnancesurvey.co.uk/ontology/admingeo/UnitaryAuthority,Scotland,http://data.ordnancesurvey.co.uk/id/7000000000041429,Scotland,http://data.ordnancesurvey.co.uk/id/country/scotland,,,
PA344TG,http://data.ordnancesurvey.co.uk/id/postcodeunit/PA344TG,PA34 4TG,,,,other,Postcode,176425.000,716720.000,3500,18000,,,,,,,Balvicar,http://data.ordnancesurvey.co.uk/id/4000000074550472,http://www.ordnancesurvey.co.uk/xml/codelists/localtype.xml#village,,,,Argyll and Bute,http://data.ordnancesurvey.co.uk/id/7000000000030106,http://data.ordnancesurvey.co.uk/ontology/admingeo/UnitaryAuthority,Scotland,http://data.ordnancesurvey.co.uk/id/7000000000041429,Scotland,http://data.ordnancesurvey.co.uk/id/country/scotland,,,
PA344TX,http://data.ordnancesurvey.co.uk/id/postcodeunit/PA344TX,PA34 4TX,,,,other,Postcode,173742.000,712439.000,3500,18000,,,,,,,Cullipool,http://data.ordnancesurvey.co.uk/id/4000000074550848,http://www.ordnancesurvey.co.uk/xml/codelists/localtype.xml#village,,,,Argyll and Bute,http://data.ordnancesurvey.co.uk/id/7000000000030106,http://data.ordnancesurvey.co.uk/ontology/admingeo/UnitaryAuthority,Scotland,http://data.ordnancesurvey.co.uk/id/7000000000041429,Scotland,http://data.ordnancesurvey.co.uk/id/country/scotland,,,
PA318UB,http://data.ordnancesurvey.co.uk/id/postcodeunit/PA318UB,PA31 8UB,,,,other,Postcode,179613.000,707681.000,3500,18000,,,,,,,Craobh Haven,http://data.ordnancesurvey.co.uk/id/4000000074550095,http://www.ordnancesurvey.co.uk/xml/codelists/localtype.xml#village,,,,Argyll and Bute,http://data.ordnancesurvey.co.uk/id/7000000000030106,http://data.ordnancesurvey.co.uk/ontology/admingeo/UnitaryAuthority,Scotland,http://data.ordnancesurvey.co.uk/id/7000000000041429,Scotland,http://data.ordnancesurvey.co.uk/id/country/scotland,,,
PA344XG,http://data.ordnancesurvey.co.uk/id/postcodeunit/PA344XG,PA34 4XG,,,,other,Postcode,179823.000,710407.000,3500,18000,,,,,,,Arduaine,http://data.ordnancesurvey.co.uk/id/4000000074334599,http://www.ordnancesurvey.co.uk/xml/codelists/localtype.xml#otherSettlement,,,,Argyll and Bute,http://data.ordnancesurvey.co.uk/id/7000000000030106,http://data.ordnancesurvey.co.uk/ontology/admingeo/UnitaryAuthority,Scotland,http://data.ordnancesurvey.co.uk/id/7000000000041429,Scotland,http://data.ordnancesurvey.co.uk/id/country/scotland,,,
PA344GH,http://data.ordnancesurvey.co.uk/id/postcodeunit/PA344GH,PA34 4GH,,,,other,Postcode,176333.000,716858.000,3500,18000,,,,,,,Balvicar,http://data.ordnancesurvey.co.uk/id/4000000074550472,http://www.ordnancesurvey.co.uk/xml/codelists/localtype.xml#village,,,,Argyll and Bute,http://data.ordnancesurvey.co.uk/id/7000000000030106,http://data.ordnancesurvey.co.uk/ontology/admingeo/UnitaryAuthority,Scotland,http://data.ordnancesurvey.co.uk/id/7000000000041429,Scotland,http://data.ordnancesurvey.co.uk/id/country/scotland,,,
PA344XQ,http://data.ordnancesurvey.co.uk/id/postcodeunit/PA344XQ,PA34 4XQ,,,,other,Postcode,180000.000,710089.000,3500,18000,,,,,,,Arduaine,http://data.ordnancesurvey.co.uk/id/4000000074334599,http://www.ordnancesurvey.co.uk/xml/codelists/localtype.xml#otherSettlement,,,,Argyll and Bute,http://data.ordnancesurvey.co.uk/id/7000000000030106,http://data.ordnancesurvey.co.uk/ontology/admingeo/UnitaryAuthority,Scotland,http://data.ordnancesurvey.co.uk/id/7000000000041429,Scotland,http://data.ordnancesurvey.co.uk/id/country/scotland,,,
PA344SZ,http://data.ordnancesurvey.co.uk/id/postcodeunit/PA344SZ,PA34 4SZ,,,,other,Postcode,175899.000,707520.000,3500,18000,,,,,,,,,,,,,Argyll and Bute,http://data.ordnancesurvey.co.uk/id/7000000000030106,http://data.ordnancesurvey.co.uk/ontology/admingeo/UnitaryAuthority,Scotland,http://data.ordnancesurvey.co.uk/id/7000000000041429,Scotland,http://data.ordnancesurvey.co.uk/id/country/scotland,,,
PA344TE,http://data.ordnancesurvey.co.uk/id/postcodeunit/PA344TE,PA34 4TE,,,,other,Postcode,176765.000,716337.000,3500,18000,,,,,,,Balvicar,http://data.ordnancesurvey.co.uk/id/4000000074550472,http://www.ordnancesurvey.co.uk/xml/codelists/localtype.xml#village,,,,Argyll and Bute,http://data.ordnancesurvey.co.uk/id/7000000000030106,http://data.ordnancesurvey.co.uk/ontology/admingeo/UnitaryAuthority,Scotland,http://data.ordnancesurvey.co.uk/id/7000000000041429,Scotland,http://data.ordnancesurvey.co.uk/id/country/scotland,,,
PA344TB,http://data.ordnancesurvey.co.uk/id/postcodeunit/PA344TB,PA34 4TB,,,,other,Postcode,173873.000,717024.000,3500,18000,,,,,,,Easdale,http://data.ordnancesurvey.co.uk/id/4000000074550849,http://www.ordnancesurvey.co.uk/xml/codelists/localtype.xml#village,,,,Argyll and Bute,http://data.ordnancesurvey.co.uk/id/7000000000030106,http://data.ordnancesurvey.co.uk/ontology/admingeo/UnitaryAuthority,Scotland,http://data.ordnancesurvey.co.uk/id/7000000000041429,Scotland,http://data.ordnancesurvey.co.uk/id/country/scotland,,,
PA344TF,http://data.ordnancesurvey.co.uk/id/postcodeunit/PA344TF,PA34 4TF,,,,other,Postcode,176726.000,716889.000,3500,18000,,,,,,,Balvicar,http://data.ordnancesurvey.co.uk/id/4000000074550472,http://www.ordnancesurvey.co.uk/xml/codelists/localtype.xml#village,,,,Argyll and Bute,http://data.ordnancesurvey.co.uk/id/7000000000030106,http://data.ordnancesurvey.co.uk/ontology/admingeo/UnitaryAuthority,Scotland,http://data.ordnancesurvey.co.uk/id/7000000000041429,Scotland,http://data.ordnancesurvey.co.uk/id/country/scotland,,,
PA344RA,http://data.ordnancesurvey.co.uk/id/postcodeunit/PA344RA,PA34 4RA,,,,other,Postcode,176916.000,716656.000,3500,18000,,,,,,,Balvicar,http://data.ordnancesurvey.co.uk/id/4000000074550472,http://www.ordnancesurvey.co.uk/xml/codelists/localtype.xml#village,,,,Argyll and Bute,http://data.ordnancesurvey.co.uk/id/7000000000030106,http://data.ordnancesurvey.co.uk/ontology/admingeo/UnitaryAuthority,Scotland,http://data.ordnancesurvey.co.uk/id/7000000000041429,Scotland,http://data.ordnancesurvey.co.uk/id/country/scotland,,,
osgb4000000004232879,http://data.ordnancesurvey.co.uk/id/4000000004232879,Seaview Terrace,,,,transportNetwork,Named Road,175263.000,716816.000,1000,20000,175261.000,716754.271,175274.986,716883.000,PA34,http://data.ordnancesurvey.co.uk/id/postcodedistrict/PA34,Ellenabeich,http://data.ordnancesurvey.co.uk/id/4000000074550850,http://www.ordnancesurvey.co.uk/xml/codelists/localtype.xml#village,,,,Argyll and Bute,http://data.ordnancesurvey.co.uk/id/7000000000030106,http://data.ordnancesurvey.co.uk/ontology/admingeo/UnitaryAuthority,Scotland,http://data.ordnancesurvey.co.uk/id/7000000000041429,Scotland,http://data.ordnancesurvey.co.uk/id/country/scotland,,,
osgb4000000004233013,http://data.ordnancesurvey.co.uk/id/4000000004233013,B8002,,,,transportNetwork,Numbered Road,179675.768,703143.123,39000,250000,176574.000,700575.000,182553.639,705883.380,PA31,http://data.ordnancesurvey.co.uk/id/postcodedistrict/PA31,,,,,,,Argyll and Bute,http://data.ordnancesurvey.co.uk/id/7000000000030106,http://data.ordnancesurvey.co.uk/ontology/admingeo/UnitaryAuthority,Scotland,http://data.ordnancesurvey.co.uk/id/7000000000041429,Scotland,http://data.ordnancesurvey.co.uk/id/country/scotland,,,
osgb4000000004232812,http://data.ordnancesurvey.co.uk/id/4000000004232812,King's Yard,,,,transportNetwork,Named Road,179602.000,707692.000,1000,20000,179548.160,707673.827,179664.000,707716.050,PA31,http://data.ordnancesurvey.co.uk/id/postcodedistrict/PA31,Craobh Haven,http://data.ordnancesurvey.co.uk/id/4000000074550095,http://www.ordnancesurvey.co.uk/xml/codelists/localtype.xml#village,,,,Argyll and Bute,http://data.ordnancesurvey.co.uk/id/7000000000030106,http://data.ordnancesurvey.co.uk/ontology/admingeo/UnitaryAuthority,Scotland,http://data.ordnancesurvey.co.uk/id/7000000000041429,Scotland,http://data.ordnancesurvey.co.uk/id/country/scotland,,,
PA344TR,http://data.ordnancesurvey.co.uk/id/postcodeunit/PA344TR,PA34 4TR,,,,other,Postcode,178010.000,718702.000,3500,18000,,,,,,,Clachan Seil,http://data.ordnancesurvey.co.uk/id/4000000074550846,http://www.ordnancesurvey.co.uk/xml/codelists/localtype.xml#village,,,,Argyll and Bute,http://data.ordnancesurvey.co.uk/id/7000000000030106,http://data.ordnancesurvey.co.uk/ontology/admingeo/UnitaryAuthority,Scotland,http://data.ordnancesurvey.co.uk/id/7000000000041429,Scotland,http://data.ordnancesurvey.co.uk/id/country/scotland,,,
PA344TU,http://data.ordnancesurvey.co.uk/id/postcodeunit/PA344TU,PA34 4TU,,,,other,Postcode,175190.000,713872.000,3500,18000,,,,,,,South Cuan,http://data.ordnancesurvey.co.uk/id/4000000074335148,http://www.ordnancesurvey.co.uk/xml/codelists/localtype.xml#hamlet,,,,Argyll and Bute,http://data.ordnancesurvey.co.uk/id/7000000000030106,http://data.ordnancesurvey.co.uk/ontology/admingeo/UnitaryAuthority,Scotland,http://data.ordnancesurvey.co.uk/id/7000000000041429,Scotland,http://data.ordnancesurvey.co.uk/id/country/scotland,,,
PA344UE,http://data.ordnancesurvey.co.uk/id/postcodeunit/PA344UE,PA34 4UE,,,,other,Postcode,174913.000,708682.000,3500,18000,,,,,,,Toberonochy,http://data.ordnancesurvey.co.uk/id/4000000074550847,http://www.ordnancesurvey.co.uk/xml/codelists/localtype.xml#village,,,,Argyll and Bute,http://data.ordnancesurvey.co.uk/id/7000000000030106,http://data.ordnancesurvey.co.uk/ontology/admingeo/UnitaryAuthority,Scotland,http://data.ordnancesurvey.co.uk/id/7000000000041429,Scotland,http://data.ordnancesurvey.co.uk/id/country/scotland,,,
PA344TJ,http://data.ordnancesurvey.co.uk/id/postcodeunit/PA344TJ,PA34 4TJ,,,,other,Postcode,178236.000,719171.000,3500,18000,,,,,,,Clachan Seil,http://data.ordnancesurvey.co.uk/id/4000000074550846,http://www.ordnancesurvey.co.uk/xml/codelists/localtype.xml#village,,,,Argyll and Bute,http://data.ordnancesurvey.co.uk/id/7000000000030106,http://data.ordnancesurvey.co.uk/ontology/admingeo/UnitaryAuthority,Scotland,http://data.ordnancesurvey.co.uk/id/7000000000041429,Scotland,http://data.ordnancesurvey.co.uk/id/country/scotland,,,
osgb4000000004232811,http://data.ordnancesurvey.co.uk/id/4000000004232811,The Green,,,,transportNetwork,Named Road,179614.000,707665.000,1000,20000,179552.000,707639.000,179664.000,707685.810,PA31,http://data.ordnancesurvey.co.uk/id/postcodedistrict/PA31,Craobh Haven,http://data.ordnancesurvey.co.uk/id/4000000074550095,http://www.ordnancesurvey.co.uk/xml/codelists/localtype.xml#village,,,,Argyll and Bute,http://data.ordnancesurvey.co.uk/id/7000000000030106,http://data.ordnancesurvey.co.uk/ontology/admingeo/UnitaryAuthority,Scotland,http://data.ordnancesurvey.co.uk/id/7000000000041429,Scotland,http://data.ordnancesurvey.co.uk/id/country/scotland,,,
osgb4000000004234587,http://data.ordnancesurvey.co.uk/id/4000000004234587,B844,,,,transportNetwork,Numbered Road,178655.000,719538.000,60000,250000,174254.546,716598.990,183446.000,722650.000,PA34,http://data.ordnancesurvey.co.uk/id/postcodedistrict/PA34,,,,,,,Argyll and Bute,http://data.ordnancesurvey.co.uk/id/7000000000030106,http://data.ordnancesurvey.co.uk/ontology/admingeo/UnitaryAuthority,Scotland,http://data.ordnancesurvey.co.uk/id/7000000000041429,Scotland,http://data.ordnancesurvey.co.uk/id/country/scotland,,,
osgb4000000004238935,http://data.ordnancesurvey.co.uk/id/4000000004238935,Cnoc A Challtuinn,,,,transportNetwork,Named Road,177966.000,718618.000,2000,20000,177855.691,718509.383,178090.000,718759.090,PA34,http://data.ordnancesurvey.co.uk/id/postcodedistrict/PA34,Clachan Seil,http://data.ordnancesurvey.co.uk/id/4000000074550846,http://www.ordnancesurvey.co.uk/xml/codelists/localtype.xml#village,,,,Argyll and Bute,http://data.ordnancesurvey.co.uk/id/7000000000030106,http://data.ordnancesurvey.co.uk/ontology/admingeo/UnitaryAuthority,Scotland,http://data.ordnancesurvey.co.uk/id/7000000000041429,Scotland,http://data.ordnancesurvey.co.uk/id/country/scotland,,,
osgb4000000004233015,http://data.ordnancesurvey.co.uk/id/4000000004233015,B8003,,,,transportNetwork,Numbered Road,175864.434,715609.141,16000,250000,175390.335,714353.217,176363.404,716840.804,PA34,http://data.ordnancesurvey.co.uk/id/postcodedistrict/PA34,,,,,,,Argyll and Bute,http://data.ordnancesurvey.co.uk/id/7000000000030106,http://data.ordnancesurvey.co.uk/ontology/admingeo/UnitaryAuthority,Scotland,http://data.ordnancesurvey.co.uk/id/7000000000041429,Scotland,http://data.ordnancesurvey.co.uk/id/country/scotland,,,
