﻿osgb4000000074552340,http://data.ordnancesurvey.co.uk/id/4000000074552340,Claggan,,,,populatedPlace,Other Settlement,169849.660,749678.900,15000,25000,169677.473,749522.414,170177.473,750022.414,PA80,http://data.ordnancesurvey.co.uk/id/postcodedistrict/PA80,,,,,,,Highland,http://data.ordnancesurvey.co.uk/id/7000000000029638,http://data.ordnancesurvey.co.uk/ontology/admingeo/UnitaryAuthority,Scotland,http://data.ordnancesurvey.co.uk/id/7000000000041429,Scotland,http://data.ordnancesurvey.co.uk/id/country/scotland,,,
osgb4000000074334820,http://data.ordnancesurvey.co.uk/id/4000000074334820,Achranich,,,,populatedPlace,Other Settlement,170225.298,747382.990,15000,25000,169650.613,747162.786,170811.262,747884.340,PA80,http://data.ordnancesurvey.co.uk/id/postcodedistrict/PA80,,,,,,,Highland,http://data.ordnancesurvey.co.uk/id/7000000000029638,http://data.ordnancesurvey.co.uk/ontology/admingeo/UnitaryAuthority,Scotland,http://data.ordnancesurvey.co.uk/id/7000000000041429,Scotland,http://data.ordnancesurvey.co.uk/id/country/scotland,,,
osgb4000000074552730,http://data.ordnancesurvey.co.uk/id/4000000074552730,Fiunary,,,,populatedPlace,Other Settlement,161871.000,746511.990,15000,25000,161227.145,745991.961,162680.691,747055.807,PA80,http://data.ordnancesurvey.co.uk/id/postcodedistrict/PA80,,,,,,,Highland,http://data.ordnancesurvey.co.uk/id/7000000000029638,http://data.ordnancesurvey.co.uk/ontology/admingeo/UnitaryAuthority,Scotland,http://data.ordnancesurvey.co.uk/id/7000000000041429,Scotland,http://data.ordnancesurvey.co.uk/id/country/scotland,,,http://sws.geonames.org/2648987
osgb4000000074813711,http://data.ordnancesurvey.co.uk/id/4000000074813711,Loch Alainn,gla,Lochaline,eng,populatedPlace,Village,167862.513,744613.517,11000,250000,166416.759,744228.906,168074.709,745719.419,PA80,http://data.ordnancesurvey.co.uk/id/postcodedistrict/PA80,,,,,,,Highland,http://data.ordnancesurvey.co.uk/id/7000000000029638,http://data.ordnancesurvey.co.uk/ontology/admingeo/UnitaryAuthority,Scotland,http://data.ordnancesurvey.co.uk/id/7000000000041429,Scotland,http://data.ordnancesurvey.co.uk/id/country/scotland,,,
PA805LQ,http://data.ordnancesurvey.co.uk/id/postcodeunit/PA805LQ,PA80 5LQ,,,,other,Postcode,168009.000,744962.000,3500,18000,,,,,,,Loch Alainn / Lochaline,http://data.ordnancesurvey.co.uk/id/4000000074813711,http://www.ordnancesurvey.co.uk/xml/codelists/localtype.xml#village,,,,Highland,http://data.ordnancesurvey.co.uk/id/7000000000029638,http://data.ordnancesurvey.co.uk/ontology/admingeo/UnitaryAuthority,Scotland,http://data.ordnancesurvey.co.uk/id/7000000000041429,Scotland,http://data.ordnancesurvey.co.uk/id/country/scotland,,,
PA805XW,http://data.ordnancesurvey.co.uk/id/postcodeunit/PA805XW,PA80 5XW,,,,other,Postcode,167629.000,744957.000,3500,18000,,,,,,,Loch Alainn / Lochaline,http://data.ordnancesurvey.co.uk/id/4000000074813711,http://www.ordnancesurvey.co.uk/xml/codelists/localtype.xml#village,,,,Highland,http://data.ordnancesurvey.co.uk/id/7000000000029638,http://data.ordnancesurvey.co.uk/ontology/admingeo/UnitaryAuthority,Scotland,http://data.ordnancesurvey.co.uk/id/7000000000041429,Scotland,http://data.ordnancesurvey.co.uk/id/country/scotland,,,
PA805XT,http://data.ordnancesurvey.co.uk/id/postcodeunit/PA805XT,PA80 5XT,,,,other,Postcode,167750.000,744922.000,3500,18000,,,,,,,Loch Alainn / Lochaline,http://data.ordnancesurvey.co.uk/id/4000000074813711,http://www.ordnancesurvey.co.uk/xml/codelists/localtype.xml#village,,,,Highland,http://data.ordnancesurvey.co.uk/id/7000000000029638,http://data.ordnancesurvey.co.uk/ontology/admingeo/UnitaryAuthority,Scotland,http://data.ordnancesurvey.co.uk/id/7000000000041429,Scotland,http://data.ordnancesurvey.co.uk/id/country/scotland,,,
PA805XS,http://data.ordnancesurvey.co.uk/id/postcodeunit/PA805XS,PA80 5XS,,,,other,Postcode,167628.000,744516.000,3500,18000,,,,,,,Loch Alainn / Lochaline,http://data.ordnancesurvey.co.uk/id/4000000074813711,http://www.ordnancesurvey.co.uk/xml/codelists/localtype.xml#village,,,,Highland,http://data.ordnancesurvey.co.uk/id/7000000000029638,http://data.ordnancesurvey.co.uk/ontology/admingeo/UnitaryAuthority,Scotland,http://data.ordnancesurvey.co.uk/id/7000000000041429,Scotland,http://data.ordnancesurvey.co.uk/id/country/scotland,,,
PA805XE,http://data.ordnancesurvey.co.uk/id/postcodeunit/PA805XE,PA80 5XE,,,,other,Postcode,167031.000,752126.000,3500,18000,,,,,,,,,,,,,Highland,http://data.ordnancesurvey.co.uk/id/7000000000029638,http://data.ordnancesurvey.co.uk/ontology/admingeo/UnitaryAuthority,Scotland,http://data.ordnancesurvey.co.uk/id/7000000000041429,Scotland,http://data.ordnancesurvey.co.uk/id/country/scotland,,,
PH337AF,http://data.ordnancesurvey.co.uk/id/postcodeunit/PH337AF,PH33 7AF,,,,other,Postcode,177900.000,759633.000,3500,18000,,,,,,,,,,,,,Highland,http://data.ordnancesurvey.co.uk/id/7000000000029638,http://data.ordnancesurvey.co.uk/ontology/admingeo/UnitaryAuthority,Scotland,http://data.ordnancesurvey.co.uk/id/7000000000041429,Scotland,http://data.ordnancesurvey.co.uk/id/country/scotland,,,
PA805XU,http://data.ordnancesurvey.co.uk/id/postcodeunit/PA805XU,PA80 5XU,,,,other,Postcode,163533.000,746063.000,3500,18000,,,,,,,,,,,,,Highland,http://data.ordnancesurvey.co.uk/id/7000000000029638,http://data.ordnancesurvey.co.uk/ontology/admingeo/UnitaryAuthority,Scotland,http://data.ordnancesurvey.co.uk/id/7000000000041429,Scotland,http://data.ordnancesurvey.co.uk/id/country/scotland,,,
PA805XR,http://data.ordnancesurvey.co.uk/id/postcodeunit/PA805XR,PA80 5XR,,,,other,Postcode,167889.000,744841.000,3500,18000,,,,,,,Loch Alainn / Lochaline,http://data.ordnancesurvey.co.uk/id/4000000074813711,http://www.ordnancesurvey.co.uk/xml/codelists/localtype.xml#village,,,,Highland,http://data.ordnancesurvey.co.uk/id/7000000000029638,http://data.ordnancesurvey.co.uk/ontology/admingeo/UnitaryAuthority,Scotland,http://data.ordnancesurvey.co.uk/id/7000000000041429,Scotland,http://data.ordnancesurvey.co.uk/id/country/scotland,,,
PA805XG,http://data.ordnancesurvey.co.uk/id/postcodeunit/PA805XG,PA80 5XG,,,,other,Postcode,169475.000,748330.000,3500,18000,,,,,,,,,,,,,Highland,http://data.ordnancesurvey.co.uk/id/7000000000029638,http://data.ordnancesurvey.co.uk/ontology/admingeo/UnitaryAuthority,Scotland,http://data.ordnancesurvey.co.uk/id/7000000000041429,Scotland,http://data.ordnancesurvey.co.uk/id/country/scotland,,,
PA805UY,http://data.ordnancesurvey.co.uk/id/postcodeunit/PA805UY,PA80 5UY,,,,other,Postcode,167865.000,745572.000,3500,18000,,,,,,,Loch Alainn / Lochaline,http://data.ordnancesurvey.co.uk/id/4000000074813711,http://www.ordnancesurvey.co.uk/xml/codelists/localtype.xml#village,,,,Highland,http://data.ordnancesurvey.co.uk/id/7000000000029638,http://data.ordnancesurvey.co.uk/ontology/admingeo/UnitaryAuthority,Scotland,http://data.ordnancesurvey.co.uk/id/7000000000041429,Scotland,http://data.ordnancesurvey.co.uk/id/country/scotland,,,
PA805XF,http://data.ordnancesurvey.co.uk/id/postcodeunit/PA805XF,PA80 5XF,,,,other,Postcode,164528.000,755947.000,3500,18000,,,,,,,,,,,,,Highland,http://data.ordnancesurvey.co.uk/id/7000000000029638,http://data.ordnancesurvey.co.uk/ontology/admingeo/UnitaryAuthority,Scotland,http://data.ordnancesurvey.co.uk/id/7000000000041429,Scotland,http://data.ordnancesurvey.co.uk/id/country/scotland,,,
PA805XP,http://data.ordnancesurvey.co.uk/id/postcodeunit/PA805XP,PA80 5XP,,,,other,Postcode,167794.000,744785.000,3500,18000,,,,,,,Loch Alainn / Lochaline,http://data.ordnancesurvey.co.uk/id/4000000074813711,http://www.ordnancesurvey.co.uk/xml/codelists/localtype.xml#village,,,,Highland,http://data.ordnancesurvey.co.uk/id/7000000000029638,http://data.ordnancesurvey.co.uk/ontology/admingeo/UnitaryAuthority,Scotland,http://data.ordnancesurvey.co.uk/id/7000000000041429,Scotland,http://data.ordnancesurvey.co.uk/id/country/scotland,,,
PA656BA,http://data.ordnancesurvey.co.uk/id/postcodeunit/PA656BA,PA65 6BA,,,,other,Postcode,165758.000,741407.000,3500,18000,,,,,,,,,,,,,Argyll and Bute,http://data.ordnancesurvey.co.uk/id/7000000000030106,http://data.ordnancesurvey.co.uk/ontology/admingeo/UnitaryAuthority,Scotland,http://data.ordnancesurvey.co.uk/id/7000000000041429,Scotland,http://data.ordnancesurvey.co.uk/id/country/scotland,,,
PA805UZ,http://data.ordnancesurvey.co.uk/id/postcodeunit/PA805UZ,PA80 5UZ,,,,other,Postcode,170242.000,747204.000,3500,18000,,,,,,,Achranich,http://data.ordnancesurvey.co.uk/id/4000000074334820,http://www.ordnancesurvey.co.uk/xml/codelists/localtype.xml#otherSettlement,,,,Highland,http://data.ordnancesurvey.co.uk/id/7000000000029638,http://data.ordnancesurvey.co.uk/ontology/admingeo/UnitaryAuthority,Scotland,http://data.ordnancesurvey.co.uk/id/7000000000041429,Scotland,http://data.ordnancesurvey.co.uk/id/country/scotland,,,
PA805XD,http://data.ordnancesurvey.co.uk/id/postcodeunit/PA805XD,PA80 5XD,,,,other,Postcode,175026.000,752231.000,3500,18000,,,,,,,,,,,,,Highland,http://data.ordnancesurvey.co.uk/id/7000000000029638,http://data.ordnancesurvey.co.uk/ontology/admingeo/UnitaryAuthority,Scotland,http://data.ordnancesurvey.co.uk/id/7000000000041429,Scotland,http://data.ordnancesurvey.co.uk/id/country/scotland,,,
osgb4000000004234580,http://data.ordnancesurvey.co.uk/id/4000000004234580,A884,,,,transportNetwork,Numbered Road,174716.000,751138.000,127000,1000000,165719.000,741338.000,183825.000,760929.000,PA80,http://data.ordnancesurvey.co.uk/id/postcodedistrict/PA80,,,,,,,Highland,http://data.ordnancesurvey.co.uk/id/7000000000029638,http://data.ordnancesurvey.co.uk/ontology/admingeo/UnitaryAuthority,Scotland,http://data.ordnancesurvey.co.uk/id/7000000000041429,Scotland,http://data.ordnancesurvey.co.uk/id/country/scotland,,,
osgb4000000004232854,http://data.ordnancesurvey.co.uk/id/4000000004232854,Morvern Crescent,,,,transportNetwork,Named Road,167824.000,744801.000,1000,20000,167750.293,744799.034,167847.000,744807.000,PA80,http://data.ordnancesurvey.co.uk/id/postcodedistrict/PA80,Loch Alainn / Lochaline,http://data.ordnancesurvey.co.uk/id/4000000074813711,http://www.ordnancesurvey.co.uk/xml/codelists/localtype.xml#village,,,,Highland,http://data.ordnancesurvey.co.uk/id/7000000000029638,http://data.ordnancesurvey.co.uk/ontology/admingeo/UnitaryAuthority,Scotland,http://data.ordnancesurvey.co.uk/id/7000000000041429,Scotland,http://data.ordnancesurvey.co.uk/id/country/scotland,,,
osgb4000000004234588,http://data.ordnancesurvey.co.uk/id/4000000004234588,B849,,,,transportNetwork,Numbered Road,161416.000,746833.000,80000,250000,155599.000,744977.000,167971.007,753972.000,PA80,http://data.ordnancesurvey.co.uk/id/postcodedistrict/PA80,Fiunary,http://data.ordnancesurvey.co.uk/id/4000000074552730,http://www.ordnancesurvey.co.uk/xml/codelists/localtype.xml#otherSettlement,,,,Highland,http://data.ordnancesurvey.co.uk/id/7000000000029638,http://data.ordnancesurvey.co.uk/ontology/admingeo/UnitaryAuthority,Scotland,http://data.ordnancesurvey.co.uk/id/7000000000041429,Scotland,http://data.ordnancesurvey.co.uk/id/country/scotland,,,
PA805UU,http://data.ordnancesurvey.co.uk/id/postcodeunit/PA805UU,PA80 5UU,,,,other,Postcode,167859.000,745191.000,3500,18000,,,,,,,Loch Alainn / Lochaline,http://data.ordnancesurvey.co.uk/id/4000000074813711,http://www.ordnancesurvey.co.uk/xml/codelists/localtype.xml#village,,,,Highland,http://data.ordnancesurvey.co.uk/id/7000000000029638,http://data.ordnancesurvey.co.uk/ontology/admingeo/UnitaryAuthority,Scotland,http://data.ordnancesurvey.co.uk/id/7000000000041429,Scotland,http://data.ordnancesurvey.co.uk/id/country/scotland,,,
PA805XB,http://data.ordnancesurvey.co.uk/id/postcodeunit/PA805XB,PA80 5XB,,,,other,Postcode,169919.000,749724.000,3500,18000,,,,,,,Claggan,http://data.ordnancesurvey.co.uk/id/4000000074552340,http://www.ordnancesurvey.co.uk/xml/codelists/localtype.xml#otherSettlement,,,,Highland,http://data.ordnancesurvey.co.uk/id/7000000000029638,http://data.ordnancesurvey.co.uk/ontology/admingeo/UnitaryAuthority,Scotland,http://data.ordnancesurvey.co.uk/id/7000000000041429,Scotland,http://data.ordnancesurvey.co.uk/id/country/scotland,,,
osgb4000000004232926,http://data.ordnancesurvey.co.uk/id/4000000004232926,High Street,,,,transportNetwork,Named Road,167904.000,744839.000,1000,20000,167847.000,744807.000,167933.920,744857.144,PA80,http://data.ordnancesurvey.co.uk/id/postcodedistrict/PA80,Loch Alainn / Lochaline,http://data.ordnancesurvey.co.uk/id/4000000074813711,http://www.ordnancesurvey.co.uk/xml/codelists/localtype.xml#village,,,,Highland,http://data.ordnancesurvey.co.uk/id/7000000000029638,http://data.ordnancesurvey.co.uk/ontology/admingeo/UnitaryAuthority,Scotland,http://data.ordnancesurvey.co.uk/id/7000000000041429,Scotland,http://data.ordnancesurvey.co.uk/id/country/scotland,,,
