﻿osgb4000000074334892,http://data.ordnancesurvey.co.uk/id/4000000074334892,Port Ramsay,,,,populatedPlace,Hamlet,188176.400,745382.440,5000,25000,187358.448,744984.720,188357.551,745523.965,PA34,http://data.ordnancesurvey.co.uk/id/postcodedistrict/PA34,,,,,,,Argyll and Bute,http://data.ordnancesurvey.co.uk/id/7000000000030106,http://data.ordnancesurvey.co.uk/ontology/admingeo/UnitaryAuthority,Scotland,http://data.ordnancesurvey.co.uk/id/7000000000041429,Scotland,http://data.ordnancesurvey.co.uk/id/country/scotland,,,
osgb4000000074335242,http://data.ordnancesurvey.co.uk/id/4000000074335242,Cuil,,,,populatedPlace,Other Settlement,197979.080,755547.910,15000,25000,197522.415,754921.235,198471.825,756068.437,PA38,http://data.ordnancesurvey.co.uk/id/postcodedistrict/PA38,,,,,,,Highland,http://data.ordnancesurvey.co.uk/id/7000000000029638,http://data.ordnancesurvey.co.uk/ontology/admingeo/UnitaryAuthority,Scotland,http://data.ordnancesurvey.co.uk/id/7000000000041429,Scotland,http://data.ordnancesurvey.co.uk/id/country/scotland,,,
osgb4000000074551967,http://data.ordnancesurvey.co.uk/id/4000000074551967,Portnacroish,,,,populatedPlace,Village,192624.410,747293.840,6000,250000,192366.531,746953.276,193360.679,747687.936,PA38,http://data.ordnancesurvey.co.uk/id/postcodedistrict/PA38,,,,,,,Argyll and Bute,http://data.ordnancesurvey.co.uk/id/7000000000030106,http://data.ordnancesurvey.co.uk/ontology/admingeo/UnitaryAuthority,Scotland,http://data.ordnancesurvey.co.uk/id/7000000000041429,Scotland,http://data.ordnancesurvey.co.uk/id/country/scotland,,,http://sws.geonames.org/2640022
osgb4000000074334822,http://data.ordnancesurvey.co.uk/id/4000000074334822,Ceann Gheàrr Loch,gla,Kingairloch,eng,populatedPlace,Other Settlement,185614.000,752562.000,15000,25000,183495.332,752399.697,186399.432,753250.993,PH33,http://data.ordnancesurvey.co.uk/id/postcodedistrict/PH33,,,,,,,Highland,http://data.ordnancesurvey.co.uk/id/7000000000029638,http://data.ordnancesurvey.co.uk/ontology/admingeo/UnitaryAuthority,Scotland,http://data.ordnancesurvey.co.uk/id/7000000000041429,Scotland,http://data.ordnancesurvey.co.uk/id/country/scotland,,,
osgb4000000074551965,http://data.ordnancesurvey.co.uk/id/4000000074551965,Appin,,,,populatedPlace,Village,193652.740,746218.250,6000,250000,193532.556,745559.775,194112.192,746419.129,PA38,http://data.ordnancesurvey.co.uk/id/postcodedistrict/PA38,,,,,,,Argyll and Bute,http://data.ordnancesurvey.co.uk/id/7000000000030106,http://data.ordnancesurvey.co.uk/ontology/admingeo/UnitaryAuthority,Scotland,http://data.ordnancesurvey.co.uk/id/7000000000041429,Scotland,http://data.ordnancesurvey.co.uk/id/country/scotland,,http://dbpedia.org/resource/Appin,http://sws.geonames.org/6619484
osgb4000000074334811,http://data.ordnancesurvey.co.uk/id/4000000074334811,North Shian,,,,populatedPlace,Other Settlement,191661.000,743248.000,15000,25000,191412.965,742385.554,192174.297,743514.360,PA38,http://data.ordnancesurvey.co.uk/id/postcodedistrict/PA38,,,,,,,Argyll and Bute,http://data.ordnancesurvey.co.uk/id/7000000000030106,http://data.ordnancesurvey.co.uk/ontology/admingeo/UnitaryAuthority,Scotland,http://data.ordnancesurvey.co.uk/id/7000000000041429,Scotland,http://data.ordnancesurvey.co.uk/id/country/scotland,,,
osgb4000000074334891,http://data.ordnancesurvey.co.uk/id/4000000074334891,Creagan,,,,populatedPlace,Hamlet,196904.000,744861.000,5000,25000,196785.735,744517.392,197375.480,745017.392,PA38,http://data.ordnancesurvey.co.uk/id/postcodedistrict/PA38,,,,,,,Argyll and Bute,http://data.ordnancesurvey.co.uk/id/7000000000030106,http://data.ordnancesurvey.co.uk/ontology/admingeo/UnitaryAuthority,Scotland,http://data.ordnancesurvey.co.uk/id/7000000000041429,Scotland,http://data.ordnancesurvey.co.uk/id/country/scotland,,,http://sws.geonames.org/2652040
osgb4000000074552336,http://data.ordnancesurvey.co.uk/id/4000000074552336,Balliveolan,,,,populatedPlace,Hamlet,184909.100,742095.090,5000,25000,184535.735,741770.180,185219.184,742586.136,PA34,http://data.ordnancesurvey.co.uk/id/postcodedistrict/PA34,,,,,,,Argyll and Bute,http://data.ordnancesurvey.co.uk/id/7000000000030106,http://data.ordnancesurvey.co.uk/ontology/admingeo/UnitaryAuthority,Scotland,http://data.ordnancesurvey.co.uk/id/7000000000041429,Scotland,http://data.ordnancesurvey.co.uk/id/country/scotland,,,
osgb4000000074551966,http://data.ordnancesurvey.co.uk/id/4000000074551966,Port Appin,,,,populatedPlace,Village,190644.200,745446.550,11000,250000,190152.443,744489.771,191385.863,746149.526,PA38,http://data.ordnancesurvey.co.uk/id/postcodedistrict/PA38,,,,,,,Argyll and Bute,http://data.ordnancesurvey.co.uk/id/7000000000030106,http://data.ordnancesurvey.co.uk/ontology/admingeo/UnitaryAuthority,Scotland,http://data.ordnancesurvey.co.uk/id/7000000000041429,Scotland,http://data.ordnancesurvey.co.uk/id/country/scotland,,,http://sws.geonames.org/2640081
osgb4000000074552335,http://data.ordnancesurvey.co.uk/id/4000000074552335,Clachan,,,,populatedPlace,Hamlet,186396.010,743719.170,5000,25000,185932.209,743258.124,186839.306,744102.522,PA34,http://data.ordnancesurvey.co.uk/id/postcodedistrict/PA34,,,,,,,Argyll and Bute,http://data.ordnancesurvey.co.uk/id/7000000000030106,http://data.ordnancesurvey.co.uk/ontology/admingeo/UnitaryAuthority,Scotland,http://data.ordnancesurvey.co.uk/id/7000000000041429,Scotland,http://data.ordnancesurvey.co.uk/id/country/scotland,,,
osgb4000000074553864,http://data.ordnancesurvey.co.uk/id/4000000074553864,Duror,,,,populatedPlace,Village,199734.000,755346.000,20000,250000,197505.092,753992.121,200580.483,756685.970,PA38,http://data.ordnancesurvey.co.uk/id/postcodedistrict/PA38,,,,,,,Highland,http://data.ordnancesurvey.co.uk/id/7000000000029638,http://data.ordnancesurvey.co.uk/ontology/admingeo/UnitaryAuthority,Scotland,http://data.ordnancesurvey.co.uk/id/7000000000041429,Scotland,http://data.ordnancesurvey.co.uk/id/country/scotland,,,
osgb4000000074551584,http://data.ordnancesurvey.co.uk/id/4000000074551584,Barcaldine,,,,populatedPlace,Village,196012.910,741113.030,9000,250000,195511.849,740933.209,196617.206,742344.115,PA37,http://data.ordnancesurvey.co.uk/id/postcodedistrict/PA37,,,,,,,Argyll and Bute,http://data.ordnancesurvey.co.uk/id/7000000000030106,http://data.ordnancesurvey.co.uk/ontology/admingeo/UnitaryAuthority,Scotland,http://data.ordnancesurvey.co.uk/id/7000000000041429,Scotland,http://data.ordnancesurvey.co.uk/id/country/scotland,,,
osgb4000000074551968,http://data.ordnancesurvey.co.uk/id/4000000074551968,Achnacroish,,,,populatedPlace,Hamlet,185132.000,740975.000,5000,25000,184888.803,740781.363,185388.803,741308.062,PA34,http://data.ordnancesurvey.co.uk/id/postcodedistrict/PA34,,,,,,,Argyll and Bute,http://data.ordnancesurvey.co.uk/id/7000000000030106,http://data.ordnancesurvey.co.uk/ontology/admingeo/UnitaryAuthority,Scotland,http://data.ordnancesurvey.co.uk/id/7000000000041429,Scotland,http://data.ordnancesurvey.co.uk/id/country/scotland,,,http://sws.geonames.org/2657722
PA384BP,http://data.ordnancesurvey.co.uk/id/postcodeunit/PA384BP,PA38 4BP,,,,other,Postcode,199409.000,755418.000,3500,18000,,,,,,,Duror,http://data.ordnancesurvey.co.uk/id/4000000074553864,http://www.ordnancesurvey.co.uk/xml/codelists/localtype.xml#village,,,,Highland,http://data.ordnancesurvey.co.uk/id/7000000000029638,http://data.ordnancesurvey.co.uk/ontology/admingeo/UnitaryAuthority,Scotland,http://data.ordnancesurvey.co.uk/id/7000000000041429,Scotland,http://data.ordnancesurvey.co.uk/id/country/scotland,,,
PA384BT,http://data.ordnancesurvey.co.uk/id/postcodeunit/PA384BT,PA38 4BT,,,,other,Postcode,199857.000,755296.000,3500,18000,,,,,,,Duror,http://data.ordnancesurvey.co.uk/id/4000000074553864,http://www.ordnancesurvey.co.uk/xml/codelists/localtype.xml#village,,,,Highland,http://data.ordnancesurvey.co.uk/id/7000000000029638,http://data.ordnancesurvey.co.uk/ontology/admingeo/UnitaryAuthority,Scotland,http://data.ordnancesurvey.co.uk/id/7000000000041429,Scotland,http://data.ordnancesurvey.co.uk/id/country/scotland,,,
PH337AD,http://data.ordnancesurvey.co.uk/id/postcodeunit/PH337AD,PH33 7AD,,,,other,Postcode,193958.000,759355.000,3500,18000,,,,,,,,,,,,,Highland,http://data.ordnancesurvey.co.uk/id/7000000000029638,http://data.ordnancesurvey.co.uk/ontology/admingeo/UnitaryAuthority,Scotland,http://data.ordnancesurvey.co.uk/id/7000000000041429,Scotland,http://data.ordnancesurvey.co.uk/id/country/scotland,,,
PA384BL,http://data.ordnancesurvey.co.uk/id/postcodeunit/PA384BL,PA38 4BL,,,,other,Postcode,192554.000,747305.000,3500,18000,,,,,,,Portnacroish,http://data.ordnancesurvey.co.uk/id/4000000074551967,http://www.ordnancesurvey.co.uk/xml/codelists/localtype.xml#village,,,,Argyll and Bute,http://data.ordnancesurvey.co.uk/id/7000000000030106,http://data.ordnancesurvey.co.uk/ontology/admingeo/UnitaryAuthority,Scotland,http://data.ordnancesurvey.co.uk/id/7000000000041429,Scotland,http://data.ordnancesurvey.co.uk/id/country/scotland,,,
PA371SQ,http://data.ordnancesurvey.co.uk/id/postcodeunit/PA371SQ,PA37 1SQ,,,,other,Postcode,196487.000,742284.000,3500,18000,,,,,,,Barcaldine,http://data.ordnancesurvey.co.uk/id/4000000074551584,http://www.ordnancesurvey.co.uk/xml/codelists/localtype.xml#village,,,,Argyll and Bute,http://data.ordnancesurvey.co.uk/id/7000000000030106,http://data.ordnancesurvey.co.uk/ontology/admingeo/UnitaryAuthority,Scotland,http://data.ordnancesurvey.co.uk/id/7000000000041429,Scotland,http://data.ordnancesurvey.co.uk/id/country/scotland,,,
PA384BN,http://data.ordnancesurvey.co.uk/id/postcodeunit/PA384BN,PA38 4BN,,,,other,Postcode,192904.000,748645.000,3500,18000,,,,,,,,,,,,,Argyll and Bute,http://data.ordnancesurvey.co.uk/id/7000000000030106,http://data.ordnancesurvey.co.uk/ontology/admingeo/UnitaryAuthority,Scotland,http://data.ordnancesurvey.co.uk/id/7000000000041429,Scotland,http://data.ordnancesurvey.co.uk/id/country/scotland,,,
PA371SE,http://data.ordnancesurvey.co.uk/id/postcodeunit/PA371SE,PA37 1SE,,,,other,Postcode,193812.000,740941.000,3500,18000,,,,,,,,,,,,,Argyll and Bute,http://data.ordnancesurvey.co.uk/id/7000000000030106,http://data.ordnancesurvey.co.uk/ontology/admingeo/UnitaryAuthority,Scotland,http://data.ordnancesurvey.co.uk/id/7000000000041429,Scotland,http://data.ordnancesurvey.co.uk/id/country/scotland,,,
PA384DA,http://data.ordnancesurvey.co.uk/id/postcodeunit/PA384DA,PA38 4DA,,,,other,Postcode,198350.000,755085.000,3500,18000,,,,,,,Cuil,http://data.ordnancesurvey.co.uk/id/4000000074335242,http://www.ordnancesurvey.co.uk/xml/codelists/localtype.xml#otherSettlement,,,,Highland,http://data.ordnancesurvey.co.uk/id/7000000000029638,http://data.ordnancesurvey.co.uk/ontology/admingeo/UnitaryAuthority,Scotland,http://data.ordnancesurvey.co.uk/id/7000000000041429,Scotland,http://data.ordnancesurvey.co.uk/id/country/scotland,,,
PA384BB,http://data.ordnancesurvey.co.uk/id/postcodeunit/PA384BB,PA38 4BB,,,,other,Postcode,193596.000,747037.000,3500,18000,,,,,,,,,,,,,Argyll and Bute,http://data.ordnancesurvey.co.uk/id/7000000000030106,http://data.ordnancesurvey.co.uk/ontology/admingeo/UnitaryAuthority,Scotland,http://data.ordnancesurvey.co.uk/id/7000000000041429,Scotland,http://data.ordnancesurvey.co.uk/id/country/scotland,,,
PA345UN,http://data.ordnancesurvey.co.uk/id/postcodeunit/PA345UN,PA34 5UN,,,,other,Postcode,188162.000,745360.000,3500,18000,,,,,,,Port Ramsay,http://data.ordnancesurvey.co.uk/id/4000000074334892,http://www.ordnancesurvey.co.uk/xml/codelists/localtype.xml#hamlet,,,,Argyll and Bute,http://data.ordnancesurvey.co.uk/id/7000000000030106,http://data.ordnancesurvey.co.uk/ontology/admingeo/UnitaryAuthority,Scotland,http://data.ordnancesurvey.co.uk/id/7000000000041429,Scotland,http://data.ordnancesurvey.co.uk/id/country/scotland,,,
PA384BA,http://data.ordnancesurvey.co.uk/id/postcodeunit/PA384BA,PA38 4BA,,,,other,Postcode,194455.000,743374.000,3500,18000,,,,,,,,,,,,,Argyll and Bute,http://data.ordnancesurvey.co.uk/id/7000000000030106,http://data.ordnancesurvey.co.uk/ontology/admingeo/UnitaryAuthority,Scotland,http://data.ordnancesurvey.co.uk/id/7000000000041429,Scotland,http://data.ordnancesurvey.co.uk/id/country/scotland,,,
PA384DB,http://data.ordnancesurvey.co.uk/id/postcodeunit/PA384DB,PA38 4DB,,,,other,Postcode,193675.000,746193.000,3500,18000,,,,,,,Appin,http://data.ordnancesurvey.co.uk/id/4000000074551965,http://www.ordnancesurvey.co.uk/xml/codelists/localtype.xml#village,,,,Argyll and Bute,http://data.ordnancesurvey.co.uk/id/7000000000030106,http://data.ordnancesurvey.co.uk/ontology/admingeo/UnitaryAuthority,Scotland,http://data.ordnancesurvey.co.uk/id/7000000000041429,Scotland,http://data.ordnancesurvey.co.uk/id/country/scotland,,,
PA371SD,http://data.ordnancesurvey.co.uk/id/postcodeunit/PA371SD,PA37 1SD,,,,other,Postcode,189989.000,741979.000,3500,18000,,,,,,,,,,,,,Argyll and Bute,http://data.ordnancesurvey.co.uk/id/7000000000030106,http://data.ordnancesurvey.co.uk/ontology/admingeo/UnitaryAuthority,Scotland,http://data.ordnancesurvey.co.uk/id/7000000000041429,Scotland,http://data.ordnancesurvey.co.uk/id/country/scotland,,,
PA384DR,http://data.ordnancesurvey.co.uk/id/postcodeunit/PA384DR,PA38 4DR,,,,other,Postcode,191028.000,745694.000,3500,18000,,,,,,,Port Appin,http://data.ordnancesurvey.co.uk/id/4000000074551966,http://www.ordnancesurvey.co.uk/xml/codelists/localtype.xml#village,,,,Argyll and Bute,http://data.ordnancesurvey.co.uk/id/7000000000030106,http://data.ordnancesurvey.co.uk/ontology/admingeo/UnitaryAuthority,Scotland,http://data.ordnancesurvey.co.uk/id/7000000000041429,Scotland,http://data.ordnancesurvey.co.uk/id/country/scotland,,,
PA384DS,http://data.ordnancesurvey.co.uk/id/postcodeunit/PA384DS,PA38 4DS,,,,other,Postcode,193701.000,746276.000,3500,18000,,,,,,,Appin,http://data.ordnancesurvey.co.uk/id/4000000074551965,http://www.ordnancesurvey.co.uk/xml/codelists/localtype.xml#village,,,,Argyll and Bute,http://data.ordnancesurvey.co.uk/id/7000000000030106,http://data.ordnancesurvey.co.uk/ontology/admingeo/UnitaryAuthority,Scotland,http://data.ordnancesurvey.co.uk/id/7000000000041429,Scotland,http://data.ordnancesurvey.co.uk/id/country/scotland,,,
PA384BX,http://data.ordnancesurvey.co.uk/id/postcodeunit/PA384BX,PA38 4BX,,,,other,Postcode,199500.000,757544.000,3500,18000,,,,,,,,,,,,,Highland,http://data.ordnancesurvey.co.uk/id/7000000000029638,http://data.ordnancesurvey.co.uk/ontology/admingeo/UnitaryAuthority,Scotland,http://data.ordnancesurvey.co.uk/id/7000000000041429,Scotland,http://data.ordnancesurvey.co.uk/id/country/scotland,,,
PA345UJ,http://data.ordnancesurvey.co.uk/id/postcodeunit/PA345UJ,PA34 5UJ,,,,other,Postcode,185116.000,740900.000,3500,18000,,,,,,,Achnacroish,http://data.ordnancesurvey.co.uk/id/4000000074551968,http://www.ordnancesurvey.co.uk/xml/codelists/localtype.xml#hamlet,,,,Argyll and Bute,http://data.ordnancesurvey.co.uk/id/7000000000030106,http://data.ordnancesurvey.co.uk/ontology/admingeo/UnitaryAuthority,Scotland,http://data.ordnancesurvey.co.uk/id/7000000000041429,Scotland,http://data.ordnancesurvey.co.uk/id/country/scotland,,,
PA371SA,http://data.ordnancesurvey.co.uk/id/postcodeunit/PA371SA,PA37 1SA,,,,other,Postcode,191451.000,740307.000,3500,18000,,,,,,,,,,,,,Argyll and Bute,http://data.ordnancesurvey.co.uk/id/7000000000030106,http://data.ordnancesurvey.co.uk/ontology/admingeo/UnitaryAuthority,Scotland,http://data.ordnancesurvey.co.uk/id/7000000000041429,Scotland,http://data.ordnancesurvey.co.uk/id/country/scotland,,,
PA384BG,http://data.ordnancesurvey.co.uk/id/postcodeunit/PA384BG,PA38 4BG,,,,other,Postcode,193846.000,745906.000,3500,18000,,,,,,,Appin,http://data.ordnancesurvey.co.uk/id/4000000074551965,http://www.ordnancesurvey.co.uk/xml/codelists/localtype.xml#village,,,,Argyll and Bute,http://data.ordnancesurvey.co.uk/id/7000000000030106,http://data.ordnancesurvey.co.uk/ontology/admingeo/UnitaryAuthority,Scotland,http://data.ordnancesurvey.co.uk/id/7000000000041429,Scotland,http://data.ordnancesurvey.co.uk/id/country/scotland,,,
PA371SF,http://data.ordnancesurvey.co.uk/id/postcodeunit/PA371SF,PA37 1SF,,,,other,Postcode,195883.000,741216.000,3500,18000,,,,,,,Barcaldine,http://data.ordnancesurvey.co.uk/id/4000000074551584,http://www.ordnancesurvey.co.uk/xml/codelists/localtype.xml#village,,,,Argyll and Bute,http://data.ordnancesurvey.co.uk/id/7000000000030106,http://data.ordnancesurvey.co.uk/ontology/admingeo/UnitaryAuthority,Scotland,http://data.ordnancesurvey.co.uk/id/7000000000041429,Scotland,http://data.ordnancesurvey.co.uk/id/country/scotland,,,
PA384BE,http://data.ordnancesurvey.co.uk/id/postcodeunit/PA384BE,PA38 4BE,,,,other,Postcode,194690.000,746035.000,3500,18000,,,,,,,,,,,,,Argyll and Bute,http://data.ordnancesurvey.co.uk/id/7000000000030106,http://data.ordnancesurvey.co.uk/ontology/admingeo/UnitaryAuthority,Scotland,http://data.ordnancesurvey.co.uk/id/7000000000041429,Scotland,http://data.ordnancesurvey.co.uk/id/country/scotland,,,
PA384BS,http://data.ordnancesurvey.co.uk/id/postcodeunit/PA384BS,PA38 4BS,,,,other,Postcode,199745.000,755475.000,3500,18000,,,,,,,Duror,http://data.ordnancesurvey.co.uk/id/4000000074553864,http://www.ordnancesurvey.co.uk/xml/codelists/localtype.xml#village,,,,Highland,http://data.ordnancesurvey.co.uk/id/7000000000029638,http://data.ordnancesurvey.co.uk/ontology/admingeo/UnitaryAuthority,Scotland,http://data.ordnancesurvey.co.uk/id/7000000000041429,Scotland,http://data.ordnancesurvey.co.uk/id/country/scotland,,,
PA345UL,http://data.ordnancesurvey.co.uk/id/postcodeunit/PA345UL,PA34 5UL,,,,other,Postcode,186565.000,743207.000,3500,18000,,,,,,,,,,,,,Argyll and Bute,http://data.ordnancesurvey.co.uk/id/7000000000030106,http://data.ordnancesurvey.co.uk/ontology/admingeo/UnitaryAuthority,Scotland,http://data.ordnancesurvey.co.uk/id/7000000000041429,Scotland,http://data.ordnancesurvey.co.uk/id/country/scotland,,,
PA384DE,http://data.ordnancesurvey.co.uk/id/postcodeunit/PA384DE,PA38 4DE,,,,other,Postcode,190792.000,745520.000,3500,18000,,,,,,,Port Appin,http://data.ordnancesurvey.co.uk/id/4000000074551966,http://www.ordnancesurvey.co.uk/xml/codelists/localtype.xml#village,,,,Argyll and Bute,http://data.ordnancesurvey.co.uk/id/7000000000030106,http://data.ordnancesurvey.co.uk/ontology/admingeo/UnitaryAuthority,Scotland,http://data.ordnancesurvey.co.uk/id/7000000000041429,Scotland,http://data.ordnancesurvey.co.uk/id/country/scotland,,,
PA384DF,http://data.ordnancesurvey.co.uk/id/postcodeunit/PA384DF,PA38 4DF,,,,other,Postcode,190685.000,745453.000,3500,18000,,,,,,,Port Appin,http://data.ordnancesurvey.co.uk/id/4000000074551966,http://www.ordnancesurvey.co.uk/xml/codelists/localtype.xml#village,,,,Argyll and Bute,http://data.ordnancesurvey.co.uk/id/7000000000030106,http://data.ordnancesurvey.co.uk/ontology/admingeo/UnitaryAuthority,Scotland,http://data.ordnancesurvey.co.uk/id/7000000000041429,Scotland,http://data.ordnancesurvey.co.uk/id/country/scotland,,,
PA805QB,http://data.ordnancesurvey.co.uk/id/postcodeunit/PA805QB,PA80 5QB,,,,other,Postcode,182246.000,746811.000,3500,18000,,,,,,,,,,,,,Highland,http://data.ordnancesurvey.co.uk/id/7000000000029638,http://data.ordnancesurvey.co.uk/ontology/admingeo/UnitaryAuthority,Scotland,http://data.ordnancesurvey.co.uk/id/7000000000041429,Scotland,http://data.ordnancesurvey.co.uk/id/country/scotland,,,
PA384DL,http://data.ordnancesurvey.co.uk/id/postcodeunit/PA384DL,PA38 4DL,,,,other,Postcode,193756.000,745991.000,3500,18000,,,,,,,Appin,http://data.ordnancesurvey.co.uk/id/4000000074551965,http://www.ordnancesurvey.co.uk/xml/codelists/localtype.xml#village,,,,Argyll and Bute,http://data.ordnancesurvey.co.uk/id/7000000000030106,http://data.ordnancesurvey.co.uk/ontology/admingeo/UnitaryAuthority,Scotland,http://data.ordnancesurvey.co.uk/id/7000000000041429,Scotland,http://data.ordnancesurvey.co.uk/id/country/scotland,,,
PA384BQ,http://data.ordnancesurvey.co.uk/id/postcodeunit/PA384BQ,PA38 4BQ,,,,other,Postcode,198239.000,744758.000,3500,18000,,,,,,,,,,,,,Argyll and Bute,http://data.ordnancesurvey.co.uk/id/7000000000030106,http://data.ordnancesurvey.co.uk/ontology/admingeo/UnitaryAuthority,Scotland,http://data.ordnancesurvey.co.uk/id/7000000000041429,Scotland,http://data.ordnancesurvey.co.uk/id/country/scotland,,,
PH337AE,http://data.ordnancesurvey.co.uk/id/postcodeunit/PH337AE,PH33 7AE,,,,other,Postcode,183930.000,752962.000,3500,18000,,,,,,,Ceann Gheàrr Loch / Kingairloch,http://data.ordnancesurvey.co.uk/id/4000000074334822,http://www.ordnancesurvey.co.uk/xml/codelists/localtype.xml#otherSettlement,,,,Highland,http://data.ordnancesurvey.co.uk/id/7000000000029638,http://data.ordnancesurvey.co.uk/ontology/admingeo/UnitaryAuthority,Scotland,http://data.ordnancesurvey.co.uk/id/7000000000041429,Scotland,http://data.ordnancesurvey.co.uk/id/country/scotland,,,
PA371SG,http://data.ordnancesurvey.co.uk/id/postcodeunit/PA371SG,PA37 1SG,,,,other,Postcode,196052.000,741574.000,3500,18000,,,,,,,Barcaldine,http://data.ordnancesurvey.co.uk/id/4000000074551584,http://www.ordnancesurvey.co.uk/xml/codelists/localtype.xml#village,,,,Argyll and Bute,http://data.ordnancesurvey.co.uk/id/7000000000030106,http://data.ordnancesurvey.co.uk/ontology/admingeo/UnitaryAuthority,Scotland,http://data.ordnancesurvey.co.uk/id/7000000000041429,Scotland,http://data.ordnancesurvey.co.uk/id/country/scotland,,,
PA384BW,http://data.ordnancesurvey.co.uk/id/postcodeunit/PA384BW,PA38 4BW,,,,other,Postcode,198486.000,754337.000,3500,18000,,,,,,,Duror,http://data.ordnancesurvey.co.uk/id/4000000074553864,http://www.ordnancesurvey.co.uk/xml/codelists/localtype.xml#village,,,,Highland,http://data.ordnancesurvey.co.uk/id/7000000000029638,http://data.ordnancesurvey.co.uk/ontology/admingeo/UnitaryAuthority,Scotland,http://data.ordnancesurvey.co.uk/id/7000000000041429,Scotland,http://data.ordnancesurvey.co.uk/id/country/scotland,,,
PA345UG,http://data.ordnancesurvey.co.uk/id/postcodeunit/PA345UG,PA34 5UG,,,,other,Postcode,184547.000,741342.000,3500,18000,,,,,,,,,,,,,Argyll and Bute,http://data.ordnancesurvey.co.uk/id/7000000000030106,http://data.ordnancesurvey.co.uk/ontology/admingeo/UnitaryAuthority,Scotland,http://data.ordnancesurvey.co.uk/id/7000000000041429,Scotland,http://data.ordnancesurvey.co.uk/id/country/scotland,,,
PA371SB,http://data.ordnancesurvey.co.uk/id/postcodeunit/PA371SB,PA37 1SB,,,,other,Postcode,190719.000,741626.000,3500,18000,,,,,,,,,,,,,Argyll and Bute,http://data.ordnancesurvey.co.uk/id/7000000000030106,http://data.ordnancesurvey.co.uk/ontology/admingeo/UnitaryAuthority,Scotland,http://data.ordnancesurvey.co.uk/id/7000000000041429,Scotland,http://data.ordnancesurvey.co.uk/id/country/scotland,,,
PA384BH,http://data.ordnancesurvey.co.uk/id/postcodeunit/PA384BH,PA38 4BH,,,,other,Postcode,192807.000,747199.000,3500,18000,,,,,,,Portnacroish,http://data.ordnancesurvey.co.uk/id/4000000074551967,http://www.ordnancesurvey.co.uk/xml/codelists/localtype.xml#village,,,,Argyll and Bute,http://data.ordnancesurvey.co.uk/id/7000000000030106,http://data.ordnancesurvey.co.uk/ontology/admingeo/UnitaryAuthority,Scotland,http://data.ordnancesurvey.co.uk/id/7000000000041429,Scotland,http://data.ordnancesurvey.co.uk/id/country/scotland,,,
PA384DG,http://data.ordnancesurvey.co.uk/id/postcodeunit/PA384DG,PA38 4DG,,,,other,Postcode,190966.000,745572.000,3500,18000,,,,,,,Port Appin,http://data.ordnancesurvey.co.uk/id/4000000074551966,http://www.ordnancesurvey.co.uk/xml/codelists/localtype.xml#village,,,,Argyll and Bute,http://data.ordnancesurvey.co.uk/id/7000000000030106,http://data.ordnancesurvey.co.uk/ontology/admingeo/UnitaryAuthority,Scotland,http://data.ordnancesurvey.co.uk/id/7000000000041429,Scotland,http://data.ordnancesurvey.co.uk/id/country/scotland,,,
PA371RZ,http://data.ordnancesurvey.co.uk/id/postcodeunit/PA371RZ,PA37 1RZ,,,,other,Postcode,191755.000,740191.000,3500,18000,,,,,,,,,,,,,Argyll and Bute,http://data.ordnancesurvey.co.uk/id/7000000000030106,http://data.ordnancesurvey.co.uk/ontology/admingeo/UnitaryAuthority,Scotland,http://data.ordnancesurvey.co.uk/id/7000000000041429,Scotland,http://data.ordnancesurvey.co.uk/id/country/scotland,,,
PA384DN,http://data.ordnancesurvey.co.uk/id/postcodeunit/PA384DN,PA38 4DN,,,,other,Postcode,190268.000,745327.000,3500,18000,,,,,,,Port Appin,http://data.ordnancesurvey.co.uk/id/4000000074551966,http://www.ordnancesurvey.co.uk/xml/codelists/localtype.xml#village,,,,Argyll and Bute,http://data.ordnancesurvey.co.uk/id/7000000000030106,http://data.ordnancesurvey.co.uk/ontology/admingeo/UnitaryAuthority,Scotland,http://data.ordnancesurvey.co.uk/id/7000000000041429,Scotland,http://data.ordnancesurvey.co.uk/id/country/scotland,,,
PA384BD,http://data.ordnancesurvey.co.uk/id/postcodeunit/PA384BD,PA38 4BD,,,,other,Postcode,193889.000,746605.000,3500,18000,,,,,,,,,,,,,Argyll and Bute,http://data.ordnancesurvey.co.uk/id/7000000000030106,http://data.ordnancesurvey.co.uk/ontology/admingeo/UnitaryAuthority,Scotland,http://data.ordnancesurvey.co.uk/id/7000000000041429,Scotland,http://data.ordnancesurvey.co.uk/id/country/scotland,,,
PA371SL,http://data.ordnancesurvey.co.uk/id/postcodeunit/PA371SL,PA37 1SL,,,,other,Postcode,196156.000,741139.000,3500,18000,,,,,,,Barcaldine,http://data.ordnancesurvey.co.uk/id/4000000074551584,http://www.ordnancesurvey.co.uk/xml/codelists/localtype.xml#village,,,,Argyll and Bute,http://data.ordnancesurvey.co.uk/id/7000000000030106,http://data.ordnancesurvey.co.uk/ontology/admingeo/UnitaryAuthority,Scotland,http://data.ordnancesurvey.co.uk/id/7000000000041429,Scotland,http://data.ordnancesurvey.co.uk/id/country/scotland,,,
PA384DH,http://data.ordnancesurvey.co.uk/id/postcodeunit/PA384DH,PA38 4DH,,,,other,Postcode,191389.000,748679.000,3500,18000,,,,,,,,,,,,,Argyll and Bute,http://data.ordnancesurvey.co.uk/id/7000000000030106,http://data.ordnancesurvey.co.uk/ontology/admingeo/UnitaryAuthority,Scotland,http://data.ordnancesurvey.co.uk/id/7000000000041429,Scotland,http://data.ordnancesurvey.co.uk/id/country/scotland,,,
PA384DD,http://data.ordnancesurvey.co.uk/id/postcodeunit/PA384DD,PA38 4DD,,,,other,Postcode,192751.000,746494.000,3500,18000,,,,,,,,,,,,,Argyll and Bute,http://data.ordnancesurvey.co.uk/id/7000000000030106,http://data.ordnancesurvey.co.uk/ontology/admingeo/UnitaryAuthority,Scotland,http://data.ordnancesurvey.co.uk/id/7000000000041429,Scotland,http://data.ordnancesurvey.co.uk/id/country/scotland,,,
osgb4000000004232932,http://data.ordnancesurvey.co.uk/id/4000000004232932,Lorn View,,,,transportNetwork,Named Road,185078.332,740889.559,1000,20000,185059.000,740841.000,185088.702,740926.000,PA34,http://data.ordnancesurvey.co.uk/id/postcodedistrict/PA34,Achnacroish,http://data.ordnancesurvey.co.uk/id/4000000074551968,http://www.ordnancesurvey.co.uk/xml/codelists/localtype.xml#hamlet,,,,Argyll and Bute,http://data.ordnancesurvey.co.uk/id/7000000000030106,http://data.ordnancesurvey.co.uk/ontology/admingeo/UnitaryAuthority,Scotland,http://data.ordnancesurvey.co.uk/id/7000000000041429,Scotland,http://data.ordnancesurvey.co.uk/id/country/scotland,,,
osgb4000000004232799,http://data.ordnancesurvey.co.uk/id/4000000004232799,Glen Dubh Walk,,,,transportNetwork,Named Road,196930.000,742480.681,3000,20000,196650.000,742133.000,197162.000,742531.000,PA37,http://data.ordnancesurvey.co.uk/id/postcodedistrict/PA37,,,,,,,Argyll and Bute,http://data.ordnancesurvey.co.uk/id/7000000000030106,http://data.ordnancesurvey.co.uk/ontology/admingeo/UnitaryAuthority,Scotland,http://data.ordnancesurvey.co.uk/id/7000000000041429,Scotland,http://data.ordnancesurvey.co.uk/id/country/scotland,,,
osgb4000000004232750,http://data.ordnancesurvey.co.uk/id/4000000004232750,An T-Sraid,,,,transportNetwork,Named Road,184514.036,741654.194,6000,20000,184170.876,741174.976,184909.093,742095.087,PA34,http://data.ordnancesurvey.co.uk/id/postcodedistrict/PA34,,,,,,,Argyll and Bute,http://data.ordnancesurvey.co.uk/id/7000000000030106,http://data.ordnancesurvey.co.uk/ontology/admingeo/UnitaryAuthority,Scotland,http://data.ordnancesurvey.co.uk/id/7000000000041429,Scotland,http://data.ordnancesurvey.co.uk/id/country/scotland,,,
osgb4000000004232864,http://data.ordnancesurvey.co.uk/id/4000000004232864,Shuna View,,,,transportNetwork,Named Road,190956.146,745589.297,1000,20000,190889.426,745569.898,191042.950,745612.614,PA38,http://data.ordnancesurvey.co.uk/id/postcodedistrict/PA38,Port Appin,http://data.ordnancesurvey.co.uk/id/4000000074551966,http://www.ordnancesurvey.co.uk/xml/codelists/localtype.xml#village,,,,Argyll and Bute,http://data.ordnancesurvey.co.uk/id/7000000000030106,http://data.ordnancesurvey.co.uk/ontology/admingeo/UnitaryAuthority,Scotland,http://data.ordnancesurvey.co.uk/id/7000000000041429,Scotland,http://data.ordnancesurvey.co.uk/id/country/scotland,,,
osgb4000000004234582,http://data.ordnancesurvey.co.uk/id/4000000004234582,A828,,,,transportNetwork,Numbered Road,197713.153,744673.000,165000,1000000,190429.712,734213.000,205696.000,759661.000,PA38,http://data.ordnancesurvey.co.uk/id/postcodedistrict/PA38,,,,,,,Argyll and Bute,http://data.ordnancesurvey.co.uk/id/7000000000030106,http://data.ordnancesurvey.co.uk/ontology/admingeo/UnitaryAuthority,Scotland,http://data.ordnancesurvey.co.uk/id/7000000000041429,Scotland,http://data.ordnancesurvey.co.uk/id/country/scotland,,,
42e20c82-667d-44b7-8736-1893da3fbf6c,http://data.ordnancesurvey.co.uk/id/42e20c82-667d-44b7-8736-1893da3fbf6c,An T-Sraid,,,,transportNetwork,Section Of Named Road,184781.000,741936.000,2000,25000,184635.992,741798.942,184909.093,742095.087,PA34,http://data.ordnancesurvey.co.uk/id/postcodedistrict/PA34,Balliveolan,http://data.ordnancesurvey.co.uk/id/4000000074552336,http://www.ordnancesurvey.co.uk/xml/codelists/localtype.xml#hamlet,,,,Argyll and Bute,http://data.ordnancesurvey.co.uk/id/7000000000030106,http://data.ordnancesurvey.co.uk/ontology/admingeo/UnitaryAuthority,Scotland,http://data.ordnancesurvey.co.uk/id/7000000000041429,Scotland,http://data.ordnancesurvey.co.uk/id/country/scotland,osgb4000000004232750,,
osgb4000000004232865,http://data.ordnancesurvey.co.uk/id/4000000004232865,Bealach-Na-Mara,,,,transportNetwork,Named Road,191030.703,745656.408,1000,20000,190998.764,745584.006,191064.308,745718.003,PA38,http://data.ordnancesurvey.co.uk/id/postcodedistrict/PA38,Port Appin,http://data.ordnancesurvey.co.uk/id/4000000074551966,http://www.ordnancesurvey.co.uk/xml/codelists/localtype.xml#village,,,,Argyll and Bute,http://data.ordnancesurvey.co.uk/id/7000000000030106,http://data.ordnancesurvey.co.uk/ontology/admingeo/UnitaryAuthority,Scotland,http://data.ordnancesurvey.co.uk/id/7000000000041429,Scotland,http://data.ordnancesurvey.co.uk/id/country/scotland,,,
osgb4000000004234589,http://data.ordnancesurvey.co.uk/id/4000000004234589,B8045,,,,transportNetwork,Numbered Road,185089.035,742304.009,53000,250000,181674.045,737987.784,189437.400,746138.000,PA34,http://data.ordnancesurvey.co.uk/id/postcodedistrict/PA34,Balliveolan,http://data.ordnancesurvey.co.uk/id/4000000074552336,http://www.ordnancesurvey.co.uk/xml/codelists/localtype.xml#hamlet,,,,Argyll and Bute,http://data.ordnancesurvey.co.uk/id/7000000000030106,http://data.ordnancesurvey.co.uk/ontology/admingeo/UnitaryAuthority,Scotland,http://data.ordnancesurvey.co.uk/id/7000000000041429,Scotland,http://data.ordnancesurvey.co.uk/id/country/scotland,,,
osgb4000000004236057,http://data.ordnancesurvey.co.uk/id/4000000004236057,Tynribbie Place,,,,transportNetwork,Named Road,193669.600,746255.800,1000,20000,193652.733,746218.242,193699.092,746286.786,PA38,http://data.ordnancesurvey.co.uk/id/postcodedistrict/PA38,Appin,http://data.ordnancesurvey.co.uk/id/4000000074551965,http://www.ordnancesurvey.co.uk/xml/codelists/localtype.xml#village,,,,Argyll and Bute,http://data.ordnancesurvey.co.uk/id/7000000000030106,http://data.ordnancesurvey.co.uk/ontology/admingeo/UnitaryAuthority,Scotland,http://data.ordnancesurvey.co.uk/id/7000000000041429,Scotland,http://data.ordnancesurvey.co.uk/id/country/scotland,,,
PA384DQ,http://data.ordnancesurvey.co.uk/id/postcodeunit/PA384DQ,PA38 4DQ,,,,other,Postcode,191006.000,744654.000,3500,18000,,,,,,,Port Appin,http://data.ordnancesurvey.co.uk/id/4000000074551966,http://www.ordnancesurvey.co.uk/xml/codelists/localtype.xml#village,,,,Argyll and Bute,http://data.ordnancesurvey.co.uk/id/7000000000030106,http://data.ordnancesurvey.co.uk/ontology/admingeo/UnitaryAuthority,Scotland,http://data.ordnancesurvey.co.uk/id/7000000000041429,Scotland,http://data.ordnancesurvey.co.uk/id/country/scotland,,,
osgb4000000004234581,http://data.ordnancesurvey.co.uk/id/4000000004234581,B8043,,,,transportNetwork,Numbered Road,186498.000,753095.000,99000,250000,178148.000,752419.000,193394.963,759371.942,PH33,http://data.ordnancesurvey.co.uk/id/postcodedistrict/PH33,,,,,,,Highland,http://data.ordnancesurvey.co.uk/id/7000000000029638,http://data.ordnancesurvey.co.uk/ontology/admingeo/UnitaryAuthority,Scotland,http://data.ordnancesurvey.co.uk/id/7000000000041429,Scotland,http://data.ordnancesurvey.co.uk/id/country/scotland,,,
