﻿osgb4000000074550145,http://data.ordnancesurvey.co.uk/id/4000000074550145,Achlonan,,,,populatedPlace,Suburban Area,200745.290,731461.640,3000,25000,200455.520,731192.806,200955.520,731692.806,PA35,http://data.ordnancesurvey.co.uk/id/postcodedistrict/PA35,,,,,,,Argyll and Bute,http://data.ordnancesurvey.co.uk/id/7000000000030106,http://data.ordnancesurvey.co.uk/ontology/admingeo/UnitaryAuthority,Scotland,http://data.ordnancesurvey.co.uk/id/7000000000041429,Scotland,http://data.ordnancesurvey.co.uk/id/country/scotland,,,
osgb4000000074550140,http://data.ordnancesurvey.co.uk/id/4000000074550140,Stronmilchan,,,,populatedPlace,Other Settlement,215145.000,728059.680,15000,25000,214765.319,727641.784,216689.230,728646.296,PA33,http://data.ordnancesurvey.co.uk/id/postcodedistrict/PA33,,,,,,,Argyll and Bute,http://data.ordnancesurvey.co.uk/id/7000000000030106,http://data.ordnancesurvey.co.uk/ontology/admingeo/UnitaryAuthority,Scotland,http://data.ordnancesurvey.co.uk/id/7000000000041429,Scotland,http://data.ordnancesurvey.co.uk/id/country/scotland,,,http://sws.geonames.org/2636624
osgb4000000074335240,http://data.ordnancesurvey.co.uk/id/4000000074335240,Innis Chonain,,,,populatedPlace,Other Settlement,210831.000,725964.000,15000,25000,210524.722,725685.147,211024.722,726185.147,PA33,http://data.ordnancesurvey.co.uk/id/postcodedistrict/PA33,,,,,,,Argyll and Bute,http://data.ordnancesurvey.co.uk/id/7000000000030106,http://data.ordnancesurvey.co.uk/ontology/admingeo/UnitaryAuthority,Scotland,http://data.ordnancesurvey.co.uk/id/7000000000041429,Scotland,http://data.ordnancesurvey.co.uk/id/country/scotland,,,
osgb4000000074550144,http://data.ordnancesurvey.co.uk/id/4000000074550144,Taynuilt,,,,populatedPlace,Village,200369.030,731046.980,21000,250000,199415.399,729204.027,201293.153,732413.748,PA35,http://data.ordnancesurvey.co.uk/id/postcodedistrict/PA35,,,,,,,Argyll and Bute,http://data.ordnancesurvey.co.uk/id/7000000000030106,http://data.ordnancesurvey.co.uk/ontology/admingeo/UnitaryAuthority,Scotland,http://data.ordnancesurvey.co.uk/id/7000000000041429,Scotland,http://data.ordnancesurvey.co.uk/id/country/scotland,,http://dbpedia.org/resource/Taynuilt,http://sws.geonames.org/2636159
osgb4000000074550142,http://data.ordnancesurvey.co.uk/id/4000000074550142,Bridge of Awe,,,,populatedPlace,Other Settlement,203197.400,729761.700,15000,25000,202816.758,729166.747,203741.409,730153.045,PA35,http://data.ordnancesurvey.co.uk/id/postcodedistrict/PA35,,,,,,,Argyll and Bute,http://data.ordnancesurvey.co.uk/id/7000000000030106,http://data.ordnancesurvey.co.uk/ontology/admingeo/UnitaryAuthority,Scotland,http://data.ordnancesurvey.co.uk/id/7000000000041429,Scotland,http://data.ordnancesurvey.co.uk/id/country/scotland,,,
osgb4000000074550146,http://data.ordnancesurvey.co.uk/id/4000000074550146,Dalmally,,,,populatedPlace,Village,216777.000,727324.000,17000,250000,215412.293,726918.181,217953.396,727611.982,PA33,http://data.ordnancesurvey.co.uk/id/postcodedistrict/PA33,,,,,,,Argyll and Bute,http://data.ordnancesurvey.co.uk/id/7000000000030106,http://data.ordnancesurvey.co.uk/ontology/admingeo/UnitaryAuthority,Scotland,http://data.ordnancesurvey.co.uk/id/7000000000041429,Scotland,http://data.ordnancesurvey.co.uk/id/country/scotland,,http://dbpedia.org/resource/Dalmally,http://sws.geonames.org/2651577
osgb4000000074549782,http://data.ordnancesurvey.co.uk/id/4000000074549782,Annat,,,,populatedPlace,Hamlet,203581.964,722134.720,5000,25000,202335.943,721081.274,204463.790,722347.371,PA35,http://data.ordnancesurvey.co.uk/id/postcodedistrict/PA35,,,,,,,Argyll and Bute,http://data.ordnancesurvey.co.uk/id/7000000000030106,http://data.ordnancesurvey.co.uk/ontology/admingeo/UnitaryAuthority,Scotland,http://data.ordnancesurvey.co.uk/id/7000000000041429,Scotland,http://data.ordnancesurvey.co.uk/id/country/scotland,,"http://dbpedia.org/resource/Annat,_Argyll",
osgb4000000074549420,http://data.ordnancesurvey.co.uk/id/4000000074549420,Portsonachan,,,,populatedPlace,Hamlet,204662.000,720770.000,5000,25000,204020.480,720410.474,205562.149,721124.170,PA33,http://data.ordnancesurvey.co.uk/id/postcodedistrict/PA33,,,,,,,Argyll and Bute,http://data.ordnancesurvey.co.uk/id/7000000000030106,http://data.ordnancesurvey.co.uk/ontology/admingeo/UnitaryAuthority,Scotland,http://data.ordnancesurvey.co.uk/id/7000000000041429,Scotland,http://data.ordnancesurvey.co.uk/id/country/scotland,,,
osgb4000000074549419,http://data.ordnancesurvey.co.uk/id/4000000074549419,Cladich,,,,populatedPlace,Hamlet,209668.540,721845.940,5000,25000,209439.268,721755.802,209939.268,722255.802,PA33,http://data.ordnancesurvey.co.uk/id/postcodedistrict/PA33,,,,,,,Argyll and Bute,http://data.ordnancesurvey.co.uk/id/7000000000030106,http://data.ordnancesurvey.co.uk/ontology/admingeo/UnitaryAuthority,Scotland,http://data.ordnancesurvey.co.uk/id/7000000000041429,Scotland,http://data.ordnancesurvey.co.uk/id/country/scotland,,,http://sws.geonames.org/2652972
osgb4000000074549777,http://data.ordnancesurvey.co.uk/id/4000000074549777,Kilchrenan,,,,populatedPlace,Hamlet,203862.000,722793.000,5000,25000,203511.709,722440.613,204011.709,723233.676,PA35,http://data.ordnancesurvey.co.uk/id/postcodedistrict/PA35,,,,,,,Argyll and Bute,http://data.ordnancesurvey.co.uk/id/7000000000030106,http://data.ordnancesurvey.co.uk/ontology/admingeo/UnitaryAuthority,Scotland,http://data.ordnancesurvey.co.uk/id/7000000000041429,Scotland,http://data.ordnancesurvey.co.uk/id/country/scotland,,,http://sws.geonames.org/2645689
osgb4000000074335139,http://data.ordnancesurvey.co.uk/id/4000000074335139,Ardbrecknish,,,,populatedPlace,Hamlet,207010.000,721134.000,5000,25000,206565.656,720970.744,207403.288,721509.809,PA33,http://data.ordnancesurvey.co.uk/id/postcodedistrict/PA33,,,,,,,Argyll and Bute,http://data.ordnancesurvey.co.uk/id/7000000000030106,http://data.ordnancesurvey.co.uk/ontology/admingeo/UnitaryAuthority,Scotland,http://data.ordnancesurvey.co.uk/id/7000000000041429,Scotland,http://data.ordnancesurvey.co.uk/id/country/scotland,,,
osgb4000000074549421,http://data.ordnancesurvey.co.uk/id/4000000074549421,Coillaig,,,,populatedPlace,Other Settlement,202248.083,721076.608,15000,25000,201714.959,720420.423,202558.938,721383.173,PA35,http://data.ordnancesurvey.co.uk/id/postcodedistrict/PA35,,,,,,,Argyll and Bute,http://data.ordnancesurvey.co.uk/id/7000000000030106,http://data.ordnancesurvey.co.uk/ontology/admingeo/UnitaryAuthority,Scotland,http://data.ordnancesurvey.co.uk/id/7000000000041429,Scotland,http://data.ordnancesurvey.co.uk/id/country/scotland,,,
osgb4000000074550143,http://data.ordnancesurvey.co.uk/id/4000000074550143,Bonawe,,,,populatedPlace,Village,200290.000,734023.000,8000,250000,200036.029,733001.680,201163.401,734230.438,PA37,http://data.ordnancesurvey.co.uk/id/postcodedistrict/PA37,,,,,,,Argyll and Bute,http://data.ordnancesurvey.co.uk/id/7000000000030106,http://data.ordnancesurvey.co.uk/ontology/admingeo/UnitaryAuthority,Scotland,http://data.ordnancesurvey.co.uk/id/7000000000041429,Scotland,http://data.ordnancesurvey.co.uk/id/country/scotland,,,http://sws.geonames.org/2655222
osgb4000000074550510,http://data.ordnancesurvey.co.uk/id/4000000074550510,Brochroy,,,,populatedPlace,Suburban Area,200687.170,731748.410,3000,25000,200533.213,731525.890,201033.213,732025.890,PA35,http://data.ordnancesurvey.co.uk/id/postcodedistrict/PA35,,,,,,,Argyll and Bute,http://data.ordnancesurvey.co.uk/id/7000000000030106,http://data.ordnancesurvey.co.uk/ontology/admingeo/UnitaryAuthority,Scotland,http://data.ordnancesurvey.co.uk/id/7000000000041429,Scotland,http://data.ordnancesurvey.co.uk/id/country/scotland,,,
osgb4000000074550141,http://data.ordnancesurvey.co.uk/id/4000000074550141,Lochawe,,,,populatedPlace,Village,211405.000,726666.000,19000,250000,210221.986,725942.001,213203.177,728386.241,PA33,http://data.ordnancesurvey.co.uk/id/postcodedistrict/PA33,,,,,,,Argyll and Bute,http://data.ordnancesurvey.co.uk/id/7000000000030106,http://data.ordnancesurvey.co.uk/ontology/admingeo/UnitaryAuthority,Scotland,http://data.ordnancesurvey.co.uk/id/7000000000041429,Scotland,http://data.ordnancesurvey.co.uk/id/country/scotland,,,
PA331AW,http://data.ordnancesurvey.co.uk/id/postcodeunit/PA331AW,PA33 1AW,,,,other,Postcode,210552.000,726309.000,3500,18000,,,,,,,Lochawe,http://data.ordnancesurvey.co.uk/id/4000000074550141,http://www.ordnancesurvey.co.uk/xml/codelists/localtype.xml#village,,,,Argyll and Bute,http://data.ordnancesurvey.co.uk/id/7000000000030106,http://data.ordnancesurvey.co.uk/ontology/admingeo/UnitaryAuthority,Scotland,http://data.ordnancesurvey.co.uk/id/7000000000041429,Scotland,http://data.ordnancesurvey.co.uk/id/country/scotland,,,
PA351JT,http://data.ordnancesurvey.co.uk/id/postcodeunit/PA351JT,PA35 1JT,,,,other,Postcode,206773.000,735875.000,3500,18000,,,,,,,,,,,,,Argyll and Bute,http://data.ordnancesurvey.co.uk/id/7000000000030106,http://data.ordnancesurvey.co.uk/ontology/admingeo/UnitaryAuthority,Scotland,http://data.ordnancesurvey.co.uk/id/7000000000041429,Scotland,http://data.ordnancesurvey.co.uk/id/country/scotland,,,
PA351HT,http://data.ordnancesurvey.co.uk/id/postcodeunit/PA351HT,PA35 1HT,,,,other,Postcode,203325.000,729641.000,3500,18000,,,,,,,Bridge of Awe,http://data.ordnancesurvey.co.uk/id/4000000074550142,http://www.ordnancesurvey.co.uk/xml/codelists/localtype.xml#otherSettlement,,,,Argyll and Bute,http://data.ordnancesurvey.co.uk/id/7000000000030106,http://data.ordnancesurvey.co.uk/ontology/admingeo/UnitaryAuthority,Scotland,http://data.ordnancesurvey.co.uk/id/7000000000041429,Scotland,http://data.ordnancesurvey.co.uk/id/country/scotland,,,
PA351JZ,http://data.ordnancesurvey.co.uk/id/postcodeunit/PA351JZ,PA35 1JZ,,,,other,Postcode,200364.000,730962.000,3500,18000,,,,,,,Taynuilt,http://data.ordnancesurvey.co.uk/id/4000000074550144,http://www.ordnancesurvey.co.uk/xml/codelists/localtype.xml#village,,,,Argyll and Bute,http://data.ordnancesurvey.co.uk/id/7000000000030106,http://data.ordnancesurvey.co.uk/ontology/admingeo/UnitaryAuthority,Scotland,http://data.ordnancesurvey.co.uk/id/7000000000041429,Scotland,http://data.ordnancesurvey.co.uk/id/country/scotland,,,
PA331AJ,http://data.ordnancesurvey.co.uk/id/postcodeunit/PA331AJ,PA33 1AJ,,,,other,Postcode,213165.000,728284.000,3500,18000,,,,,,,Lochawe,http://data.ordnancesurvey.co.uk/id/4000000074550141,http://www.ordnancesurvey.co.uk/xml/codelists/localtype.xml#village,,,,Argyll and Bute,http://data.ordnancesurvey.co.uk/id/7000000000030106,http://data.ordnancesurvey.co.uk/ontology/admingeo/UnitaryAuthority,Scotland,http://data.ordnancesurvey.co.uk/id/7000000000041429,Scotland,http://data.ordnancesurvey.co.uk/id/country/scotland,,,
PA351JP,http://data.ordnancesurvey.co.uk/id/postcodeunit/PA351JP,PA35 1JP,,,,other,Postcode,200610.000,731480.000,3500,18000,,,,,,,Taynuilt,http://data.ordnancesurvey.co.uk/id/4000000074550144,http://www.ordnancesurvey.co.uk/xml/codelists/localtype.xml#village,,,,Argyll and Bute,http://data.ordnancesurvey.co.uk/id/7000000000030106,http://data.ordnancesurvey.co.uk/ontology/admingeo/UnitaryAuthority,Scotland,http://data.ordnancesurvey.co.uk/id/7000000000041429,Scotland,http://data.ordnancesurvey.co.uk/id/country/scotland,,,
PA331AT,http://data.ordnancesurvey.co.uk/id/postcodeunit/PA331AT,PA33 1AT,,,,other,Postcode,213518.000,725724.000,3500,18000,,,,,,,,,,,,,Argyll and Bute,http://data.ordnancesurvey.co.uk/id/7000000000030106,http://data.ordnancesurvey.co.uk/ontology/admingeo/UnitaryAuthority,Scotland,http://data.ordnancesurvey.co.uk/id/7000000000041429,Scotland,http://data.ordnancesurvey.co.uk/id/country/scotland,,,
PA331AQ,http://data.ordnancesurvey.co.uk/id/postcodeunit/PA331AQ,PA33 1AQ,,,,other,Postcode,212133.000,727246.000,3500,18000,,,,,,,Lochawe,http://data.ordnancesurvey.co.uk/id/4000000074550141,http://www.ordnancesurvey.co.uk/xml/codelists/localtype.xml#village,,,,Argyll and Bute,http://data.ordnancesurvey.co.uk/id/7000000000030106,http://data.ordnancesurvey.co.uk/ontology/admingeo/UnitaryAuthority,Scotland,http://data.ordnancesurvey.co.uk/id/7000000000041429,Scotland,http://data.ordnancesurvey.co.uk/id/country/scotland,,,
PA351JD,http://data.ordnancesurvey.co.uk/id/postcodeunit/PA351JD,PA35 1JD,,,,other,Postcode,200761.000,730924.000,3500,18000,,,,,,,Taynuilt,http://data.ordnancesurvey.co.uk/id/4000000074550144,http://www.ordnancesurvey.co.uk/xml/codelists/localtype.xml#village,,,,Argyll and Bute,http://data.ordnancesurvey.co.uk/id/7000000000030106,http://data.ordnancesurvey.co.uk/ontology/admingeo/UnitaryAuthority,Scotland,http://data.ordnancesurvey.co.uk/id/7000000000041429,Scotland,http://data.ordnancesurvey.co.uk/id/country/scotland,,,
PA351HW,http://data.ordnancesurvey.co.uk/id/postcodeunit/PA351HW,PA35 1HW,,,,other,Postcode,200721.000,730844.000,3500,18000,,,,,,,Taynuilt,http://data.ordnancesurvey.co.uk/id/4000000074550144,http://www.ordnancesurvey.co.uk/xml/codelists/localtype.xml#village,,,,Argyll and Bute,http://data.ordnancesurvey.co.uk/id/7000000000030106,http://data.ordnancesurvey.co.uk/ontology/admingeo/UnitaryAuthority,Scotland,http://data.ordnancesurvey.co.uk/id/7000000000041429,Scotland,http://data.ordnancesurvey.co.uk/id/country/scotland,,,
PA331BL,http://data.ordnancesurvey.co.uk/id/postcodeunit/PA331BL,PA33 1BL,,,,other,Postcode,206707.000,721105.000,3500,18000,,,,,,,Ardbrecknish,http://data.ordnancesurvey.co.uk/id/4000000074335139,http://www.ordnancesurvey.co.uk/xml/codelists/localtype.xml#hamlet,,,,Argyll and Bute,http://data.ordnancesurvey.co.uk/id/7000000000030106,http://data.ordnancesurvey.co.uk/ontology/admingeo/UnitaryAuthority,Scotland,http://data.ordnancesurvey.co.uk/id/7000000000041429,Scotland,http://data.ordnancesurvey.co.uk/id/country/scotland,,,
PA331AF,http://data.ordnancesurvey.co.uk/id/postcodeunit/PA331AF,PA33 1AF,,,,other,Postcode,212673.000,727710.000,3500,18000,,,,,,,Lochawe,http://data.ordnancesurvey.co.uk/id/4000000074550141,http://www.ordnancesurvey.co.uk/xml/codelists/localtype.xml#village,,,,Argyll and Bute,http://data.ordnancesurvey.co.uk/id/7000000000030106,http://data.ordnancesurvey.co.uk/ontology/admingeo/UnitaryAuthority,Scotland,http://data.ordnancesurvey.co.uk/id/7000000000041429,Scotland,http://data.ordnancesurvey.co.uk/id/country/scotland,,,
PA351JE,http://data.ordnancesurvey.co.uk/id/postcodeunit/PA351JE,PA35 1JE,,,,other,Postcode,200413.000,731108.000,3500,18000,,,,,,,Taynuilt,http://data.ordnancesurvey.co.uk/id/4000000074550144,http://www.ordnancesurvey.co.uk/xml/codelists/localtype.xml#village,,,,Argyll and Bute,http://data.ordnancesurvey.co.uk/id/7000000000030106,http://data.ordnancesurvey.co.uk/ontology/admingeo/UnitaryAuthority,Scotland,http://data.ordnancesurvey.co.uk/id/7000000000041429,Scotland,http://data.ordnancesurvey.co.uk/id/country/scotland,,,
PA371RL,http://data.ordnancesurvey.co.uk/id/postcodeunit/PA371RL,PA37 1RL,,,,other,Postcode,200783.000,733537.000,3500,18000,,,,,,,Bonawe,http://data.ordnancesurvey.co.uk/id/4000000074550143,http://www.ordnancesurvey.co.uk/xml/codelists/localtype.xml#village,,,,Argyll and Bute,http://data.ordnancesurvey.co.uk/id/7000000000030106,http://data.ordnancesurvey.co.uk/ontology/admingeo/UnitaryAuthority,Scotland,http://data.ordnancesurvey.co.uk/id/7000000000041429,Scotland,http://data.ordnancesurvey.co.uk/id/country/scotland,,,
PA351HD,http://data.ordnancesurvey.co.uk/id/postcodeunit/PA351HD,PA35 1HD,,,,other,Postcode,203344.000,723968.000,3500,18000,,,,,,,,,,,,,Argyll and Bute,http://data.ordnancesurvey.co.uk/id/7000000000030106,http://data.ordnancesurvey.co.uk/ontology/admingeo/UnitaryAuthority,Scotland,http://data.ordnancesurvey.co.uk/id/7000000000041429,Scotland,http://data.ordnancesurvey.co.uk/id/country/scotland,,,
PA331BN,http://data.ordnancesurvey.co.uk/id/postcodeunit/PA331BN,PA33 1BN,,,,other,Postcode,203800.000,720294.000,3500,18000,,,,,,,,,,,,,Argyll and Bute,http://data.ordnancesurvey.co.uk/id/7000000000030106,http://data.ordnancesurvey.co.uk/ontology/admingeo/UnitaryAuthority,Scotland,http://data.ordnancesurvey.co.uk/id/7000000000041429,Scotland,http://data.ordnancesurvey.co.uk/id/country/scotland,,,
PA331AY,http://data.ordnancesurvey.co.uk/id/postcodeunit/PA331AY,PA33 1AY,,,,other,Postcode,216723.000,727280.000,3500,18000,,,,,,,Dalmally,http://data.ordnancesurvey.co.uk/id/4000000074550146,http://www.ordnancesurvey.co.uk/xml/codelists/localtype.xml#village,,,,Argyll and Bute,http://data.ordnancesurvey.co.uk/id/7000000000030106,http://data.ordnancesurvey.co.uk/ontology/admingeo/UnitaryAuthority,Scotland,http://data.ordnancesurvey.co.uk/id/7000000000041429,Scotland,http://data.ordnancesurvey.co.uk/id/country/scotland,,,
PA351JW,http://data.ordnancesurvey.co.uk/id/postcodeunit/PA351JW,PA35 1JW,,,,other,Postcode,200002.000,731117.000,3500,18000,,,,,,,Taynuilt,http://data.ordnancesurvey.co.uk/id/4000000074550144,http://www.ordnancesurvey.co.uk/xml/codelists/localtype.xml#village,,,,Argyll and Bute,http://data.ordnancesurvey.co.uk/id/7000000000030106,http://data.ordnancesurvey.co.uk/ontology/admingeo/UnitaryAuthority,Scotland,http://data.ordnancesurvey.co.uk/id/7000000000041429,Scotland,http://data.ordnancesurvey.co.uk/id/country/scotland,,,
PA331BA,http://data.ordnancesurvey.co.uk/id/postcodeunit/PA331BA,PA33 1BA,,,,other,Postcode,217348.000,727391.000,3500,18000,,,,,,,Dalmally,http://data.ordnancesurvey.co.uk/id/4000000074550146,http://www.ordnancesurvey.co.uk/xml/codelists/localtype.xml#village,,,,Argyll and Bute,http://data.ordnancesurvey.co.uk/id/7000000000030106,http://data.ordnancesurvey.co.uk/ontology/admingeo/UnitaryAuthority,Scotland,http://data.ordnancesurvey.co.uk/id/7000000000041429,Scotland,http://data.ordnancesurvey.co.uk/id/country/scotland,,,
PA351HQ,http://data.ordnancesurvey.co.uk/id/postcodeunit/PA351HQ,PA35 1HQ,,,,other,Postcode,204777.000,721392.000,3500,18000,,,,,,,,,,,,,Argyll and Bute,http://data.ordnancesurvey.co.uk/id/7000000000030106,http://data.ordnancesurvey.co.uk/ontology/admingeo/UnitaryAuthority,Scotland,http://data.ordnancesurvey.co.uk/id/7000000000041429,Scotland,http://data.ordnancesurvey.co.uk/id/country/scotland,,,
PA351HR,http://data.ordnancesurvey.co.uk/id/postcodeunit/PA351HR,PA35 1HR,,,,other,Postcode,203044.000,729498.000,3500,18000,,,,,,,Bridge of Awe,http://data.ordnancesurvey.co.uk/id/4000000074550142,http://www.ordnancesurvey.co.uk/xml/codelists/localtype.xml#otherSettlement,,,,Argyll and Bute,http://data.ordnancesurvey.co.uk/id/7000000000030106,http://data.ordnancesurvey.co.uk/ontology/admingeo/UnitaryAuthority,Scotland,http://data.ordnancesurvey.co.uk/id/7000000000041429,Scotland,http://data.ordnancesurvey.co.uk/id/country/scotland,,,
PA331AE,http://data.ordnancesurvey.co.uk/id/postcodeunit/PA331AE,PA33 1AE,,,,other,Postcode,215260.000,727220.000,3500,18000,,,,,,,,,,,,,Argyll and Bute,http://data.ordnancesurvey.co.uk/id/7000000000030106,http://data.ordnancesurvey.co.uk/ontology/admingeo/UnitaryAuthority,Scotland,http://data.ordnancesurvey.co.uk/id/7000000000041429,Scotland,http://data.ordnancesurvey.co.uk/id/country/scotland,,,
PA351JN,http://data.ordnancesurvey.co.uk/id/postcodeunit/PA351JN,PA35 1JN,,,,other,Postcode,200280.000,731135.000,3500,18000,,,,,,,Taynuilt,http://data.ordnancesurvey.co.uk/id/4000000074550144,http://www.ordnancesurvey.co.uk/xml/codelists/localtype.xml#village,,,,Argyll and Bute,http://data.ordnancesurvey.co.uk/id/7000000000030106,http://data.ordnancesurvey.co.uk/ontology/admingeo/UnitaryAuthority,Scotland,http://data.ordnancesurvey.co.uk/id/7000000000041429,Scotland,http://data.ordnancesurvey.co.uk/id/country/scotland,,,
PA331BX,http://data.ordnancesurvey.co.uk/id/postcodeunit/PA331BX,PA33 1BX,,,,other,Postcode,217153.000,727168.000,3500,18000,,,,,,,Dalmally,http://data.ordnancesurvey.co.uk/id/4000000074550146,http://www.ordnancesurvey.co.uk/xml/codelists/localtype.xml#village,,,,Argyll and Bute,http://data.ordnancesurvey.co.uk/id/7000000000030106,http://data.ordnancesurvey.co.uk/ontology/admingeo/UnitaryAuthority,Scotland,http://data.ordnancesurvey.co.uk/id/7000000000041429,Scotland,http://data.ordnancesurvey.co.uk/id/country/scotland,,,
PA371RJ,http://data.ordnancesurvey.co.uk/id/postcodeunit/PA371RJ,PA37 1RJ,,,,other,Postcode,200296.000,733966.000,3500,18000,,,,,,,Bonawe,http://data.ordnancesurvey.co.uk/id/4000000074550143,http://www.ordnancesurvey.co.uk/xml/codelists/localtype.xml#village,,,,Argyll and Bute,http://data.ordnancesurvey.co.uk/id/7000000000030106,http://data.ordnancesurvey.co.uk/ontology/admingeo/UnitaryAuthority,Scotland,http://data.ordnancesurvey.co.uk/id/7000000000041429,Scotland,http://data.ordnancesurvey.co.uk/id/country/scotland,,,
PA351LA,http://data.ordnancesurvey.co.uk/id/postcodeunit/PA351LA,PA35 1LA,,,,other,Postcode,200552.000,731573.000,3500,18000,,,,,,,Taynuilt,http://data.ordnancesurvey.co.uk/id/4000000074550144,http://www.ordnancesurvey.co.uk/xml/codelists/localtype.xml#village,,,,Argyll and Bute,http://data.ordnancesurvey.co.uk/id/7000000000030106,http://data.ordnancesurvey.co.uk/ontology/admingeo/UnitaryAuthority,Scotland,http://data.ordnancesurvey.co.uk/id/7000000000041429,Scotland,http://data.ordnancesurvey.co.uk/id/country/scotland,,,
PA371RH,http://data.ordnancesurvey.co.uk/id/postcodeunit/PA371RH,PA37 1RH,,,,other,Postcode,200164.000,734110.000,3500,18000,,,,,,,Bonawe,http://data.ordnancesurvey.co.uk/id/4000000074550143,http://www.ordnancesurvey.co.uk/xml/codelists/localtype.xml#village,,,,Argyll and Bute,http://data.ordnancesurvey.co.uk/id/7000000000030106,http://data.ordnancesurvey.co.uk/ontology/admingeo/UnitaryAuthority,Scotland,http://data.ordnancesurvey.co.uk/id/7000000000041429,Scotland,http://data.ordnancesurvey.co.uk/id/country/scotland,,,
PA351JQ,http://data.ordnancesurvey.co.uk/id/postcodeunit/PA351JQ,PA35 1JQ,,,,other,Postcode,200973.000,731816.000,3500,18000,,,,,,,Taynuilt,http://data.ordnancesurvey.co.uk/id/4000000074550144,http://www.ordnancesurvey.co.uk/xml/codelists/localtype.xml#village,,,,Argyll and Bute,http://data.ordnancesurvey.co.uk/id/7000000000030106,http://data.ordnancesurvey.co.uk/ontology/admingeo/UnitaryAuthority,Scotland,http://data.ordnancesurvey.co.uk/id/7000000000041429,Scotland,http://data.ordnancesurvey.co.uk/id/country/scotland,,,
PA351YD,http://data.ordnancesurvey.co.uk/id/postcodeunit/PA351YD,PA35 1YD,,,,other,Postcode,200375.000,731102.000,3500,18000,,,,,,,Taynuilt,http://data.ordnancesurvey.co.uk/id/4000000074550144,http://www.ordnancesurvey.co.uk/xml/codelists/localtype.xml#village,,,,Argyll and Bute,http://data.ordnancesurvey.co.uk/id/7000000000030106,http://data.ordnancesurvey.co.uk/ontology/admingeo/UnitaryAuthority,Scotland,http://data.ordnancesurvey.co.uk/id/7000000000041429,Scotland,http://data.ordnancesurvey.co.uk/id/country/scotland,,,
PA351HF,http://data.ordnancesurvey.co.uk/id/postcodeunit/PA351HF,PA35 1HF,,,,other,Postcode,204020.000,722075.000,3500,18000,,,,,,,Annat,http://data.ordnancesurvey.co.uk/id/4000000074549782,http://www.ordnancesurvey.co.uk/xml/codelists/localtype.xml#hamlet,,,,Argyll and Bute,http://data.ordnancesurvey.co.uk/id/7000000000030106,http://data.ordnancesurvey.co.uk/ontology/admingeo/UnitaryAuthority,Scotland,http://data.ordnancesurvey.co.uk/id/7000000000041429,Scotland,http://data.ordnancesurvey.co.uk/id/country/scotland,,,
PA351JG,http://data.ordnancesurvey.co.uk/id/postcodeunit/PA351JG,PA35 1JG,,,,other,Postcode,200439.000,730825.000,3500,18000,,,,,,,Taynuilt,http://data.ordnancesurvey.co.uk/id/4000000074550144,http://www.ordnancesurvey.co.uk/xml/codelists/localtype.xml#village,,,,Argyll and Bute,http://data.ordnancesurvey.co.uk/id/7000000000030106,http://data.ordnancesurvey.co.uk/ontology/admingeo/UnitaryAuthority,Scotland,http://data.ordnancesurvey.co.uk/id/7000000000041429,Scotland,http://data.ordnancesurvey.co.uk/id/country/scotland,,,
PA351HG,http://data.ordnancesurvey.co.uk/id/postcodeunit/PA351HG,PA35 1HG,,,,other,Postcode,203128.000,721806.000,3500,18000,,,,,,,Annat,http://data.ordnancesurvey.co.uk/id/4000000074549782,http://www.ordnancesurvey.co.uk/xml/codelists/localtype.xml#hamlet,,,,Argyll and Bute,http://data.ordnancesurvey.co.uk/id/7000000000030106,http://data.ordnancesurvey.co.uk/ontology/admingeo/UnitaryAuthority,Scotland,http://data.ordnancesurvey.co.uk/id/7000000000041429,Scotland,http://data.ordnancesurvey.co.uk/id/country/scotland,,,
PA351HP,http://data.ordnancesurvey.co.uk/id/postcodeunit/PA351HP,PA35 1HP,,,,other,Postcode,200931.000,730518.000,3500,18000,,,,,,,Taynuilt,http://data.ordnancesurvey.co.uk/id/4000000074550144,http://www.ordnancesurvey.co.uk/xml/codelists/localtype.xml#village,,,,Argyll and Bute,http://data.ordnancesurvey.co.uk/id/7000000000030106,http://data.ordnancesurvey.co.uk/ontology/admingeo/UnitaryAuthority,Scotland,http://data.ordnancesurvey.co.uk/id/7000000000041429,Scotland,http://data.ordnancesurvey.co.uk/id/country/scotland,,,
PA331AS,http://data.ordnancesurvey.co.uk/id/postcodeunit/PA331AS,PA33 1AS,,,,other,Postcode,215761.000,727931.000,3500,18000,,,,,,,Stronmilchan,http://data.ordnancesurvey.co.uk/id/4000000074550140,http://www.ordnancesurvey.co.uk/xml/codelists/localtype.xml#otherSettlement,,,,Argyll and Bute,http://data.ordnancesurvey.co.uk/id/7000000000030106,http://data.ordnancesurvey.co.uk/ontology/admingeo/UnitaryAuthority,Scotland,http://data.ordnancesurvey.co.uk/id/7000000000041429,Scotland,http://data.ordnancesurvey.co.uk/id/country/scotland,,,
PA351JF,http://data.ordnancesurvey.co.uk/id/postcodeunit/PA351JF,PA35 1JF,,,,other,Postcode,200486.000,731053.000,3500,18000,,,,,,,Taynuilt,http://data.ordnancesurvey.co.uk/id/4000000074550144,http://www.ordnancesurvey.co.uk/xml/codelists/localtype.xml#village,,,,Argyll and Bute,http://data.ordnancesurvey.co.uk/id/7000000000030106,http://data.ordnancesurvey.co.uk/ontology/admingeo/UnitaryAuthority,Scotland,http://data.ordnancesurvey.co.uk/id/7000000000041429,Scotland,http://data.ordnancesurvey.co.uk/id/country/scotland,,,
PA351JH,http://data.ordnancesurvey.co.uk/id/postcodeunit/PA351JH,PA35 1JH,,,,other,Postcode,200475.000,731322.000,3500,18000,,,,,,,Taynuilt,http://data.ordnancesurvey.co.uk/id/4000000074550144,http://www.ordnancesurvey.co.uk/xml/codelists/localtype.xml#village,,,,Argyll and Bute,http://data.ordnancesurvey.co.uk/id/7000000000030106,http://data.ordnancesurvey.co.uk/ontology/admingeo/UnitaryAuthority,Scotland,http://data.ordnancesurvey.co.uk/id/7000000000041429,Scotland,http://data.ordnancesurvey.co.uk/id/country/scotland,,,
PA331BH,http://data.ordnancesurvey.co.uk/id/postcodeunit/PA331BH,PA33 1BH,,,,other,Postcode,207174.000,721449.000,3500,18000,,,,,,,Ardbrecknish,http://data.ordnancesurvey.co.uk/id/4000000074335139,http://www.ordnancesurvey.co.uk/xml/codelists/localtype.xml#hamlet,,,,Argyll and Bute,http://data.ordnancesurvey.co.uk/id/7000000000030106,http://data.ordnancesurvey.co.uk/ontology/admingeo/UnitaryAuthority,Scotland,http://data.ordnancesurvey.co.uk/id/7000000000041429,Scotland,http://data.ordnancesurvey.co.uk/id/country/scotland,,,
PA351HU,http://data.ordnancesurvey.co.uk/id/postcodeunit/PA351HU,PA35 1HU,,,,other,Postcode,202280.000,731394.000,3500,18000,,,,,,,,,,,,,Argyll and Bute,http://data.ordnancesurvey.co.uk/id/7000000000030106,http://data.ordnancesurvey.co.uk/ontology/admingeo/UnitaryAuthority,Scotland,http://data.ordnancesurvey.co.uk/id/7000000000041429,Scotland,http://data.ordnancesurvey.co.uk/id/country/scotland,,,
PA331AH,http://data.ordnancesurvey.co.uk/id/postcodeunit/PA331AH,PA33 1AH,,,,other,Postcode,211977.000,727251.000,3500,18000,,,,,,,Lochawe,http://data.ordnancesurvey.co.uk/id/4000000074550141,http://www.ordnancesurvey.co.uk/xml/codelists/localtype.xml#village,,,,Argyll and Bute,http://data.ordnancesurvey.co.uk/id/7000000000030106,http://data.ordnancesurvey.co.uk/ontology/admingeo/UnitaryAuthority,Scotland,http://data.ordnancesurvey.co.uk/id/7000000000041429,Scotland,http://data.ordnancesurvey.co.uk/id/country/scotland,,,
PA351JX,http://data.ordnancesurvey.co.uk/id/postcodeunit/PA351JX,PA35 1JX,,,,other,Postcode,200511.000,730832.000,3500,18000,,,,,,,Taynuilt,http://data.ordnancesurvey.co.uk/id/4000000074550144,http://www.ordnancesurvey.co.uk/xml/codelists/localtype.xml#village,,,,Argyll and Bute,http://data.ordnancesurvey.co.uk/id/7000000000030106,http://data.ordnancesurvey.co.uk/ontology/admingeo/UnitaryAuthority,Scotland,http://data.ordnancesurvey.co.uk/id/7000000000041429,Scotland,http://data.ordnancesurvey.co.uk/id/country/scotland,,,
PA331AR,http://data.ordnancesurvey.co.uk/id/postcodeunit/PA331AR,PA33 1AR,,,,other,Postcode,217846.000,727765.000,3500,18000,,,,,,,,,,,,,Argyll and Bute,http://data.ordnancesurvey.co.uk/id/7000000000030106,http://data.ordnancesurvey.co.uk/ontology/admingeo/UnitaryAuthority,Scotland,http://data.ordnancesurvey.co.uk/id/7000000000041429,Scotland,http://data.ordnancesurvey.co.uk/id/country/scotland,,,
PA331BQ,http://data.ordnancesurvey.co.uk/id/postcodeunit/PA331BQ,PA33 1BQ,,,,other,Postcode,210349.000,722579.000,3500,18000,,,,,,,,,,,,,Argyll and Bute,http://data.ordnancesurvey.co.uk/id/7000000000030106,http://data.ordnancesurvey.co.uk/ontology/admingeo/UnitaryAuthority,Scotland,http://data.ordnancesurvey.co.uk/id/7000000000041429,Scotland,http://data.ordnancesurvey.co.uk/id/country/scotland,,,
PA351AG,http://data.ordnancesurvey.co.uk/id/postcodeunit/PA351AG,PA35 1AG,,,,other,Postcode,200671.000,731363.000,3500,18000,,,,,,,Taynuilt,http://data.ordnancesurvey.co.uk/id/4000000074550144,http://www.ordnancesurvey.co.uk/xml/codelists/localtype.xml#village,,,,Argyll and Bute,http://data.ordnancesurvey.co.uk/id/7000000000030106,http://data.ordnancesurvey.co.uk/ontology/admingeo/UnitaryAuthority,Scotland,http://data.ordnancesurvey.co.uk/id/7000000000041429,Scotland,http://data.ordnancesurvey.co.uk/id/country/scotland,,,
PA351JJ,http://data.ordnancesurvey.co.uk/id/postcodeunit/PA351JJ,PA35 1JJ,,,,other,Postcode,200771.000,731454.000,3500,18000,,,,,,,Taynuilt,http://data.ordnancesurvey.co.uk/id/4000000074550144,http://www.ordnancesurvey.co.uk/xml/codelists/localtype.xml#village,,,,Argyll and Bute,http://data.ordnancesurvey.co.uk/id/7000000000030106,http://data.ordnancesurvey.co.uk/ontology/admingeo/UnitaryAuthority,Scotland,http://data.ordnancesurvey.co.uk/id/7000000000041429,Scotland,http://data.ordnancesurvey.co.uk/id/country/scotland,,,
PA351HE,http://data.ordnancesurvey.co.uk/id/postcodeunit/PA351HE,PA35 1HE,,,,other,Postcode,208352.000,724565.000,3500,18000,,,,,,,,,,,,,Argyll and Bute,http://data.ordnancesurvey.co.uk/id/7000000000030106,http://data.ordnancesurvey.co.uk/ontology/admingeo/UnitaryAuthority,Scotland,http://data.ordnancesurvey.co.uk/id/7000000000041429,Scotland,http://data.ordnancesurvey.co.uk/id/country/scotland,,,
PA331AP,http://data.ordnancesurvey.co.uk/id/postcodeunit/PA331AP,PA33 1AP,,,,other,Postcode,214665.000,729477.000,3500,18000,,,,,,,,,,,,,Argyll and Bute,http://data.ordnancesurvey.co.uk/id/7000000000030106,http://data.ordnancesurvey.co.uk/ontology/admingeo/UnitaryAuthority,Scotland,http://data.ordnancesurvey.co.uk/id/7000000000041429,Scotland,http://data.ordnancesurvey.co.uk/id/country/scotland,,,
PA351JY,http://data.ordnancesurvey.co.uk/id/postcodeunit/PA351JY,PA35 1JY,,,,other,Postcode,200217.000,731156.000,3500,18000,,,,,,,Taynuilt,http://data.ordnancesurvey.co.uk/id/4000000074550144,http://www.ordnancesurvey.co.uk/xml/codelists/localtype.xml#village,,,,Argyll and Bute,http://data.ordnancesurvey.co.uk/id/7000000000030106,http://data.ordnancesurvey.co.uk/ontology/admingeo/UnitaryAuthority,Scotland,http://data.ordnancesurvey.co.uk/id/7000000000041429,Scotland,http://data.ordnancesurvey.co.uk/id/country/scotland,,,
PA331AU,http://data.ordnancesurvey.co.uk/id/postcodeunit/PA331AU,PA33 1AU,,,,other,Postcode,216316.000,727823.000,3500,18000,,,,,,,Stronmilchan,http://data.ordnancesurvey.co.uk/id/4000000074550140,http://www.ordnancesurvey.co.uk/xml/codelists/localtype.xml#otherSettlement,,,,Argyll and Bute,http://data.ordnancesurvey.co.uk/id/7000000000030106,http://data.ordnancesurvey.co.uk/ontology/admingeo/UnitaryAuthority,Scotland,http://data.ordnancesurvey.co.uk/id/7000000000041429,Scotland,http://data.ordnancesurvey.co.uk/id/country/scotland,,,
PA331AN,http://data.ordnancesurvey.co.uk/id/postcodeunit/PA331AN,PA33 1AN,,,,other,Postcode,207764.000,726828.000,3500,18000,,,,,,,,,,,,,Argyll and Bute,http://data.ordnancesurvey.co.uk/id/7000000000030106,http://data.ordnancesurvey.co.uk/ontology/admingeo/UnitaryAuthority,Scotland,http://data.ordnancesurvey.co.uk/id/7000000000041429,Scotland,http://data.ordnancesurvey.co.uk/id/country/scotland,,,
PA331AX,http://data.ordnancesurvey.co.uk/id/postcodeunit/PA331AX,PA33 1AX,,,,other,Postcode,217273.000,727311.000,3500,18000,,,,,,,Dalmally,http://data.ordnancesurvey.co.uk/id/4000000074550146,http://www.ordnancesurvey.co.uk/xml/codelists/localtype.xml#village,,,,Argyll and Bute,http://data.ordnancesurvey.co.uk/id/7000000000030106,http://data.ordnancesurvey.co.uk/ontology/admingeo/UnitaryAuthority,Scotland,http://data.ordnancesurvey.co.uk/id/7000000000041429,Scotland,http://data.ordnancesurvey.co.uk/id/country/scotland,,,
PA351JU,http://data.ordnancesurvey.co.uk/id/postcodeunit/PA351JU,PA35 1JU,,,,other,Postcode,216462.000,738132.000,3500,18000,,,,,,,,,,,,,Argyll and Bute,http://data.ordnancesurvey.co.uk/id/7000000000030106,http://data.ordnancesurvey.co.uk/ontology/admingeo/UnitaryAuthority,Scotland,http://data.ordnancesurvey.co.uk/id/7000000000041429,Scotland,http://data.ordnancesurvey.co.uk/id/country/scotland,,,
PA331AL,http://data.ordnancesurvey.co.uk/id/postcodeunit/PA331AL,PA33 1AL,,,,other,Postcode,211298.000,726565.000,3500,18000,,,,,,,Lochawe,http://data.ordnancesurvey.co.uk/id/4000000074550141,http://www.ordnancesurvey.co.uk/xml/codelists/localtype.xml#village,,,,Argyll and Bute,http://data.ordnancesurvey.co.uk/id/7000000000030106,http://data.ordnancesurvey.co.uk/ontology/admingeo/UnitaryAuthority,Scotland,http://data.ordnancesurvey.co.uk/id/7000000000041429,Scotland,http://data.ordnancesurvey.co.uk/id/country/scotland,,,
PA331BJ,http://data.ordnancesurvey.co.uk/id/postcodeunit/PA331BJ,PA33 1BJ,,,,other,Postcode,205126.000,720915.000,3500,18000,,,,,,,Portsonachan,http://data.ordnancesurvey.co.uk/id/4000000074549420,http://www.ordnancesurvey.co.uk/xml/codelists/localtype.xml#hamlet,,,,Argyll and Bute,http://data.ordnancesurvey.co.uk/id/7000000000030106,http://data.ordnancesurvey.co.uk/ontology/admingeo/UnitaryAuthority,Scotland,http://data.ordnancesurvey.co.uk/id/7000000000041429,Scotland,http://data.ordnancesurvey.co.uk/id/country/scotland,,,
osgb4000000004305574,http://data.ordnancesurvey.co.uk/id/4000000004305574,Scott Terrace,,,,transportNetwork,Named Road,217203.000,727193.000,1000,20000,217119.000,727120.393,217258.000,727221.000,PA33,http://data.ordnancesurvey.co.uk/id/postcodedistrict/PA33,Dalmally,http://data.ordnancesurvey.co.uk/id/4000000074550146,http://www.ordnancesurvey.co.uk/xml/codelists/localtype.xml#village,,,,Argyll and Bute,http://data.ordnancesurvey.co.uk/id/7000000000030106,http://data.ordnancesurvey.co.uk/ontology/admingeo/UnitaryAuthority,Scotland,http://data.ordnancesurvey.co.uk/id/7000000000041429,Scotland,http://data.ordnancesurvey.co.uk/id/country/scotland,,,
osgb4000000004305754,http://data.ordnancesurvey.co.uk/id/4000000004305754,Achnafearna,,,,transportNetwork,Named Road,200621.131,731490.379,1000,20000,200562.331,731450.879,200641.531,731534.479,PA35,http://data.ordnancesurvey.co.uk/id/postcodedistrict/PA35,Taynuilt,http://data.ordnancesurvey.co.uk/id/4000000074550144,http://www.ordnancesurvey.co.uk/xml/codelists/localtype.xml#village,,,,Argyll and Bute,http://data.ordnancesurvey.co.uk/id/7000000000030106,http://data.ordnancesurvey.co.uk/ontology/admingeo/UnitaryAuthority,Scotland,http://data.ordnancesurvey.co.uk/id/7000000000041429,Scotland,http://data.ordnancesurvey.co.uk/id/country/scotland,,,
osgb4000000004305102,http://data.ordnancesurvey.co.uk/id/4000000004305102,Glenview,,,,transportNetwork,Named Road,217224.000,727240.000,2000,20000,217088.000,727186.000,217378.865,727323.000,PA33,http://data.ordnancesurvey.co.uk/id/postcodedistrict/PA33,Dalmally,http://data.ordnancesurvey.co.uk/id/4000000074550146,http://www.ordnancesurvey.co.uk/xml/codelists/localtype.xml#village,,,,Argyll and Bute,http://data.ordnancesurvey.co.uk/id/7000000000030106,http://data.ordnancesurvey.co.uk/ontology/admingeo/UnitaryAuthority,Scotland,http://data.ordnancesurvey.co.uk/id/7000000000041429,Scotland,http://data.ordnancesurvey.co.uk/id/country/scotland,,,
osgb4000000004313935,http://data.ordnancesurvey.co.uk/id/4000000004313935,West Drive,,,,transportNetwork,Named Road,206794.585,721184.990,3000,20000,206638.042,721012.860,207031.000,721203.482,PA33,http://data.ordnancesurvey.co.uk/id/postcodedistrict/PA33,Ardbrecknish,http://data.ordnancesurvey.co.uk/id/4000000074335139,http://www.ordnancesurvey.co.uk/xml/codelists/localtype.xml#hamlet,,,,Argyll and Bute,http://data.ordnancesurvey.co.uk/id/7000000000030106,http://data.ordnancesurvey.co.uk/ontology/admingeo/UnitaryAuthority,Scotland,http://data.ordnancesurvey.co.uk/id/7000000000041429,Scotland,http://data.ordnancesurvey.co.uk/id/country/scotland,,,
osgb4000000004307781,http://data.ordnancesurvey.co.uk/id/4000000004307781,B845,,,,transportNetwork,Numbered Road,200448.331,731404.279,131000,250000,195784.848,721408.228,204746.977,741563.000,PA35,http://data.ordnancesurvey.co.uk/id/postcodedistrict/PA35,Taynuilt,http://data.ordnancesurvey.co.uk/id/4000000074550144,http://www.ordnancesurvey.co.uk/xml/codelists/localtype.xml#village,,,,Argyll and Bute,http://data.ordnancesurvey.co.uk/id/7000000000030106,http://data.ordnancesurvey.co.uk/ontology/admingeo/UnitaryAuthority,Scotland,http://data.ordnancesurvey.co.uk/id/7000000000041429,Scotland,http://data.ordnancesurvey.co.uk/id/country/scotland,,,
osgb5000005153244207,http://data.ordnancesurvey.co.uk/id/5000005153244207,School Brae,,,,transportNetwork,Named Road,200444.231,731017.779,1000,20000,200369.031,731013.379,200517.031,731046.979,PA35,http://data.ordnancesurvey.co.uk/id/postcodedistrict/PA35,Taynuilt,http://data.ordnancesurvey.co.uk/id/4000000074550144,http://www.ordnancesurvey.co.uk/xml/codelists/localtype.xml#village,,,,Argyll and Bute,http://data.ordnancesurvey.co.uk/id/7000000000030106,http://data.ordnancesurvey.co.uk/ontology/admingeo/UnitaryAuthority,Scotland,http://data.ordnancesurvey.co.uk/id/7000000000041429,Scotland,http://data.ordnancesurvey.co.uk/id/country/scotland,,,
osgb5000005182994161,http://data.ordnancesurvey.co.uk/id/5000005182994161,Lagan,,,,transportNetwork,Named Road,200244.000,731138.984,1000,20000,200216.399,731114.464,200250.649,731172.547,PA35,http://data.ordnancesurvey.co.uk/id/postcodedistrict/PA35,Taynuilt,http://data.ordnancesurvey.co.uk/id/4000000074550144,http://www.ordnancesurvey.co.uk/xml/codelists/localtype.xml#village,,,,Argyll and Bute,http://data.ordnancesurvey.co.uk/id/7000000000030106,http://data.ordnancesurvey.co.uk/ontology/admingeo/UnitaryAuthority,Scotland,http://data.ordnancesurvey.co.uk/id/7000000000041429,Scotland,http://data.ordnancesurvey.co.uk/id/country/scotland,,,
osgb4000000004305871,http://data.ordnancesurvey.co.uk/id/4000000004305871,Cruachan Terrace,,,,transportNetwork,Named Road,200504.000,730808.000,1000,20000,200501.438,730799.893,200526.241,730829.243,PA35,http://data.ordnancesurvey.co.uk/id/postcodedistrict/PA35,Taynuilt,http://data.ordnancesurvey.co.uk/id/4000000074550144,http://www.ordnancesurvey.co.uk/xml/codelists/localtype.xml#village,,,,Argyll and Bute,http://data.ordnancesurvey.co.uk/id/7000000000030106,http://data.ordnancesurvey.co.uk/ontology/admingeo/UnitaryAuthority,Scotland,http://data.ordnancesurvey.co.uk/id/7000000000041429,Scotland,http://data.ordnancesurvey.co.uk/id/country/scotland,,,
osgb4000000004318486,http://data.ordnancesurvey.co.uk/id/4000000004318486,Brochroy Croft,,,,transportNetwork,Named Road,200751.180,731783.956,1000,20000,200687.169,731743.254,200770.109,731841.486,PA35,http://data.ordnancesurvey.co.uk/id/postcodedistrict/PA35,Taynuilt,http://data.ordnancesurvey.co.uk/id/4000000074550144,http://www.ordnancesurvey.co.uk/xml/codelists/localtype.xml#village,,,,Argyll and Bute,http://data.ordnancesurvey.co.uk/id/7000000000030106,http://data.ordnancesurvey.co.uk/ontology/admingeo/UnitaryAuthority,Scotland,http://data.ordnancesurvey.co.uk/id/7000000000041429,Scotland,http://data.ordnancesurvey.co.uk/id/country/scotland,,,
osgb4000000004305101,http://data.ordnancesurvey.co.uk/id/4000000004305101,St Conan's Road,,,,transportNetwork,Named Road,211308.200,726526.600,1000,20000,211252.200,726472.000,211406.000,726666.000,PA33,http://data.ordnancesurvey.co.uk/id/postcodedistrict/PA33,Lochawe,http://data.ordnancesurvey.co.uk/id/4000000074550141,http://www.ordnancesurvey.co.uk/xml/codelists/localtype.xml#village,,,,Argyll and Bute,http://data.ordnancesurvey.co.uk/id/7000000000030106,http://data.ordnancesurvey.co.uk/ontology/admingeo/UnitaryAuthority,Scotland,http://data.ordnancesurvey.co.uk/id/7000000000041429,Scotland,http://data.ordnancesurvey.co.uk/id/country/scotland,,,
osgb4000000004318485,http://data.ordnancesurvey.co.uk/id/4000000004318485,Aldersyde,,,,transportNetwork,Named Road,200721.444,731330.993,1000,20000,200627.329,731302.251,200832.404,731399.466,PA35,http://data.ordnancesurvey.co.uk/id/postcodedistrict/PA35,Taynuilt,http://data.ordnancesurvey.co.uk/id/4000000074550144,http://www.ordnancesurvey.co.uk/xml/codelists/localtype.xml#village,,,,Argyll and Bute,http://data.ordnancesurvey.co.uk/id/7000000000030106,http://data.ordnancesurvey.co.uk/ontology/admingeo/UnitaryAuthority,Scotland,http://data.ordnancesurvey.co.uk/id/7000000000041429,Scotland,http://data.ordnancesurvey.co.uk/id/country/scotland,,,
PA331BE,http://data.ordnancesurvey.co.uk/id/postcodeunit/PA331BE,PA33 1BE,,,,other,Postcode,217194.000,727225.000,3500,18000,,,,,,,Dalmally,http://data.ordnancesurvey.co.uk/id/4000000074550146,http://www.ordnancesurvey.co.uk/xml/codelists/localtype.xml#village,,,,Argyll and Bute,http://data.ordnancesurvey.co.uk/id/7000000000030106,http://data.ordnancesurvey.co.uk/ontology/admingeo/UnitaryAuthority,Scotland,http://data.ordnancesurvey.co.uk/id/7000000000041429,Scotland,http://data.ordnancesurvey.co.uk/id/country/scotland,,,
PA331AZ,http://data.ordnancesurvey.co.uk/id/postcodeunit/PA331AZ,PA33 1AZ,,,,other,Postcode,217202.000,727341.000,3500,18000,,,,,,,Dalmally,http://data.ordnancesurvey.co.uk/id/4000000074550146,http://www.ordnancesurvey.co.uk/xml/codelists/localtype.xml#village,,,,Argyll and Bute,http://data.ordnancesurvey.co.uk/id/7000000000030106,http://data.ordnancesurvey.co.uk/ontology/admingeo/UnitaryAuthority,Scotland,http://data.ordnancesurvey.co.uk/id/7000000000041429,Scotland,http://data.ordnancesurvey.co.uk/id/country/scotland,,,
PA331AA,http://data.ordnancesurvey.co.uk/id/postcodeunit/PA331AA,PA33 1AA,,,,other,Postcode,215979.000,727207.000,3500,18000,,,,,,,Dalmally,http://data.ordnancesurvey.co.uk/id/4000000074550146,http://www.ordnancesurvey.co.uk/xml/codelists/localtype.xml#village,,,,Argyll and Bute,http://data.ordnancesurvey.co.uk/id/7000000000030106,http://data.ordnancesurvey.co.uk/ontology/admingeo/UnitaryAuthority,Scotland,http://data.ordnancesurvey.co.uk/id/7000000000041429,Scotland,http://data.ordnancesurvey.co.uk/id/country/scotland,,,
PA351JL,http://data.ordnancesurvey.co.uk/id/postcodeunit/PA351JL,PA35 1JL,,,,other,Postcode,201069.000,731788.000,3500,18000,,,,,,,Taynuilt,http://data.ordnancesurvey.co.uk/id/4000000074550144,http://www.ordnancesurvey.co.uk/xml/codelists/localtype.xml#village,,,,Argyll and Bute,http://data.ordnancesurvey.co.uk/id/7000000000030106,http://data.ordnancesurvey.co.uk/ontology/admingeo/UnitaryAuthority,Scotland,http://data.ordnancesurvey.co.uk/id/7000000000041429,Scotland,http://data.ordnancesurvey.co.uk/id/country/scotland,,,
osgb4000000004306051,http://data.ordnancesurvey.co.uk/id/4000000004306051,B8077,,,,transportNetwork,Numbered Road,214991.000,728290.000,23000,250000,213234.000,727289.000,216824.000,729453.000,PA33,http://data.ordnancesurvey.co.uk/id/postcodedistrict/PA33,Stronmilchan,http://data.ordnancesurvey.co.uk/id/4000000074550140,http://www.ordnancesurvey.co.uk/xml/codelists/localtype.xml#otherSettlement,,,,Argyll and Bute,http://data.ordnancesurvey.co.uk/id/7000000000030106,http://data.ordnancesurvey.co.uk/ontology/admingeo/UnitaryAuthority,Scotland,http://data.ordnancesurvey.co.uk/id/7000000000041429,Scotland,http://data.ordnancesurvey.co.uk/id/country/scotland,,,
osgb4000000004305208,http://data.ordnancesurvey.co.uk/id/4000000004305208,Lochandhu Road,,,,transportNetwork,Named Road,200825.331,731709.979,2000,20000,200643.131,731659.579,201022.591,731792.605,PA35,http://data.ordnancesurvey.co.uk/id/postcodedistrict/PA35,Taynuilt,http://data.ordnancesurvey.co.uk/id/4000000074550144,http://www.ordnancesurvey.co.uk/xml/codelists/localtype.xml#village,,,,Argyll and Bute,http://data.ordnancesurvey.co.uk/id/7000000000030106,http://data.ordnancesurvey.co.uk/ontology/admingeo/UnitaryAuthority,Scotland,http://data.ordnancesurvey.co.uk/id/7000000000041429,Scotland,http://data.ordnancesurvey.co.uk/id/country/scotland,,,
