﻿osgb4000000074550147,http://data.ordnancesurvey.co.uk/id/4000000074550147,East Laroch,,,,populatedPlace,Suburban Area,207994.000,758326.000,5000,25000,207652.445,757883.577,208453.404,758720.698,PH49,http://data.ordnancesurvey.co.uk/id/postcodedistrict/PH49,,,,,,,Highland,http://data.ordnancesurvey.co.uk/id/7000000000029638,http://data.ordnancesurvey.co.uk/ontology/admingeo/UnitaryAuthority,Scotland,http://data.ordnancesurvey.co.uk/id/7000000000041429,Scotland,http://data.ordnancesurvey.co.uk/id/country/scotland,,,http://sws.geonames.org/2650401
osgb4000000074550150,http://data.ordnancesurvey.co.uk/id/4000000074550150,South Ballachulish,,,,populatedPlace,Village,204585.550,759153.560,9000,250000,204103.738,758763.815,205487.433,759697.008,PH49,http://data.ordnancesurvey.co.uk/id/postcodedistrict/PH49,,,,,,,Highland,http://data.ordnancesurvey.co.uk/id/7000000000029638,http://data.ordnancesurvey.co.uk/ontology/admingeo/UnitaryAuthority,Scotland,http://data.ordnancesurvey.co.uk/id/7000000000041429,Scotland,http://data.ordnancesurvey.co.uk/id/country/scotland,,,http://sws.geonames.org/2641426
osgb4000000074550148,http://data.ordnancesurvey.co.uk/id/4000000074550148,Ballachulish,,,,populatedPlace,Village,208320.970,758369.250,8000,250000,207283.965,757553.202,208453.404,758720.698,PH49,http://data.ordnancesurvey.co.uk/id/postcodedistrict/PH49,,,,,,,Highland,http://data.ordnancesurvey.co.uk/id/7000000000029638,http://data.ordnancesurvey.co.uk/ontology/admingeo/UnitaryAuthority,Scotland,http://data.ordnancesurvey.co.uk/id/7000000000041429,Scotland,http://data.ordnancesurvey.co.uk/id/country/scotland,,http://dbpedia.org/resource/Ballachulish,http://sws.geonames.org/2656569
osgb4000000074550511,http://data.ordnancesurvey.co.uk/id/4000000074550511,Fasnacloich,,,,populatedPlace,Other Settlement,201935.830,747624.390,15000,25000,200790.543,746135.390,203486.472,748837.697,PA38,http://data.ordnancesurvey.co.uk/id/postcodedistrict/PA38,,,,,,,Argyll and Bute,http://data.ordnancesurvey.co.uk/id/7000000000030106,http://data.ordnancesurvey.co.uk/ontology/admingeo/UnitaryAuthority,Scotland,http://data.ordnancesurvey.co.uk/id/7000000000041429,Scotland,http://data.ordnancesurvey.co.uk/id/country/scotland,,,
osgb4000000074550149,http://data.ordnancesurvey.co.uk/id/4000000074550149,West Laroch,,,,populatedPlace,Suburban Area,208002.000,758008.000,6000,25000,207283.965,757553.202,208145.038,758466.640,PH49,http://data.ordnancesurvey.co.uk/id/postcodedistrict/PH49,,,,,,,Highland,http://data.ordnancesurvey.co.uk/id/7000000000029638,http://data.ordnancesurvey.co.uk/ontology/admingeo/UnitaryAuthority,Scotland,http://data.ordnancesurvey.co.uk/id/7000000000041429,Scotland,http://data.ordnancesurvey.co.uk/id/country/scotland,,,http://sws.geonames.org/2634369
osgb4000000074549790,http://data.ordnancesurvey.co.uk/id/4000000074549790,Brecklet,,,,populatedPlace,Suburban Area,208166.000,757833.000,2000,25000,207975.185,757510.243,208475.185,758010.243,PH49,http://data.ordnancesurvey.co.uk/id/postcodedistrict/PH49,,,,,,,Highland,http://data.ordnancesurvey.co.uk/id/7000000000029638,http://data.ordnancesurvey.co.uk/ontology/admingeo/UnitaryAuthority,Scotland,http://data.ordnancesurvey.co.uk/id/7000000000041429,Scotland,http://data.ordnancesurvey.co.uk/id/country/scotland,,,
osgb4000000074549789,http://data.ordnancesurvey.co.uk/id/4000000074549789,Glencoe,,,,populatedPlace,Village,209949.000,758797.000,12000,250000,208942.550,758305.846,210769.854,759657.360,PH49,http://data.ordnancesurvey.co.uk/id/postcodedistrict/PH49,,,,,,,Highland,http://data.ordnancesurvey.co.uk/id/7000000000029638,http://data.ordnancesurvey.co.uk/ontology/admingeo/UnitaryAuthority,Scotland,http://data.ordnancesurvey.co.uk/id/7000000000041429,Scotland,http://data.ordnancesurvey.co.uk/id/country/scotland,,"http://dbpedia.org/resource/Glencoe,_Highland",http://sws.geonames.org/7874330
osgb4000000074542771,http://data.ordnancesurvey.co.uk/id/4000000074542771,Kentallen,,,,populatedPlace,Village,201347.200,758283.360,14000,250000,200539.217,757230.714,202595.428,759361.444,PA38,http://data.ordnancesurvey.co.uk/id/postcodedistrict/PA38,,,,,,,Highland,http://data.ordnancesurvey.co.uk/id/7000000000029638,http://data.ordnancesurvey.co.uk/ontology/admingeo/UnitaryAuthority,Scotland,http://data.ordnancesurvey.co.uk/id/7000000000041429,Scotland,http://data.ordnancesurvey.co.uk/id/country/scotland,,,http://sws.geonames.org/2645797
PH494JD,http://data.ordnancesurvey.co.uk/id/postcodeunit/PH494JD,PH49 4JD,,,,other,Postcode,203330.000,759576.000,3500,18000,,,,,,,,,,,,,Highland,http://data.ordnancesurvey.co.uk/id/7000000000029638,http://data.ordnancesurvey.co.uk/ontology/admingeo/UnitaryAuthority,Scotland,http://data.ordnancesurvey.co.uk/id/7000000000041429,Scotland,http://data.ordnancesurvey.co.uk/id/country/scotland,,,
PA384BF,http://data.ordnancesurvey.co.uk/id/postcodeunit/PA384BF,PA38 4BF,,,,other,Postcode,201366.000,758247.000,3500,18000,,,,,,,Kentallen,http://data.ordnancesurvey.co.uk/id/4000000074542771,http://www.ordnancesurvey.co.uk/xml/codelists/localtype.xml#village,,,,Highland,http://data.ordnancesurvey.co.uk/id/7000000000029638,http://data.ordnancesurvey.co.uk/ontology/admingeo/UnitaryAuthority,Scotland,http://data.ordnancesurvey.co.uk/id/7000000000041429,Scotland,http://data.ordnancesurvey.co.uk/id/country/scotland,,,
PH494JH,http://data.ordnancesurvey.co.uk/id/postcodeunit/PH494JH,PH49 4JH,,,,other,Postcode,207921.000,757971.000,3500,18000,,,,,,,Ballachulish,http://data.ordnancesurvey.co.uk/id/4000000074550148,http://www.ordnancesurvey.co.uk/xml/codelists/localtype.xml#village,,,,Highland,http://data.ordnancesurvey.co.uk/id/7000000000029638,http://data.ordnancesurvey.co.uk/ontology/admingeo/UnitaryAuthority,Scotland,http://data.ordnancesurvey.co.uk/id/7000000000041429,Scotland,http://data.ordnancesurvey.co.uk/id/country/scotland,,,
PH494JB,http://data.ordnancesurvey.co.uk/id/postcodeunit/PH494JB,PH49 4JB,,,,other,Postcode,208290.000,758281.000,3500,18000,,,,,,,Ballachulish,http://data.ordnancesurvey.co.uk/id/4000000074550148,http://www.ordnancesurvey.co.uk/xml/codelists/localtype.xml#village,,,,Highland,http://data.ordnancesurvey.co.uk/id/7000000000029638,http://data.ordnancesurvey.co.uk/ontology/admingeo/UnitaryAuthority,Scotland,http://data.ordnancesurvey.co.uk/id/7000000000041429,Scotland,http://data.ordnancesurvey.co.uk/id/country/scotland,,,
PH494JU,http://data.ordnancesurvey.co.uk/id/postcodeunit/PH494JU,PH49 4JU,,,,other,Postcode,208196.000,758382.000,3500,18000,,,,,,,Ballachulish,http://data.ordnancesurvey.co.uk/id/4000000074550148,http://www.ordnancesurvey.co.uk/xml/codelists/localtype.xml#village,,,,Highland,http://data.ordnancesurvey.co.uk/id/7000000000029638,http://data.ordnancesurvey.co.uk/ontology/admingeo/UnitaryAuthority,Scotland,http://data.ordnancesurvey.co.uk/id/7000000000041429,Scotland,http://data.ordnancesurvey.co.uk/id/country/scotland,,,
PH494HT,http://data.ordnancesurvey.co.uk/id/postcodeunit/PH494HT,PH49 4HT,,,,other,Postcode,210347.000,759081.000,3500,18000,,,,,,,Glencoe,http://data.ordnancesurvey.co.uk/id/4000000074549789,http://www.ordnancesurvey.co.uk/xml/codelists/localtype.xml#village,,,,Highland,http://data.ordnancesurvey.co.uk/id/7000000000029638,http://data.ordnancesurvey.co.uk/ontology/admingeo/UnitaryAuthority,Scotland,http://data.ordnancesurvey.co.uk/id/7000000000041429,Scotland,http://data.ordnancesurvey.co.uk/id/country/scotland,,,
PH494LH,http://data.ordnancesurvey.co.uk/id/postcodeunit/PH494LH,PH49 4LH,,,,other,Postcode,208119.000,758116.000,3500,18000,,,,,,,Ballachulish,http://data.ordnancesurvey.co.uk/id/4000000074550148,http://www.ordnancesurvey.co.uk/xml/codelists/localtype.xml#village,,,,Highland,http://data.ordnancesurvey.co.uk/id/7000000000029638,http://data.ordnancesurvey.co.uk/ontology/admingeo/UnitaryAuthority,Scotland,http://data.ordnancesurvey.co.uk/id/7000000000041429,Scotland,http://data.ordnancesurvey.co.uk/id/country/scotland,,,
PH494JA,http://data.ordnancesurvey.co.uk/id/postcodeunit/PH494JA,PH49 4JA,,,,other,Postcode,214306.000,748322.000,3500,18000,,,,,,,,,,,,,Highland,http://data.ordnancesurvey.co.uk/id/7000000000029638,http://data.ordnancesurvey.co.uk/ontology/admingeo/UnitaryAuthority,Scotland,http://data.ordnancesurvey.co.uk/id/7000000000041429,Scotland,http://data.ordnancesurvey.co.uk/id/country/scotland,,,
PH494HU,http://data.ordnancesurvey.co.uk/id/postcodeunit/PH494HU,PH49 4HU,,,,other,Postcode,210541.000,758762.000,3500,18000,,,,,,,Glencoe,http://data.ordnancesurvey.co.uk/id/4000000074549789,http://www.ordnancesurvey.co.uk/xml/codelists/localtype.xml#village,,,,Highland,http://data.ordnancesurvey.co.uk/id/7000000000029638,http://data.ordnancesurvey.co.uk/ontology/admingeo/UnitaryAuthority,Scotland,http://data.ordnancesurvey.co.uk/id/7000000000041429,Scotland,http://data.ordnancesurvey.co.uk/id/country/scotland,,,
PH494JY,http://data.ordnancesurvey.co.uk/id/postcodeunit/PH494JY,PH49 4JY,,,,other,Postcode,205062.000,759633.000,3500,18000,,,,,,,South Ballachulish,http://data.ordnancesurvey.co.uk/id/4000000074550150,http://www.ordnancesurvey.co.uk/xml/codelists/localtype.xml#village,,,,Highland,http://data.ordnancesurvey.co.uk/id/7000000000029638,http://data.ordnancesurvey.co.uk/ontology/admingeo/UnitaryAuthority,Scotland,http://data.ordnancesurvey.co.uk/id/7000000000041429,Scotland,http://data.ordnancesurvey.co.uk/id/country/scotland,,,
PA384BZ,http://data.ordnancesurvey.co.uk/id/postcodeunit/PA384BZ,PA38 4BZ,,,,other,Postcode,200633.000,757300.000,3500,18000,,,,,,,Kentallen,http://data.ordnancesurvey.co.uk/id/4000000074542771,http://www.ordnancesurvey.co.uk/xml/codelists/localtype.xml#village,,,,Highland,http://data.ordnancesurvey.co.uk/id/7000000000029638,http://data.ordnancesurvey.co.uk/ontology/admingeo/UnitaryAuthority,Scotland,http://data.ordnancesurvey.co.uk/id/7000000000041429,Scotland,http://data.ordnancesurvey.co.uk/id/country/scotland,,,
PH494JN,http://data.ordnancesurvey.co.uk/id/postcodeunit/PH494JN,PH49 4JN,,,,other,Postcode,207833.000,758150.000,3500,18000,,,,,,,Ballachulish,http://data.ordnancesurvey.co.uk/id/4000000074550148,http://www.ordnancesurvey.co.uk/xml/codelists/localtype.xml#village,,,,Highland,http://data.ordnancesurvey.co.uk/id/7000000000029638,http://data.ordnancesurvey.co.uk/ontology/admingeo/UnitaryAuthority,Scotland,http://data.ordnancesurvey.co.uk/id/7000000000041429,Scotland,http://data.ordnancesurvey.co.uk/id/country/scotland,,,
PH494LE,http://data.ordnancesurvey.co.uk/id/postcodeunit/PH494LE,PH49 4LE,,,,other,Postcode,208203.000,758490.000,3500,18000,,,,,,,Ballachulish,http://data.ordnancesurvey.co.uk/id/4000000074550148,http://www.ordnancesurvey.co.uk/xml/codelists/localtype.xml#village,,,,Highland,http://data.ordnancesurvey.co.uk/id/7000000000029638,http://data.ordnancesurvey.co.uk/ontology/admingeo/UnitaryAuthority,Scotland,http://data.ordnancesurvey.co.uk/id/7000000000041429,Scotland,http://data.ordnancesurvey.co.uk/id/country/scotland,,,
PA384BY,http://data.ordnancesurvey.co.uk/id/postcodeunit/PA384BY,PA38 4BY,,,,other,Postcode,201765.000,758703.000,3500,18000,,,,,,,Kentallen,http://data.ordnancesurvey.co.uk/id/4000000074542771,http://www.ordnancesurvey.co.uk/xml/codelists/localtype.xml#village,,,,Highland,http://data.ordnancesurvey.co.uk/id/7000000000029638,http://data.ordnancesurvey.co.uk/ontology/admingeo/UnitaryAuthority,Scotland,http://data.ordnancesurvey.co.uk/id/7000000000041429,Scotland,http://data.ordnancesurvey.co.uk/id/country/scotland,,,
PA384BJ,http://data.ordnancesurvey.co.uk/id/postcodeunit/PA384BJ,PA38 4BJ,,,,other,Postcode,202994.000,747991.000,3500,18000,,,,,,,,,,,,,Argyll and Bute,http://data.ordnancesurvey.co.uk/id/7000000000030106,http://data.ordnancesurvey.co.uk/ontology/admingeo/UnitaryAuthority,Scotland,http://data.ordnancesurvey.co.uk/id/7000000000041429,Scotland,http://data.ordnancesurvey.co.uk/id/country/scotland,,,
PH494HX,http://data.ordnancesurvey.co.uk/id/postcodeunit/PH494HX,PH49 4HX,,,,other,Postcode,211824.000,757767.000,3500,18000,,,,,,,,,,,,,Highland,http://data.ordnancesurvey.co.uk/id/7000000000029638,http://data.ordnancesurvey.co.uk/ontology/admingeo/UnitaryAuthority,Scotland,http://data.ordnancesurvey.co.uk/id/7000000000041429,Scotland,http://data.ordnancesurvey.co.uk/id/country/scotland,,,
PH494JQ,http://data.ordnancesurvey.co.uk/id/postcodeunit/PH494JQ,PH49 4JQ,,,,other,Postcode,208006.000,757951.000,3500,18000,,,,,,,Ballachulish,http://data.ordnancesurvey.co.uk/id/4000000074550148,http://www.ordnancesurvey.co.uk/xml/codelists/localtype.xml#village,,,,Highland,http://data.ordnancesurvey.co.uk/id/7000000000029638,http://data.ordnancesurvey.co.uk/ontology/admingeo/UnitaryAuthority,Scotland,http://data.ordnancesurvey.co.uk/id/7000000000041429,Scotland,http://data.ordnancesurvey.co.uk/id/country/scotland,,,
PH494LA,http://data.ordnancesurvey.co.uk/id/postcodeunit/PH494LA,PH49 4LA,,,,other,Postcode,211823.000,756666.000,3500,18000,,,,,,,,,,,,,Highland,http://data.ordnancesurvey.co.uk/id/7000000000029638,http://data.ordnancesurvey.co.uk/ontology/admingeo/UnitaryAuthority,Scotland,http://data.ordnancesurvey.co.uk/id/7000000000041429,Scotland,http://data.ordnancesurvey.co.uk/id/country/scotland,,,
PH494JS,http://data.ordnancesurvey.co.uk/id/postcodeunit/PH494JS,PH49 4JS,,,,other,Postcode,208095.000,758239.000,3500,18000,,,,,,,Ballachulish,http://data.ordnancesurvey.co.uk/id/4000000074550148,http://www.ordnancesurvey.co.uk/xml/codelists/localtype.xml#village,,,,Highland,http://data.ordnancesurvey.co.uk/id/7000000000029638,http://data.ordnancesurvey.co.uk/ontology/admingeo/UnitaryAuthority,Scotland,http://data.ordnancesurvey.co.uk/id/7000000000041429,Scotland,http://data.ordnancesurvey.co.uk/id/country/scotland,,,
PH494JT,http://data.ordnancesurvey.co.uk/id/postcodeunit/PH494JT,PH49 4JT,,,,other,Postcode,208003.000,758340.000,3500,18000,,,,,,,Ballachulish,http://data.ordnancesurvey.co.uk/id/4000000074550148,http://www.ordnancesurvey.co.uk/xml/codelists/localtype.xml#village,,,,Highland,http://data.ordnancesurvey.co.uk/id/7000000000029638,http://data.ordnancesurvey.co.uk/ontology/admingeo/UnitaryAuthority,Scotland,http://data.ordnancesurvey.co.uk/id/7000000000041429,Scotland,http://data.ordnancesurvey.co.uk/id/country/scotland,,,
PH494JZ,http://data.ordnancesurvey.co.uk/id/postcodeunit/PH494JZ,PH49 4JZ,,,,other,Postcode,204593.000,759069.000,3500,18000,,,,,,,South Ballachulish,http://data.ordnancesurvey.co.uk/id/4000000074550150,http://www.ordnancesurvey.co.uk/xml/codelists/localtype.xml#village,,,,Highland,http://data.ordnancesurvey.co.uk/id/7000000000029638,http://data.ordnancesurvey.co.uk/ontology/admingeo/UnitaryAuthority,Scotland,http://data.ordnancesurvey.co.uk/id/7000000000041429,Scotland,http://data.ordnancesurvey.co.uk/id/country/scotland,,,
PH494JX,http://data.ordnancesurvey.co.uk/id/postcodeunit/PH494JX,PH49 4JX,,,,other,Postcode,205111.000,759518.000,3500,18000,,,,,,,South Ballachulish,http://data.ordnancesurvey.co.uk/id/4000000074550150,http://www.ordnancesurvey.co.uk/xml/codelists/localtype.xml#village,,,,Highland,http://data.ordnancesurvey.co.uk/id/7000000000029638,http://data.ordnancesurvey.co.uk/ontology/admingeo/UnitaryAuthority,Scotland,http://data.ordnancesurvey.co.uk/id/7000000000041429,Scotland,http://data.ordnancesurvey.co.uk/id/country/scotland,,,
PH494JG,http://data.ordnancesurvey.co.uk/id/postcodeunit/PH494JG,PH49 4JG,,,,other,Postcode,208175.000,757854.000,3500,18000,,,,,,,Ballachulish,http://data.ordnancesurvey.co.uk/id/4000000074550148,http://www.ordnancesurvey.co.uk/xml/codelists/localtype.xml#village,,,,Highland,http://data.ordnancesurvey.co.uk/id/7000000000029638,http://data.ordnancesurvey.co.uk/ontology/admingeo/UnitaryAuthority,Scotland,http://data.ordnancesurvey.co.uk/id/7000000000041429,Scotland,http://data.ordnancesurvey.co.uk/id/country/scotland,,,
PH494JP,http://data.ordnancesurvey.co.uk/id/postcodeunit/PH494JP,PH49 4JP,,,,other,Postcode,207556.000,758289.000,3500,18000,,,,,,,Ballachulish,http://data.ordnancesurvey.co.uk/id/4000000074550148,http://www.ordnancesurvey.co.uk/xml/codelists/localtype.xml#village,,,,Highland,http://data.ordnancesurvey.co.uk/id/7000000000029638,http://data.ordnancesurvey.co.uk/ontology/admingeo/UnitaryAuthority,Scotland,http://data.ordnancesurvey.co.uk/id/7000000000041429,Scotland,http://data.ordnancesurvey.co.uk/id/country/scotland,,,
PH494JL,http://data.ordnancesurvey.co.uk/id/postcodeunit/PH494JL,PH49 4JL,,,,other,Postcode,207923.000,758084.000,3500,18000,,,,,,,Ballachulish,http://data.ordnancesurvey.co.uk/id/4000000074550148,http://www.ordnancesurvey.co.uk/xml/codelists/localtype.xml#village,,,,Highland,http://data.ordnancesurvey.co.uk/id/7000000000029638,http://data.ordnancesurvey.co.uk/ontology/admingeo/UnitaryAuthority,Scotland,http://data.ordnancesurvey.co.uk/id/7000000000041429,Scotland,http://data.ordnancesurvey.co.uk/id/country/scotland,,,
PH494JW,http://data.ordnancesurvey.co.uk/id/postcodeunit/PH494JW,PH49 4JW,,,,other,Postcode,207853.000,758178.000,3500,18000,,,,,,,Ballachulish,http://data.ordnancesurvey.co.uk/id/4000000074550148,http://www.ordnancesurvey.co.uk/xml/codelists/localtype.xml#village,,,,Highland,http://data.ordnancesurvey.co.uk/id/7000000000029638,http://data.ordnancesurvey.co.uk/ontology/admingeo/UnitaryAuthority,Scotland,http://data.ordnancesurvey.co.uk/id/7000000000041429,Scotland,http://data.ordnancesurvey.co.uk/id/country/scotland,,,
PH494LG,http://data.ordnancesurvey.co.uk/id/postcodeunit/PH494LG,PH49 4LG,,,,other,Postcode,208144.000,758121.000,3500,18000,,,,,,,Ballachulish,http://data.ordnancesurvey.co.uk/id/4000000074550148,http://www.ordnancesurvey.co.uk/xml/codelists/localtype.xml#village,,,,Highland,http://data.ordnancesurvey.co.uk/id/7000000000029638,http://data.ordnancesurvey.co.uk/ontology/admingeo/UnitaryAuthority,Scotland,http://data.ordnancesurvey.co.uk/id/7000000000041429,Scotland,http://data.ordnancesurvey.co.uk/id/country/scotland,,,
PH494JE,http://data.ordnancesurvey.co.uk/id/postcodeunit/PH494JE,PH49 4JE,,,,other,Postcode,208131.000,758059.000,3500,18000,,,,,,,Ballachulish,http://data.ordnancesurvey.co.uk/id/4000000074550148,http://www.ordnancesurvey.co.uk/xml/codelists/localtype.xml#village,,,,Highland,http://data.ordnancesurvey.co.uk/id/7000000000029638,http://data.ordnancesurvey.co.uk/ontology/admingeo/UnitaryAuthority,Scotland,http://data.ordnancesurvey.co.uk/id/7000000000041429,Scotland,http://data.ordnancesurvey.co.uk/id/country/scotland,,,
PH494LQ,http://data.ordnancesurvey.co.uk/id/postcodeunit/PH494LQ,PH49 4LQ,,,,other,Postcode,208162.000,758368.000,3500,18000,,,,,,,Ballachulish,http://data.ordnancesurvey.co.uk/id/4000000074550148,http://www.ordnancesurvey.co.uk/xml/codelists/localtype.xml#village,,,,Highland,http://data.ordnancesurvey.co.uk/id/7000000000029638,http://data.ordnancesurvey.co.uk/ontology/admingeo/UnitaryAuthority,Scotland,http://data.ordnancesurvey.co.uk/id/7000000000041429,Scotland,http://data.ordnancesurvey.co.uk/id/country/scotland,,,
PH494JR,http://data.ordnancesurvey.co.uk/id/postcodeunit/PH494JR,PH49 4JR,,,,other,Postcode,208028.000,758357.000,3500,18000,,,,,,,Ballachulish,http://data.ordnancesurvey.co.uk/id/4000000074550148,http://www.ordnancesurvey.co.uk/xml/codelists/localtype.xml#village,,,,Highland,http://data.ordnancesurvey.co.uk/id/7000000000029638,http://data.ordnancesurvey.co.uk/ontology/admingeo/UnitaryAuthority,Scotland,http://data.ordnancesurvey.co.uk/id/7000000000041429,Scotland,http://data.ordnancesurvey.co.uk/id/country/scotland,,,
PH494HN,http://data.ordnancesurvey.co.uk/id/postcodeunit/PH494HN,PH49 4HN,,,,other,Postcode,209324.000,758603.000,3500,18000,,,,,,,Glencoe,http://data.ordnancesurvey.co.uk/id/4000000074549789,http://www.ordnancesurvey.co.uk/xml/codelists/localtype.xml#village,,,,Highland,http://data.ordnancesurvey.co.uk/id/7000000000029638,http://data.ordnancesurvey.co.uk/ontology/admingeo/UnitaryAuthority,Scotland,http://data.ordnancesurvey.co.uk/id/7000000000041429,Scotland,http://data.ordnancesurvey.co.uk/id/country/scotland,,,
PH494HP,http://data.ordnancesurvey.co.uk/id/postcodeunit/PH494HP,PH49 4HP,,,,other,Postcode,209862.000,758902.000,3500,18000,,,,,,,Glencoe,http://data.ordnancesurvey.co.uk/id/4000000074549789,http://www.ordnancesurvey.co.uk/xml/codelists/localtype.xml#village,,,,Highland,http://data.ordnancesurvey.co.uk/id/7000000000029638,http://data.ordnancesurvey.co.uk/ontology/admingeo/UnitaryAuthority,Scotland,http://data.ordnancesurvey.co.uk/id/7000000000041429,Scotland,http://data.ordnancesurvey.co.uk/id/country/scotland,,,
PH494JF,http://data.ordnancesurvey.co.uk/id/postcodeunit/PH494JF,PH49 4JF,,,,other,Postcode,208200.000,758099.000,3500,18000,,,,,,,Ballachulish,http://data.ordnancesurvey.co.uk/id/4000000074550148,http://www.ordnancesurvey.co.uk/xml/codelists/localtype.xml#village,,,,Highland,http://data.ordnancesurvey.co.uk/id/7000000000029638,http://data.ordnancesurvey.co.uk/ontology/admingeo/UnitaryAuthority,Scotland,http://data.ordnancesurvey.co.uk/id/7000000000041429,Scotland,http://data.ordnancesurvey.co.uk/id/country/scotland,,,
PH494HS,http://data.ordnancesurvey.co.uk/id/postcodeunit/PH494HS,PH49 4HS,,,,other,Postcode,210148.000,758840.000,3500,18000,,,,,,,Glencoe,http://data.ordnancesurvey.co.uk/id/4000000074549789,http://www.ordnancesurvey.co.uk/xml/codelists/localtype.xml#village,,,,Highland,http://data.ordnancesurvey.co.uk/id/7000000000029638,http://data.ordnancesurvey.co.uk/ontology/admingeo/UnitaryAuthority,Scotland,http://data.ordnancesurvey.co.uk/id/7000000000041429,Scotland,http://data.ordnancesurvey.co.uk/id/country/scotland,,,
PH336SA,http://data.ordnancesurvey.co.uk/id/postcodeunit/PH336SA,PH33 6SA,,,,other,Postcode,206584.000,759944.000,3500,18000,,,,,,,,,,,,,Highland,http://data.ordnancesurvey.co.uk/id/7000000000029638,http://data.ordnancesurvey.co.uk/ontology/admingeo/UnitaryAuthority,Scotland,http://data.ordnancesurvey.co.uk/id/7000000000041429,Scotland,http://data.ordnancesurvey.co.uk/id/country/scotland,,,
PH494LD,http://data.ordnancesurvey.co.uk/id/postcodeunit/PH494LD,PH49 4LD,,,,other,Postcode,208251.000,758384.000,3500,18000,,,,,,,Ballachulish,http://data.ordnancesurvey.co.uk/id/4000000074550148,http://www.ordnancesurvey.co.uk/xml/codelists/localtype.xml#village,,,,Highland,http://data.ordnancesurvey.co.uk/id/7000000000029638,http://data.ordnancesurvey.co.uk/ontology/admingeo/UnitaryAuthority,Scotland,http://data.ordnancesurvey.co.uk/id/7000000000041429,Scotland,http://data.ordnancesurvey.co.uk/id/country/scotland,,,
PH494HQ,http://data.ordnancesurvey.co.uk/id/postcodeunit/PH494HQ,PH49 4HQ,,,,other,Postcode,210133.000,758865.000,3500,18000,,,,,,,Glencoe,http://data.ordnancesurvey.co.uk/id/4000000074549789,http://www.ordnancesurvey.co.uk/xml/codelists/localtype.xml#village,,,,Highland,http://data.ordnancesurvey.co.uk/id/7000000000029638,http://data.ordnancesurvey.co.uk/ontology/admingeo/UnitaryAuthority,Scotland,http://data.ordnancesurvey.co.uk/id/7000000000041429,Scotland,http://data.ordnancesurvey.co.uk/id/country/scotland,,,
PA384BU,http://data.ordnancesurvey.co.uk/id/postcodeunit/PA384BU,PA38 4BU,,,,other,Postcode,201365.000,758314.000,3500,18000,,,,,,,Kentallen,http://data.ordnancesurvey.co.uk/id/4000000074542771,http://www.ordnancesurvey.co.uk/xml/codelists/localtype.xml#village,,,,Highland,http://data.ordnancesurvey.co.uk/id/7000000000029638,http://data.ordnancesurvey.co.uk/ontology/admingeo/UnitaryAuthority,Scotland,http://data.ordnancesurvey.co.uk/id/7000000000041429,Scotland,http://data.ordnancesurvey.co.uk/id/country/scotland,,,
PH494HR,http://data.ordnancesurvey.co.uk/id/postcodeunit/PH494HR,PH49 4HR,,,,other,Postcode,209878.000,758838.000,3500,18000,,,,,,,Glencoe,http://data.ordnancesurvey.co.uk/id/4000000074549789,http://www.ordnancesurvey.co.uk/xml/codelists/localtype.xml#village,,,,Highland,http://data.ordnancesurvey.co.uk/id/7000000000029638,http://data.ordnancesurvey.co.uk/ontology/admingeo/UnitaryAuthority,Scotland,http://data.ordnancesurvey.co.uk/id/7000000000041429,Scotland,http://data.ordnancesurvey.co.uk/id/country/scotland,,,
osgb4000000004316170,http://data.ordnancesurvey.co.uk/id/4000000004316170,Old Railway Goods Yard,,,,transportNetwork,Named Road,208166.000,758392.000,1000,20000,208138.000,758344.000,208221.096,758410.958,PH49,http://data.ordnancesurvey.co.uk/id/postcodedistrict/PH49,Ballachulish,http://data.ordnancesurvey.co.uk/id/4000000074550148,http://www.ordnancesurvey.co.uk/xml/codelists/localtype.xml#village,,,,Highland,http://data.ordnancesurvey.co.uk/id/7000000000029638,http://data.ordnancesurvey.co.uk/ontology/admingeo/UnitaryAuthority,Scotland,http://data.ordnancesurvey.co.uk/id/7000000000041429,Scotland,http://data.ordnancesurvey.co.uk/id/country/scotland,,,
osgb4000000004305455,http://data.ordnancesurvey.co.uk/id/4000000004305455,Croft Road,,,,transportNetwork,Named Road,207848.000,758202.000,1000,20000,207763.000,758139.594,207935.196,758233.000,PH49,http://data.ordnancesurvey.co.uk/id/postcodedistrict/PH49,Ballachulish,http://data.ordnancesurvey.co.uk/id/4000000074550148,http://www.ordnancesurvey.co.uk/xml/codelists/localtype.xml#village,,,,Highland,http://data.ordnancesurvey.co.uk/id/7000000000029638,http://data.ordnancesurvey.co.uk/ontology/admingeo/UnitaryAuthority,Scotland,http://data.ordnancesurvey.co.uk/id/7000000000041429,Scotland,http://data.ordnancesurvey.co.uk/id/country/scotland,,,
osgb4000000004305457,http://data.ordnancesurvey.co.uk/id/4000000004305457,Argyll Cottages,,,,transportNetwork,Named Road,208188.952,758123.430,1000,20000,208143.764,758036.701,208240.641,758181.000,PH49,http://data.ordnancesurvey.co.uk/id/postcodedistrict/PH49,Ballachulish,http://data.ordnancesurvey.co.uk/id/4000000074550148,http://www.ordnancesurvey.co.uk/xml/codelists/localtype.xml#village,,,,Highland,http://data.ordnancesurvey.co.uk/id/7000000000029638,http://data.ordnancesurvey.co.uk/ontology/admingeo/UnitaryAuthority,Scotland,http://data.ordnancesurvey.co.uk/id/7000000000041429,Scotland,http://data.ordnancesurvey.co.uk/id/country/scotland,,,
osgb4000000004305211,http://data.ordnancesurvey.co.uk/id/4000000004305211,Lorn Drive,,,,transportNetwork,Named Road,209838.000,758776.000,2000,20000,209757.000,758745.000,210006.564,758849.000,PH49,http://data.ordnancesurvey.co.uk/id/postcodedistrict/PH49,Glencoe,http://data.ordnancesurvey.co.uk/id/4000000074549789,http://www.ordnancesurvey.co.uk/xml/codelists/localtype.xml#village,,,,Highland,http://data.ordnancesurvey.co.uk/id/7000000000029638,http://data.ordnancesurvey.co.uk/ontology/admingeo/UnitaryAuthority,Scotland,http://data.ordnancesurvey.co.uk/id/7000000000041429,Scotland,http://data.ordnancesurvey.co.uk/id/country/scotland,,,
osgb4000000004305210,http://data.ordnancesurvey.co.uk/id/4000000004305210,West Laroch,,,,transportNetwork,Named Road,207840.000,758125.000,3000,20000,207608.000,757972.000,208066.000,758314.000,PH49,http://data.ordnancesurvey.co.uk/id/postcodedistrict/PH49,Ballachulish,http://data.ordnancesurvey.co.uk/id/4000000074550148,http://www.ordnancesurvey.co.uk/xml/codelists/localtype.xml#village,,,,Highland,http://data.ordnancesurvey.co.uk/id/7000000000029638,http://data.ordnancesurvey.co.uk/ontology/admingeo/UnitaryAuthority,Scotland,http://data.ordnancesurvey.co.uk/id/7000000000041429,Scotland,http://data.ordnancesurvey.co.uk/id/country/scotland,,,
osgb4000000004305454,http://data.ordnancesurvey.co.uk/id/4000000004305454,Albert Road,,,,transportNetwork,Named Road,208070.000,758328.562,1000,20000,207996.000,758314.000,208170.000,758337.000,PH49,http://data.ordnancesurvey.co.uk/id/postcodedistrict/PH49,Ballachulish,http://data.ordnancesurvey.co.uk/id/4000000074550148,http://www.ordnancesurvey.co.uk/xml/codelists/localtype.xml#village,,,,Highland,http://data.ordnancesurvey.co.uk/id/7000000000029638,http://data.ordnancesurvey.co.uk/ontology/admingeo/UnitaryAuthority,Scotland,http://data.ordnancesurvey.co.uk/id/7000000000041429,Scotland,http://data.ordnancesurvey.co.uk/id/country/scotland,,,
osgb4000000004305452,http://data.ordnancesurvey.co.uk/id/4000000004305452,Park Road,,,,transportNetwork,Named Road,208105.000,758263.000,1000,20000,207977.817,758184.000,208207.000,758348.000,PH49,http://data.ordnancesurvey.co.uk/id/postcodedistrict/PH49,Ballachulish,http://data.ordnancesurvey.co.uk/id/4000000074550148,http://www.ordnancesurvey.co.uk/xml/codelists/localtype.xml#village,,,,Highland,http://data.ordnancesurvey.co.uk/id/7000000000029638,http://data.ordnancesurvey.co.uk/ontology/admingeo/UnitaryAuthority,Scotland,http://data.ordnancesurvey.co.uk/id/7000000000041429,Scotland,http://data.ordnancesurvey.co.uk/id/country/scotland,,,
osgb4000000004305456,http://data.ordnancesurvey.co.uk/id/4000000004305456,Loanfern,,,,transportNetwork,Named Road,208273.934,758279.881,1000,20000,208205.000,758181.000,208322.000,758369.252,PH49,http://data.ordnancesurvey.co.uk/id/postcodedistrict/PH49,Ballachulish,http://data.ordnancesurvey.co.uk/id/4000000074550148,http://www.ordnancesurvey.co.uk/xml/codelists/localtype.xml#village,,,,Highland,http://data.ordnancesurvey.co.uk/id/7000000000029638,http://data.ordnancesurvey.co.uk/ontology/admingeo/UnitaryAuthority,Scotland,http://data.ordnancesurvey.co.uk/id/7000000000041429,Scotland,http://data.ordnancesurvey.co.uk/id/country/scotland,,,
osgb5000005125638080,http://data.ordnancesurvey.co.uk/id/5000005125638080,Cameron Brae,,,,transportNetwork,Named Road,201398.720,758300.185,1000,20000,201332.865,758272.970,201468.937,758383.000,PA38,http://data.ordnancesurvey.co.uk/id/postcodedistrict/PA38,Kentallen,http://data.ordnancesurvey.co.uk/id/4000000074542771,http://www.ordnancesurvey.co.uk/xml/codelists/localtype.xml#village,,,,Highland,http://data.ordnancesurvey.co.uk/id/7000000000029638,http://data.ordnancesurvey.co.uk/ontology/admingeo/UnitaryAuthority,Scotland,http://data.ordnancesurvey.co.uk/id/7000000000041429,Scotland,http://data.ordnancesurvey.co.uk/id/country/scotland,,,
PH494LB,http://data.ordnancesurvey.co.uk/id/postcodeunit/PH494LB,PH49 4LB,,,,other,Postcode,208078.000,758071.000,3500,18000,,,,,,,Ballachulish,http://data.ordnancesurvey.co.uk/id/4000000074550148,http://www.ordnancesurvey.co.uk/xml/codelists/localtype.xml#village,,,,Highland,http://data.ordnancesurvey.co.uk/id/7000000000029638,http://data.ordnancesurvey.co.uk/ontology/admingeo/UnitaryAuthority,Scotland,http://data.ordnancesurvey.co.uk/id/7000000000041429,Scotland,http://data.ordnancesurvey.co.uk/id/country/scotland,,,
PH494LR,http://data.ordnancesurvey.co.uk/id/postcodeunit/PH494LR,PH49 4LR,,,,other,Postcode,208148.000,758411.000,3500,18000,,,,,,,Ballachulish,http://data.ordnancesurvey.co.uk/id/4000000074550148,http://www.ordnancesurvey.co.uk/xml/codelists/localtype.xml#village,,,,Highland,http://data.ordnancesurvey.co.uk/id/7000000000029638,http://data.ordnancesurvey.co.uk/ontology/admingeo/UnitaryAuthority,Scotland,http://data.ordnancesurvey.co.uk/id/7000000000041429,Scotland,http://data.ordnancesurvey.co.uk/id/country/scotland,,,
PH494HJ,http://data.ordnancesurvey.co.uk/id/postcodeunit/PH494HJ,PH49 4HJ,,,,other,Postcode,209967.000,758816.000,3500,18000,,,,,,,Glencoe,http://data.ordnancesurvey.co.uk/id/4000000074549789,http://www.ordnancesurvey.co.uk/xml/codelists/localtype.xml#village,,,,Highland,http://data.ordnancesurvey.co.uk/id/7000000000029638,http://data.ordnancesurvey.co.uk/ontology/admingeo/UnitaryAuthority,Scotland,http://data.ordnancesurvey.co.uk/id/7000000000041429,Scotland,http://data.ordnancesurvey.co.uk/id/country/scotland,,,
PH494HL,http://data.ordnancesurvey.co.uk/id/postcodeunit/PH494HL,PH49 4HL,,,,other,Postcode,208323.000,758657.000,3500,18000,,,,,,,Ballachulish,http://data.ordnancesurvey.co.uk/id/4000000074550148,http://www.ordnancesurvey.co.uk/xml/codelists/localtype.xml#village,,,,Highland,http://data.ordnancesurvey.co.uk/id/7000000000029638,http://data.ordnancesurvey.co.uk/ontology/admingeo/UnitaryAuthority,Scotland,http://data.ordnancesurvey.co.uk/id/7000000000041429,Scotland,http://data.ordnancesurvey.co.uk/id/country/scotland,,,
PH494JJ,http://data.ordnancesurvey.co.uk/id/postcodeunit/PH494JJ,PH49 4JJ,,,,other,Postcode,207788.000,758122.000,3500,18000,,,,,,,Ballachulish,http://data.ordnancesurvey.co.uk/id/4000000074550148,http://www.ordnancesurvey.co.uk/xml/codelists/localtype.xml#village,,,,Highland,http://data.ordnancesurvey.co.uk/id/7000000000029638,http://data.ordnancesurvey.co.uk/ontology/admingeo/UnitaryAuthority,Scotland,http://data.ordnancesurvey.co.uk/id/7000000000041429,Scotland,http://data.ordnancesurvey.co.uk/id/country/scotland,,,
osgb4000000004305068,http://data.ordnancesurvey.co.uk/id/4000000004305068,Old Ferry Road,,,,transportNetwork,Named Road,205245.000,759985.000,2000,20000,205216.000,759826.050,205366.000,760161.000,PH33,http://data.ordnancesurvey.co.uk/id/postcodedistrict/PH33,North Ballachulish,http://data.ordnancesurvey.co.uk/id/4000000074550151,http://www.ordnancesurvey.co.uk/xml/codelists/localtype.xml#village,,,,Highland,http://data.ordnancesurvey.co.uk/id/7000000000029638,http://data.ordnancesurvey.co.uk/ontology/admingeo/UnitaryAuthority,Scotland,http://data.ordnancesurvey.co.uk/id/7000000000041429,Scotland,http://data.ordnancesurvey.co.uk/id/country/scotland,,,
osgb4000000004305453,http://data.ordnancesurvey.co.uk/id/4000000004305453,Maccoll Terrace,,,,transportNetwork,Named Road,207911.000,758000.000,1000,20000,207884.793,757957.000,208002.000,758019.531,PH49,http://data.ordnancesurvey.co.uk/id/postcodedistrict/PH49,Ballachulish,http://data.ordnancesurvey.co.uk/id/4000000074550148,http://www.ordnancesurvey.co.uk/xml/codelists/localtype.xml#village,,,,Highland,http://data.ordnancesurvey.co.uk/id/7000000000029638,http://data.ordnancesurvey.co.uk/ontology/admingeo/UnitaryAuthority,Scotland,http://data.ordnancesurvey.co.uk/id/7000000000041429,Scotland,http://data.ordnancesurvey.co.uk/id/country/scotland,,,
