﻿osgb4000000074549781,http://data.ordnancesurvey.co.uk/id/4000000074549781,Bridge of Orchy,,,,populatedPlace,Hamlet,229759.000,739636.000,5000,25000,229605.282,739290.758,230105.282,739790.758,PA36,http://data.ordnancesurvey.co.uk/id/postcodedistrict/PA36,,,,,,,Argyll and Bute,http://data.ordnancesurvey.co.uk/id/7000000000030106,http://data.ordnancesurvey.co.uk/ontology/admingeo/UnitaryAuthority,Scotland,http://data.ordnancesurvey.co.uk/id/7000000000041429,Scotland,http://data.ordnancesurvey.co.uk/id/country/scotland,,http://dbpedia.org/resource/Bridge_of_Orchy,http://sws.geonames.org/2654738
osgb4000000074549779,http://data.ordnancesurvey.co.uk/id/4000000074549779,Tyndrum,,,,populatedPlace,Village,232999.080,730297.810,5000,250000,232682.835,730072.218,233444.085,730889.314,FK20,http://data.ordnancesurvey.co.uk/id/postcodedistrict/FK20,,,,,,,Stirling,http://data.ordnancesurvey.co.uk/id/7000000000030502,http://data.ordnancesurvey.co.uk/ontology/admingeo/UnitaryAuthority,Scotland,http://data.ordnancesurvey.co.uk/id/7000000000041429,Scotland,http://data.ordnancesurvey.co.uk/id/country/scotland,,http://dbpedia.org/resource/Tyndrum,http://sws.geonames.org/2635277
osgb4000000074549778,http://data.ordnancesurvey.co.uk/id/4000000074549778,A' Chrìon Làraich,gla,Crianlarich,eng,populatedPlace,Village,238624.770,725334.810,9000,250000,237939.078,724492.955,239307.115,725701.010,FK20,http://data.ordnancesurvey.co.uk/id/postcodedistrict/FK20,,,,,,,Stirling,http://data.ordnancesurvey.co.uk/id/7000000000030502,http://data.ordnancesurvey.co.uk/ontology/admingeo/UnitaryAuthority,Scotland,http://data.ordnancesurvey.co.uk/id/7000000000041429,Scotland,http://data.ordnancesurvey.co.uk/id/country/scotland,,http://dbpedia.org/resource/Crianlarich,http://sws.geonames.org/2651997
osgb4000000074335218,http://data.ordnancesurvey.co.uk/id/4000000074335218,Auchtertyre,,,,populatedPlace,Other Settlement,235417.830,729024.446,15000,25000,235270.266,728827.823,235770.266,729327.823,FK20,http://data.ordnancesurvey.co.uk/id/postcodedistrict/FK20,,,,,,,Stirling,http://data.ordnancesurvey.co.uk/id/7000000000030502,http://data.ordnancesurvey.co.uk/ontology/admingeo/UnitaryAuthority,Scotland,http://data.ordnancesurvey.co.uk/id/7000000000041429,Scotland,http://data.ordnancesurvey.co.uk/id/country/scotland,,,
osgb4000000074549780,http://data.ordnancesurvey.co.uk/id/4000000074549780,Clifton,,,,populatedPlace,Hamlet,232780.974,730661.654,5000,25000,232569.362,730435.615,233069.362,730935.615,FK20,http://data.ordnancesurvey.co.uk/id/postcodedistrict/FK20,,,,,,,Stirling,http://data.ordnancesurvey.co.uk/id/7000000000030502,http://data.ordnancesurvey.co.uk/ontology/admingeo/UnitaryAuthority,Scotland,http://data.ordnancesurvey.co.uk/id/7000000000041429,Scotland,http://data.ordnancesurvey.co.uk/id/country/scotland,,,
FK208RZ,http://data.ordnancesurvey.co.uk/id/postcodeunit/FK208RZ,FK20 8RZ,,,,other,Postcode,232832.000,730379.000,3500,18000,,,,,,,Tyndrum,http://data.ordnancesurvey.co.uk/id/4000000074549779,http://www.ordnancesurvey.co.uk/xml/codelists/localtype.xml#village,,,,Stirling,http://data.ordnancesurvey.co.uk/id/7000000000030502,http://data.ordnancesurvey.co.uk/ontology/admingeo/UnitaryAuthority,Scotland,http://data.ordnancesurvey.co.uk/id/7000000000041429,Scotland,http://data.ordnancesurvey.co.uk/id/country/scotland,,,
FK208RW,http://data.ordnancesurvey.co.uk/id/postcodeunit/FK208RW,FK20 8RW,,,,other,Postcode,238406.000,725391.000,3500,18000,,,,,,,A' Chrìon Làraich / Crianlarich,http://data.ordnancesurvey.co.uk/id/4000000074549778,http://www.ordnancesurvey.co.uk/xml/codelists/localtype.xml#village,,,,Stirling,http://data.ordnancesurvey.co.uk/id/7000000000030502,http://data.ordnancesurvey.co.uk/ontology/admingeo/UnitaryAuthority,Scotland,http://data.ordnancesurvey.co.uk/id/7000000000041429,Scotland,http://data.ordnancesurvey.co.uk/id/country/scotland,,,
FK208RT,http://data.ordnancesurvey.co.uk/id/postcodeunit/FK208RT,FK20 8RT,,,,other,Postcode,238086.000,725528.000,3500,18000,,,,,,,A' Chrìon Làraich / Crianlarich,http://data.ordnancesurvey.co.uk/id/4000000074549778,http://www.ordnancesurvey.co.uk/xml/codelists/localtype.xml#village,,,,Stirling,http://data.ordnancesurvey.co.uk/id/7000000000030502,http://data.ordnancesurvey.co.uk/ontology/admingeo/UnitaryAuthority,Scotland,http://data.ordnancesurvey.co.uk/id/7000000000041429,Scotland,http://data.ordnancesurvey.co.uk/id/country/scotland,,,
FK208QP,http://data.ordnancesurvey.co.uk/id/postcodeunit/FK208QP,FK20 8QP,,,,other,Postcode,238512.000,725305.000,3500,18000,,,,,,,A' Chrìon Làraich / Crianlarich,http://data.ordnancesurvey.co.uk/id/4000000074549778,http://www.ordnancesurvey.co.uk/xml/codelists/localtype.xml#village,,,,Stirling,http://data.ordnancesurvey.co.uk/id/7000000000030502,http://data.ordnancesurvey.co.uk/ontology/admingeo/UnitaryAuthority,Scotland,http://data.ordnancesurvey.co.uk/id/7000000000041429,Scotland,http://data.ordnancesurvey.co.uk/id/country/scotland,,,
FK208RJ,http://data.ordnancesurvey.co.uk/id/postcodeunit/FK208RJ,FK20 8RJ,,,,other,Postcode,238432.000,724858.000,3500,18000,,,,,,,A' Chrìon Làraich / Crianlarich,http://data.ordnancesurvey.co.uk/id/4000000074549778,http://www.ordnancesurvey.co.uk/xml/codelists/localtype.xml#village,,,,Stirling,http://data.ordnancesurvey.co.uk/id/7000000000030502,http://data.ordnancesurvey.co.uk/ontology/admingeo/UnitaryAuthority,Scotland,http://data.ordnancesurvey.co.uk/id/7000000000041429,Scotland,http://data.ordnancesurvey.co.uk/id/country/scotland,,,
FK208RR,http://data.ordnancesurvey.co.uk/id/postcodeunit/FK208RR,FK20 8RR,,,,other,Postcode,238290.000,725408.000,3500,18000,,,,,,,A' Chrìon Làraich / Crianlarich,http://data.ordnancesurvey.co.uk/id/4000000074549778,http://www.ordnancesurvey.co.uk/xml/codelists/localtype.xml#village,,,,Stirling,http://data.ordnancesurvey.co.uk/id/7000000000030502,http://data.ordnancesurvey.co.uk/ontology/admingeo/UnitaryAuthority,Scotland,http://data.ordnancesurvey.co.uk/id/7000000000041429,Scotland,http://data.ordnancesurvey.co.uk/id/country/scotland,,,
PA364AB,http://data.ordnancesurvey.co.uk/id/postcodeunit/PA364AB,PA36 4AB,,,,other,Postcode,229740.000,739627.000,3500,18000,,,,,,,Bridge of Orchy,http://data.ordnancesurvey.co.uk/id/4000000074549781,http://www.ordnancesurvey.co.uk/xml/codelists/localtype.xml#hamlet,,,,Argyll and Bute,http://data.ordnancesurvey.co.uk/id/7000000000030106,http://data.ordnancesurvey.co.uk/ontology/admingeo/UnitaryAuthority,Scotland,http://data.ordnancesurvey.co.uk/id/7000000000041429,Scotland,http://data.ordnancesurvey.co.uk/id/country/scotland,,,
FK208RP,http://data.ordnancesurvey.co.uk/id/postcodeunit/FK208RP,FK20 8RP,,,,other,Postcode,238252.000,725426.000,3500,18000,,,,,,,A' Chrìon Làraich / Crianlarich,http://data.ordnancesurvey.co.uk/id/4000000074549778,http://www.ordnancesurvey.co.uk/xml/codelists/localtype.xml#village,,,,Stirling,http://data.ordnancesurvey.co.uk/id/7000000000030502,http://data.ordnancesurvey.co.uk/ontology/admingeo/UnitaryAuthority,Scotland,http://data.ordnancesurvey.co.uk/id/7000000000041429,Scotland,http://data.ordnancesurvey.co.uk/id/country/scotland,,,
PA364AF,http://data.ordnancesurvey.co.uk/id/postcodeunit/PA364AF,PA36 4AF,,,,other,Postcode,232403.000,735432.000,3500,18000,,,,,,,,,,,,,Argyll and Bute,http://data.ordnancesurvey.co.uk/id/7000000000030106,http://data.ordnancesurvey.co.uk/ontology/admingeo/UnitaryAuthority,Scotland,http://data.ordnancesurvey.co.uk/id/7000000000041429,Scotland,http://data.ordnancesurvey.co.uk/id/country/scotland,,,
FK208SA,http://data.ordnancesurvey.co.uk/id/postcodeunit/FK208SA,FK20 8SA,,,,other,Postcode,232786.000,730635.000,3500,18000,,,,,,,Clifton,http://data.ordnancesurvey.co.uk/id/4000000074549780,http://www.ordnancesurvey.co.uk/xml/codelists/localtype.xml#hamlet,,,,Stirling,http://data.ordnancesurvey.co.uk/id/7000000000030502,http://data.ordnancesurvey.co.uk/ontology/admingeo/UnitaryAuthority,Scotland,http://data.ordnancesurvey.co.uk/id/7000000000041429,Scotland,http://data.ordnancesurvey.co.uk/id/country/scotland,,,
FK208RX,http://data.ordnancesurvey.co.uk/id/postcodeunit/FK208RX,FK20 8RX,,,,other,Postcode,234172.000,729090.000,3500,18000,,,,,,,,,,,,,Stirling,http://data.ordnancesurvey.co.uk/id/7000000000030502,http://data.ordnancesurvey.co.uk/ontology/admingeo/UnitaryAuthority,Scotland,http://data.ordnancesurvey.co.uk/id/7000000000041429,Scotland,http://data.ordnancesurvey.co.uk/id/country/scotland,,,
PA331BD,http://data.ordnancesurvey.co.uk/id/postcodeunit/PA331BD,PA33 1BD,,,,other,Postcode,223290.000,730853.000,3500,18000,,,,,,,,,,,,,Argyll and Bute,http://data.ordnancesurvey.co.uk/id/7000000000030106,http://data.ordnancesurvey.co.uk/ontology/admingeo/UnitaryAuthority,Scotland,http://data.ordnancesurvey.co.uk/id/7000000000041429,Scotland,http://data.ordnancesurvey.co.uk/id/country/scotland,,,
FK208QR,http://data.ordnancesurvey.co.uk/id/postcodeunit/FK208QR,FK20 8QR,,,,other,Postcode,238524.000,725327.000,3500,18000,,,,,,,A' Chrìon Làraich / Crianlarich,http://data.ordnancesurvey.co.uk/id/4000000074549778,http://www.ordnancesurvey.co.uk/xml/codelists/localtype.xml#village,,,,Stirling,http://data.ordnancesurvey.co.uk/id/7000000000030502,http://data.ordnancesurvey.co.uk/ontology/admingeo/UnitaryAuthority,Scotland,http://data.ordnancesurvey.co.uk/id/7000000000041429,Scotland,http://data.ordnancesurvey.co.uk/id/country/scotland,,,
FK208QW,http://data.ordnancesurvey.co.uk/id/postcodeunit/FK208QW,FK20 8QW,,,,other,Postcode,238498.000,725275.000,3500,18000,,,,,,,A' Chrìon Làraich / Crianlarich,http://data.ordnancesurvey.co.uk/id/4000000074549778,http://www.ordnancesurvey.co.uk/xml/codelists/localtype.xml#village,,,,Stirling,http://data.ordnancesurvey.co.uk/id/7000000000030502,http://data.ordnancesurvey.co.uk/ontology/admingeo/UnitaryAuthority,Scotland,http://data.ordnancesurvey.co.uk/id/7000000000041429,Scotland,http://data.ordnancesurvey.co.uk/id/country/scotland,,,
PA331BB,http://data.ordnancesurvey.co.uk/id/postcodeunit/PA331BB,PA33 1BB,,,,other,Postcode,220780.000,727724.000,3500,18000,,,,,,,,,,,,,Argyll and Bute,http://data.ordnancesurvey.co.uk/id/7000000000030106,http://data.ordnancesurvey.co.uk/ontology/admingeo/UnitaryAuthority,Scotland,http://data.ordnancesurvey.co.uk/id/7000000000041429,Scotland,http://data.ordnancesurvey.co.uk/id/country/scotland,,,
FK208RL,http://data.ordnancesurvey.co.uk/id/postcodeunit/FK208RL,FK20 8RL,,,,other,Postcode,237063.000,724401.000,3500,18000,,,,,,,,,,,,,Stirling,http://data.ordnancesurvey.co.uk/id/7000000000030502,http://data.ordnancesurvey.co.uk/ontology/admingeo/UnitaryAuthority,Scotland,http://data.ordnancesurvey.co.uk/id/7000000000041429,Scotland,http://data.ordnancesurvey.co.uk/id/country/scotland,,,
FK208RQ,http://data.ordnancesurvey.co.uk/id/postcodeunit/FK208RQ,FK20 8RQ,,,,other,Postcode,232977.000,730497.000,3500,18000,,,,,,,Tyndrum,http://data.ordnancesurvey.co.uk/id/4000000074549779,http://www.ordnancesurvey.co.uk/xml/codelists/localtype.xml#village,,,,Stirling,http://data.ordnancesurvey.co.uk/id/7000000000030502,http://data.ordnancesurvey.co.uk/ontology/admingeo/UnitaryAuthority,Scotland,http://data.ordnancesurvey.co.uk/id/7000000000041429,Scotland,http://data.ordnancesurvey.co.uk/id/country/scotland,,,
FK208RN,http://data.ordnancesurvey.co.uk/id/postcodeunit/FK208RN,FK20 8RN,,,,other,Postcode,238309.000,725432.000,3500,18000,,,,,,,A' Chrìon Làraich / Crianlarich,http://data.ordnancesurvey.co.uk/id/4000000074549778,http://www.ordnancesurvey.co.uk/xml/codelists/localtype.xml#village,,,,Stirling,http://data.ordnancesurvey.co.uk/id/7000000000030502,http://data.ordnancesurvey.co.uk/ontology/admingeo/UnitaryAuthority,Scotland,http://data.ordnancesurvey.co.uk/id/7000000000041429,Scotland,http://data.ordnancesurvey.co.uk/id/country/scotland,,,
FK208RY,http://data.ordnancesurvey.co.uk/id/postcodeunit/FK208RY,FK20 8RY,,,,other,Postcode,232949.000,730370.000,3500,18000,,,,,,,Tyndrum,http://data.ordnancesurvey.co.uk/id/4000000074549779,http://www.ordnancesurvey.co.uk/xml/codelists/localtype.xml#village,,,,Stirling,http://data.ordnancesurvey.co.uk/id/7000000000030502,http://data.ordnancesurvey.co.uk/ontology/admingeo/UnitaryAuthority,Scotland,http://data.ordnancesurvey.co.uk/id/7000000000041429,Scotland,http://data.ordnancesurvey.co.uk/id/country/scotland,,,
PA364AE,http://data.ordnancesurvey.co.uk/id/postcodeunit/PA364AE,PA36 4AE,,,,other,Postcode,229709.000,739658.000,3500,18000,,,,,,,Bridge of Orchy,http://data.ordnancesurvey.co.uk/id/4000000074549781,http://www.ordnancesurvey.co.uk/xml/codelists/localtype.xml#hamlet,,,,Argyll and Bute,http://data.ordnancesurvey.co.uk/id/7000000000030106,http://data.ordnancesurvey.co.uk/ontology/admingeo/UnitaryAuthority,Scotland,http://data.ordnancesurvey.co.uk/id/7000000000041429,Scotland,http://data.ordnancesurvey.co.uk/id/country/scotland,,,
FK208SB,http://data.ordnancesurvey.co.uk/id/postcodeunit/FK208SB,FK20 8SB,,,,other,Postcode,226826.000,730814.000,3500,18000,,,,,,,,,,,,,Argyll and Bute,http://data.ordnancesurvey.co.uk/id/7000000000030106,http://data.ordnancesurvey.co.uk/ontology/admingeo/UnitaryAuthority,Scotland,http://data.ordnancesurvey.co.uk/id/7000000000041429,Scotland,http://data.ordnancesurvey.co.uk/id/country/scotland,,,
FK208RU,http://data.ordnancesurvey.co.uk/id/postcodeunit/FK208RU,FK20 8RU,,,,other,Postcode,236259.000,727384.000,3500,18000,,,,,,,,,,,,,Stirling,http://data.ordnancesurvey.co.uk/id/7000000000030502,http://data.ordnancesurvey.co.uk/ontology/admingeo/UnitaryAuthority,Scotland,http://data.ordnancesurvey.co.uk/id/7000000000041429,Scotland,http://data.ordnancesurvey.co.uk/id/country/scotland,,,
osgb4000000004307782,http://data.ordnancesurvey.co.uk/id/4000000004307782,B8074,,,,transportNetwork,Numbered Road,224896.000,732870.000,72000,250000,219581.998,727563.000,229739.000,738595.235,PA33,http://data.ordnancesurvey.co.uk/id/postcodedistrict/PA33,,,,,,,Argyll and Bute,http://data.ordnancesurvey.co.uk/id/7000000000030106,http://data.ordnancesurvey.co.uk/ontology/admingeo/UnitaryAuthority,Scotland,http://data.ordnancesurvey.co.uk/id/7000000000041429,Scotland,http://data.ordnancesurvey.co.uk/id/country/scotland,,,
osgb4000000004305575,http://data.ordnancesurvey.co.uk/id/4000000004305575,Mansefield,,,,transportNetwork,Named Road,232985.850,730475.450,1000,20000,232955.250,730365.000,233018.000,730589.177,FK20,http://data.ordnancesurvey.co.uk/id/postcodedistrict/FK20,Tyndrum,http://data.ordnancesurvey.co.uk/id/4000000074549779,http://www.ordnancesurvey.co.uk/xml/codelists/localtype.xml#village,,,,Stirling,http://data.ordnancesurvey.co.uk/id/7000000000030502,http://data.ordnancesurvey.co.uk/ontology/admingeo/UnitaryAuthority,Scotland,http://data.ordnancesurvey.co.uk/id/7000000000041429,Scotland,http://data.ordnancesurvey.co.uk/id/country/scotland,,,
osgb4000000004305577,http://data.ordnancesurvey.co.uk/id/4000000004305577,Meadow Grove,,,,transportNetwork,Named Road,238657.244,725326.971,1000,20000,238605.600,725273.000,238704.191,725350.924,FK20,http://data.ordnancesurvey.co.uk/id/postcodedistrict/FK20,A' Chrìon Làraich / Crianlarich,http://data.ordnancesurvey.co.uk/id/4000000074549778,http://www.ordnancesurvey.co.uk/xml/codelists/localtype.xml#village,,,,Stirling,http://data.ordnancesurvey.co.uk/id/7000000000030502,http://data.ordnancesurvey.co.uk/ontology/admingeo/UnitaryAuthority,Scotland,http://data.ordnancesurvey.co.uk/id/7000000000041429,Scotland,http://data.ordnancesurvey.co.uk/id/country/scotland,,,
osgb4000000004305209,http://data.ordnancesurvey.co.uk/id/4000000004305209,Station Brae,,,,transportNetwork,Named Road,229887.700,739621.600,1000,20000,229759.000,739585.639,229971.693,739637.050,PA36,http://data.ordnancesurvey.co.uk/id/postcodedistrict/PA36,Bridge of Orchy,http://data.ordnancesurvey.co.uk/id/4000000074549781,http://www.ordnancesurvey.co.uk/xml/codelists/localtype.xml#hamlet,,,,Argyll and Bute,http://data.ordnancesurvey.co.uk/id/7000000000030106,http://data.ordnancesurvey.co.uk/ontology/admingeo/UnitaryAuthority,Scotland,http://data.ordnancesurvey.co.uk/id/7000000000041429,Scotland,http://data.ordnancesurvey.co.uk/id/country/scotland,,,
osgb4000000004305576,http://data.ordnancesurvey.co.uk/id/4000000004305576,Willow Brae,,,,transportNetwork,Named Road,238230.000,725427.000,1000,20000,238214.000,725391.000,238262.000,725477.000,FK20,http://data.ordnancesurvey.co.uk/id/postcodedistrict/FK20,A' Chrìon Làraich / Crianlarich,http://data.ordnancesurvey.co.uk/id/4000000074549778,http://www.ordnancesurvey.co.uk/xml/codelists/localtype.xml#village,,,,Stirling,http://data.ordnancesurvey.co.uk/id/7000000000030502,http://data.ordnancesurvey.co.uk/ontology/admingeo/UnitaryAuthority,Scotland,http://data.ordnancesurvey.co.uk/id/7000000000041429,Scotland,http://data.ordnancesurvey.co.uk/id/country/scotland,,,
aa563214-1aaf-4090-aa26-d04e215bef6d,http://data.ordnancesurvey.co.uk/id/aa563214-1aaf-4090-aa26-d04e215bef6d,Old Military Road,,,,transportNetwork,Section Of Named Road,230046.202,739500.945,1000,25000,229971.693,739457.495,230073.043,739585.639,PA36,http://data.ordnancesurvey.co.uk/id/postcodedistrict/PA36,Bridge of Orchy,http://data.ordnancesurvey.co.uk/id/4000000074549781,http://www.ordnancesurvey.co.uk/xml/codelists/localtype.xml#hamlet,,,,Argyll and Bute,http://data.ordnancesurvey.co.uk/id/7000000000030106,http://data.ordnancesurvey.co.uk/ontology/admingeo/UnitaryAuthority,Scotland,http://data.ordnancesurvey.co.uk/id/7000000000041429,Scotland,http://data.ordnancesurvey.co.uk/id/country/scotland,osgb4000000004305027,,
osgb4000000004305027,http://data.ordnancesurvey.co.uk/id/4000000004305027,Old Military Road,,,,transportNetwork,Named Road,231020.000,737417.000,20000,25000,229971.693,735708.000,232706.000,739585.639,PA36,http://data.ordnancesurvey.co.uk/id/postcodedistrict/PA36,,,,,,,Argyll and Bute,http://data.ordnancesurvey.co.uk/id/7000000000030106,http://data.ordnancesurvey.co.uk/ontology/admingeo/UnitaryAuthority,Scotland,http://data.ordnancesurvey.co.uk/id/7000000000041429,Scotland,http://data.ordnancesurvey.co.uk/id/country/scotland,,,
osgb4000000004305877,http://data.ordnancesurvey.co.uk/id/4000000004305877,Willow Square,,,,transportNetwork,Named Road,238262.000,725391.000,1000,20000,238262.000,725391.000,238283.396,725419.203,FK20,http://data.ordnancesurvey.co.uk/id/postcodedistrict/FK20,A' Chrìon Làraich / Crianlarich,http://data.ordnancesurvey.co.uk/id/4000000074549778,http://www.ordnancesurvey.co.uk/xml/codelists/localtype.xml#village,,,,Stirling,http://data.ordnancesurvey.co.uk/id/7000000000030502,http://data.ordnancesurvey.co.uk/ontology/admingeo/UnitaryAuthority,Scotland,http://data.ordnancesurvey.co.uk/id/7000000000041429,Scotland,http://data.ordnancesurvey.co.uk/id/country/scotland,,,
PA364AD,http://data.ordnancesurvey.co.uk/id/postcodeunit/PA364AD,PA36 4AD,,,,other,Postcode,229811.000,739620.000,3500,18000,,,,,,,Bridge of Orchy,http://data.ordnancesurvey.co.uk/id/4000000074549781,http://www.ordnancesurvey.co.uk/xml/codelists/localtype.xml#hamlet,,,,Argyll and Bute,http://data.ordnancesurvey.co.uk/id/7000000000030106,http://data.ordnancesurvey.co.uk/ontology/admingeo/UnitaryAuthority,Scotland,http://data.ordnancesurvey.co.uk/id/7000000000041429,Scotland,http://data.ordnancesurvey.co.uk/id/country/scotland,,,
FK208RS,http://data.ordnancesurvey.co.uk/id/postcodeunit/FK208RS,FK20 8RS,,,,other,Postcode,238147.000,725519.000,3500,18000,,,,,,,A' Chrìon Làraich / Crianlarich,http://data.ordnancesurvey.co.uk/id/4000000074549778,http://www.ordnancesurvey.co.uk/xml/codelists/localtype.xml#village,,,,Stirling,http://data.ordnancesurvey.co.uk/id/7000000000030502,http://data.ordnancesurvey.co.uk/ontology/admingeo/UnitaryAuthority,Scotland,http://data.ordnancesurvey.co.uk/id/7000000000041429,Scotland,http://data.ordnancesurvey.co.uk/id/country/scotland,,,
FK208QQ,http://data.ordnancesurvey.co.uk/id/postcodeunit/FK208QQ,FK20 8QQ,,,,other,Postcode,238486.000,725217.000,3500,18000,,,,,,,A' Chrìon Làraich / Crianlarich,http://data.ordnancesurvey.co.uk/id/4000000074549778,http://www.ordnancesurvey.co.uk/xml/codelists/localtype.xml#village,,,,Stirling,http://data.ordnancesurvey.co.uk/id/7000000000030502,http://data.ordnancesurvey.co.uk/ontology/admingeo/UnitaryAuthority,Scotland,http://data.ordnancesurvey.co.uk/id/7000000000041429,Scotland,http://data.ordnancesurvey.co.uk/id/country/scotland,,,
FK208QU,http://data.ordnancesurvey.co.uk/id/postcodeunit/FK208QU,FK20 8QU,,,,other,Postcode,238693.000,725306.000,3500,18000,,,,,,,A' Chrìon Làraich / Crianlarich,http://data.ordnancesurvey.co.uk/id/4000000074549778,http://www.ordnancesurvey.co.uk/xml/codelists/localtype.xml#village,,,,Stirling,http://data.ordnancesurvey.co.uk/id/7000000000030502,http://data.ordnancesurvey.co.uk/ontology/admingeo/UnitaryAuthority,Scotland,http://data.ordnancesurvey.co.uk/id/7000000000041429,Scotland,http://data.ordnancesurvey.co.uk/id/country/scotland,,,
osgb5000005141087504,http://data.ordnancesurvey.co.uk/id/5000005141087504,Glenfalloch Road,,,,transportNetwork,Named Road,238417.000,725064.000,4000,20000,238340.081,724770.825,238448.000,725396.196,FK20,http://data.ordnancesurvey.co.uk/id/postcodedistrict/FK20,A' Chrìon Làraich / Crianlarich,http://data.ordnancesurvey.co.uk/id/4000000074549778,http://www.ordnancesurvey.co.uk/xml/codelists/localtype.xml#village,,,,Stirling,http://data.ordnancesurvey.co.uk/id/7000000000030502,http://data.ordnancesurvey.co.uk/ontology/admingeo/UnitaryAuthority,Scotland,http://data.ordnancesurvey.co.uk/id/7000000000041429,Scotland,http://data.ordnancesurvey.co.uk/id/country/scotland,,,
FK208QN,http://data.ordnancesurvey.co.uk/id/postcodeunit/FK208QN,FK20 8QN,,,,other,Postcode,238570.000,725254.000,3500,18000,,,,,,,A' Chrìon Làraich / Crianlarich,http://data.ordnancesurvey.co.uk/id/4000000074549778,http://www.ordnancesurvey.co.uk/xml/codelists/localtype.xml#village,,,,Stirling,http://data.ordnancesurvey.co.uk/id/7000000000030502,http://data.ordnancesurvey.co.uk/ontology/admingeo/UnitaryAuthority,Scotland,http://data.ordnancesurvey.co.uk/id/7000000000041429,Scotland,http://data.ordnancesurvey.co.uk/id/country/scotland,,,
osgb5000005141087502,http://data.ordnancesurvey.co.uk/id/5000005141087502,Main Street,,,,transportNetwork,Named Road,238299.000,725468.000,4000,20000,237991.720,725273.000,238637.000,725563.921,FK20,http://data.ordnancesurvey.co.uk/id/postcodedistrict/FK20,A' Chrìon Làraich / Crianlarich,http://data.ordnancesurvey.co.uk/id/4000000074549778,http://www.ordnancesurvey.co.uk/xml/codelists/localtype.xml#village,,,,Stirling,http://data.ordnancesurvey.co.uk/id/7000000000030502,http://data.ordnancesurvey.co.uk/ontology/admingeo/UnitaryAuthority,Scotland,http://data.ordnancesurvey.co.uk/id/7000000000041429,Scotland,http://data.ordnancesurvey.co.uk/id/country/scotland,,,
