﻿osgb4000000074548655,http://data.ordnancesurvey.co.uk/id/4000000074548655,Auchtubh,,,,populatedPlace,Hamlet,255463.580,720694.580,5000,25000,254751.450,720518.061,256392.366,721018.061,FK19,http://data.ordnancesurvey.co.uk/id/postcodedistrict/FK19,,,,,,,Stirling,http://data.ordnancesurvey.co.uk/id/7000000000030502,http://data.ordnancesurvey.co.uk/ontology/admingeo/UnitaryAuthority,Scotland,http://data.ordnancesurvey.co.uk/id/7000000000041429,Scotland,http://data.ordnancesurvey.co.uk/id/country/scotland,,http://dbpedia.org/resource/Auchtubh,
osgb4000000074548654,http://data.ordnancesurvey.co.uk/id/4000000074548654,Lochearnhead,,,,populatedPlace,Village,258869.000,723704.000,13000,250000,258483.041,722944.908,260427.861,724133.728,FK19,http://data.ordnancesurvey.co.uk/id/postcodedistrict/FK19,,,,,,,Stirling,http://data.ordnancesurvey.co.uk/id/7000000000030502,http://data.ordnancesurvey.co.uk/ontology/admingeo/UnitaryAuthority,Scotland,http://data.ordnancesurvey.co.uk/id/7000000000041429,Scotland,http://data.ordnancesurvey.co.uk/id/country/scotland,,,http://sws.geonames.org/2643837
osgb4000000074334725,http://data.ordnancesurvey.co.uk/id/4000000074334725,Auchlyne,,,,populatedPlace,Hamlet,251207.564,729491.293,5000,25000,250919.376,729231.647,251489.003,729731.647,FK21,http://data.ordnancesurvey.co.uk/id/postcodedistrict/FK21,,,,,,,Stirling,http://data.ordnancesurvey.co.uk/id/7000000000030502,http://data.ordnancesurvey.co.uk/ontology/admingeo/UnitaryAuthority,Scotland,http://data.ordnancesurvey.co.uk/id/7000000000041429,Scotland,http://data.ordnancesurvey.co.uk/id/country/scotland,,,
osgb4000000074549772,http://data.ordnancesurvey.co.uk/id/4000000074549772,Killin,,,,populatedPlace,Village,257281.000,733013.000,16000,250000,256329.827,731970.955,258685.795,734443.347,FK21,http://data.ordnancesurvey.co.uk/id/postcodedistrict/FK21,,,,,,,Stirling,http://data.ordnancesurvey.co.uk/id/7000000000030502,http://data.ordnancesurvey.co.uk/ontology/admingeo/UnitaryAuthority,Scotland,http://data.ordnancesurvey.co.uk/id/7000000000041429,Scotland,http://data.ordnancesurvey.co.uk/id/country/scotland,,http://dbpedia.org/resource/Killin,http://sws.geonames.org/2645632
osgb4000000074549031,http://data.ordnancesurvey.co.uk/id/4000000074549031,Balquhidder,,,,populatedPlace,Village,253646.350,720315.430,10000,250000,252725.028,719803.588,254260.292,721001.065,FK19,http://data.ordnancesurvey.co.uk/id/postcodedistrict/FK19,,,,,,,Stirling,http://data.ordnancesurvey.co.uk/id/7000000000030502,http://data.ordnancesurvey.co.uk/ontology/admingeo/UnitaryAuthority,Scotland,http://data.ordnancesurvey.co.uk/id/7000000000041429,Scotland,http://data.ordnancesurvey.co.uk/id/country/scotland,,,http://sws.geonames.org/2656435
osgb4000000074579319,http://data.ordnancesurvey.co.uk/id/4000000074579319,Ardchyle,,,,populatedPlace,Hamlet,252612.880,729024.130,5000,25000,252319.905,728709.368,252819.905,729284.844,FK21,http://data.ordnancesurvey.co.uk/id/postcodedistrict/FK21,,,,,,,Stirling,http://data.ordnancesurvey.co.uk/id/7000000000030502,http://data.ordnancesurvey.co.uk/ontology/admingeo/UnitaryAuthority,Scotland,http://data.ordnancesurvey.co.uk/id/7000000000041429,Scotland,http://data.ordnancesurvey.co.uk/id/country/scotland,,http://dbpedia.org/resource/Ardchyle,
osgb4000000074334935,http://data.ordnancesurvey.co.uk/id/4000000074334935,Lix,,,,populatedPlace,Hamlet,254972.000,729819.000,5000,25000,254428.557,729600.353,255459.618,730182.197,FK21,http://data.ordnancesurvey.co.uk/id/postcodedistrict/FK21,,,,,,,Stirling,http://data.ordnancesurvey.co.uk/id/7000000000030502,http://data.ordnancesurvey.co.uk/ontology/admingeo/UnitaryAuthority,Scotland,http://data.ordnancesurvey.co.uk/id/7000000000041429,Scotland,http://data.ordnancesurvey.co.uk/id/country/scotland,,,
FK218RD,http://data.ordnancesurvey.co.uk/id/postcodeunit/FK218RD,FK21 8RD,,,,other,Postcode,254832.000,729749.000,3500,18000,,,,,,,Lix,http://data.ordnancesurvey.co.uk/id/4000000074334935,http://www.ordnancesurvey.co.uk/xml/codelists/localtype.xml#hamlet,,,,Stirling,http://data.ordnancesurvey.co.uk/id/7000000000030502,http://data.ordnancesurvey.co.uk/ontology/admingeo/UnitaryAuthority,Scotland,http://data.ordnancesurvey.co.uk/id/7000000000041429,Scotland,http://data.ordnancesurvey.co.uk/id/country/scotland,,,
FK218SR,http://data.ordnancesurvey.co.uk/id/postcodeunit/FK218SR,FK21 8SR,,,,other,Postcode,257793.000,732906.000,3500,18000,,,,,,,Killin,http://data.ordnancesurvey.co.uk/id/4000000074549772,http://www.ordnancesurvey.co.uk/xml/codelists/localtype.xml#village,,,,Stirling,http://data.ordnancesurvey.co.uk/id/7000000000030502,http://data.ordnancesurvey.co.uk/ontology/admingeo/UnitaryAuthority,Scotland,http://data.ordnancesurvey.co.uk/id/7000000000041429,Scotland,http://data.ordnancesurvey.co.uk/id/country/scotland,,,
FK218UR,http://data.ordnancesurvey.co.uk/id/postcodeunit/FK218UR,FK21 8UR,,,,other,Postcode,257276.000,732866.000,3500,18000,,,,,,,Killin,http://data.ordnancesurvey.co.uk/id/4000000074549772,http://www.ordnancesurvey.co.uk/xml/codelists/localtype.xml#village,,,,Stirling,http://data.ordnancesurvey.co.uk/id/7000000000030502,http://data.ordnancesurvey.co.uk/ontology/admingeo/UnitaryAuthority,Scotland,http://data.ordnancesurvey.co.uk/id/7000000000041429,Scotland,http://data.ordnancesurvey.co.uk/id/country/scotland,,,
FK198NX,http://data.ordnancesurvey.co.uk/id/postcodeunit/FK198NX,FK19 8NX,,,,other,Postcode,257351.000,721050.000,3500,18000,,,,,,,,,,,,,Stirling,http://data.ordnancesurvey.co.uk/id/7000000000030502,http://data.ordnancesurvey.co.uk/ontology/admingeo/UnitaryAuthority,Scotland,http://data.ordnancesurvey.co.uk/id/7000000000041429,Scotland,http://data.ordnancesurvey.co.uk/id/country/scotland,,,
FK218TE,http://data.ordnancesurvey.co.uk/id/postcodeunit/FK218TE,FK21 8TE,,,,other,Postcode,257435.000,733019.000,3500,18000,,,,,,,Killin,http://data.ordnancesurvey.co.uk/id/4000000074549772,http://www.ordnancesurvey.co.uk/xml/codelists/localtype.xml#village,,,,Stirling,http://data.ordnancesurvey.co.uk/id/7000000000030502,http://data.ordnancesurvey.co.uk/ontology/admingeo/UnitaryAuthority,Scotland,http://data.ordnancesurvey.co.uk/id/7000000000041429,Scotland,http://data.ordnancesurvey.co.uk/id/country/scotland,,,
FK218RG,http://data.ordnancesurvey.co.uk/id/postcodeunit/FK218RG,FK21 8RG,,,,other,Postcode,251414.000,729518.000,3500,18000,,,,,,,Auchlyne,http://data.ordnancesurvey.co.uk/id/4000000074334725,http://www.ordnancesurvey.co.uk/xml/codelists/localtype.xml#hamlet,,,,Stirling,http://data.ordnancesurvey.co.uk/id/7000000000030502,http://data.ordnancesurvey.co.uk/ontology/admingeo/UnitaryAuthority,Scotland,http://data.ordnancesurvey.co.uk/id/7000000000041429,Scotland,http://data.ordnancesurvey.co.uk/id/country/scotland,,,
FK218UY,http://data.ordnancesurvey.co.uk/id/postcodeunit/FK218UY,FK21 8UY,,,,other,Postcode,256925.000,732543.000,3500,18000,,,,,,,Killin,http://data.ordnancesurvey.co.uk/id/4000000074549772,http://www.ordnancesurvey.co.uk/xml/codelists/localtype.xml#village,,,,Stirling,http://data.ordnancesurvey.co.uk/id/7000000000030502,http://data.ordnancesurvey.co.uk/ontology/admingeo/UnitaryAuthority,Scotland,http://data.ordnancesurvey.co.uk/id/7000000000041429,Scotland,http://data.ordnancesurvey.co.uk/id/country/scotland,,,
FK198PS,http://data.ordnancesurvey.co.uk/id/postcodeunit/FK198PS,FK19 8PS,,,,other,Postcode,259266.000,723853.000,3500,18000,,,,,,,Lochearnhead,http://data.ordnancesurvey.co.uk/id/4000000074548654,http://www.ordnancesurvey.co.uk/xml/codelists/localtype.xml#village,,,,Stirling,http://data.ordnancesurvey.co.uk/id/7000000000030502,http://data.ordnancesurvey.co.uk/ontology/admingeo/UnitaryAuthority,Scotland,http://data.ordnancesurvey.co.uk/id/7000000000041429,Scotland,http://data.ordnancesurvey.co.uk/id/country/scotland,,,
FK198YF,http://data.ordnancesurvey.co.uk/id/postcodeunit/FK198YF,FK19 8YF,,,,other,Postcode,258839.000,723788.000,3500,18000,,,,,,,Lochearnhead,http://data.ordnancesurvey.co.uk/id/4000000074548654,http://www.ordnancesurvey.co.uk/xml/codelists/localtype.xml#village,,,,Stirling,http://data.ordnancesurvey.co.uk/id/7000000000030502,http://data.ordnancesurvey.co.uk/ontology/admingeo/UnitaryAuthority,Scotland,http://data.ordnancesurvey.co.uk/id/7000000000041429,Scotland,http://data.ordnancesurvey.co.uk/id/country/scotland,,,
FK218TB,http://data.ordnancesurvey.co.uk/id/postcodeunit/FK218TB,FK21 8TB,,,,other,Postcode,257030.000,733931.000,3500,18000,,,,,,,Killin,http://data.ordnancesurvey.co.uk/id/4000000074549772,http://www.ordnancesurvey.co.uk/xml/codelists/localtype.xml#village,,,,Stirling,http://data.ordnancesurvey.co.uk/id/7000000000030502,http://data.ordnancesurvey.co.uk/ontology/admingeo/UnitaryAuthority,Scotland,http://data.ordnancesurvey.co.uk/id/7000000000041429,Scotland,http://data.ordnancesurvey.co.uk/id/country/scotland,,,
FK198PT,http://data.ordnancesurvey.co.uk/id/postcodeunit/FK198PT,FK19 8PT,,,,other,Postcode,259406.000,723900.000,3500,18000,,,,,,,Lochearnhead,http://data.ordnancesurvey.co.uk/id/4000000074548654,http://www.ordnancesurvey.co.uk/xml/codelists/localtype.xml#village,,,,Stirling,http://data.ordnancesurvey.co.uk/id/7000000000030502,http://data.ordnancesurvey.co.uk/ontology/admingeo/UnitaryAuthority,Scotland,http://data.ordnancesurvey.co.uk/id/7000000000041429,Scotland,http://data.ordnancesurvey.co.uk/id/country/scotland,,,
FK218UA,http://data.ordnancesurvey.co.uk/id/postcodeunit/FK218UA,FK21 8UA,,,,other,Postcode,252757.000,735844.000,3500,18000,,,,,,,,,,,,,Stirling,http://data.ordnancesurvey.co.uk/id/7000000000030502,http://data.ordnancesurvey.co.uk/ontology/admingeo/UnitaryAuthority,Scotland,http://data.ordnancesurvey.co.uk/id/7000000000041429,Scotland,http://data.ordnancesurvey.co.uk/id/country/scotland,,,
FK198QG,http://data.ordnancesurvey.co.uk/id/postcodeunit/FK198QG,FK19 8QG,,,,other,Postcode,259375.000,723872.000,3500,18000,,,,,,,Lochearnhead,http://data.ordnancesurvey.co.uk/id/4000000074548654,http://www.ordnancesurvey.co.uk/xml/codelists/localtype.xml#village,,,,Stirling,http://data.ordnancesurvey.co.uk/id/7000000000030502,http://data.ordnancesurvey.co.uk/ontology/admingeo/UnitaryAuthority,Scotland,http://data.ordnancesurvey.co.uk/id/7000000000041429,Scotland,http://data.ordnancesurvey.co.uk/id/country/scotland,,,
FK218UW,http://data.ordnancesurvey.co.uk/id/postcodeunit/FK218UW,FK21 8UW,,,,other,Postcode,257256.000,732961.000,3500,18000,,,,,,,Killin,http://data.ordnancesurvey.co.uk/id/4000000074549772,http://www.ordnancesurvey.co.uk/xml/codelists/localtype.xml#village,,,,Stirling,http://data.ordnancesurvey.co.uk/id/7000000000030502,http://data.ordnancesurvey.co.uk/ontology/admingeo/UnitaryAuthority,Scotland,http://data.ordnancesurvey.co.uk/id/7000000000041429,Scotland,http://data.ordnancesurvey.co.uk/id/country/scotland,,,
FK198QF,http://data.ordnancesurvey.co.uk/id/postcodeunit/FK198QF,FK19 8QF,,,,other,Postcode,259783.000,720312.000,3500,18000,,,,,,,,,,,,,Stirling,http://data.ordnancesurvey.co.uk/id/7000000000030502,http://data.ordnancesurvey.co.uk/ontology/admingeo/UnitaryAuthority,Scotland,http://data.ordnancesurvey.co.uk/id/7000000000041429,Scotland,http://data.ordnancesurvey.co.uk/id/country/scotland,,,
FK218TX,http://data.ordnancesurvey.co.uk/id/postcodeunit/FK218TX,FK21 8TX,,,,other,Postcode,258871.000,735015.000,3500,18000,,,,,,,,,,,,,Perth and Kinross,http://data.ordnancesurvey.co.uk/id/7000000000030110,http://data.ordnancesurvey.co.uk/ontology/admingeo/UnitaryAuthority,Scotland,http://data.ordnancesurvey.co.uk/id/7000000000041429,Scotland,http://data.ordnancesurvey.co.uk/id/country/scotland,,,
FK218US,http://data.ordnancesurvey.co.uk/id/postcodeunit/FK218US,FK21 8US,,,,other,Postcode,257205.000,732677.000,3500,18000,,,,,,,Killin,http://data.ordnancesurvey.co.uk/id/4000000074549772,http://www.ordnancesurvey.co.uk/xml/codelists/localtype.xml#village,,,,Stirling,http://data.ordnancesurvey.co.uk/id/7000000000030502,http://data.ordnancesurvey.co.uk/ontology/admingeo/UnitaryAuthority,Scotland,http://data.ordnancesurvey.co.uk/id/7000000000041429,Scotland,http://data.ordnancesurvey.co.uk/id/country/scotland,,,
FK218TD,http://data.ordnancesurvey.co.uk/id/postcodeunit/FK218TD,FK21 8TD,,,,other,Postcode,257350.000,732825.000,3500,18000,,,,,,,Killin,http://data.ordnancesurvey.co.uk/id/4000000074549772,http://www.ordnancesurvey.co.uk/xml/codelists/localtype.xml#village,,,,Stirling,http://data.ordnancesurvey.co.uk/id/7000000000030502,http://data.ordnancesurvey.co.uk/ontology/admingeo/UnitaryAuthority,Scotland,http://data.ordnancesurvey.co.uk/id/7000000000041429,Scotland,http://data.ordnancesurvey.co.uk/id/country/scotland,,,
FK198PR,http://data.ordnancesurvey.co.uk/id/postcodeunit/FK198PR,FK19 8PR,,,,other,Postcode,258942.000,723872.000,3500,18000,,,,,,,Lochearnhead,http://data.ordnancesurvey.co.uk/id/4000000074548654,http://www.ordnancesurvey.co.uk/xml/codelists/localtype.xml#village,,,,Stirling,http://data.ordnancesurvey.co.uk/id/7000000000030502,http://data.ordnancesurvey.co.uk/ontology/admingeo/UnitaryAuthority,Scotland,http://data.ordnancesurvey.co.uk/id/7000000000041429,Scotland,http://data.ordnancesurvey.co.uk/id/country/scotland,,,
FK218UH,http://data.ordnancesurvey.co.uk/id/postcodeunit/FK218UH,FK21 8UH,,,,other,Postcode,257343.000,733076.000,3500,18000,,,,,,,Killin,http://data.ordnancesurvey.co.uk/id/4000000074549772,http://www.ordnancesurvey.co.uk/xml/codelists/localtype.xml#village,,,,Stirling,http://data.ordnancesurvey.co.uk/id/7000000000030502,http://data.ordnancesurvey.co.uk/ontology/admingeo/UnitaryAuthority,Scotland,http://data.ordnancesurvey.co.uk/id/7000000000041429,Scotland,http://data.ordnancesurvey.co.uk/id/country/scotland,,,
FK218TH,http://data.ordnancesurvey.co.uk/id/postcodeunit/FK218TH,FK21 8TH,,,,other,Postcode,257410.000,732899.000,3500,18000,,,,,,,Killin,http://data.ordnancesurvey.co.uk/id/4000000074549772,http://www.ordnancesurvey.co.uk/xml/codelists/localtype.xml#village,,,,Stirling,http://data.ordnancesurvey.co.uk/id/7000000000030502,http://data.ordnancesurvey.co.uk/ontology/admingeo/UnitaryAuthority,Scotland,http://data.ordnancesurvey.co.uk/id/7000000000041429,Scotland,http://data.ordnancesurvey.co.uk/id/country/scotland,,,
FK218XE,http://data.ordnancesurvey.co.uk/id/postcodeunit/FK218XE,FK21 8XE,,,,other,Postcode,257110.000,732542.000,3500,18000,,,,,,,Killin,http://data.ordnancesurvey.co.uk/id/4000000074549772,http://www.ordnancesurvey.co.uk/xml/codelists/localtype.xml#village,,,,Stirling,http://data.ordnancesurvey.co.uk/id/7000000000030502,http://data.ordnancesurvey.co.uk/ontology/admingeo/UnitaryAuthority,Scotland,http://data.ordnancesurvey.co.uk/id/7000000000041429,Scotland,http://data.ordnancesurvey.co.uk/id/country/scotland,,,
FK218TQ,http://data.ordnancesurvey.co.uk/id/postcodeunit/FK218TQ,FK21 8TQ,,,,other,Postcode,257375.000,732898.000,3500,18000,,,,,,,Killin,http://data.ordnancesurvey.co.uk/id/4000000074549772,http://www.ordnancesurvey.co.uk/xml/codelists/localtype.xml#village,,,,Stirling,http://data.ordnancesurvey.co.uk/id/7000000000030502,http://data.ordnancesurvey.co.uk/ontology/admingeo/UnitaryAuthority,Scotland,http://data.ordnancesurvey.co.uk/id/7000000000041429,Scotland,http://data.ordnancesurvey.co.uk/id/country/scotland,,,
FK218TA,http://data.ordnancesurvey.co.uk/id/postcodeunit/FK218TA,FK21 8TA,,,,other,Postcode,257405.000,733055.000,3500,18000,,,,,,,Killin,http://data.ordnancesurvey.co.uk/id/4000000074549772,http://www.ordnancesurvey.co.uk/xml/codelists/localtype.xml#village,,,,Stirling,http://data.ordnancesurvey.co.uk/id/7000000000030502,http://data.ordnancesurvey.co.uk/ontology/admingeo/UnitaryAuthority,Scotland,http://data.ordnancesurvey.co.uk/id/7000000000041429,Scotland,http://data.ordnancesurvey.co.uk/id/country/scotland,,,
FK218RE,http://data.ordnancesurvey.co.uk/id/postcodeunit/FK218RE,FK21 8RE,,,,other,Postcode,253145.000,729398.000,3500,18000,,,,,,,,,,,,,Stirling,http://data.ordnancesurvey.co.uk/id/7000000000030502,http://data.ordnancesurvey.co.uk/ontology/admingeo/UnitaryAuthority,Scotland,http://data.ordnancesurvey.co.uk/id/7000000000041429,Scotland,http://data.ordnancesurvey.co.uk/id/country/scotland,,,
FK218TJ,http://data.ordnancesurvey.co.uk/id/postcodeunit/FK218TJ,FK21 8TJ,,,,other,Postcode,257087.000,733495.000,3500,18000,,,,,,,Killin,http://data.ordnancesurvey.co.uk/id/4000000074549772,http://www.ordnancesurvey.co.uk/xml/codelists/localtype.xml#village,,,,Stirling,http://data.ordnancesurvey.co.uk/id/7000000000030502,http://data.ordnancesurvey.co.uk/ontology/admingeo/UnitaryAuthority,Scotland,http://data.ordnancesurvey.co.uk/id/7000000000041429,Scotland,http://data.ordnancesurvey.co.uk/id/country/scotland,,,
FK218SS,http://data.ordnancesurvey.co.uk/id/postcodeunit/FK218SS,FK21 8SS,,,,other,Postcode,258455.000,732656.000,3500,18000,,,,,,,Killin,http://data.ordnancesurvey.co.uk/id/4000000074549772,http://www.ordnancesurvey.co.uk/xml/codelists/localtype.xml#village,,,,Stirling,http://data.ordnancesurvey.co.uk/id/7000000000030502,http://data.ordnancesurvey.co.uk/ontology/admingeo/UnitaryAuthority,Scotland,http://data.ordnancesurvey.co.uk/id/7000000000041429,Scotland,http://data.ordnancesurvey.co.uk/id/country/scotland,,,
FK218TP,http://data.ordnancesurvey.co.uk/id/postcodeunit/FK218TP,FK21 8TP,,,,other,Postcode,257358.000,733295.000,3500,18000,,,,,,,Killin,http://data.ordnancesurvey.co.uk/id/4000000074549772,http://www.ordnancesurvey.co.uk/xml/codelists/localtype.xml#village,,,,Stirling,http://data.ordnancesurvey.co.uk/id/7000000000030502,http://data.ordnancesurvey.co.uk/ontology/admingeo/UnitaryAuthority,Scotland,http://data.ordnancesurvey.co.uk/id/7000000000041429,Scotland,http://data.ordnancesurvey.co.uk/id/country/scotland,,,
FK218RF,http://data.ordnancesurvey.co.uk/id/postcodeunit/FK218RF,FK21 8RF,,,,other,Postcode,252605.000,729056.000,3500,18000,,,,,,,Ardchyle,http://data.ordnancesurvey.co.uk/id/4000000074579319,http://www.ordnancesurvey.co.uk/xml/codelists/localtype.xml#hamlet,,,,Stirling,http://data.ordnancesurvey.co.uk/id/7000000000030502,http://data.ordnancesurvey.co.uk/ontology/admingeo/UnitaryAuthority,Scotland,http://data.ordnancesurvey.co.uk/id/7000000000041429,Scotland,http://data.ordnancesurvey.co.uk/id/country/scotland,,,
FK198PA,http://data.ordnancesurvey.co.uk/id/postcodeunit/FK198PA,FK19 8PA,,,,other,Postcode,253501.000,720847.000,3500,18000,,,,,,,Balquhidder,http://data.ordnancesurvey.co.uk/id/4000000074549031,http://www.ordnancesurvey.co.uk/xml/codelists/localtype.xml#village,,,,Stirling,http://data.ordnancesurvey.co.uk/id/7000000000030502,http://data.ordnancesurvey.co.uk/ontology/admingeo/UnitaryAuthority,Scotland,http://data.ordnancesurvey.co.uk/id/7000000000041429,Scotland,http://data.ordnancesurvey.co.uk/id/country/scotland,,,
FK198QB,http://data.ordnancesurvey.co.uk/id/postcodeunit/FK198QB,FK19 8QB,,,,other,Postcode,258607.000,724393.000,3500,18000,,,,,,,,,,,,,Stirling,http://data.ordnancesurvey.co.uk/id/7000000000030502,http://data.ordnancesurvey.co.uk/ontology/admingeo/UnitaryAuthority,Scotland,http://data.ordnancesurvey.co.uk/id/7000000000041429,Scotland,http://data.ordnancesurvey.co.uk/id/country/scotland,,,
FK198NR,http://data.ordnancesurvey.co.uk/id/postcodeunit/FK198NR,FK19 8NR,,,,other,Postcode,258838.000,723995.000,3500,18000,,,,,,,Lochearnhead,http://data.ordnancesurvey.co.uk/id/4000000074548654,http://www.ordnancesurvey.co.uk/xml/codelists/localtype.xml#village,,,,Stirling,http://data.ordnancesurvey.co.uk/id/7000000000030502,http://data.ordnancesurvey.co.uk/ontology/admingeo/UnitaryAuthority,Scotland,http://data.ordnancesurvey.co.uk/id/7000000000041429,Scotland,http://data.ordnancesurvey.co.uk/id/country/scotland,,,
FK198NS,http://data.ordnancesurvey.co.uk/id/postcodeunit/FK198NS,FK19 8NS,,,,other,Postcode,258926.000,722903.000,3500,18000,,,,,,,,,,,,,Stirling,http://data.ordnancesurvey.co.uk/id/7000000000030502,http://data.ordnancesurvey.co.uk/ontology/admingeo/UnitaryAuthority,Scotland,http://data.ordnancesurvey.co.uk/id/7000000000041429,Scotland,http://data.ordnancesurvey.co.uk/id/country/scotland,,,
FK218RH,http://data.ordnancesurvey.co.uk/id/postcodeunit/FK218RH,FK21 8RH,,,,other,Postcode,251492.000,728810.000,3500,18000,,,,,,,,,,,,,Stirling,http://data.ordnancesurvey.co.uk/id/7000000000030502,http://data.ordnancesurvey.co.uk/ontology/admingeo/UnitaryAuthority,Scotland,http://data.ordnancesurvey.co.uk/id/7000000000041429,Scotland,http://data.ordnancesurvey.co.uk/id/country/scotland,,,
FK218TS,http://data.ordnancesurvey.co.uk/id/postcodeunit/FK218TS,FK21 8TS,,,,other,Postcode,256946.000,734192.000,3500,18000,,,,,,,Killin,http://data.ordnancesurvey.co.uk/id/4000000074549772,http://www.ordnancesurvey.co.uk/xml/codelists/localtype.xml#village,,,,Stirling,http://data.ordnancesurvey.co.uk/id/7000000000030502,http://data.ordnancesurvey.co.uk/ontology/admingeo/UnitaryAuthority,Scotland,http://data.ordnancesurvey.co.uk/id/7000000000041429,Scotland,http://data.ordnancesurvey.co.uk/id/country/scotland,,,
FK218TL,http://data.ordnancesurvey.co.uk/id/postcodeunit/FK218TL,FK21 8TL,,,,other,Postcode,258367.000,734419.000,3500,18000,,,,,,,,,,,,,Stirling,http://data.ordnancesurvey.co.uk/id/7000000000030502,http://data.ordnancesurvey.co.uk/ontology/admingeo/UnitaryAuthority,Scotland,http://data.ordnancesurvey.co.uk/id/7000000000041429,Scotland,http://data.ordnancesurvey.co.uk/id/country/scotland,,,
FK198NZ,http://data.ordnancesurvey.co.uk/id/postcodeunit/FK198NZ,FK19 8NZ,,,,other,Postcode,255710.000,720630.000,3500,18000,,,,,,,Auchtubh,http://data.ordnancesurvey.co.uk/id/4000000074548655,http://www.ordnancesurvey.co.uk/xml/codelists/localtype.xml#hamlet,,,,Stirling,http://data.ordnancesurvey.co.uk/id/7000000000030502,http://data.ordnancesurvey.co.uk/ontology/admingeo/UnitaryAuthority,Scotland,http://data.ordnancesurvey.co.uk/id/7000000000041429,Scotland,http://data.ordnancesurvey.co.uk/id/country/scotland,,,
FK218RB,http://data.ordnancesurvey.co.uk/id/postcodeunit/FK218RB,FK21 8RB,,,,other,Postcode,254700.000,730126.000,3500,18000,,,,,,,Lix,http://data.ordnancesurvey.co.uk/id/4000000074334935,http://www.ordnancesurvey.co.uk/xml/codelists/localtype.xml#hamlet,,,,Stirling,http://data.ordnancesurvey.co.uk/id/7000000000030502,http://data.ordnancesurvey.co.uk/ontology/admingeo/UnitaryAuthority,Scotland,http://data.ordnancesurvey.co.uk/id/7000000000041429,Scotland,http://data.ordnancesurvey.co.uk/id/country/scotland,,,
FK218UB,http://data.ordnancesurvey.co.uk/id/postcodeunit/FK218UB,FK21 8UB,,,,other,Postcode,246964.000,736662.000,3500,18000,,,,,,,,,,,,,Stirling,http://data.ordnancesurvey.co.uk/id/7000000000030502,http://data.ordnancesurvey.co.uk/ontology/admingeo/UnitaryAuthority,Scotland,http://data.ordnancesurvey.co.uk/id/7000000000041429,Scotland,http://data.ordnancesurvey.co.uk/id/country/scotland,,,
FK218TT,http://data.ordnancesurvey.co.uk/id/postcodeunit/FK218TT,FK21 8TT,,,,other,Postcode,255686.000,734696.000,3500,18000,,,,,,,,,,,,,Stirling,http://data.ordnancesurvey.co.uk/id/7000000000030502,http://data.ordnancesurvey.co.uk/ontology/admingeo/UnitaryAuthority,Scotland,http://data.ordnancesurvey.co.uk/id/7000000000041429,Scotland,http://data.ordnancesurvey.co.uk/id/country/scotland,,,
FK218UP,http://data.ordnancesurvey.co.uk/id/postcodeunit/FK218UP,FK21 8UP,,,,other,Postcode,257254.000,732955.000,3500,18000,,,,,,,Killin,http://data.ordnancesurvey.co.uk/id/4000000074549772,http://www.ordnancesurvey.co.uk/xml/codelists/localtype.xml#village,,,,Stirling,http://data.ordnancesurvey.co.uk/id/7000000000030502,http://data.ordnancesurvey.co.uk/ontology/admingeo/UnitaryAuthority,Scotland,http://data.ordnancesurvey.co.uk/id/7000000000041429,Scotland,http://data.ordnancesurvey.co.uk/id/country/scotland,,,
FK198PD,http://data.ordnancesurvey.co.uk/id/postcodeunit/FK198PD,FK19 8PD,,,,other,Postcode,258806.000,723887.000,3500,18000,,,,,,,Lochearnhead,http://data.ordnancesurvey.co.uk/id/4000000074548654,http://www.ordnancesurvey.co.uk/xml/codelists/localtype.xml#village,,,,Stirling,http://data.ordnancesurvey.co.uk/id/7000000000030502,http://data.ordnancesurvey.co.uk/ontology/admingeo/UnitaryAuthority,Scotland,http://data.ordnancesurvey.co.uk/id/7000000000041429,Scotland,http://data.ordnancesurvey.co.uk/id/country/scotland,,,
FK218SZ,http://data.ordnancesurvey.co.uk/id/postcodeunit/FK218SZ,FK21 8SZ,,,,other,Postcode,255828.000,728359.000,3500,18000,,,,,,,,,,,,,Stirling,http://data.ordnancesurvey.co.uk/id/7000000000030502,http://data.ordnancesurvey.co.uk/ontology/admingeo/UnitaryAuthority,Scotland,http://data.ordnancesurvey.co.uk/id/7000000000041429,Scotland,http://data.ordnancesurvey.co.uk/id/country/scotland,,,
FK208QS,http://data.ordnancesurvey.co.uk/id/postcodeunit/FK208QS,FK20 8QS,,,,other,Postcode,241322.000,726003.000,3500,18000,,,,,,,,,,,,,Stirling,http://data.ordnancesurvey.co.uk/id/7000000000030502,http://data.ordnancesurvey.co.uk/ontology/admingeo/UnitaryAuthority,Scotland,http://data.ordnancesurvey.co.uk/id/7000000000041429,Scotland,http://data.ordnancesurvey.co.uk/id/country/scotland,,,
FK218ST,http://data.ordnancesurvey.co.uk/id/postcodeunit/FK218ST,FK21 8ST,,,,other,Postcode,258554.000,732707.000,3500,18000,,,,,,,Killin,http://data.ordnancesurvey.co.uk/id/4000000074549772,http://www.ordnancesurvey.co.uk/xml/codelists/localtype.xml#village,,,,Stirling,http://data.ordnancesurvey.co.uk/id/7000000000030502,http://data.ordnancesurvey.co.uk/ontology/admingeo/UnitaryAuthority,Scotland,http://data.ordnancesurvey.co.uk/id/7000000000041429,Scotland,http://data.ordnancesurvey.co.uk/id/country/scotland,,,
FK198NT,http://data.ordnancesurvey.co.uk/id/postcodeunit/FK198NT,FK19 8NT,,,,other,Postcode,257820.000,722391.000,3500,18000,,,,,,,,,,,,,Stirling,http://data.ordnancesurvey.co.uk/id/7000000000030502,http://data.ordnancesurvey.co.uk/ontology/admingeo/UnitaryAuthority,Scotland,http://data.ordnancesurvey.co.uk/id/7000000000041429,Scotland,http://data.ordnancesurvey.co.uk/id/country/scotland,,,
FK218XD,http://data.ordnancesurvey.co.uk/id/postcodeunit/FK218XD,FK21 8XD,,,,other,Postcode,257099.000,732645.000,3500,18000,,,,,,,Killin,http://data.ordnancesurvey.co.uk/id/4000000074549772,http://www.ordnancesurvey.co.uk/xml/codelists/localtype.xml#village,,,,Stirling,http://data.ordnancesurvey.co.uk/id/7000000000030502,http://data.ordnancesurvey.co.uk/ontology/admingeo/UnitaryAuthority,Scotland,http://data.ordnancesurvey.co.uk/id/7000000000041429,Scotland,http://data.ordnancesurvey.co.uk/id/country/scotland,,,
FK218UL,http://data.ordnancesurvey.co.uk/id/postcodeunit/FK218UL,FK21 8UL,,,,other,Postcode,257309.000,733089.000,3500,18000,,,,,,,Killin,http://data.ordnancesurvey.co.uk/id/4000000074549772,http://www.ordnancesurvey.co.uk/xml/codelists/localtype.xml#village,,,,Stirling,http://data.ordnancesurvey.co.uk/id/7000000000030502,http://data.ordnancesurvey.co.uk/ontology/admingeo/UnitaryAuthority,Scotland,http://data.ordnancesurvey.co.uk/id/7000000000041429,Scotland,http://data.ordnancesurvey.co.uk/id/country/scotland,,,
FK218UZ,http://data.ordnancesurvey.co.uk/id/postcodeunit/FK218UZ,FK21 8UZ,,,,other,Postcode,257075.000,732733.000,3500,18000,,,,,,,Killin,http://data.ordnancesurvey.co.uk/id/4000000074549772,http://www.ordnancesurvey.co.uk/xml/codelists/localtype.xml#village,,,,Stirling,http://data.ordnancesurvey.co.uk/id/7000000000030502,http://data.ordnancesurvey.co.uk/ontology/admingeo/UnitaryAuthority,Scotland,http://data.ordnancesurvey.co.uk/id/7000000000041429,Scotland,http://data.ordnancesurvey.co.uk/id/country/scotland,,,
FK218SL,http://data.ordnancesurvey.co.uk/id/postcodeunit/FK218SL,FK21 8SL,,,,other,Postcode,257190.000,732426.000,3500,18000,,,,,,,Killin,http://data.ordnancesurvey.co.uk/id/4000000074549772,http://www.ordnancesurvey.co.uk/xml/codelists/localtype.xml#village,,,,Stirling,http://data.ordnancesurvey.co.uk/id/7000000000030502,http://data.ordnancesurvey.co.uk/ontology/admingeo/UnitaryAuthority,Scotland,http://data.ordnancesurvey.co.uk/id/7000000000041429,Scotland,http://data.ordnancesurvey.co.uk/id/country/scotland,,,
FK218UN,http://data.ordnancesurvey.co.uk/id/postcodeunit/FK218UN,FK21 8UN,,,,other,Postcode,257294.000,733065.000,3500,18000,,,,,,,Killin,http://data.ordnancesurvey.co.uk/id/4000000074549772,http://www.ordnancesurvey.co.uk/xml/codelists/localtype.xml#village,,,,Stirling,http://data.ordnancesurvey.co.uk/id/7000000000030502,http://data.ordnancesurvey.co.uk/ontology/admingeo/UnitaryAuthority,Scotland,http://data.ordnancesurvey.co.uk/id/7000000000041429,Scotland,http://data.ordnancesurvey.co.uk/id/country/scotland,,,
FK198PX,http://data.ordnancesurvey.co.uk/id/postcodeunit/FK198PX,FK19 8PX,,,,other,Postcode,258786.000,723377.000,3500,18000,,,,,,,Lochearnhead,http://data.ordnancesurvey.co.uk/id/4000000074548654,http://www.ordnancesurvey.co.uk/xml/codelists/localtype.xml#village,,,,Stirling,http://data.ordnancesurvey.co.uk/id/7000000000030502,http://data.ordnancesurvey.co.uk/ontology/admingeo/UnitaryAuthority,Scotland,http://data.ordnancesurvey.co.uk/id/7000000000041429,Scotland,http://data.ordnancesurvey.co.uk/id/country/scotland,,,
FK218SH,http://data.ordnancesurvey.co.uk/id/postcodeunit/FK218SH,FK21 8SH,,,,other,Postcode,256900.000,732408.000,3500,18000,,,,,,,Killin,http://data.ordnancesurvey.co.uk/id/4000000074549772,http://www.ordnancesurvey.co.uk/xml/codelists/localtype.xml#village,,,,Stirling,http://data.ordnancesurvey.co.uk/id/7000000000030502,http://data.ordnancesurvey.co.uk/ontology/admingeo/UnitaryAuthority,Scotland,http://data.ordnancesurvey.co.uk/id/7000000000041429,Scotland,http://data.ordnancesurvey.co.uk/id/country/scotland,,,
FK218UJ,http://data.ordnancesurvey.co.uk/id/postcodeunit/FK218UJ,FK21 8UJ,,,,other,Postcode,257331.000,733117.000,3500,18000,,,,,,,Killin,http://data.ordnancesurvey.co.uk/id/4000000074549772,http://www.ordnancesurvey.co.uk/xml/codelists/localtype.xml#village,,,,Stirling,http://data.ordnancesurvey.co.uk/id/7000000000030502,http://data.ordnancesurvey.co.uk/ontology/admingeo/UnitaryAuthority,Scotland,http://data.ordnancesurvey.co.uk/id/7000000000041429,Scotland,http://data.ordnancesurvey.co.uk/id/country/scotland,,,
FK218XA,http://data.ordnancesurvey.co.uk/id/postcodeunit/FK218XA,FK21 8XA,,,,other,Postcode,257092.000,732822.000,3500,18000,,,,,,,Killin,http://data.ordnancesurvey.co.uk/id/4000000074549772,http://www.ordnancesurvey.co.uk/xml/codelists/localtype.xml#village,,,,Stirling,http://data.ordnancesurvey.co.uk/id/7000000000030502,http://data.ordnancesurvey.co.uk/ontology/admingeo/UnitaryAuthority,Scotland,http://data.ordnancesurvey.co.uk/id/7000000000041429,Scotland,http://data.ordnancesurvey.co.uk/id/country/scotland,,,
FK218TG,http://data.ordnancesurvey.co.uk/id/postcodeunit/FK218TG,FK21 8TG,,,,other,Postcode,257415.000,732997.000,3500,18000,,,,,,,Killin,http://data.ordnancesurvey.co.uk/id/4000000074549772,http://www.ordnancesurvey.co.uk/xml/codelists/localtype.xml#village,,,,Stirling,http://data.ordnancesurvey.co.uk/id/7000000000030502,http://data.ordnancesurvey.co.uk/ontology/admingeo/UnitaryAuthority,Scotland,http://data.ordnancesurvey.co.uk/id/7000000000041429,Scotland,http://data.ordnancesurvey.co.uk/id/country/scotland,,,
FK198NY,http://data.ordnancesurvey.co.uk/id/postcodeunit/FK198NY,FK19 8NY,,,,other,Postcode,254391.000,720946.000,3500,18000,,,,,,,,,,,,,Stirling,http://data.ordnancesurvey.co.uk/id/7000000000030502,http://data.ordnancesurvey.co.uk/ontology/admingeo/UnitaryAuthority,Scotland,http://data.ordnancesurvey.co.uk/id/7000000000041429,Scotland,http://data.ordnancesurvey.co.uk/id/country/scotland,,,
FK198PW,http://data.ordnancesurvey.co.uk/id/postcodeunit/FK198PW,FK19 8PW,,,,other,Postcode,258857.000,723689.000,3500,18000,,,,,,,Lochearnhead,http://data.ordnancesurvey.co.uk/id/4000000074548654,http://www.ordnancesurvey.co.uk/xml/codelists/localtype.xml#village,,,,Stirling,http://data.ordnancesurvey.co.uk/id/7000000000030502,http://data.ordnancesurvey.co.uk/ontology/admingeo/UnitaryAuthority,Scotland,http://data.ordnancesurvey.co.uk/id/7000000000041429,Scotland,http://data.ordnancesurvey.co.uk/id/country/scotland,,,
FK218SW,http://data.ordnancesurvey.co.uk/id/postcodeunit/FK218SW,FK21 8SW,,,,other,Postcode,257138.000,732358.000,3500,18000,,,,,,,Killin,http://data.ordnancesurvey.co.uk/id/4000000074549772,http://www.ordnancesurvey.co.uk/xml/codelists/localtype.xml#village,,,,Stirling,http://data.ordnancesurvey.co.uk/id/7000000000030502,http://data.ordnancesurvey.co.uk/ontology/admingeo/UnitaryAuthority,Scotland,http://data.ordnancesurvey.co.uk/id/7000000000041429,Scotland,http://data.ordnancesurvey.co.uk/id/country/scotland,,,
FK218UT,http://data.ordnancesurvey.co.uk/id/postcodeunit/FK218UT,FK21 8UT,,,,other,Postcode,257256.000,732797.000,3500,18000,,,,,,,Killin,http://data.ordnancesurvey.co.uk/id/4000000074549772,http://www.ordnancesurvey.co.uk/xml/codelists/localtype.xml#village,,,,Stirling,http://data.ordnancesurvey.co.uk/id/7000000000030502,http://data.ordnancesurvey.co.uk/ontology/admingeo/UnitaryAuthority,Scotland,http://data.ordnancesurvey.co.uk/id/7000000000041429,Scotland,http://data.ordnancesurvey.co.uk/id/country/scotland,,,
FK218SN,http://data.ordnancesurvey.co.uk/id/postcodeunit/FK218SN,FK21 8SN,,,,other,Postcode,257024.000,732291.000,3500,18000,,,,,,,Killin,http://data.ordnancesurvey.co.uk/id/4000000074549772,http://www.ordnancesurvey.co.uk/xml/codelists/localtype.xml#village,,,,Stirling,http://data.ordnancesurvey.co.uk/id/7000000000030502,http://data.ordnancesurvey.co.uk/ontology/admingeo/UnitaryAuthority,Scotland,http://data.ordnancesurvey.co.uk/id/7000000000041429,Scotland,http://data.ordnancesurvey.co.uk/id/country/scotland,,,
FK218SJ,http://data.ordnancesurvey.co.uk/id/postcodeunit/FK218SJ,FK21 8SJ,,,,other,Postcode,256476.000,732133.000,3500,18000,,,,,,,Killin,http://data.ordnancesurvey.co.uk/id/4000000074549772,http://www.ordnancesurvey.co.uk/xml/codelists/localtype.xml#village,,,,Stirling,http://data.ordnancesurvey.co.uk/id/7000000000030502,http://data.ordnancesurvey.co.uk/ontology/admingeo/UnitaryAuthority,Scotland,http://data.ordnancesurvey.co.uk/id/7000000000041429,Scotland,http://data.ordnancesurvey.co.uk/id/country/scotland,,,
FK198PB,http://data.ordnancesurvey.co.uk/id/postcodeunit/FK198PB,FK19 8PB,,,,other,Postcode,253251.000,720225.000,3500,18000,,,,,,,Balquhidder,http://data.ordnancesurvey.co.uk/id/4000000074549031,http://www.ordnancesurvey.co.uk/xml/codelists/localtype.xml#village,,,,Stirling,http://data.ordnancesurvey.co.uk/id/7000000000030502,http://data.ordnancesurvey.co.uk/ontology/admingeo/UnitaryAuthority,Scotland,http://data.ordnancesurvey.co.uk/id/7000000000041429,Scotland,http://data.ordnancesurvey.co.uk/id/country/scotland,,,
FK208QT,http://data.ordnancesurvey.co.uk/id/postcodeunit/FK208QT,FK20 8QT,,,,other,Postcode,248893.000,727919.000,3500,18000,,,,,,,,,,,,,Stirling,http://data.ordnancesurvey.co.uk/id/7000000000030502,http://data.ordnancesurvey.co.uk/ontology/admingeo/UnitaryAuthority,Scotland,http://data.ordnancesurvey.co.uk/id/7000000000041429,Scotland,http://data.ordnancesurvey.co.uk/id/country/scotland,,,
FK198QD,http://data.ordnancesurvey.co.uk/id/postcodeunit/FK198QD,FK19 8QD,,,,other,Postcode,258734.000,723156.000,3500,18000,,,,,,,Lochearnhead,http://data.ordnancesurvey.co.uk/id/4000000074548654,http://www.ordnancesurvey.co.uk/xml/codelists/localtype.xml#village,,,,Stirling,http://data.ordnancesurvey.co.uk/id/7000000000030502,http://data.ordnancesurvey.co.uk/ontology/admingeo/UnitaryAuthority,Scotland,http://data.ordnancesurvey.co.uk/id/7000000000041429,Scotland,http://data.ordnancesurvey.co.uk/id/country/scotland,,,
FK198PN,http://data.ordnancesurvey.co.uk/id/postcodeunit/FK198PN,FK19 8PN,,,,other,Postcode,259672.000,723915.000,3500,18000,,,,,,,Lochearnhead,http://data.ordnancesurvey.co.uk/id/4000000074548654,http://www.ordnancesurvey.co.uk/xml/codelists/localtype.xml#village,,,,Stirling,http://data.ordnancesurvey.co.uk/id/7000000000030502,http://data.ordnancesurvey.co.uk/ontology/admingeo/UnitaryAuthority,Scotland,http://data.ordnancesurvey.co.uk/id/7000000000041429,Scotland,http://data.ordnancesurvey.co.uk/id/country/scotland,,,
FK218XB,http://data.ordnancesurvey.co.uk/id/postcodeunit/FK218XB,FK21 8XB,,,,other,Postcode,257178.000,732687.000,3500,18000,,,,,,,Killin,http://data.ordnancesurvey.co.uk/id/4000000074549772,http://www.ordnancesurvey.co.uk/xml/codelists/localtype.xml#village,,,,Stirling,http://data.ordnancesurvey.co.uk/id/7000000000030502,http://data.ordnancesurvey.co.uk/ontology/admingeo/UnitaryAuthority,Scotland,http://data.ordnancesurvey.co.uk/id/7000000000041429,Scotland,http://data.ordnancesurvey.co.uk/id/country/scotland,,,
FK218RA,http://data.ordnancesurvey.co.uk/id/postcodeunit/FK218RA,FK21 8RA,,,,other,Postcode,256238.000,731409.000,3500,18000,,,,,,,,,,,,,Stirling,http://data.ordnancesurvey.co.uk/id/7000000000030502,http://data.ordnancesurvey.co.uk/ontology/admingeo/UnitaryAuthority,Scotland,http://data.ordnancesurvey.co.uk/id/7000000000041429,Scotland,http://data.ordnancesurvey.co.uk/id/country/scotland,,,
osgb4000000004316953,http://data.ordnancesurvey.co.uk/id/4000000004316953,The Old Mart,,,,transportNetwork,Named Road,257435.949,733048.802,1000,20000,257414.512,733046.225,257458.277,733055.628,FK21,http://data.ordnancesurvey.co.uk/id/postcodedistrict/FK21,Killin,http://data.ordnancesurvey.co.uk/id/4000000074549772,http://www.ordnancesurvey.co.uk/xml/codelists/localtype.xml#village,,,,Stirling,http://data.ordnancesurvey.co.uk/id/7000000000030502,http://data.ordnancesurvey.co.uk/ontology/admingeo/UnitaryAuthority,Scotland,http://data.ordnancesurvey.co.uk/id/7000000000041429,Scotland,http://data.ordnancesurvey.co.uk/id/country/scotland,,,
osgb4000000004305817,http://data.ordnancesurvey.co.uk/id/4000000004305817,Fingal Road,,,,transportNetwork,Named Road,257066.600,732803.654,2000,20000,256966.359,732664.218,257158.300,732957.804,FK21,http://data.ordnancesurvey.co.uk/id/postcodedistrict/FK21,Killin,http://data.ordnancesurvey.co.uk/id/4000000074549772,http://www.ordnancesurvey.co.uk/xml/codelists/localtype.xml#village,,,,Stirling,http://data.ordnancesurvey.co.uk/id/7000000000030502,http://data.ordnancesurvey.co.uk/ontology/admingeo/UnitaryAuthority,Scotland,http://data.ordnancesurvey.co.uk/id/7000000000041429,Scotland,http://data.ordnancesurvey.co.uk/id/country/scotland,,,
osgb4000000004305038,http://data.ordnancesurvey.co.uk/id/4000000004305038,Pier Road,,,,transportNetwork,Named Road,257785.000,734000.000,8000,20000,257100.000,733643.000,258351.000,734455.000,FK21,http://data.ordnancesurvey.co.uk/id/postcodedistrict/FK21,,,,,,,Stirling,http://data.ordnancesurvey.co.uk/id/7000000000030502,http://data.ordnancesurvey.co.uk/ontology/admingeo/UnitaryAuthority,Scotland,http://data.ordnancesurvey.co.uk/id/7000000000041429,Scotland,http://data.ordnancesurvey.co.uk/id/country/scotland,,,
osgb4000000004305080,http://data.ordnancesurvey.co.uk/id/4000000004305080,Main Street,,,,transportNetwork,Named Road,257260.000,732862.000,5000,20000,257119.000,732539.000,257351.000,733256.000,FK21,http://data.ordnancesurvey.co.uk/id/postcodedistrict/FK21,Killin,http://data.ordnancesurvey.co.uk/id/4000000074549772,http://www.ordnancesurvey.co.uk/xml/codelists/localtype.xml#village,,,,Stirling,http://data.ordnancesurvey.co.uk/id/7000000000030502,http://data.ordnancesurvey.co.uk/ontology/admingeo/UnitaryAuthority,Scotland,http://data.ordnancesurvey.co.uk/id/7000000000041429,Scotland,http://data.ordnancesurvey.co.uk/id/country/scotland,,,
osgb4000000004305513,http://data.ordnancesurvey.co.uk/id/4000000004305513,Gray Street,,,,transportNetwork,Named Road,257161.000,732406.000,1000,20000,257081.000,732338.000,257215.000,732456.000,FK21,http://data.ordnancesurvey.co.uk/id/postcodedistrict/FK21,Killin,http://data.ordnancesurvey.co.uk/id/4000000074549772,http://www.ordnancesurvey.co.uk/xml/codelists/localtype.xml#village,,,,Stirling,http://data.ordnancesurvey.co.uk/id/7000000000030502,http://data.ordnancesurvey.co.uk/ontology/admingeo/UnitaryAuthority,Scotland,http://data.ordnancesurvey.co.uk/id/7000000000041429,Scotland,http://data.ordnancesurvey.co.uk/id/country/scotland,,,
osgb4000000004305820,http://data.ordnancesurvey.co.uk/id/4000000004305820,Ballechroisk Terrace,,,,transportNetwork,Named Road,257434.000,732915.000,1000,20000,257394.000,732859.000,257435.000,732947.000,FK21,http://data.ordnancesurvey.co.uk/id/postcodedistrict/FK21,Killin,http://data.ordnancesurvey.co.uk/id/4000000074549772,http://www.ordnancesurvey.co.uk/xml/codelists/localtype.xml#village,,,,Stirling,http://data.ordnancesurvey.co.uk/id/7000000000030502,http://data.ordnancesurvey.co.uk/ontology/admingeo/UnitaryAuthority,Scotland,http://data.ordnancesurvey.co.uk/id/7000000000041429,Scotland,http://data.ordnancesurvey.co.uk/id/country/scotland,,,
osgb4000000004305821,http://data.ordnancesurvey.co.uk/id/4000000004305821,Ballechroisk,,,,transportNetwork,Named Road,257375.000,732917.000,1000,20000,257325.219,732888.141,257411.000,732976.000,FK21,http://data.ordnancesurvey.co.uk/id/postcodedistrict/FK21,Killin,http://data.ordnancesurvey.co.uk/id/4000000074549772,http://www.ordnancesurvey.co.uk/xml/codelists/localtype.xml#village,,,,Stirling,http://data.ordnancesurvey.co.uk/id/7000000000030502,http://data.ordnancesurvey.co.uk/ontology/admingeo/UnitaryAuthority,Scotland,http://data.ordnancesurvey.co.uk/id/7000000000041429,Scotland,http://data.ordnancesurvey.co.uk/id/country/scotland,,,
osgb4000000004305079,http://data.ordnancesurvey.co.uk/id/4000000004305079,Manse Road,,,,transportNetwork,Named Road,256831.000,732457.000,4000,20000,256657.000,732209.000,257208.000,732734.000,FK21,http://data.ordnancesurvey.co.uk/id/postcodedistrict/FK21,Killin,http://data.ordnancesurvey.co.uk/id/4000000074549772,http://www.ordnancesurvey.co.uk/xml/codelists/localtype.xml#village,,,,Stirling,http://data.ordnancesurvey.co.uk/id/7000000000030502,http://data.ordnancesurvey.co.uk/ontology/admingeo/UnitaryAuthority,Scotland,http://data.ordnancesurvey.co.uk/id/7000000000041429,Scotland,http://data.ordnancesurvey.co.uk/id/country/scotland,,,
osgb4000000004312514,http://data.ordnancesurvey.co.uk/id/4000000004312514,Forestry Road,,,,transportNetwork,Named Road,257033.496,729691.739,20000,21000,255437.947,728359.314,258705.000,730970.844,FK21,http://data.ordnancesurvey.co.uk/id/postcodedistrict/FK21,,,,,,,Stirling,http://data.ordnancesurvey.co.uk/id/7000000000030502,http://data.ordnancesurvey.co.uk/ontology/admingeo/UnitaryAuthority,Scotland,http://data.ordnancesurvey.co.uk/id/7000000000041429,Scotland,http://data.ordnancesurvey.co.uk/id/country/scotland,,,
osgb4000000004305512,http://data.ordnancesurvey.co.uk/id/4000000004305512,Dochart Road,,,,transportNetwork,Named Road,257000.000,732294.000,1000,20000,256942.000,732265.000,257081.000,732338.000,FK21,http://data.ordnancesurvey.co.uk/id/postcodedistrict/FK21,Killin,http://data.ordnancesurvey.co.uk/id/4000000074549772,http://www.ordnancesurvey.co.uk/xml/codelists/localtype.xml#village,,,,Stirling,http://data.ordnancesurvey.co.uk/id/7000000000030502,http://data.ordnancesurvey.co.uk/ontology/admingeo/UnitaryAuthority,Scotland,http://data.ordnancesurvey.co.uk/id/7000000000041429,Scotland,http://data.ordnancesurvey.co.uk/id/country/scotland,,,
osgb4000000004305078,http://data.ordnancesurvey.co.uk/id/4000000004305078,Craignavie Road,,,,transportNetwork,Named Road,256875.000,732417.000,3000,20000,256669.000,732209.000,257147.000,732592.000,FK21,http://data.ordnancesurvey.co.uk/id/postcodedistrict/FK21,Killin,http://data.ordnancesurvey.co.uk/id/4000000074549772,http://www.ordnancesurvey.co.uk/xml/codelists/localtype.xml#village,,,,Stirling,http://data.ordnancesurvey.co.uk/id/7000000000030502,http://data.ordnancesurvey.co.uk/ontology/admingeo/UnitaryAuthority,Scotland,http://data.ordnancesurvey.co.uk/id/7000000000041429,Scotland,http://data.ordnancesurvey.co.uk/id/country/scotland,,,
osgb4000000004305655,http://data.ordnancesurvey.co.uk/id/4000000004305655,Cameron Court,,,,transportNetwork,Named Road,258821.000,723880.000,1000,20000,258805.671,723822.598,258850.000,723938.336,FK19,http://data.ordnancesurvey.co.uk/id/postcodedistrict/FK19,Lochearnhead,http://data.ordnancesurvey.co.uk/id/4000000074548654,http://www.ordnancesurvey.co.uk/xml/codelists/localtype.xml#village,,,,Stirling,http://data.ordnancesurvey.co.uk/id/7000000000030502,http://data.ordnancesurvey.co.uk/ontology/admingeo/UnitaryAuthority,Scotland,http://data.ordnancesurvey.co.uk/id/7000000000041429,Scotland,http://data.ordnancesurvey.co.uk/id/country/scotland,,,
osgb4000000004305247,http://data.ordnancesurvey.co.uk/id/4000000004305247,Lyon Road,,,,transportNetwork,Named Road,257357.000,732999.000,1000,20000,257281.000,732975.000,257460.000,733163.289,FK21,http://data.ordnancesurvey.co.uk/id/postcodedistrict/FK21,Killin,http://data.ordnancesurvey.co.uk/id/4000000074549772,http://www.ordnancesurvey.co.uk/xml/codelists/localtype.xml#village,,,,Stirling,http://data.ordnancesurvey.co.uk/id/7000000000030502,http://data.ordnancesurvey.co.uk/ontology/admingeo/UnitaryAuthority,Scotland,http://data.ordnancesurvey.co.uk/id/7000000000041429,Scotland,http://data.ordnancesurvey.co.uk/id/country/scotland,,,
07be25a9-4d1c-4cc0-a83e-2eafc85c3f51,http://data.ordnancesurvey.co.uk/id/07be25a9-4d1c-4cc0-a83e-2eafc85c3f51,Pier Road,,,,transportNetwork,Section Of Named Road,257404.000,733720.000,3000,25000,257100.000,733643.000,257538.685,733803.714,FK21,http://data.ordnancesurvey.co.uk/id/postcodedistrict/FK21,Killin,http://data.ordnancesurvey.co.uk/id/4000000074549772,http://www.ordnancesurvey.co.uk/xml/codelists/localtype.xml#village,,,,Stirling,http://data.ordnancesurvey.co.uk/id/7000000000030502,http://data.ordnancesurvey.co.uk/ontology/admingeo/UnitaryAuthority,Scotland,http://data.ordnancesurvey.co.uk/id/7000000000041429,Scotland,http://data.ordnancesurvey.co.uk/id/country/scotland,osgb4000000004305038,,
osgb4000000004305151,http://data.ordnancesurvey.co.uk/id/4000000004305151,Vorlich Road,,,,transportNetwork,Named Road,259390.000,723851.509,1000,20000,259297.429,723844.964,259471.051,723865.522,FK19,http://data.ordnancesurvey.co.uk/id/postcodedistrict/FK19,Lochearnhead,http://data.ordnancesurvey.co.uk/id/4000000074548654,http://www.ordnancesurvey.co.uk/xml/codelists/localtype.xml#village,,,,Stirling,http://data.ordnancesurvey.co.uk/id/7000000000030502,http://data.ordnancesurvey.co.uk/ontology/admingeo/UnitaryAuthority,Scotland,http://data.ordnancesurvey.co.uk/id/7000000000041429,Scotland,http://data.ordnancesurvey.co.uk/id/country/scotland,,,
osgb4000000004305369,http://data.ordnancesurvey.co.uk/id/4000000004305369,Auchraw Terrace,,,,transportNetwork,Named Road,259218.000,723907.000,2000,20000,259037.000,723771.000,259355.000,723938.000,FK19,http://data.ordnancesurvey.co.uk/id/postcodedistrict/FK19,Lochearnhead,http://data.ordnancesurvey.co.uk/id/4000000074548654,http://www.ordnancesurvey.co.uk/xml/codelists/localtype.xml#village,,,,Stirling,http://data.ordnancesurvey.co.uk/id/7000000000030502,http://data.ordnancesurvey.co.uk/ontology/admingeo/UnitaryAuthority,Scotland,http://data.ordnancesurvey.co.uk/id/7000000000041429,Scotland,http://data.ordnancesurvey.co.uk/id/country/scotland,,,
osgb4000000004305818,http://data.ordnancesurvey.co.uk/id/4000000004305818,Stewart Road,,,,transportNetwork,Named Road,257076.000,732716.000,1000,20000,257027.000,732701.000,257096.000,732748.000,FK21,http://data.ordnancesurvey.co.uk/id/postcodedistrict/FK21,Killin,http://data.ordnancesurvey.co.uk/id/4000000074549772,http://www.ordnancesurvey.co.uk/xml/codelists/localtype.xml#village,,,,Stirling,http://data.ordnancesurvey.co.uk/id/7000000000030502,http://data.ordnancesurvey.co.uk/ontology/admingeo/UnitaryAuthority,Scotland,http://data.ordnancesurvey.co.uk/id/7000000000041429,Scotland,http://data.ordnancesurvey.co.uk/id/country/scotland,,,
osgb4000000004310466,http://data.ordnancesurvey.co.uk/id/4000000004310466,Old Military Road,,,,transportNetwork,Named Road,256333.000,720097.000,2000,20000,256297.000,719921.000,256396.596,720261.256,FK19,http://data.ordnancesurvey.co.uk/id/postcodedistrict/FK19,,,,,,,Stirling,http://data.ordnancesurvey.co.uk/id/7000000000030502,http://data.ordnancesurvey.co.uk/ontology/admingeo/UnitaryAuthority,Scotland,http://data.ordnancesurvey.co.uk/id/7000000000041429,Scotland,http://data.ordnancesurvey.co.uk/id/country/scotland,,,
osgb4000000004305819,http://data.ordnancesurvey.co.uk/id/4000000004305819,Ballechroisk Court,,,,transportNetwork,Named Road,257364.000,732851.000,1000,20000,257347.000,732800.000,257397.000,732891.000,FK21,http://data.ordnancesurvey.co.uk/id/postcodedistrict/FK21,Killin,http://data.ordnancesurvey.co.uk/id/4000000074549772,http://www.ordnancesurvey.co.uk/xml/codelists/localtype.xml#village,,,,Stirling,http://data.ordnancesurvey.co.uk/id/7000000000030502,http://data.ordnancesurvey.co.uk/ontology/admingeo/UnitaryAuthority,Scotland,http://data.ordnancesurvey.co.uk/id/7000000000041429,Scotland,http://data.ordnancesurvey.co.uk/id/country/scotland,,,
osgb5000005153038545,http://data.ordnancesurvey.co.uk/id/5000005153038545,Lochay Road,,,,transportNetwork,Named Road,257036.937,733897.072,1000,20000,257031.684,733886.537,257053.848,733918.130,FK21,http://data.ordnancesurvey.co.uk/id/postcodedistrict/FK21,Killin,http://data.ordnancesurvey.co.uk/id/4000000074549772,http://www.ordnancesurvey.co.uk/xml/codelists/localtype.xml#village,,,,Stirling,http://data.ordnancesurvey.co.uk/id/7000000000030502,http://data.ordnancesurvey.co.uk/ontology/admingeo/UnitaryAuthority,Scotland,http://data.ordnancesurvey.co.uk/id/7000000000041429,Scotland,http://data.ordnancesurvey.co.uk/id/country/scotland,,,
osgb4000000004305656,http://data.ordnancesurvey.co.uk/id/4000000004305656,Ravenscroft Road,,,,transportNetwork,Named Road,258870.000,723700.000,1000,20000,258841.952,723672.167,258895.000,723719.000,FK19,http://data.ordnancesurvey.co.uk/id/postcodedistrict/FK19,Lochearnhead,http://data.ordnancesurvey.co.uk/id/4000000074548654,http://www.ordnancesurvey.co.uk/xml/codelists/localtype.xml#village,,,,Stirling,http://data.ordnancesurvey.co.uk/id/7000000000030502,http://data.ordnancesurvey.co.uk/ontology/admingeo/UnitaryAuthority,Scotland,http://data.ordnancesurvey.co.uk/id/7000000000041429,Scotland,http://data.ordnancesurvey.co.uk/id/country/scotland,,,
FK218UX,http://data.ordnancesurvey.co.uk/id/postcodeunit/FK218UX,FK21 8UX,,,,other,Postcode,257260.000,732726.000,3500,18000,,,,,,,Killin,http://data.ordnancesurvey.co.uk/id/4000000074549772,http://www.ordnancesurvey.co.uk/xml/codelists/localtype.xml#village,,,,Stirling,http://data.ordnancesurvey.co.uk/id/7000000000030502,http://data.ordnancesurvey.co.uk/ontology/admingeo/UnitaryAuthority,Scotland,http://data.ordnancesurvey.co.uk/id/7000000000041429,Scotland,http://data.ordnancesurvey.co.uk/id/country/scotland,,,
FK198PU,http://data.ordnancesurvey.co.uk/id/postcodeunit/FK198PU,FK19 8PU,,,,other,Postcode,259642.000,723807.000,3500,18000,,,,,,,Lochearnhead,http://data.ordnancesurvey.co.uk/id/4000000074548654,http://www.ordnancesurvey.co.uk/xml/codelists/localtype.xml#village,,,,Stirling,http://data.ordnancesurvey.co.uk/id/7000000000030502,http://data.ordnancesurvey.co.uk/ontology/admingeo/UnitaryAuthority,Scotland,http://data.ordnancesurvey.co.uk/id/7000000000041429,Scotland,http://data.ordnancesurvey.co.uk/id/country/scotland,,,
FK218TN,http://data.ordnancesurvey.co.uk/id/postcodeunit/FK218TN,FK21 8TN,,,,other,Postcode,257098.000,733397.000,3500,18000,,,,,,,Killin,http://data.ordnancesurvey.co.uk/id/4000000074549772,http://www.ordnancesurvey.co.uk/xml/codelists/localtype.xml#village,,,,Stirling,http://data.ordnancesurvey.co.uk/id/7000000000030502,http://data.ordnancesurvey.co.uk/ontology/admingeo/UnitaryAuthority,Scotland,http://data.ordnancesurvey.co.uk/id/7000000000041429,Scotland,http://data.ordnancesurvey.co.uk/id/country/scotland,,,
osgb4000000004305152,http://data.ordnancesurvey.co.uk/id/4000000004305152,Auchraw Brae,,,,transportNetwork,Named Road,259654.000,723843.000,2000,20000,259539.000,723790.000,259785.517,723911.270,FK19,http://data.ordnancesurvey.co.uk/id/postcodedistrict/FK19,Lochearnhead,http://data.ordnancesurvey.co.uk/id/4000000074548654,http://www.ordnancesurvey.co.uk/xml/codelists/localtype.xml#village,,,,Stirling,http://data.ordnancesurvey.co.uk/id/7000000000030502,http://data.ordnancesurvey.co.uk/ontology/admingeo/UnitaryAuthority,Scotland,http://data.ordnancesurvey.co.uk/id/7000000000041429,Scotland,http://data.ordnancesurvey.co.uk/id/country/scotland,,,
FK218TF,http://data.ordnancesurvey.co.uk/id/postcodeunit/FK218TF,FK21 8TF,,,,other,Postcode,257377.000,733005.000,3500,18000,,,,,,,Killin,http://data.ordnancesurvey.co.uk/id/4000000074549772,http://www.ordnancesurvey.co.uk/xml/codelists/localtype.xml#village,,,,Stirling,http://data.ordnancesurvey.co.uk/id/7000000000030502,http://data.ordnancesurvey.co.uk/ontology/admingeo/UnitaryAuthority,Scotland,http://data.ordnancesurvey.co.uk/id/7000000000041429,Scotland,http://data.ordnancesurvey.co.uk/id/country/scotland,,,
osgb4000000004305654,http://data.ordnancesurvey.co.uk/id/4000000004305654,Kendrum Road,,,,transportNetwork,Named Road,258851.000,723514.000,1000,20000,258843.000,723497.000,258901.000,723592.000,FK19,http://data.ordnancesurvey.co.uk/id/postcodedistrict/FK19,Lochearnhead,http://data.ordnancesurvey.co.uk/id/4000000074548654,http://www.ordnancesurvey.co.uk/xml/codelists/localtype.xml#village,,,,Stirling,http://data.ordnancesurvey.co.uk/id/7000000000030502,http://data.ordnancesurvey.co.uk/ontology/admingeo/UnitaryAuthority,Scotland,http://data.ordnancesurvey.co.uk/id/7000000000041429,Scotland,http://data.ordnancesurvey.co.uk/id/country/scotland,,,
osgb4000000004305514,http://data.ordnancesurvey.co.uk/id/4000000004305514,The Glebe,,,,transportNetwork,Named Road,257103.000,733461.000,1000,20000,257102.000,733414.000,257134.000,733554.000,FK21,http://data.ordnancesurvey.co.uk/id/postcodedistrict/FK21,Killin,http://data.ordnancesurvey.co.uk/id/4000000074549772,http://www.ordnancesurvey.co.uk/xml/codelists/localtype.xml#village,,,,Stirling,http://data.ordnancesurvey.co.uk/id/7000000000030502,http://data.ordnancesurvey.co.uk/ontology/admingeo/UnitaryAuthority,Scotland,http://data.ordnancesurvey.co.uk/id/7000000000041429,Scotland,http://data.ordnancesurvey.co.uk/id/country/scotland,,,
