﻿osgb4000000074550139,http://data.ordnancesurvey.co.uk/id/4000000074550139,Gallin,,,,populatedPlace,Hamlet,254089.000,745681.000,5000,25000,253864.416,745409.142,254364.416,745909.142,PH15,http://data.ordnancesurvey.co.uk/id/postcodedistrict/PH15,,,,,,,Perth and Kinross,http://data.ordnancesurvey.co.uk/id/7000000000030110,http://data.ordnancesurvey.co.uk/ontology/admingeo/UnitaryAuthority,Scotland,http://data.ordnancesurvey.co.uk/id/7000000000041429,Scotland,http://data.ordnancesurvey.co.uk/id/country/scotland,,,
osgb4000000074335510,http://data.ordnancesurvey.co.uk/id/4000000074335510,Innerwick,,,,populatedPlace,Hamlet,258424.616,747112.997,5000,25000,258382.979,746987.650,258998.770,747487.650,PH15,http://data.ordnancesurvey.co.uk/id/postcodedistrict/PH15,,,,,,,Perth and Kinross,http://data.ordnancesurvey.co.uk/id/7000000000030110,http://data.ordnancesurvey.co.uk/ontology/admingeo/UnitaryAuthority,Scotland,http://data.ordnancesurvey.co.uk/id/7000000000041429,Scotland,http://data.ordnancesurvey.co.uk/id/country/scotland,,,
osgb4000000074334937,http://data.ordnancesurvey.co.uk/id/4000000074334937,Rannoch,,,,populatedPlace,Hamlet,242284.799,757773.637,5000,25000,241530.429,757594.993,242425.166,758094.993,PH17,http://data.ordnancesurvey.co.uk/id/postcodedistrict/PH17,,,,,,,Perth and Kinross,http://data.ordnancesurvey.co.uk/id/7000000000030110,http://data.ordnancesurvey.co.uk/ontology/admingeo/UnitaryAuthority,Scotland,http://data.ordnancesurvey.co.uk/id/7000000000041429,Scotland,http://data.ordnancesurvey.co.uk/id/country/scotland,,,
osgb4000000074549046,http://data.ordnancesurvey.co.uk/id/4000000074549046,Killichonan,,,,populatedPlace,Hamlet,254460.560,758068.680,5000,25000,253502.010,757849.047,254909.747,758355.942,PH17,http://data.ordnancesurvey.co.uk/id/postcodedistrict/PH17,,,,,,,Perth and Kinross,http://data.ordnancesurvey.co.uk/id/7000000000030110,http://data.ordnancesurvey.co.uk/ontology/admingeo/UnitaryAuthority,Scotland,http://data.ordnancesurvey.co.uk/id/7000000000041429,Scotland,http://data.ordnancesurvey.co.uk/id/country/scotland,,,http://sws.geonames.org/2645638
osgb4000000074541334,http://data.ordnancesurvey.co.uk/id/4000000074541334,Pubil,,,,populatedPlace,Hamlet,246344.000,741939.000,5000,25000,246105.241,741800.689,246605.241,742300.689,PH15,http://data.ordnancesurvey.co.uk/id/postcodedistrict/PH15,,,,,,,Perth and Kinross,http://data.ordnancesurvey.co.uk/id/7000000000030110,http://data.ordnancesurvey.co.uk/ontology/admingeo/UnitaryAuthority,Scotland,http://data.ordnancesurvey.co.uk/id/7000000000041429,Scotland,http://data.ordnancesurvey.co.uk/id/country/scotland,,,http://sws.geonames.org/6694225
osgb4000000074334461,http://data.ordnancesurvey.co.uk/id/4000000074334461,Bridge of Gaur,,,,populatedPlace,Other Settlement,250149.217,756661.786,15000,25000,249459.712,756363.382,250605.973,757188.956,PH17,http://data.ordnancesurvey.co.uk/id/postcodedistrict/PH17,,,,,,,Perth and Kinross,http://data.ordnancesurvey.co.uk/id/7000000000030110,http://data.ordnancesurvey.co.uk/ontology/admingeo/UnitaryAuthority,Scotland,http://data.ordnancesurvey.co.uk/id/7000000000041429,Scotland,http://data.ordnancesurvey.co.uk/id/country/scotland,,,
PH152NN,http://data.ordnancesurvey.co.uk/id/postcodeunit/PH152NN,PH15 2NN,,,,other,Postcode,259919.000,747546.000,3500,18000,,,,,,,,,,,,,Perth and Kinross,http://data.ordnancesurvey.co.uk/id/7000000000030110,http://data.ordnancesurvey.co.uk/ontology/admingeo/UnitaryAuthority,Scotland,http://data.ordnancesurvey.co.uk/id/7000000000041429,Scotland,http://data.ordnancesurvey.co.uk/id/country/scotland,,,
PH172QR,http://data.ordnancesurvey.co.uk/id/postcodeunit/PH172QR,PH17 2QR,,,,other,Postcode,259233.000,756291.000,3500,18000,,,,,,,,,,,,,Perth and Kinross,http://data.ordnancesurvey.co.uk/id/7000000000030110,http://data.ordnancesurvey.co.uk/ontology/admingeo/UnitaryAuthority,Scotland,http://data.ordnancesurvey.co.uk/id/7000000000041429,Scotland,http://data.ordnancesurvey.co.uk/id/country/scotland,,,
PH172QG,http://data.ordnancesurvey.co.uk/id/postcodeunit/PH172QG,PH17 2QG,,,,other,Postcode,255247.000,756592.000,3500,18000,,,,,,,,,,,,,Perth and Kinross,http://data.ordnancesurvey.co.uk/id/7000000000030110,http://data.ordnancesurvey.co.uk/ontology/admingeo/UnitaryAuthority,Scotland,http://data.ordnancesurvey.co.uk/id/7000000000041429,Scotland,http://data.ordnancesurvey.co.uk/id/country/scotland,,,
PH152PX,http://data.ordnancesurvey.co.uk/id/postcodeunit/PH152PX,PH15 2PX,,,,other,Postcode,246406.000,742079.000,3500,18000,,,,,,,Pubil,http://data.ordnancesurvey.co.uk/id/4000000074541334,http://www.ordnancesurvey.co.uk/xml/codelists/localtype.xml#hamlet,,,,Perth and Kinross,http://data.ordnancesurvey.co.uk/id/7000000000030110,http://data.ordnancesurvey.co.uk/ontology/admingeo/UnitaryAuthority,Scotland,http://data.ordnancesurvey.co.uk/id/7000000000041429,Scotland,http://data.ordnancesurvey.co.uk/id/country/scotland,,,
PH152PU,http://data.ordnancesurvey.co.uk/id/postcodeunit/PH152PU,PH15 2PU,,,,other,Postcode,253382.000,744394.000,3500,18000,,,,,,,,,,,,,Perth and Kinross,http://data.ordnancesurvey.co.uk/id/7000000000030110,http://data.ordnancesurvey.co.uk/ontology/admingeo/UnitaryAuthority,Scotland,http://data.ordnancesurvey.co.uk/id/7000000000041429,Scotland,http://data.ordnancesurvey.co.uk/id/country/scotland,,,
PH172QE,http://data.ordnancesurvey.co.uk/id/postcodeunit/PH172QE,PH17 2QE,,,,other,Postcode,250434.000,756515.000,3500,18000,,,,,,,Bridge of Gaur,http://data.ordnancesurvey.co.uk/id/4000000074334461,http://www.ordnancesurvey.co.uk/xml/codelists/localtype.xml#otherSettlement,,,,Perth and Kinross,http://data.ordnancesurvey.co.uk/id/7000000000030110,http://data.ordnancesurvey.co.uk/ontology/admingeo/UnitaryAuthority,Scotland,http://data.ordnancesurvey.co.uk/id/7000000000041429,Scotland,http://data.ordnancesurvey.co.uk/id/country/scotland,,,
PH172QD,http://data.ordnancesurvey.co.uk/id/postcodeunit/PH172QD,PH17 2QD,,,,other,Postcode,250360.000,757134.000,3500,18000,,,,,,,Bridge of Gaur,http://data.ordnancesurvey.co.uk/id/4000000074334461,http://www.ordnancesurvey.co.uk/xml/codelists/localtype.xml#otherSettlement,,,,Perth and Kinross,http://data.ordnancesurvey.co.uk/id/7000000000030110,http://data.ordnancesurvey.co.uk/ontology/admingeo/UnitaryAuthority,Scotland,http://data.ordnancesurvey.co.uk/id/7000000000041429,Scotland,http://data.ordnancesurvey.co.uk/id/country/scotland,,,
PH172QB,http://data.ordnancesurvey.co.uk/id/postcodeunit/PH172QB,PH17 2QB,,,,other,Postcode,246536.000,757001.000,3500,18000,,,,,,,,,,,,,Perth and Kinross,http://data.ordnancesurvey.co.uk/id/7000000000030110,http://data.ordnancesurvey.co.uk/ontology/admingeo/UnitaryAuthority,Scotland,http://data.ordnancesurvey.co.uk/id/7000000000041429,Scotland,http://data.ordnancesurvey.co.uk/id/country/scotland,,,
PH172QW,http://data.ordnancesurvey.co.uk/id/postcodeunit/PH172QW,PH17 2QW,,,,other,Postcode,254454.000,758049.000,3500,18000,,,,,,,Killichonan,http://data.ordnancesurvey.co.uk/id/4000000074549046,http://www.ordnancesurvey.co.uk/xml/codelists/localtype.xml#hamlet,,,,Perth and Kinross,http://data.ordnancesurvey.co.uk/id/7000000000030110,http://data.ordnancesurvey.co.uk/ontology/admingeo/UnitaryAuthority,Scotland,http://data.ordnancesurvey.co.uk/id/7000000000041429,Scotland,http://data.ordnancesurvey.co.uk/id/country/scotland,,,
PH172QH,http://data.ordnancesurvey.co.uk/id/postcodeunit/PH172QH,PH17 2QH,,,,other,Postcode,259385.000,756536.000,3500,18000,,,,,,,,,,,,,Perth and Kinross,http://data.ordnancesurvey.co.uk/id/7000000000030110,http://data.ordnancesurvey.co.uk/ontology/admingeo/UnitaryAuthority,Scotland,http://data.ordnancesurvey.co.uk/id/7000000000041429,Scotland,http://data.ordnancesurvey.co.uk/id/country/scotland,,,
PH152PR,http://data.ordnancesurvey.co.uk/id/postcodeunit/PH152PR,PH15 2PR,,,,other,Postcode,254271.000,745624.000,3500,18000,,,,,,,Gallin,http://data.ordnancesurvey.co.uk/id/4000000074550139,http://www.ordnancesurvey.co.uk/xml/codelists/localtype.xml#hamlet,,,,Perth and Kinross,http://data.ordnancesurvey.co.uk/id/7000000000030110,http://data.ordnancesurvey.co.uk/ontology/admingeo/UnitaryAuthority,Scotland,http://data.ordnancesurvey.co.uk/id/7000000000041429,Scotland,http://data.ordnancesurvey.co.uk/id/country/scotland,,,
PH152PT,http://data.ordnancesurvey.co.uk/id/postcodeunit/PH152PT,PH15 2PT,,,,other,Postcode,257667.000,746542.000,3500,18000,,,,,,,,,,,,,Perth and Kinross,http://data.ordnancesurvey.co.uk/id/7000000000030110,http://data.ordnancesurvey.co.uk/ontology/admingeo/UnitaryAuthority,Scotland,http://data.ordnancesurvey.co.uk/id/7000000000041429,Scotland,http://data.ordnancesurvey.co.uk/id/country/scotland,,,
PH152PP,http://data.ordnancesurvey.co.uk/id/postcodeunit/PH152PP,PH15 2PP,,,,other,Postcode,258170.000,747123.000,3500,18000,,,,,,,,,,,,,Perth and Kinross,http://data.ordnancesurvey.co.uk/id/7000000000030110,http://data.ordnancesurvey.co.uk/ontology/admingeo/UnitaryAuthority,Scotland,http://data.ordnancesurvey.co.uk/id/7000000000041429,Scotland,http://data.ordnancesurvey.co.uk/id/country/scotland,,,
PH172QA,http://data.ordnancesurvey.co.uk/id/postcodeunit/PH172QA,PH17 2QA,,,,other,Postcode,242285.000,757860.000,3500,18000,,,,,,,Rannoch,http://data.ordnancesurvey.co.uk/id/4000000074334937,http://www.ordnancesurvey.co.uk/xml/codelists/localtype.xml#hamlet,,,,Perth and Kinross,http://data.ordnancesurvey.co.uk/id/7000000000030110,http://data.ordnancesurvey.co.uk/ontology/admingeo/UnitaryAuthority,Scotland,http://data.ordnancesurvey.co.uk/id/7000000000041429,Scotland,http://data.ordnancesurvey.co.uk/id/country/scotland,,,
PH172QF,http://data.ordnancesurvey.co.uk/id/postcodeunit/PH172QF,PH17 2QF,,,,other,Postcode,251722.000,757081.000,3500,18000,,,,,,,,,,,,,Perth and Kinross,http://data.ordnancesurvey.co.uk/id/7000000000030110,http://data.ordnancesurvey.co.uk/ontology/admingeo/UnitaryAuthority,Scotland,http://data.ordnancesurvey.co.uk/id/7000000000041429,Scotland,http://data.ordnancesurvey.co.uk/id/country/scotland,,,
PH172QP,http://data.ordnancesurvey.co.uk/id/postcodeunit/PH172QP,PH17 2QP,,,,other,Postcode,252789.000,758404.000,3500,18000,,,,,,,,,,,,,Perth and Kinross,http://data.ordnancesurvey.co.uk/id/7000000000030110,http://data.ordnancesurvey.co.uk/ontology/admingeo/UnitaryAuthority,Scotland,http://data.ordnancesurvey.co.uk/id/7000000000041429,Scotland,http://data.ordnancesurvey.co.uk/id/country/scotland,,,
