﻿osgb4000000074555756,http://data.ordnancesurvey.co.uk/id/4000000074555756,Elliot,,,,populatedPlace,Hamlet,361896.060,739390.100,5000,25000,361591.735,739159.997,362221.476,739736.172,DD11,http://data.ordnancesurvey.co.uk/id/postcodedistrict/DD11,,,,,,,Angus,http://data.ordnancesurvey.co.uk/id/7000000000030216,http://data.ordnancesurvey.co.uk/ontology/admingeo/UnitaryAuthority,Scotland,http://data.ordnancesurvey.co.uk/id/7000000000041429,Scotland,http://data.ordnancesurvey.co.uk/id/country/scotland,,"http://dbpedia.org/resource/Elliot,_Angus",
DD112PA,http://data.ordnancesurvey.co.uk/id/postcodeunit/DD112PA,DD11 2PA,,,,other,Postcode,360106.000,739965.000,3500,18000,,,,,,,Arbirlot,http://data.ordnancesurvey.co.uk/id/4000000074555757,http://www.ordnancesurvey.co.uk/xml/codelists/localtype.xml#village,,,,Angus,http://data.ordnancesurvey.co.uk/id/7000000000030216,http://data.ordnancesurvey.co.uk/ontology/admingeo/UnitaryAuthority,Scotland,http://data.ordnancesurvey.co.uk/id/7000000000041429,Scotland,http://data.ordnancesurvey.co.uk/id/country/scotland,,,
DD112PD,http://data.ordnancesurvey.co.uk/id/postcodeunit/DD112PD,DD11 2PD,,,,other,Postcode,361032.000,739378.000,3500,18000,,,,,,,,,,,,,Angus,http://data.ordnancesurvey.co.uk/id/7000000000030216,http://data.ordnancesurvey.co.uk/ontology/admingeo/UnitaryAuthority,Scotland,http://data.ordnancesurvey.co.uk/id/7000000000041429,Scotland,http://data.ordnancesurvey.co.uk/id/country/scotland,,,
DD112NQ,http://data.ordnancesurvey.co.uk/id/postcodeunit/DD112NQ,DD11 2NQ,,,,other,Postcode,362436.000,739977.000,3500,18000,,,,,,,Arbroath,http://data.ordnancesurvey.co.uk/id/4000000074555388,http://www.ordnancesurvey.co.uk/xml/codelists/localtype.xml#town,,,,Angus,http://data.ordnancesurvey.co.uk/id/7000000000030216,http://data.ordnancesurvey.co.uk/ontology/admingeo/UnitaryAuthority,Scotland,http://data.ordnancesurvey.co.uk/id/7000000000041429,Scotland,http://data.ordnancesurvey.co.uk/id/country/scotland,,,
DD112PH,http://data.ordnancesurvey.co.uk/id/postcodeunit/DD112PH,DD11 2PH,,,,other,Postcode,362143.000,739642.000,3500,18000,,,,,,,Elliot,http://data.ordnancesurvey.co.uk/id/4000000074555756,http://www.ordnancesurvey.co.uk/xml/codelists/localtype.xml#hamlet,,,,Angus,http://data.ordnancesurvey.co.uk/id/7000000000030216,http://data.ordnancesurvey.co.uk/ontology/admingeo/UnitaryAuthority,Scotland,http://data.ordnancesurvey.co.uk/id/7000000000041429,Scotland,http://data.ordnancesurvey.co.uk/id/country/scotland,,,
DD112PG,http://data.ordnancesurvey.co.uk/id/postcodeunit/DD112PG,DD11 2PG,,,,other,Postcode,360365.000,739016.000,3500,18000,,,,,,,,,,,,,Angus,http://data.ordnancesurvey.co.uk/id/7000000000030216,http://data.ordnancesurvey.co.uk/ontology/admingeo/UnitaryAuthority,Scotland,http://data.ordnancesurvey.co.uk/id/7000000000041429,Scotland,http://data.ordnancesurvey.co.uk/id/country/scotland,,,
DD112PE,http://data.ordnancesurvey.co.uk/id/postcodeunit/DD112PE,DD11 2PE,,,,other,Postcode,361944.000,739405.000,3500,18000,,,,,,,Elliot,http://data.ordnancesurvey.co.uk/id/4000000074555756,http://www.ordnancesurvey.co.uk/xml/codelists/localtype.xml#hamlet,,,,Angus,http://data.ordnancesurvey.co.uk/id/7000000000030216,http://data.ordnancesurvey.co.uk/ontology/admingeo/UnitaryAuthority,Scotland,http://data.ordnancesurvey.co.uk/id/7000000000041429,Scotland,http://data.ordnancesurvey.co.uk/id/country/scotland,,,
ce089151-1d29-4929-bc8b-a2e00c305ace,http://data.ordnancesurvey.co.uk/id/ce089151-1d29-4929-bc8b-a2e00c305ace,Lochside,,,,transportNetwork,Section Of Named Road,361780.997,739478.943,1000,25000,361687.487,739390.104,361896.062,739554.604,DD11,http://data.ordnancesurvey.co.uk/id/postcodedistrict/DD11,Elliot,http://data.ordnancesurvey.co.uk/id/4000000074555756,http://www.ordnancesurvey.co.uk/xml/codelists/localtype.xml#hamlet,,,,Angus,http://data.ordnancesurvey.co.uk/id/7000000000030216,http://data.ordnancesurvey.co.uk/ontology/admingeo/UnitaryAuthority,Scotland,http://data.ordnancesurvey.co.uk/id/7000000000041429,Scotland,http://data.ordnancesurvey.co.uk/id/country/scotland,osgb4000000004514856,,
osgb4000000004514856,http://data.ordnancesurvey.co.uk/id/4000000004514856,Lochside,,,,transportNetwork,Named Road,361764.000,739495.000,2000,20000,361643.887,739390.104,361896.062,739615.613,DD11,http://data.ordnancesurvey.co.uk/id/postcodedistrict/DD11,Elliot,http://data.ordnancesurvey.co.uk/id/4000000074555756,http://www.ordnancesurvey.co.uk/xml/codelists/localtype.xml#hamlet,,,,Angus,http://data.ordnancesurvey.co.uk/id/7000000000030216,http://data.ordnancesurvey.co.uk/ontology/admingeo/UnitaryAuthority,Scotland,http://data.ordnancesurvey.co.uk/id/7000000000041429,Scotland,http://data.ordnancesurvey.co.uk/id/country/scotland,,,
