﻿osgb4000000074551961,http://data.ordnancesurvey.co.uk/id/4000000074551961,Ardbeg,,,,populatedPlace,Hamlet,141497.720,646424.140,5000,25000,140734.886,646100.005,142047.805,646644.789,PA42,http://data.ordnancesurvey.co.uk/id/postcodedistrict/PA42,,,,,,,Argyll and Bute,http://data.ordnancesurvey.co.uk/id/7000000000030106,http://data.ordnancesurvey.co.uk/ontology/admingeo/UnitaryAuthority,Scotland,http://data.ordnancesurvey.co.uk/id/7000000000041429,Scotland,http://data.ordnancesurvey.co.uk/id/country/scotland,,,http://sws.geonames.org/2657203
osgb4000000074552329,http://data.ordnancesurvey.co.uk/id/4000000074552329,Lagavulin,,,,populatedPlace,Hamlet,140192.040,645662.150,5000,25000,139892.076,645418.680,140823.414,645937.262,PA42,http://data.ordnancesurvey.co.uk/id/postcodedistrict/PA42,,,,,,,Argyll and Bute,http://data.ordnancesurvey.co.uk/id/7000000000030106,http://data.ordnancesurvey.co.uk/ontology/admingeo/UnitaryAuthority,Scotland,http://data.ordnancesurvey.co.uk/id/7000000000041429,Scotland,http://data.ordnancesurvey.co.uk/id/country/scotland,,http://dbpedia.org/resource/Lagavulin,http://sws.geonames.org/2645049
PA427DY,http://data.ordnancesurvey.co.uk/id/postcodeunit/PA427DY,PA42 7DY,,,,other,Postcode,140801.000,645775.000,3500,18000,,,,,,,Lagavulin,http://data.ordnancesurvey.co.uk/id/4000000074552329,http://www.ordnancesurvey.co.uk/xml/codelists/localtype.xml#hamlet,,,,Argyll and Bute,http://data.ordnancesurvey.co.uk/id/7000000000030106,http://data.ordnancesurvey.co.uk/ontology/admingeo/UnitaryAuthority,Scotland,http://data.ordnancesurvey.co.uk/id/7000000000041429,Scotland,http://data.ordnancesurvey.co.uk/id/country/scotland,,,
PA427EA,http://data.ordnancesurvey.co.uk/id/postcodeunit/PA427EA,PA42 7EA,,,,other,Postcode,141345.000,646395.000,3500,18000,,,,,,,Ardbeg,http://data.ordnancesurvey.co.uk/id/4000000074551961,http://www.ordnancesurvey.co.uk/xml/codelists/localtype.xml#hamlet,,,,Argyll and Bute,http://data.ordnancesurvey.co.uk/id/7000000000030106,http://data.ordnancesurvey.co.uk/ontology/admingeo/UnitaryAuthority,Scotland,http://data.ordnancesurvey.co.uk/id/7000000000041429,Scotland,http://data.ordnancesurvey.co.uk/id/country/scotland,,,
PA427ED,http://data.ordnancesurvey.co.uk/id/postcodeunit/PA427ED,PA42 7ED,,,,other,Postcode,141686.000,646455.000,3500,18000,,,,,,,Ardbeg,http://data.ordnancesurvey.co.uk/id/4000000074551961,http://www.ordnancesurvey.co.uk/xml/codelists/localtype.xml#hamlet,,,,Argyll and Bute,http://data.ordnancesurvey.co.uk/id/7000000000030106,http://data.ordnancesurvey.co.uk/ontology/admingeo/UnitaryAuthority,Scotland,http://data.ordnancesurvey.co.uk/id/7000000000041429,Scotland,http://data.ordnancesurvey.co.uk/id/country/scotland,,,
PA427EF,http://data.ordnancesurvey.co.uk/id/postcodeunit/PA427EF,PA42 7EF,,,,other,Postcode,144146.000,649045.000,3500,18000,,,,,,,,,,,,,Argyll and Bute,http://data.ordnancesurvey.co.uk/id/7000000000030106,http://data.ordnancesurvey.co.uk/ontology/admingeo/UnitaryAuthority,Scotland,http://data.ordnancesurvey.co.uk/id/7000000000041429,Scotland,http://data.ordnancesurvey.co.uk/id/country/scotland,,,
PA427EB,http://data.ordnancesurvey.co.uk/id/postcodeunit/PA427EB,PA42 7EB,,,,other,Postcode,141519.000,646175.000,3500,18000,,,,,,,Ardbeg,http://data.ordnancesurvey.co.uk/id/4000000074551961,http://www.ordnancesurvey.co.uk/xml/codelists/localtype.xml#hamlet,,,,Argyll and Bute,http://data.ordnancesurvey.co.uk/id/7000000000030106,http://data.ordnancesurvey.co.uk/ontology/admingeo/UnitaryAuthority,Scotland,http://data.ordnancesurvey.co.uk/id/7000000000041429,Scotland,http://data.ordnancesurvey.co.uk/id/country/scotland,,,
PA427DX,http://data.ordnancesurvey.co.uk/id/postcodeunit/PA427DX,PA42 7DX,,,,other,Postcode,140443.000,645790.000,3500,18000,,,,,,,Lagavulin,http://data.ordnancesurvey.co.uk/id/4000000074552329,http://www.ordnancesurvey.co.uk/xml/codelists/localtype.xml#hamlet,,,,Argyll and Bute,http://data.ordnancesurvey.co.uk/id/7000000000030106,http://data.ordnancesurvey.co.uk/ontology/admingeo/UnitaryAuthority,Scotland,http://data.ordnancesurvey.co.uk/id/7000000000041429,Scotland,http://data.ordnancesurvey.co.uk/id/country/scotland,,,
2156d81f-e3e6-4885-8786-c13c09a5a679,http://data.ordnancesurvey.co.uk/id/2156d81f-e3e6-4885-8786-c13c09a5a679,Pier Road,,,,transportNetwork,Section Of Named Road,141659.000,646221.000,1000,25000,141527.071,646186.000,141731.211,646301.529,PA42,http://data.ordnancesurvey.co.uk/id/postcodedistrict/PA42,Ardbeg,http://data.ordnancesurvey.co.uk/id/4000000074551961,http://www.ordnancesurvey.co.uk/xml/codelists/localtype.xml#hamlet,,,,Argyll and Bute,http://data.ordnancesurvey.co.uk/id/7000000000030106,http://data.ordnancesurvey.co.uk/ontology/admingeo/UnitaryAuthority,Scotland,http://data.ordnancesurvey.co.uk/id/7000000000041429,Scotland,http://data.ordnancesurvey.co.uk/id/country/scotland,osgb4000000004874440,,
osgb4000000004874440,http://data.ordnancesurvey.co.uk/id/4000000004874440,Pier Road,,,,transportNetwork,Named Road,141768.230,646266.592,3000,20000,141527.071,646186.000,142031.500,646301.529,PA42,http://data.ordnancesurvey.co.uk/id/postcodedistrict/PA42,,,,,,,Argyll and Bute,http://data.ordnancesurvey.co.uk/id/7000000000030106,http://data.ordnancesurvey.co.uk/ontology/admingeo/UnitaryAuthority,Scotland,http://data.ordnancesurvey.co.uk/id/7000000000041429,Scotland,http://data.ordnancesurvey.co.uk/id/country/scotland,,,
PA427DZ,http://data.ordnancesurvey.co.uk/id/postcodeunit/PA427DZ,PA42 7DZ,,,,other,Postcode,140432.000,645751.000,3500,18000,,,,,,,Lagavulin,http://data.ordnancesurvey.co.uk/id/4000000074552329,http://www.ordnancesurvey.co.uk/xml/codelists/localtype.xml#hamlet,,,,Argyll and Bute,http://data.ordnancesurvey.co.uk/id/7000000000030106,http://data.ordnancesurvey.co.uk/ontology/admingeo/UnitaryAuthority,Scotland,http://data.ordnancesurvey.co.uk/id/7000000000041429,Scotland,http://data.ordnancesurvey.co.uk/id/country/scotland,,,
