﻿osgb4000000074553855,http://data.ordnancesurvey.co.uk/id/4000000074553855,Achnamara,,,,populatedPlace,Village,177887.000,687131.000,3000,250000,177678.337,686854.907,178178.337,687354.907,PA31,http://data.ordnancesurvey.co.uk/id/postcodedistrict/PA31,,,,,,,Argyll and Bute,http://data.ordnancesurvey.co.uk/id/7000000000030106,http://data.ordnancesurvey.co.uk/ontology/admingeo/UnitaryAuthority,Scotland,http://data.ordnancesurvey.co.uk/id/7000000000041429,Scotland,http://data.ordnancesurvey.co.uk/id/country/scotland,,,
osgb4000000074548585,http://data.ordnancesurvey.co.uk/id/4000000074548585,Crinan,,,,populatedPlace,Village,178603.000,693873.300,8000,250000,178155.673,693519.531,179383.569,694507.639,PA31,http://data.ordnancesurvey.co.uk/id/postcodedistrict/PA31,,,,,,,Argyll and Bute,http://data.ordnancesurvey.co.uk/id/7000000000030106,http://data.ordnancesurvey.co.uk/ontology/admingeo/UnitaryAuthority,Scotland,http://data.ordnancesurvey.co.uk/id/7000000000041429,Scotland,http://data.ordnancesurvey.co.uk/id/country/scotland,,,http://sws.geonames.org/2651975
osgb4000000074548588,http://data.ordnancesurvey.co.uk/id/4000000074548588,Lussagiven,,,,populatedPlace,Hamlet,164329.000,686799.000,5000,25000,163631.067,686553.135,164485.205,687126.541,PA60,http://data.ordnancesurvey.co.uk/id/postcodedistrict/PA60,,,,,,,Argyll and Bute,http://data.ordnancesurvey.co.uk/id/7000000000030106,http://data.ordnancesurvey.co.uk/ontology/admingeo/UnitaryAuthority,Scotland,http://data.ordnancesurvey.co.uk/id/7000000000041429,Scotland,http://data.ordnancesurvey.co.uk/id/country/scotland,,,
osgb4000000074548587,http://data.ordnancesurvey.co.uk/id/4000000074548587,Tayvallich,,,,populatedPlace,Village,174022.000,687563.000,10000,250000,173267.828,686635.802,174762.163,688198.774,PA31,http://data.ordnancesurvey.co.uk/id/postcodedistrict/PA31,,,,,,,Argyll and Bute,http://data.ordnancesurvey.co.uk/id/7000000000030106,http://data.ordnancesurvey.co.uk/ontology/admingeo/UnitaryAuthority,Scotland,http://data.ordnancesurvey.co.uk/id/7000000000041429,Scotland,http://data.ordnancesurvey.co.uk/id/country/scotland,,,http://sws.geonames.org/2636156
osgb4000000074548966,http://data.ordnancesurvey.co.uk/id/4000000074548966,Tarbert,,,,populatedPlace,Other Settlement,160747.000,682174.000,15000,25000,160400.775,681787.830,161332.352,682548.482,PA60,http://data.ordnancesurvey.co.uk/id/postcodedistrict/PA60,,,,,,,Argyll and Bute,http://data.ordnancesurvey.co.uk/id/7000000000030106,http://data.ordnancesurvey.co.uk/ontology/admingeo/UnitaryAuthority,Scotland,http://data.ordnancesurvey.co.uk/id/7000000000041429,Scotland,http://data.ordnancesurvey.co.uk/id/country/scotland,,,
osgb4000000074553856,http://data.ordnancesurvey.co.uk/id/4000000074553856,Kilmichael of Inverlussa,,,,populatedPlace,Hamlet,177353.000,685886.000,5000,25000,176931.752,685579.213,177722.964,686079.213,PA31,http://data.ordnancesurvey.co.uk/id/postcodedistrict/PA31,,,,,,,Argyll and Bute,http://data.ordnancesurvey.co.uk/id/7000000000030106,http://data.ordnancesurvey.co.uk/ontology/admingeo/UnitaryAuthority,Scotland,http://data.ordnancesurvey.co.uk/id/7000000000041429,Scotland,http://data.ordnancesurvey.co.uk/id/country/scotland,,,
PA318QQ,http://data.ordnancesurvey.co.uk/id/postcodeunit/PA318QQ,PA31 8QQ,,,,other,Postcode,179579.000,695967.000,3500,18000,,,,,,,,,,,,,Argyll and Bute,http://data.ordnancesurvey.co.uk/id/7000000000030106,http://data.ordnancesurvey.co.uk/ontology/admingeo/UnitaryAuthority,Scotland,http://data.ordnancesurvey.co.uk/id/7000000000041429,Scotland,http://data.ordnancesurvey.co.uk/id/country/scotland,,,
PA607XL,http://data.ordnancesurvey.co.uk/id/postcodeunit/PA607XL,PA60 7XL,,,,other,Postcode,164851.000,687816.000,3500,18000,,,,,,,,,,,,,Argyll and Bute,http://data.ordnancesurvey.co.uk/id/7000000000030106,http://data.ordnancesurvey.co.uk/ontology/admingeo/UnitaryAuthority,Scotland,http://data.ordnancesurvey.co.uk/id/7000000000041429,Scotland,http://data.ordnancesurvey.co.uk/id/country/scotland,,,
PA607XJ,http://data.ordnancesurvey.co.uk/id/postcodeunit/PA607XJ,PA60 7XJ,,,,other,Postcode,163724.000,686765.000,3500,18000,,,,,,,Lussagiven,http://data.ordnancesurvey.co.uk/id/4000000074548588,http://www.ordnancesurvey.co.uk/xml/codelists/localtype.xml#hamlet,,,,Argyll and Bute,http://data.ordnancesurvey.co.uk/id/7000000000030106,http://data.ordnancesurvey.co.uk/ontology/admingeo/UnitaryAuthority,Scotland,http://data.ordnancesurvey.co.uk/id/7000000000041429,Scotland,http://data.ordnancesurvey.co.uk/id/country/scotland,,,
PA607XH,http://data.ordnancesurvey.co.uk/id/postcodeunit/PA607XH,PA60 7XH,,,,other,Postcode,161022.000,681858.000,3500,18000,,,,,,,Tarbert,http://data.ordnancesurvey.co.uk/id/4000000074548966,http://www.ordnancesurvey.co.uk/xml/codelists/localtype.xml#otherSettlement,,,,Argyll and Bute,http://data.ordnancesurvey.co.uk/id/7000000000030106,http://data.ordnancesurvey.co.uk/ontology/admingeo/UnitaryAuthority,Scotland,http://data.ordnancesurvey.co.uk/id/7000000000041429,Scotland,http://data.ordnancesurvey.co.uk/id/country/scotland,,,
PA318PX,http://data.ordnancesurvey.co.uk/id/postcodeunit/PA318PX,PA31 8PX,,,,other,Postcode,177771.000,686917.000,3500,18000,,,,,,,Achnamara,http://data.ordnancesurvey.co.uk/id/4000000074553855,http://www.ordnancesurvey.co.uk/xml/codelists/localtype.xml#village,,,,Argyll and Bute,http://data.ordnancesurvey.co.uk/id/7000000000030106,http://data.ordnancesurvey.co.uk/ontology/admingeo/UnitaryAuthority,Scotland,http://data.ordnancesurvey.co.uk/id/7000000000041429,Scotland,http://data.ordnancesurvey.co.uk/id/country/scotland,,,
PA318QH,http://data.ordnancesurvey.co.uk/id/postcodeunit/PA318QH,PA31 8QH,,,,other,Postcode,179674.000,693725.000,3500,18000,,,,,,,,,,,,,Argyll and Bute,http://data.ordnancesurvey.co.uk/id/7000000000030106,http://data.ordnancesurvey.co.uk/ontology/admingeo/UnitaryAuthority,Scotland,http://data.ordnancesurvey.co.uk/id/7000000000041429,Scotland,http://data.ordnancesurvey.co.uk/id/country/scotland,,,
PA318PQ,http://data.ordnancesurvey.co.uk/id/postcodeunit/PA318PQ,PA31 8PQ,,,,other,Postcode,170628.000,682089.000,3500,18000,,,,,,,,,,,,,Argyll and Bute,http://data.ordnancesurvey.co.uk/id/7000000000030106,http://data.ordnancesurvey.co.uk/ontology/admingeo/UnitaryAuthority,Scotland,http://data.ordnancesurvey.co.uk/id/7000000000041429,Scotland,http://data.ordnancesurvey.co.uk/id/country/scotland,,,
PA318PL,http://data.ordnancesurvey.co.uk/id/postcodeunit/PA318PL,PA31 8PL,,,,other,Postcode,174321.000,687359.000,3500,18000,,,,,,,Tayvallich,http://data.ordnancesurvey.co.uk/id/4000000074548587,http://www.ordnancesurvey.co.uk/xml/codelists/localtype.xml#village,,,,Argyll and Bute,http://data.ordnancesurvey.co.uk/id/7000000000030106,http://data.ordnancesurvey.co.uk/ontology/admingeo/UnitaryAuthority,Scotland,http://data.ordnancesurvey.co.uk/id/7000000000041429,Scotland,http://data.ordnancesurvey.co.uk/id/country/scotland,,,
PA318PS,http://data.ordnancesurvey.co.uk/id/postcodeunit/PA318PS,PA31 8PS,,,,other,Postcode,178102.000,689145.000,3500,18000,,,,,,,,,,,,,Argyll and Bute,http://data.ordnancesurvey.co.uk/id/7000000000030106,http://data.ordnancesurvey.co.uk/ontology/admingeo/UnitaryAuthority,Scotland,http://data.ordnancesurvey.co.uk/id/7000000000041429,Scotland,http://data.ordnancesurvey.co.uk/id/country/scotland,,,
PA318AQ,http://data.ordnancesurvey.co.uk/id/postcodeunit/PA318AQ,PA31 8AQ,,,,other,Postcode,174088.000,687433.000,3500,18000,,,,,,,Tayvallich,http://data.ordnancesurvey.co.uk/id/4000000074548587,http://www.ordnancesurvey.co.uk/xml/codelists/localtype.xml#village,,,,Argyll and Bute,http://data.ordnancesurvey.co.uk/id/7000000000030106,http://data.ordnancesurvey.co.uk/ontology/admingeo/UnitaryAuthority,Scotland,http://data.ordnancesurvey.co.uk/id/7000000000041429,Scotland,http://data.ordnancesurvey.co.uk/id/country/scotland,,,
PA318SW,http://data.ordnancesurvey.co.uk/id/postcodeunit/PA318SW,PA31 8SW,,,,other,Postcode,178663.000,694186.000,3500,18000,,,,,,,Crinan,http://data.ordnancesurvey.co.uk/id/4000000074548585,http://www.ordnancesurvey.co.uk/xml/codelists/localtype.xml#village,,,,Argyll and Bute,http://data.ordnancesurvey.co.uk/id/7000000000030106,http://data.ordnancesurvey.co.uk/ontology/admingeo/UnitaryAuthority,Scotland,http://data.ordnancesurvey.co.uk/id/7000000000041429,Scotland,http://data.ordnancesurvey.co.uk/id/country/scotland,,,
PA607XW,http://data.ordnancesurvey.co.uk/id/postcodeunit/PA607XW,PA60 7XW,,,,other,Postcode,165013.000,687960.000,3500,18000,,,,,,,,,,,,,Argyll and Bute,http://data.ordnancesurvey.co.uk/id/7000000000030106,http://data.ordnancesurvey.co.uk/ontology/admingeo/UnitaryAuthority,Scotland,http://data.ordnancesurvey.co.uk/id/7000000000041429,Scotland,http://data.ordnancesurvey.co.uk/id/country/scotland,,,
PA318PR,http://data.ordnancesurvey.co.uk/id/postcodeunit/PA318PR,PA31 8PR,,,,other,Postcode,174602.000,687411.000,3500,18000,,,,,,,Tayvallich,http://data.ordnancesurvey.co.uk/id/4000000074548587,http://www.ordnancesurvey.co.uk/xml/codelists/localtype.xml#village,,,,Argyll and Bute,http://data.ordnancesurvey.co.uk/id/7000000000030106,http://data.ordnancesurvey.co.uk/ontology/admingeo/UnitaryAuthority,Scotland,http://data.ordnancesurvey.co.uk/id/7000000000041429,Scotland,http://data.ordnancesurvey.co.uk/id/country/scotland,,,
PA318PH,http://data.ordnancesurvey.co.uk/id/postcodeunit/PA318PH,PA31 8PH,,,,other,Postcode,174466.000,690488.000,3500,18000,,,,,,,,,,,,,Argyll and Bute,http://data.ordnancesurvey.co.uk/id/7000000000030106,http://data.ordnancesurvey.co.uk/ontology/admingeo/UnitaryAuthority,Scotland,http://data.ordnancesurvey.co.uk/id/7000000000041429,Scotland,http://data.ordnancesurvey.co.uk/id/country/scotland,,,
PA318SR,http://data.ordnancesurvey.co.uk/id/postcodeunit/PA318SR,PA31 8SR,,,,other,Postcode,178808.000,694443.000,3500,18000,,,,,,,Crinan,http://data.ordnancesurvey.co.uk/id/4000000074548585,http://www.ordnancesurvey.co.uk/xml/codelists/localtype.xml#village,,,,Argyll and Bute,http://data.ordnancesurvey.co.uk/id/7000000000030106,http://data.ordnancesurvey.co.uk/ontology/admingeo/UnitaryAuthority,Scotland,http://data.ordnancesurvey.co.uk/id/7000000000041429,Scotland,http://data.ordnancesurvey.co.uk/id/country/scotland,,,
PA318SS,http://data.ordnancesurvey.co.uk/id/postcodeunit/PA318SS,PA31 8SS,,,,other,Postcode,178550.000,694147.000,3500,18000,,,,,,,Crinan,http://data.ordnancesurvey.co.uk/id/4000000074548585,http://www.ordnancesurvey.co.uk/xml/codelists/localtype.xml#village,,,,Argyll and Bute,http://data.ordnancesurvey.co.uk/id/7000000000030106,http://data.ordnancesurvey.co.uk/ontology/admingeo/UnitaryAuthority,Scotland,http://data.ordnancesurvey.co.uk/id/7000000000041429,Scotland,http://data.ordnancesurvey.co.uk/id/country/scotland,,,
PA318AJ,http://data.ordnancesurvey.co.uk/id/postcodeunit/PA318AJ,PA31 8AJ,,,,other,Postcode,174057.000,687404.000,3500,18000,,,,,,,Tayvallich,http://data.ordnancesurvey.co.uk/id/4000000074548587,http://www.ordnancesurvey.co.uk/xml/codelists/localtype.xml#village,,,,Argyll and Bute,http://data.ordnancesurvey.co.uk/id/7000000000030106,http://data.ordnancesurvey.co.uk/ontology/admingeo/UnitaryAuthority,Scotland,http://data.ordnancesurvey.co.uk/id/7000000000041429,Scotland,http://data.ordnancesurvey.co.uk/id/country/scotland,,,
PA318PG,http://data.ordnancesurvey.co.uk/id/postcodeunit/PA318PG,PA31 8PG,,,,other,Postcode,176326.000,689608.000,3500,18000,,,,,,,,,,,,,Argyll and Bute,http://data.ordnancesurvey.co.uk/id/7000000000030106,http://data.ordnancesurvey.co.uk/ontology/admingeo/UnitaryAuthority,Scotland,http://data.ordnancesurvey.co.uk/id/7000000000041429,Scotland,http://data.ordnancesurvey.co.uk/id/country/scotland,,,
PA318PT,http://data.ordnancesurvey.co.uk/id/postcodeunit/PA318PT,PA31 8PT,,,,other,Postcode,172611.000,680178.000,3500,18000,,,,,,,,,,,,,Argyll and Bute,http://data.ordnancesurvey.co.uk/id/7000000000030106,http://data.ordnancesurvey.co.uk/ontology/admingeo/UnitaryAuthority,Scotland,http://data.ordnancesurvey.co.uk/id/7000000000041429,Scotland,http://data.ordnancesurvey.co.uk/id/country/scotland,,,
PA318PW,http://data.ordnancesurvey.co.uk/id/postcodeunit/PA318PW,PA31 8PW,,,,other,Postcode,174007.000,686683.000,3500,18000,,,,,,,Tayvallich,http://data.ordnancesurvey.co.uk/id/4000000074548587,http://www.ordnancesurvey.co.uk/xml/codelists/localtype.xml#village,,,,Argyll and Bute,http://data.ordnancesurvey.co.uk/id/7000000000030106,http://data.ordnancesurvey.co.uk/ontology/admingeo/UnitaryAuthority,Scotland,http://data.ordnancesurvey.co.uk/id/7000000000041429,Scotland,http://data.ordnancesurvey.co.uk/id/country/scotland,,,
PA318PN,http://data.ordnancesurvey.co.uk/id/postcodeunit/PA318PN,PA31 8PN,,,,other,Postcode,173937.000,687654.000,3500,18000,,,,,,,Tayvallich,http://data.ordnancesurvey.co.uk/id/4000000074548587,http://www.ordnancesurvey.co.uk/xml/codelists/localtype.xml#village,,,,Argyll and Bute,http://data.ordnancesurvey.co.uk/id/7000000000030106,http://data.ordnancesurvey.co.uk/ontology/admingeo/UnitaryAuthority,Scotland,http://data.ordnancesurvey.co.uk/id/7000000000041429,Scotland,http://data.ordnancesurvey.co.uk/id/country/scotland,,,
PA318PJ,http://data.ordnancesurvey.co.uk/id/postcodeunit/PA318PJ,PA31 8PJ,,,,other,Postcode,174101.000,687081.000,3500,18000,,,,,,,Tayvallich,http://data.ordnancesurvey.co.uk/id/4000000074548587,http://www.ordnancesurvey.co.uk/xml/codelists/localtype.xml#village,,,,Argyll and Bute,http://data.ordnancesurvey.co.uk/id/7000000000030106,http://data.ordnancesurvey.co.uk/ontology/admingeo/UnitaryAuthority,Scotland,http://data.ordnancesurvey.co.uk/id/7000000000041429,Scotland,http://data.ordnancesurvey.co.uk/id/country/scotland,,,
PA318PU,http://data.ordnancesurvey.co.uk/id/postcodeunit/PA318PU,PA31 8PU,,,,other,Postcode,177895.000,687168.000,3500,18000,,,,,,,Achnamara,http://data.ordnancesurvey.co.uk/id/4000000074553855,http://www.ordnancesurvey.co.uk/xml/codelists/localtype.xml#village,,,,Argyll and Bute,http://data.ordnancesurvey.co.uk/id/7000000000030106,http://data.ordnancesurvey.co.uk/ontology/admingeo/UnitaryAuthority,Scotland,http://data.ordnancesurvey.co.uk/id/7000000000041429,Scotland,http://data.ordnancesurvey.co.uk/id/country/scotland,,,
osgb4000000004874710,http://data.ordnancesurvey.co.uk/id/4000000004874710,B8025,,,,transportNetwork,Numbered Road,176180.097,688838.458,113000,250000,168837.000,680303.000,183028.738,697636.736,PA31,http://data.ordnancesurvey.co.uk/id/postcodedistrict/PA31,,,,,,,Argyll and Bute,http://data.ordnancesurvey.co.uk/id/7000000000030106,http://data.ordnancesurvey.co.uk/ontology/admingeo/UnitaryAuthority,Scotland,http://data.ordnancesurvey.co.uk/id/7000000000041429,Scotland,http://data.ordnancesurvey.co.uk/id/country/scotland,,,
osgb5000005133147644,http://data.ordnancesurvey.co.uk/id/5000005133147644,Creagan Dearg,,,,transportNetwork,Named Road,174042.009,687410.511,1000,20000,174015.263,687391.525,174070.777,687449.366,PA31,http://data.ordnancesurvey.co.uk/id/postcodedistrict/PA31,Tayvallich,http://data.ordnancesurvey.co.uk/id/4000000074548587,http://www.ordnancesurvey.co.uk/xml/codelists/localtype.xml#village,,,,Argyll and Bute,http://data.ordnancesurvey.co.uk/id/7000000000030106,http://data.ordnancesurvey.co.uk/ontology/admingeo/UnitaryAuthority,Scotland,http://data.ordnancesurvey.co.uk/id/7000000000041429,Scotland,http://data.ordnancesurvey.co.uk/id/country/scotland,,,
PA318PP,http://data.ordnancesurvey.co.uk/id/postcodeunit/PA318PP,PA31 8PP,,,,other,Postcode,173737.000,687206.000,3500,18000,,,,,,,Tayvallich,http://data.ordnancesurvey.co.uk/id/4000000074548587,http://www.ordnancesurvey.co.uk/xml/codelists/localtype.xml#village,,,,Argyll and Bute,http://data.ordnancesurvey.co.uk/id/7000000000030106,http://data.ordnancesurvey.co.uk/ontology/admingeo/UnitaryAuthority,Scotland,http://data.ordnancesurvey.co.uk/id/7000000000041429,Scotland,http://data.ordnancesurvey.co.uk/id/country/scotland,,,
PA318SN,http://data.ordnancesurvey.co.uk/id/postcodeunit/PA318SN,PA31 8SN,,,,other,Postcode,179769.000,692528.000,3500,18000,,,,,,,Bellanoch,http://data.ordnancesurvey.co.uk/id/4000000074548205,http://www.ordnancesurvey.co.uk/xml/codelists/localtype.xml#hamlet,,,,Argyll and Bute,http://data.ordnancesurvey.co.uk/id/7000000000030106,http://data.ordnancesurvey.co.uk/ontology/admingeo/UnitaryAuthority,Scotland,http://data.ordnancesurvey.co.uk/id/7000000000041429,Scotland,http://data.ordnancesurvey.co.uk/id/country/scotland,,,
