﻿osgb4000000074556434,http://data.ordnancesurvey.co.uk/id/4000000074556434,Ettrick,,,,populatedPlace,Other Settlement,327118.060,614526.000,15000,25000,325874.576,614299.601,327844.436,614799.601,TD7,http://data.ordnancesurvey.co.uk/id/postcodedistrict/TD7,,,,,,,Scottish Borders,http://data.ordnancesurvey.co.uk/id/7000000000036552,http://data.ordnancesurvey.co.uk/ontology/admingeo/UnitaryAuthority,Scotland,http://data.ordnancesurvey.co.uk/id/7000000000041429,Scotland,http://data.ordnancesurvey.co.uk/id/country/scotland,,"http://dbpedia.org/resource/Ettrick,_Scotland",
osgb4000000074540927,http://data.ordnancesurvey.co.uk/id/4000000074540927,Birkhill,,,,populatedPlace,Other Settlement,320147.883,615885.829,15000,25000,319899.182,615630.780,320399.182,616130.780,TD7,http://data.ordnancesurvey.co.uk/id/postcodedistrict/TD7,,,,,,,Dumfries and Galloway,http://data.ordnancesurvey.co.uk/id/7000000000031903,http://data.ordnancesurvey.co.uk/ontology/admingeo/UnitaryAuthority,Scotland,http://data.ordnancesurvey.co.uk/id/7000000000041429,Scotland,http://data.ordnancesurvey.co.uk/id/country/scotland,,,
osgb4000000074556804,http://data.ordnancesurvey.co.uk/id/4000000074556804,Davington,,,,populatedPlace,Hamlet,323803.360,602499.090,5000,25000,323400.763,602199.870,323900.763,602699.870,DG13,http://data.ordnancesurvey.co.uk/id/postcodedistrict/DG13,,,,,,,Dumfries and Galloway,http://data.ordnancesurvey.co.uk/id/7000000000031903,http://data.ordnancesurvey.co.uk/ontology/admingeo/UnitaryAuthority,Scotland,http://data.ordnancesurvey.co.uk/id/7000000000041429,Scotland,http://data.ordnancesurvey.co.uk/id/country/scotland,,,http://sws.geonames.org/2651480
osgb4000000074556803,http://data.ordnancesurvey.co.uk/id/4000000074556803,Tushielaw,,,,populatedPlace,Other Settlement,330304.880,617747.310,15000,25000,330070.259,617488.858,330570.259,617988.858,TD7,http://data.ordnancesurvey.co.uk/id/postcodedistrict/TD7,,,,,,,Scottish Borders,http://data.ordnancesurvey.co.uk/id/7000000000036552,http://data.ordnancesurvey.co.uk/ontology/admingeo/UnitaryAuthority,Scotland,http://data.ordnancesurvey.co.uk/id/7000000000041429,Scotland,http://data.ordnancesurvey.co.uk/id/country/scotland,,,
osgb4000000074333694,http://data.ordnancesurvey.co.uk/id/4000000074333694,Craik,,,,populatedPlace,Hamlet,334880.000,608149.000,5000,25000,334764.895,607845.785,335319.202,608514.454,TD9,http://data.ordnancesurvey.co.uk/id/postcodedistrict/TD9,,,,,,,Scottish Borders,http://data.ordnancesurvey.co.uk/id/7000000000036552,http://data.ordnancesurvey.co.uk/ontology/admingeo/UnitaryAuthority,Scotland,http://data.ordnancesurvey.co.uk/id/7000000000041429,Scotland,http://data.ordnancesurvey.co.uk/id/country/scotland,,,
TD75JB,http://data.ordnancesurvey.co.uk/id/postcodeunit/TD75JB,TD7 5JB,,,,other,Postcode,323916.000,613865.000,3500,18000,,,,,,,,,,,,,Scottish Borders,http://data.ordnancesurvey.co.uk/id/7000000000036552,http://data.ordnancesurvey.co.uk/ontology/admingeo/UnitaryAuthority,Scotland,http://data.ordnancesurvey.co.uk/id/7000000000041429,Scotland,http://data.ordnancesurvey.co.uk/id/country/scotland,,,
TD75HT,http://data.ordnancesurvey.co.uk/id/postcodeunit/TD75HT,TD7 5HT,,,,other,Postcode,330568.000,618306.000,3500,18000,,,,,,,,,,,,,Scottish Borders,http://data.ordnancesurvey.co.uk/id/7000000000036552,http://data.ordnancesurvey.co.uk/ontology/admingeo/UnitaryAuthority,Scotland,http://data.ordnancesurvey.co.uk/id/7000000000041429,Scotland,http://data.ordnancesurvey.co.uk/id/country/scotland,,,
TD75HS,http://data.ordnancesurvey.co.uk/id/postcodeunit/TD75HS,TD7 5HS,,,,other,Postcode,332307.000,619970.000,3500,18000,,,,,,,,,,,,,Scottish Borders,http://data.ordnancesurvey.co.uk/id/7000000000036552,http://data.ordnancesurvey.co.uk/ontology/admingeo/UnitaryAuthority,Scotland,http://data.ordnancesurvey.co.uk/id/7000000000041429,Scotland,http://data.ordnancesurvey.co.uk/id/country/scotland,,,
TD75LJ,http://data.ordnancesurvey.co.uk/id/postcodeunit/TD75LJ,TD7 5LJ,,,,other,Postcode,322509.000,617110.000,3500,18000,,,,,,,,,,,,,Scottish Borders,http://data.ordnancesurvey.co.uk/id/7000000000036552,http://data.ordnancesurvey.co.uk/ontology/admingeo/UnitaryAuthority,Scotland,http://data.ordnancesurvey.co.uk/id/7000000000041429,Scotland,http://data.ordnancesurvey.co.uk/id/country/scotland,,,
DG130QT,http://data.ordnancesurvey.co.uk/id/postcodeunit/DG130QT,DG13 0QT,,,,other,Postcode,326240.000,600416.000,3500,18000,,,,,,,,,,,,,Dumfries and Galloway,http://data.ordnancesurvey.co.uk/id/7000000000031903,http://data.ordnancesurvey.co.uk/ontology/admingeo/UnitaryAuthority,Scotland,http://data.ordnancesurvey.co.uk/id/7000000000041429,Scotland,http://data.ordnancesurvey.co.uk/id/country/scotland,,,
TD97PR,http://data.ordnancesurvey.co.uk/id/postcodeunit/TD97PR,TD9 7PR,,,,other,Postcode,337020.000,608741.000,3500,18000,,,,,,,,,,,,,Scottish Borders,http://data.ordnancesurvey.co.uk/id/7000000000036552,http://data.ordnancesurvey.co.uk/ontology/admingeo/UnitaryAuthority,Scotland,http://data.ordnancesurvey.co.uk/id/7000000000041429,Scotland,http://data.ordnancesurvey.co.uk/id/country/scotland,,,
DG130QS,http://data.ordnancesurvey.co.uk/id/postcodeunit/DG130QS,DG13 0QS,,,,other,Postcode,328556.000,604617.000,3500,18000,,,,,,,,,,,,,Dumfries and Galloway,http://data.ordnancesurvey.co.uk/id/7000000000031903,http://data.ordnancesurvey.co.uk/ontology/admingeo/UnitaryAuthority,Scotland,http://data.ordnancesurvey.co.uk/id/7000000000041429,Scotland,http://data.ordnancesurvey.co.uk/id/country/scotland,,,
TD75HU,http://data.ordnancesurvey.co.uk/id/postcodeunit/TD75HU,TD7 5HU,,,,other,Postcode,329306.000,616305.000,3500,18000,,,,,,,,,,,,,Scottish Borders,http://data.ordnancesurvey.co.uk/id/7000000000036552,http://data.ordnancesurvey.co.uk/ontology/admingeo/UnitaryAuthority,Scotland,http://data.ordnancesurvey.co.uk/id/7000000000041429,Scotland,http://data.ordnancesurvey.co.uk/id/country/scotland,,,
TD90LH,http://data.ordnancesurvey.co.uk/id/postcodeunit/TD90LH,TD9 0LH,,,,other,Postcode,339913.000,604795.000,3500,18000,,,,,,,,,,,,,Scottish Borders,http://data.ordnancesurvey.co.uk/id/7000000000036552,http://data.ordnancesurvey.co.uk/ontology/admingeo/UnitaryAuthority,Scotland,http://data.ordnancesurvey.co.uk/id/7000000000041429,Scotland,http://data.ordnancesurvey.co.uk/id/country/scotland,,,
TD97PW,http://data.ordnancesurvey.co.uk/id/postcodeunit/TD97PW,TD9 7PW,,,,other,Postcode,339826.000,611193.000,3500,18000,,,,,,,,,,,,,Scottish Borders,http://data.ordnancesurvey.co.uk/id/7000000000036552,http://data.ordnancesurvey.co.uk/ontology/admingeo/UnitaryAuthority,Scotland,http://data.ordnancesurvey.co.uk/id/7000000000041429,Scotland,http://data.ordnancesurvey.co.uk/id/country/scotland,,,
TD97NQ,http://data.ordnancesurvey.co.uk/id/postcodeunit/TD97NQ,TD9 7NQ,,,,other,Postcode,332183.000,614069.000,3500,18000,,,,,,,,,,,,,Scottish Borders,http://data.ordnancesurvey.co.uk/id/7000000000036552,http://data.ordnancesurvey.co.uk/ontology/admingeo/UnitaryAuthority,Scotland,http://data.ordnancesurvey.co.uk/id/7000000000041429,Scotland,http://data.ordnancesurvey.co.uk/id/country/scotland,,,
TD97PP,http://data.ordnancesurvey.co.uk/id/postcodeunit/TD97PP,TD9 7PP,,,,other,Postcode,338274.000,609892.000,3500,18000,,,,,,,,,,,,,Scottish Borders,http://data.ordnancesurvey.co.uk/id/7000000000036552,http://data.ordnancesurvey.co.uk/ontology/admingeo/UnitaryAuthority,Scotland,http://data.ordnancesurvey.co.uk/id/7000000000041429,Scotland,http://data.ordnancesurvey.co.uk/id/country/scotland,,,
TD97PS,http://data.ordnancesurvey.co.uk/id/postcodeunit/TD97PS,TD9 7PS,,,,other,Postcode,334569.000,607571.000,3500,18000,,,,,,,,,,,,,Scottish Borders,http://data.ordnancesurvey.co.uk/id/7000000000036552,http://data.ordnancesurvey.co.uk/ontology/admingeo/UnitaryAuthority,Scotland,http://data.ordnancesurvey.co.uk/id/7000000000041429,Scotland,http://data.ordnancesurvey.co.uk/id/country/scotland,,,
TD97PN,http://data.ordnancesurvey.co.uk/id/postcodeunit/TD97PN,TD9 7PN,,,,other,Postcode,339221.000,611653.000,3500,18000,,,,,,,,,,,,,Scottish Borders,http://data.ordnancesurvey.co.uk/id/7000000000036552,http://data.ordnancesurvey.co.uk/ontology/admingeo/UnitaryAuthority,Scotland,http://data.ordnancesurvey.co.uk/id/7000000000041429,Scotland,http://data.ordnancesurvey.co.uk/id/country/scotland,,,
TD75HX,http://data.ordnancesurvey.co.uk/id/postcodeunit/TD75HX,TD7 5HX,,,,other,Postcode,328089.000,614960.000,3500,18000,,,,,,,,,,,,,Scottish Borders,http://data.ordnancesurvey.co.uk/id/7000000000036552,http://data.ordnancesurvey.co.uk/ontology/admingeo/UnitaryAuthority,Scotland,http://data.ordnancesurvey.co.uk/id/7000000000041429,Scotland,http://data.ordnancesurvey.co.uk/id/country/scotland,,,
TD90PT,http://data.ordnancesurvey.co.uk/id/postcodeunit/TD90PT,TD9 0PT,,,,other,Postcode,338872.000,602905.000,3500,18000,,,,,,,,,,,,,Scottish Borders,http://data.ordnancesurvey.co.uk/id/7000000000036552,http://data.ordnancesurvey.co.uk/ontology/admingeo/UnitaryAuthority,Scotland,http://data.ordnancesurvey.co.uk/id/7000000000041429,Scotland,http://data.ordnancesurvey.co.uk/id/country/scotland,,,
TD97NG,http://data.ordnancesurvey.co.uk/id/postcodeunit/TD97NG,TD9 7NG,,,,other,Postcode,334780.000,616049.000,3500,18000,,,,,,,,,,,,,Scottish Borders,http://data.ordnancesurvey.co.uk/id/7000000000036552,http://data.ordnancesurvey.co.uk/ontology/admingeo/UnitaryAuthority,Scotland,http://data.ordnancesurvey.co.uk/id/7000000000041429,Scotland,http://data.ordnancesurvey.co.uk/id/country/scotland,,,
TD97NF,http://data.ordnancesurvey.co.uk/id/postcodeunit/TD97NF,TD9 7NF,,,,other,Postcode,336442.000,616141.000,3500,18000,,,,,,,,,,,,,Scottish Borders,http://data.ordnancesurvey.co.uk/id/7000000000036552,http://data.ordnancesurvey.co.uk/ontology/admingeo/UnitaryAuthority,Scotland,http://data.ordnancesurvey.co.uk/id/7000000000041429,Scotland,http://data.ordnancesurvey.co.uk/id/country/scotland,,,
DG130QN,http://data.ordnancesurvey.co.uk/id/postcodeunit/DG130QN,DG13 0QN,,,,other,Postcode,322299.000,601110.000,3500,18000,,,,,,,,,,,,,Dumfries and Galloway,http://data.ordnancesurvey.co.uk/id/7000000000031903,http://data.ordnancesurvey.co.uk/ontology/admingeo/UnitaryAuthority,Scotland,http://data.ordnancesurvey.co.uk/id/7000000000041429,Scotland,http://data.ordnancesurvey.co.uk/id/country/scotland,,,
TD75HZ,http://data.ordnancesurvey.co.uk/id/postcodeunit/TD75HZ,TD7 5HZ,,,,other,Postcode,327470.000,609414.000,3500,18000,,,,,,,,,,,,,Scottish Borders,http://data.ordnancesurvey.co.uk/id/7000000000036552,http://data.ordnancesurvey.co.uk/ontology/admingeo/UnitaryAuthority,Scotland,http://data.ordnancesurvey.co.uk/id/7000000000041429,Scotland,http://data.ordnancesurvey.co.uk/id/country/scotland,,,
TD75JA,http://data.ordnancesurvey.co.uk/id/postcodeunit/TD75JA,TD7 5JA,,,,other,Postcode,326310.000,614441.000,3500,18000,,,,,,,Ettrick,http://data.ordnancesurvey.co.uk/id/4000000074556434,http://www.ordnancesurvey.co.uk/xml/codelists/localtype.xml#otherSettlement,,,,Scottish Borders,http://data.ordnancesurvey.co.uk/id/7000000000036552,http://data.ordnancesurvey.co.uk/ontology/admingeo/UnitaryAuthority,Scotland,http://data.ordnancesurvey.co.uk/id/7000000000041429,Scotland,http://data.ordnancesurvey.co.uk/id/country/scotland,,,
DG130QP,http://data.ordnancesurvey.co.uk/id/postcodeunit/DG130QP,DG13 0QP,,,,other,Postcode,323665.000,604205.000,3500,18000,,,,,,,,,,,,,Dumfries and Galloway,http://data.ordnancesurvey.co.uk/id/7000000000031903,http://data.ordnancesurvey.co.uk/ontology/admingeo/UnitaryAuthority,Scotland,http://data.ordnancesurvey.co.uk/id/7000000000041429,Scotland,http://data.ordnancesurvey.co.uk/id/country/scotland,,,
TD75HY,http://data.ordnancesurvey.co.uk/id/postcodeunit/TD75HY,TD7 5HY,,,,other,Postcode,327803.000,613564.000,3500,18000,,,,,,,,,,,,,Scottish Borders,http://data.ordnancesurvey.co.uk/id/7000000000036552,http://data.ordnancesurvey.co.uk/ontology/admingeo/UnitaryAuthority,Scotland,http://data.ordnancesurvey.co.uk/id/7000000000041429,Scotland,http://data.ordnancesurvey.co.uk/id/country/scotland,,,
DG130QR,http://data.ordnancesurvey.co.uk/id/postcodeunit/DG130QR,DG13 0QR,,,,other,Postcode,321750.000,604201.000,3500,18000,,,,,,,,,,,,,Dumfries and Galloway,http://data.ordnancesurvey.co.uk/id/7000000000031903,http://data.ordnancesurvey.co.uk/ontology/admingeo/UnitaryAuthority,Scotland,http://data.ordnancesurvey.co.uk/id/7000000000041429,Scotland,http://data.ordnancesurvey.co.uk/id/country/scotland,,,
TD90PU,http://data.ordnancesurvey.co.uk/id/postcodeunit/TD90PU,TD9 0PU,,,,other,Postcode,337374.000,601940.000,3500,18000,,,,,,,,,,,,,Scottish Borders,http://data.ordnancesurvey.co.uk/id/7000000000036552,http://data.ordnancesurvey.co.uk/ontology/admingeo/UnitaryAuthority,Scotland,http://data.ordnancesurvey.co.uk/id/7000000000041429,Scotland,http://data.ordnancesurvey.co.uk/id/country/scotland,,,
TD75JD,http://data.ordnancesurvey.co.uk/id/postcodeunit/TD75JD,TD7 5JD,,,,other,Postcode,320779.000,610828.000,3500,18000,,,,,,,,,,,,,Scottish Borders,http://data.ordnancesurvey.co.uk/id/7000000000036552,http://data.ordnancesurvey.co.uk/ontology/admingeo/UnitaryAuthority,Scotland,http://data.ordnancesurvey.co.uk/id/7000000000041429,Scotland,http://data.ordnancesurvey.co.uk/id/country/scotland,,,
TD90PS,http://data.ordnancesurvey.co.uk/id/postcodeunit/TD90PS,TD9 0PS,,,,other,Postcode,338258.000,606267.000,3500,18000,,,,,,,,,,,,,Scottish Borders,http://data.ordnancesurvey.co.uk/id/7000000000036552,http://data.ordnancesurvey.co.uk/ontology/admingeo/UnitaryAuthority,Scotland,http://data.ordnancesurvey.co.uk/id/7000000000041429,Scotland,http://data.ordnancesurvey.co.uk/id/country/scotland,,,
DG130QW,http://data.ordnancesurvey.co.uk/id/postcodeunit/DG130QW,DG13 0QW,,,,other,Postcode,323704.000,602261.000,3500,18000,,,,,,,Davington,http://data.ordnancesurvey.co.uk/id/4000000074556804,http://www.ordnancesurvey.co.uk/xml/codelists/localtype.xml#hamlet,,,,Dumfries and Galloway,http://data.ordnancesurvey.co.uk/id/7000000000031903,http://data.ordnancesurvey.co.uk/ontology/admingeo/UnitaryAuthority,Scotland,http://data.ordnancesurvey.co.uk/id/7000000000041429,Scotland,http://data.ordnancesurvey.co.uk/id/country/scotland,,,
osgb4000000006306919,http://data.ordnancesurvey.co.uk/id/4000000006306919,A708,,,,transportNetwork,Numbered Road,323404.161,619376.664,244000,1000000,308521.237,604447.728,346049.000,630016.000,TD7,http://data.ordnancesurvey.co.uk/id/postcodedistrict/TD7,,,,,,,Scottish Borders,http://data.ordnancesurvey.co.uk/id/7000000000036552,http://data.ordnancesurvey.co.uk/ontology/admingeo/UnitaryAuthority,Scotland,http://data.ordnancesurvey.co.uk/id/7000000000041429,Scotland,http://data.ordnancesurvey.co.uk/id/country/scotland,,,
osgb4000000006331437,http://data.ordnancesurvey.co.uk/id/4000000006331437,B711,,,,transportNetwork,Numbered Road,339035.353,614941.985,116000,250000,330273.112,613317.435,348166.000,617630.385,TD9,http://data.ordnancesurvey.co.uk/id/postcodedistrict/TD9,,,,,,,Scottish Borders,http://data.ordnancesurvey.co.uk/id/7000000000036552,http://data.ordnancesurvey.co.uk/ontology/admingeo/UnitaryAuthority,Scotland,http://data.ordnancesurvey.co.uk/id/7000000000041429,Scotland,http://data.ordnancesurvey.co.uk/id/country/scotland,,,
osgb4000000006306918,http://data.ordnancesurvey.co.uk/id/4000000006306918,B709,,,,transportNetwork,Numbered Road,330523.000,618450.000,250000,452000,323696.583,584669.000,340550.142,654194.123,TD7,http://data.ordnancesurvey.co.uk/id/postcodedistrict/TD7,,,,,,,Scottish Borders,http://data.ordnancesurvey.co.uk/id/7000000000036552,http://data.ordnancesurvey.co.uk/ontology/admingeo/UnitaryAuthority,Scotland,http://data.ordnancesurvey.co.uk/id/7000000000041429,Scotland,http://data.ordnancesurvey.co.uk/id/country/scotland,,,
