﻿osgb4000000074565369,http://data.ordnancesurvey.co.uk/id/4000000074565369,Monreith,,,,populatedPlace,Village,235941.000,541076.000,12000,250000,234804.512,540679.011,236608.317,541231.033,DG8,http://data.ordnancesurvey.co.uk/id/postcodedistrict/DG8,,,,,,,Dumfries and Galloway,http://data.ordnancesurvey.co.uk/id/7000000000031903,http://data.ordnancesurvey.co.uk/ontology/admingeo/UnitaryAuthority,Scotland,http://data.ordnancesurvey.co.uk/id/7000000000041429,Scotland,http://data.ordnancesurvey.co.uk/id/country/scotland,,http://dbpedia.org/resource/Monreith,http://sws.geonames.org/2642311
osgb4000000074566003,http://data.ordnancesurvey.co.uk/id/4000000074566003,Loch Head,,,,populatedPlace,Hamlet,232769.000,549331.000,5000,25000,232511.946,549157.253,233011.946,549657.253,DG8,http://data.ordnancesurvey.co.uk/id/postcodedistrict/DG8,,,,,,,Dumfries and Galloway,http://data.ordnancesurvey.co.uk/id/7000000000031903,http://data.ordnancesurvey.co.uk/ontology/admingeo/UnitaryAuthority,Scotland,http://data.ordnancesurvey.co.uk/id/7000000000041429,Scotland,http://data.ordnancesurvey.co.uk/id/country/scotland,,,
osgb4000000074565686,http://data.ordnancesurvey.co.uk/id/4000000074565686,Spittal,,,,populatedPlace,Hamlet,236334.000,557588.000,5000,25000,236039.572,557419.448,236589.906,557919.448,DG8,http://data.ordnancesurvey.co.uk/id/postcodedistrict/DG8,,,,,,,Dumfries and Galloway,http://data.ordnancesurvey.co.uk/id/7000000000031903,http://data.ordnancesurvey.co.uk/ontology/admingeo/UnitaryAuthority,Scotland,http://data.ordnancesurvey.co.uk/id/7000000000041429,Scotland,http://data.ordnancesurvey.co.uk/id/country/scotland,,,
osgb4000000074565683,http://data.ordnancesurvey.co.uk/id/4000000074565683,Mochrum,,,,populatedPlace,Village,234666.000,546358.000,3000,250000,234460.749,546117.023,234960.749,546617.023,DG8,http://data.ordnancesurvey.co.uk/id/postcodedistrict/DG8,,,,,,,Dumfries and Galloway,http://data.ordnancesurvey.co.uk/id/7000000000031903,http://data.ordnancesurvey.co.uk/ontology/admingeo/UnitaryAuthority,Scotland,http://data.ordnancesurvey.co.uk/id/7000000000041429,Scotland,http://data.ordnancesurvey.co.uk/id/country/scotland,,,http://sws.geonames.org/2645239
osgb4000000074566002,http://data.ordnancesurvey.co.uk/id/4000000074566002,Elrig,,,,populatedPlace,Hamlet,232257.030,547332.570,5000,25000,231976.063,547207.523,232476.063,547925.467,DG8,http://data.ordnancesurvey.co.uk/id/postcodedistrict/DG8,,,,,,,Dumfries and Galloway,http://data.ordnancesurvey.co.uk/id/7000000000031903,http://data.ordnancesurvey.co.uk/ontology/admingeo/UnitaryAuthority,Scotland,http://data.ordnancesurvey.co.uk/id/7000000000041429,Scotland,http://data.ordnancesurvey.co.uk/id/country/scotland,,,
osgb4000000074566346,http://data.ordnancesurvey.co.uk/id/4000000074566346,Auchenmalg,,,,populatedPlace,Hamlet,223311.890,552220.080,5000,25000,222941.205,552050.895,223607.958,552550.895,DG8,http://data.ordnancesurvey.co.uk/id/postcodedistrict/DG8,,,,,,,Dumfries and Galloway,http://data.ordnancesurvey.co.uk/id/7000000000031903,http://data.ordnancesurvey.co.uk/ontology/admingeo/UnitaryAuthority,Scotland,http://data.ordnancesurvey.co.uk/id/7000000000041429,Scotland,http://data.ordnancesurvey.co.uk/id/country/scotland,,,
osgb4000000074566001,http://data.ordnancesurvey.co.uk/id/4000000074566001,Barrachan,,,,populatedPlace,Hamlet,236220.340,549558.700,5000,25000,235951.077,549276.744,236451.077,549776.744,DG8,http://data.ordnancesurvey.co.uk/id/postcodedistrict/DG8,,,,,,,Dumfries and Galloway,http://data.ordnancesurvey.co.uk/id/7000000000031903,http://data.ordnancesurvey.co.uk/ontology/admingeo/UnitaryAuthority,Scotland,http://data.ordnancesurvey.co.uk/id/7000000000041429,Scotland,http://data.ordnancesurvey.co.uk/id/country/scotland,,,
osgb4000000074566000,http://data.ordnancesurvey.co.uk/id/4000000074566000,Port William,,,,populatedPlace,Village,233893.000,543593.000,10000,250000,233625.790,543005.715,234236.402,544560.750,DG8,http://data.ordnancesurvey.co.uk/id/postcodedistrict/DG8,,,,,,,Dumfries and Galloway,http://data.ordnancesurvey.co.uk/id/7000000000031903,http://data.ordnancesurvey.co.uk/ontology/admingeo/UnitaryAuthority,Scotland,http://data.ordnancesurvey.co.uk/id/7000000000041429,Scotland,http://data.ordnancesurvey.co.uk/id/country/scotland,,,http://sws.geonames.org/2639985
osgb4000000074566340,http://data.ordnancesurvey.co.uk/id/4000000074566340,Stairhaven,,,,populatedPlace,Hamlet,220895.280,553662.050,5000,25000,220593.938,553554.904,221093.938,554054.904,DG8,http://data.ordnancesurvey.co.uk/id/postcodedistrict/DG8,,,,,,,Dumfries and Galloway,http://data.ordnancesurvey.co.uk/id/7000000000031903,http://data.ordnancesurvey.co.uk/ontology/admingeo/UnitaryAuthority,Scotland,http://data.ordnancesurvey.co.uk/id/7000000000041429,Scotland,http://data.ordnancesurvey.co.uk/id/country/scotland,,,
DG89SD,http://data.ordnancesurvey.co.uk/id/postcodeunit/DG89SD,DG8 9SD,,,,other,Postcode,233855.000,543753.000,3500,18000,,,,,,,Port William,http://data.ordnancesurvey.co.uk/id/4000000074566000,http://www.ordnancesurvey.co.uk/xml/codelists/localtype.xml#village,,,,Dumfries and Galloway,http://data.ordnancesurvey.co.uk/id/7000000000031903,http://data.ordnancesurvey.co.uk/ontology/admingeo/UnitaryAuthority,Scotland,http://data.ordnancesurvey.co.uk/id/7000000000041429,Scotland,http://data.ordnancesurvey.co.uk/id/country/scotland,,,
DG89RE,http://data.ordnancesurvey.co.uk/id/postcodeunit/DG89RE,DG8 9RE,,,,other,Postcode,231849.000,547695.000,3500,18000,,,,,,,,,,,,,Dumfries and Galloway,http://data.ordnancesurvey.co.uk/id/7000000000031903,http://data.ordnancesurvey.co.uk/ontology/admingeo/UnitaryAuthority,Scotland,http://data.ordnancesurvey.co.uk/id/7000000000041429,Scotland,http://data.ordnancesurvey.co.uk/id/country/scotland,,,
DG80JG,http://data.ordnancesurvey.co.uk/id/postcodeunit/DG80JG,DG8 0JG,,,,other,Postcode,221183.000,555886.000,3500,18000,,,,,,,,,,,,,Dumfries and Galloway,http://data.ordnancesurvey.co.uk/id/7000000000031903,http://data.ordnancesurvey.co.uk/ontology/admingeo/UnitaryAuthority,Scotland,http://data.ordnancesurvey.co.uk/id/7000000000041429,Scotland,http://data.ordnancesurvey.co.uk/id/country/scotland,,,
DG89LZ,http://data.ordnancesurvey.co.uk/id/postcodeunit/DG89LZ,DG8 9LZ,,,,other,Postcode,234849.000,546520.000,3500,18000,,,,,,,Mochrum,http://data.ordnancesurvey.co.uk/id/4000000074565683,http://www.ordnancesurvey.co.uk/xml/codelists/localtype.xml#village,,,,Dumfries and Galloway,http://data.ordnancesurvey.co.uk/id/7000000000031903,http://data.ordnancesurvey.co.uk/ontology/admingeo/UnitaryAuthority,Scotland,http://data.ordnancesurvey.co.uk/id/7000000000041429,Scotland,http://data.ordnancesurvey.co.uk/id/country/scotland,,,
DG88DU,http://data.ordnancesurvey.co.uk/id/postcodeunit/DG88DU,DG8 8DU,,,,other,Postcode,239445.000,542622.000,3500,18000,,,,,,,,,,,,,Dumfries and Galloway,http://data.ordnancesurvey.co.uk/id/7000000000031903,http://data.ordnancesurvey.co.uk/ontology/admingeo/UnitaryAuthority,Scotland,http://data.ordnancesurvey.co.uk/id/7000000000041429,Scotland,http://data.ordnancesurvey.co.uk/id/country/scotland,,,
DG89BE,http://data.ordnancesurvey.co.uk/id/postcodeunit/DG89BE,DG8 9BE,,,,other,Postcode,237087.000,554159.000,3500,18000,,,,,,,,,,,,,Dumfries and Galloway,http://data.ordnancesurvey.co.uk/id/7000000000031903,http://data.ordnancesurvey.co.uk/ontology/admingeo/UnitaryAuthority,Scotland,http://data.ordnancesurvey.co.uk/id/7000000000041429,Scotland,http://data.ordnancesurvey.co.uk/id/country/scotland,,,
DG89SP,http://data.ordnancesurvey.co.uk/id/postcodeunit/DG89SP,DG8 9SP,,,,other,Postcode,234103.000,543266.000,3500,18000,,,,,,,Port William,http://data.ordnancesurvey.co.uk/id/4000000074566000,http://www.ordnancesurvey.co.uk/xml/codelists/localtype.xml#village,,,,Dumfries and Galloway,http://data.ordnancesurvey.co.uk/id/7000000000031903,http://data.ordnancesurvey.co.uk/ontology/admingeo/UnitaryAuthority,Scotland,http://data.ordnancesurvey.co.uk/id/7000000000041429,Scotland,http://data.ordnancesurvey.co.uk/id/country/scotland,,,
DG89SL,http://data.ordnancesurvey.co.uk/id/postcodeunit/DG89SL,DG8 9SL,,,,other,Postcode,234031.000,543497.000,3500,18000,,,,,,,Port William,http://data.ordnancesurvey.co.uk/id/4000000074566000,http://www.ordnancesurvey.co.uk/xml/codelists/localtype.xml#village,,,,Dumfries and Galloway,http://data.ordnancesurvey.co.uk/id/7000000000031903,http://data.ordnancesurvey.co.uk/ontology/admingeo/UnitaryAuthority,Scotland,http://data.ordnancesurvey.co.uk/id/7000000000041429,Scotland,http://data.ordnancesurvey.co.uk/id/country/scotland,,,
DG89BG,http://data.ordnancesurvey.co.uk/id/postcodeunit/DG89BG,DG8 9BG,,,,other,Postcode,236716.000,555230.000,3500,18000,,,,,,,,,,,,,Dumfries and Galloway,http://data.ordnancesurvey.co.uk/id/7000000000031903,http://data.ordnancesurvey.co.uk/ontology/admingeo/UnitaryAuthority,Scotland,http://data.ordnancesurvey.co.uk/id/7000000000041429,Scotland,http://data.ordnancesurvey.co.uk/id/country/scotland,,,
DG89PF,http://data.ordnancesurvey.co.uk/id/postcodeunit/DG89PF,DG8 9PF,,,,other,Postcode,237989.000,549602.000,3500,18000,,,,,,,,,,,,,Dumfries and Galloway,http://data.ordnancesurvey.co.uk/id/7000000000031903,http://data.ordnancesurvey.co.uk/ontology/admingeo/UnitaryAuthority,Scotland,http://data.ordnancesurvey.co.uk/id/7000000000041429,Scotland,http://data.ordnancesurvey.co.uk/id/country/scotland,,,
DG80JZ,http://data.ordnancesurvey.co.uk/id/postcodeunit/DG80JZ,DG8 0JZ,,,,other,Postcode,222546.000,553132.000,3500,18000,,,,,,,,,,,,,Dumfries and Galloway,http://data.ordnancesurvey.co.uk/id/7000000000031903,http://data.ordnancesurvey.co.uk/ontology/admingeo/UnitaryAuthority,Scotland,http://data.ordnancesurvey.co.uk/id/7000000000041429,Scotland,http://data.ordnancesurvey.co.uk/id/country/scotland,,,
DG80JL,http://data.ordnancesurvey.co.uk/id/postcodeunit/DG80JL,DG8 0JL,,,,other,Postcode,220850.000,553794.000,3500,18000,,,,,,,Stairhaven,http://data.ordnancesurvey.co.uk/id/4000000074566340,http://www.ordnancesurvey.co.uk/xml/codelists/localtype.xml#hamlet,,,,Dumfries and Galloway,http://data.ordnancesurvey.co.uk/id/7000000000031903,http://data.ordnancesurvey.co.uk/ontology/admingeo/UnitaryAuthority,Scotland,http://data.ordnancesurvey.co.uk/id/7000000000041429,Scotland,http://data.ordnancesurvey.co.uk/id/country/scotland,,,
DG89RA,http://data.ordnancesurvey.co.uk/id/postcodeunit/DG89RA,DG8 9RA,,,,other,Postcode,233036.000,546817.000,3500,18000,,,,,,,,,,,,,Dumfries and Galloway,http://data.ordnancesurvey.co.uk/id/7000000000031903,http://data.ordnancesurvey.co.uk/ontology/admingeo/UnitaryAuthority,Scotland,http://data.ordnancesurvey.co.uk/id/7000000000041429,Scotland,http://data.ordnancesurvey.co.uk/id/country/scotland,,,
DG80PZ,http://data.ordnancesurvey.co.uk/id/postcodeunit/DG80PZ,DG8 0PZ,,,,other,Postcode,220682.000,557610.000,3500,18000,,,,,,,Glenluce,http://data.ordnancesurvey.co.uk/id/4000000074566341,http://www.ordnancesurvey.co.uk/xml/codelists/localtype.xml#village,,,,Dumfries and Galloway,http://data.ordnancesurvey.co.uk/id/7000000000031903,http://data.ordnancesurvey.co.uk/ontology/admingeo/UnitaryAuthority,Scotland,http://data.ordnancesurvey.co.uk/id/7000000000041429,Scotland,http://data.ordnancesurvey.co.uk/id/country/scotland,,,
DG80DE,http://data.ordnancesurvey.co.uk/id/postcodeunit/DG80DE,DG8 0DE,,,,other,Postcode,230792.000,558581.000,3500,18000,,,,,,,,,,,,,Dumfries and Galloway,http://data.ordnancesurvey.co.uk/id/7000000000031903,http://data.ordnancesurvey.co.uk/ontology/admingeo/UnitaryAuthority,Scotland,http://data.ordnancesurvey.co.uk/id/7000000000041429,Scotland,http://data.ordnancesurvey.co.uk/id/country/scotland,,,
DG80BX,http://data.ordnancesurvey.co.uk/id/postcodeunit/DG80BX,DG8 0BX,,,,other,Postcode,236438.000,557826.000,3500,18000,,,,,,,,,,,,,Dumfries and Galloway,http://data.ordnancesurvey.co.uk/id/7000000000031903,http://data.ordnancesurvey.co.uk/ontology/admingeo/UnitaryAuthority,Scotland,http://data.ordnancesurvey.co.uk/id/7000000000041429,Scotland,http://data.ordnancesurvey.co.uk/id/country/scotland,,,
DG89PU,http://data.ordnancesurvey.co.uk/id/postcodeunit/DG89PU,DG8 9PU,,,,other,Postcode,237017.000,543404.000,3500,18000,,,,,,,,,,,,,Dumfries and Galloway,http://data.ordnancesurvey.co.uk/id/7000000000031903,http://data.ordnancesurvey.co.uk/ontology/admingeo/UnitaryAuthority,Scotland,http://data.ordnancesurvey.co.uk/id/7000000000041429,Scotland,http://data.ordnancesurvey.co.uk/id/country/scotland,,,
DG89ND,http://data.ordnancesurvey.co.uk/id/postcodeunit/DG89ND,DG8 9ND,,,,other,Postcode,235838.000,548463.000,3500,18000,,,,,,,,,,,,,Dumfries and Galloway,http://data.ordnancesurvey.co.uk/id/7000000000031903,http://data.ordnancesurvey.co.uk/ontology/admingeo/UnitaryAuthority,Scotland,http://data.ordnancesurvey.co.uk/id/7000000000041429,Scotland,http://data.ordnancesurvey.co.uk/id/country/scotland,,,
DG89SE,http://data.ordnancesurvey.co.uk/id/postcodeunit/DG89SE,DG8 9SE,,,,other,Postcode,233834.000,543587.000,3500,18000,,,,,,,Port William,http://data.ordnancesurvey.co.uk/id/4000000074566000,http://www.ordnancesurvey.co.uk/xml/codelists/localtype.xml#village,,,,Dumfries and Galloway,http://data.ordnancesurvey.co.uk/id/7000000000031903,http://data.ordnancesurvey.co.uk/ontology/admingeo/UnitaryAuthority,Scotland,http://data.ordnancesurvey.co.uk/id/7000000000041429,Scotland,http://data.ordnancesurvey.co.uk/id/country/scotland,,,
DG80QN,http://data.ordnancesurvey.co.uk/id/postcodeunit/DG80QN,DG8 0QN,,,,other,Postcode,220049.000,557665.000,3500,18000,,,,,,,Glenluce,http://data.ordnancesurvey.co.uk/id/4000000074566341,http://www.ordnancesurvey.co.uk/xml/codelists/localtype.xml#village,,,,Dumfries and Galloway,http://data.ordnancesurvey.co.uk/id/7000000000031903,http://data.ordnancesurvey.co.uk/ontology/admingeo/UnitaryAuthority,Scotland,http://data.ordnancesurvey.co.uk/id/7000000000041429,Scotland,http://data.ordnancesurvey.co.uk/id/country/scotland,,,
DG89BH,http://data.ordnancesurvey.co.uk/id/postcodeunit/DG89BH,DG8 9BH,,,,other,Postcode,235494.000,557528.000,3500,18000,,,,,,,,,,,,,Dumfries and Galloway,http://data.ordnancesurvey.co.uk/id/7000000000031903,http://data.ordnancesurvey.co.uk/ontology/admingeo/UnitaryAuthority,Scotland,http://data.ordnancesurvey.co.uk/id/7000000000041429,Scotland,http://data.ordnancesurvey.co.uk/id/country/scotland,,,
DG89QU,http://data.ordnancesurvey.co.uk/id/postcodeunit/DG89QU,DG8 9QU,,,,other,Postcode,229690.000,547832.000,3500,18000,,,,,,,,,,,,,Dumfries and Galloway,http://data.ordnancesurvey.co.uk/id/7000000000031903,http://data.ordnancesurvey.co.uk/ontology/admingeo/UnitaryAuthority,Scotland,http://data.ordnancesurvey.co.uk/id/7000000000041429,Scotland,http://data.ordnancesurvey.co.uk/id/country/scotland,,,
DG89QY,http://data.ordnancesurvey.co.uk/id/postcodeunit/DG89QY,DG8 9QY,,,,other,Postcode,231861.000,546937.000,3500,18000,,,,,,,,,,,,,Dumfries and Galloway,http://data.ordnancesurvey.co.uk/id/7000000000031903,http://data.ordnancesurvey.co.uk/ontology/admingeo/UnitaryAuthority,Scotland,http://data.ordnancesurvey.co.uk/id/7000000000041429,Scotland,http://data.ordnancesurvey.co.uk/id/country/scotland,,,
DG89BB,http://data.ordnancesurvey.co.uk/id/postcodeunit/DG89BB,DG8 9BB,,,,other,Postcode,237517.000,553396.000,3500,18000,,,,,,,,,,,,,Dumfries and Galloway,http://data.ordnancesurvey.co.uk/id/7000000000031903,http://data.ordnancesurvey.co.uk/ontology/admingeo/UnitaryAuthority,Scotland,http://data.ordnancesurvey.co.uk/id/7000000000041429,Scotland,http://data.ordnancesurvey.co.uk/id/country/scotland,,,
DG80QP,http://data.ordnancesurvey.co.uk/id/postcodeunit/DG80QP,DG8 0QP,,,,other,Postcode,220782.000,557547.000,3500,18000,,,,,,,Glenluce,http://data.ordnancesurvey.co.uk/id/4000000074566341,http://www.ordnancesurvey.co.uk/xml/codelists/localtype.xml#village,,,,Dumfries and Galloway,http://data.ordnancesurvey.co.uk/id/7000000000031903,http://data.ordnancesurvey.co.uk/ontology/admingeo/UnitaryAuthority,Scotland,http://data.ordnancesurvey.co.uk/id/7000000000041429,Scotland,http://data.ordnancesurvey.co.uk/id/country/scotland,,,
DG80JT,http://data.ordnancesurvey.co.uk/id/postcodeunit/DG80JT,DG8 0JT,,,,other,Postcode,223592.000,551819.000,3500,18000,,,,,,,,,,,,,Dumfries and Galloway,http://data.ordnancesurvey.co.uk/id/7000000000031903,http://data.ordnancesurvey.co.uk/ontology/admingeo/UnitaryAuthority,Scotland,http://data.ordnancesurvey.co.uk/id/7000000000041429,Scotland,http://data.ordnancesurvey.co.uk/id/country/scotland,,,
DG89LP,http://data.ordnancesurvey.co.uk/id/postcodeunit/DG89LP,DG8 9LP,,,,other,Postcode,236305.000,541836.000,3500,18000,,,,,,,,,,,,,Dumfries and Galloway,http://data.ordnancesurvey.co.uk/id/7000000000031903,http://data.ordnancesurvey.co.uk/ontology/admingeo/UnitaryAuthority,Scotland,http://data.ordnancesurvey.co.uk/id/7000000000041429,Scotland,http://data.ordnancesurvey.co.uk/id/country/scotland,,,
DG80BU,http://data.ordnancesurvey.co.uk/id/postcodeunit/DG80BU,DG8 0BU,,,,other,Postcode,237214.000,559314.000,3500,18000,,,,,,,,,,,,,Dumfries and Galloway,http://data.ordnancesurvey.co.uk/id/7000000000031903,http://data.ordnancesurvey.co.uk/ontology/admingeo/UnitaryAuthority,Scotland,http://data.ordnancesurvey.co.uk/id/7000000000041429,Scotland,http://data.ordnancesurvey.co.uk/id/country/scotland,,,
DG80NX,http://data.ordnancesurvey.co.uk/id/postcodeunit/DG80NX,DG8 0NX,,,,other,Postcode,220750.000,558444.000,3500,18000,,,,,,,,,,,,,Dumfries and Galloway,http://data.ordnancesurvey.co.uk/id/7000000000031903,http://data.ordnancesurvey.co.uk/ontology/admingeo/UnitaryAuthority,Scotland,http://data.ordnancesurvey.co.uk/id/7000000000041429,Scotland,http://data.ordnancesurvey.co.uk/id/country/scotland,,,
DG89AZ,http://data.ordnancesurvey.co.uk/id/postcodeunit/DG89AZ,DG8 9AZ,,,,other,Postcode,238952.000,554131.000,3500,18000,,,,,,,,,,,,,Dumfries and Galloway,http://data.ordnancesurvey.co.uk/id/7000000000031903,http://data.ordnancesurvey.co.uk/ontology/admingeo/UnitaryAuthority,Scotland,http://data.ordnancesurvey.co.uk/id/7000000000041429,Scotland,http://data.ordnancesurvey.co.uk/id/country/scotland,,,
DG89PB,http://data.ordnancesurvey.co.uk/id/postcodeunit/DG89PB,DG8 9PB,,,,other,Postcode,239408.000,551027.000,3500,18000,,,,,,,,,,,,,Dumfries and Galloway,http://data.ordnancesurvey.co.uk/id/7000000000031903,http://data.ordnancesurvey.co.uk/ontology/admingeo/UnitaryAuthority,Scotland,http://data.ordnancesurvey.co.uk/id/7000000000041429,Scotland,http://data.ordnancesurvey.co.uk/id/country/scotland,,,
DG89LD,http://data.ordnancesurvey.co.uk/id/postcodeunit/DG89LD,DG8 9LD,,,,other,Postcode,235999.000,543308.000,3500,18000,,,,,,,,,,,,,Dumfries and Galloway,http://data.ordnancesurvey.co.uk/id/7000000000031903,http://data.ordnancesurvey.co.uk/ontology/admingeo/UnitaryAuthority,Scotland,http://data.ordnancesurvey.co.uk/id/7000000000041429,Scotland,http://data.ordnancesurvey.co.uk/id/country/scotland,,,
DG80PY,http://data.ordnancesurvey.co.uk/id/postcodeunit/DG80PY,DG8 0PY,,,,other,Postcode,220353.000,557677.000,3500,18000,,,,,,,Glenluce,http://data.ordnancesurvey.co.uk/id/4000000074566341,http://www.ordnancesurvey.co.uk/xml/codelists/localtype.xml#village,,,,Dumfries and Galloway,http://data.ordnancesurvey.co.uk/id/7000000000031903,http://data.ordnancesurvey.co.uk/ontology/admingeo/UnitaryAuthority,Scotland,http://data.ordnancesurvey.co.uk/id/7000000000041429,Scotland,http://data.ordnancesurvey.co.uk/id/country/scotland,,,
DG80JU,http://data.ordnancesurvey.co.uk/id/postcodeunit/DG80JU,DG8 0JU,,,,other,Postcode,224805.000,551518.000,3500,18000,,,,,,,,,,,,,Dumfries and Galloway,http://data.ordnancesurvey.co.uk/id/7000000000031903,http://data.ordnancesurvey.co.uk/ontology/admingeo/UnitaryAuthority,Scotland,http://data.ordnancesurvey.co.uk/id/7000000000041429,Scotland,http://data.ordnancesurvey.co.uk/id/country/scotland,,,
DG89RF,http://data.ordnancesurvey.co.uk/id/postcodeunit/DG89RF,DG8 9RF,,,,other,Postcode,231347.000,549389.000,3500,18000,,,,,,,,,,,,,Dumfries and Galloway,http://data.ordnancesurvey.co.uk/id/7000000000031903,http://data.ordnancesurvey.co.uk/ontology/admingeo/UnitaryAuthority,Scotland,http://data.ordnancesurvey.co.uk/id/7000000000041429,Scotland,http://data.ordnancesurvey.co.uk/id/country/scotland,,,
DG80JN,http://data.ordnancesurvey.co.uk/id/postcodeunit/DG80JN,DG8 0JN,,,,other,Postcode,220468.000,554678.000,3500,18000,,,,,,,,,,,,,Dumfries and Galloway,http://data.ordnancesurvey.co.uk/id/7000000000031903,http://data.ordnancesurvey.co.uk/ontology/admingeo/UnitaryAuthority,Scotland,http://data.ordnancesurvey.co.uk/id/7000000000041429,Scotland,http://data.ordnancesurvey.co.uk/id/country/scotland,,,
DG80JY,http://data.ordnancesurvey.co.uk/id/postcodeunit/DG80JY,DG8 0JY,,,,other,Postcode,223059.000,552373.000,3500,18000,,,,,,,Auchenmalg,http://data.ordnancesurvey.co.uk/id/4000000074566346,http://www.ordnancesurvey.co.uk/xml/codelists/localtype.xml#hamlet,,,,Dumfries and Galloway,http://data.ordnancesurvey.co.uk/id/7000000000031903,http://data.ordnancesurvey.co.uk/ontology/admingeo/UnitaryAuthority,Scotland,http://data.ordnancesurvey.co.uk/id/7000000000041429,Scotland,http://data.ordnancesurvey.co.uk/id/country/scotland,,,
DG89BJ,http://data.ordnancesurvey.co.uk/id/postcodeunit/DG89BJ,DG8 9BJ,,,,other,Postcode,237203.000,557168.000,3500,18000,,,,,,,,,,,,,Dumfries and Galloway,http://data.ordnancesurvey.co.uk/id/7000000000031903,http://data.ordnancesurvey.co.uk/ontology/admingeo/UnitaryAuthority,Scotland,http://data.ordnancesurvey.co.uk/id/7000000000041429,Scotland,http://data.ordnancesurvey.co.uk/id/country/scotland,,,
DG80DG,http://data.ordnancesurvey.co.uk/id/postcodeunit/DG80DG,DG8 0DG,,,,other,Postcode,231562.000,559714.000,3500,18000,,,,,,,,,,,,,Dumfries and Galloway,http://data.ordnancesurvey.co.uk/id/7000000000031903,http://data.ordnancesurvey.co.uk/ontology/admingeo/UnitaryAuthority,Scotland,http://data.ordnancesurvey.co.uk/id/7000000000041429,Scotland,http://data.ordnancesurvey.co.uk/id/country/scotland,,,
DG89SB,http://data.ordnancesurvey.co.uk/id/postcodeunit/DG89SB,DG8 9SB,,,,other,Postcode,233791.000,543401.000,3500,18000,,,,,,,,,,,,,Dumfries and Galloway,http://data.ordnancesurvey.co.uk/id/7000000000031903,http://data.ordnancesurvey.co.uk/ontology/admingeo/UnitaryAuthority,Scotland,http://data.ordnancesurvey.co.uk/id/7000000000041429,Scotland,http://data.ordnancesurvey.co.uk/id/country/scotland,,,
DG89LT,http://data.ordnancesurvey.co.uk/id/postcodeunit/DG89LT,DG8 9LT,,,,other,Postcode,233969.000,545733.000,3500,18000,,,,,,,,,,,,,Dumfries and Galloway,http://data.ordnancesurvey.co.uk/id/7000000000031903,http://data.ordnancesurvey.co.uk/ontology/admingeo/UnitaryAuthority,Scotland,http://data.ordnancesurvey.co.uk/id/7000000000041429,Scotland,http://data.ordnancesurvey.co.uk/id/country/scotland,,,
DG89PG,http://data.ordnancesurvey.co.uk/id/postcodeunit/DG89PG,DG8 9PG,,,,other,Postcode,238923.000,548881.000,3500,18000,,,,,,,,,,,,,Dumfries and Galloway,http://data.ordnancesurvey.co.uk/id/7000000000031903,http://data.ordnancesurvey.co.uk/ontology/admingeo/UnitaryAuthority,Scotland,http://data.ordnancesurvey.co.uk/id/7000000000041429,Scotland,http://data.ordnancesurvey.co.uk/id/country/scotland,,,
DG80DD,http://data.ordnancesurvey.co.uk/id/postcodeunit/DG80DD,DG8 0DD,,,,other,Postcode,233753.000,558820.000,3500,18000,,,,,,,,,,,,,Dumfries and Galloway,http://data.ordnancesurvey.co.uk/id/7000000000031903,http://data.ordnancesurvey.co.uk/ontology/admingeo/UnitaryAuthority,Scotland,http://data.ordnancesurvey.co.uk/id/7000000000041429,Scotland,http://data.ordnancesurvey.co.uk/id/country/scotland,,,
DG89NZ,http://data.ordnancesurvey.co.uk/id/postcodeunit/DG89NZ,DG8 9NZ,,,,other,Postcode,239577.000,548762.000,3500,18000,,,,,,,,,,,,,Dumfries and Galloway,http://data.ordnancesurvey.co.uk/id/7000000000031903,http://data.ordnancesurvey.co.uk/ontology/admingeo/UnitaryAuthority,Scotland,http://data.ordnancesurvey.co.uk/id/7000000000041429,Scotland,http://data.ordnancesurvey.co.uk/id/country/scotland,,,
DG89LQ,http://data.ordnancesurvey.co.uk/id/postcodeunit/DG89LQ,DG8 9LQ,,,,other,Postcode,234730.000,541998.000,3500,18000,,,,,,,,,,,,,Dumfries and Galloway,http://data.ordnancesurvey.co.uk/id/7000000000031903,http://data.ordnancesurvey.co.uk/ontology/admingeo/UnitaryAuthority,Scotland,http://data.ordnancesurvey.co.uk/id/7000000000041429,Scotland,http://data.ordnancesurvey.co.uk/id/country/scotland,,,
DG80JP,http://data.ordnancesurvey.co.uk/id/postcodeunit/DG80JP,DG8 0JP,,,,other,Postcode,223303.000,552799.000,3500,18000,,,,,,,,,,,,,Dumfries and Galloway,http://data.ordnancesurvey.co.uk/id/7000000000031903,http://data.ordnancesurvey.co.uk/ontology/admingeo/UnitaryAuthority,Scotland,http://data.ordnancesurvey.co.uk/id/7000000000041429,Scotland,http://data.ordnancesurvey.co.uk/id/country/scotland,,,
DG89RT,http://data.ordnancesurvey.co.uk/id/postcodeunit/DG89RT,DG8 9RT,,,,other,Postcode,228043.000,549892.000,3500,18000,,,,,,,,,,,,,Dumfries and Galloway,http://data.ordnancesurvey.co.uk/id/7000000000031903,http://data.ordnancesurvey.co.uk/ontology/admingeo/UnitaryAuthority,Scotland,http://data.ordnancesurvey.co.uk/id/7000000000041429,Scotland,http://data.ordnancesurvey.co.uk/id/country/scotland,,,
DG86QJ,http://data.ordnancesurvey.co.uk/id/postcodeunit/DG86QJ,DG8 6QJ,,,,other,Postcode,238011.000,559516.000,3500,18000,,,,,,,,,,,,,Dumfries and Galloway,http://data.ordnancesurvey.co.uk/id/7000000000031903,http://data.ordnancesurvey.co.uk/ontology/admingeo/UnitaryAuthority,Scotland,http://data.ordnancesurvey.co.uk/id/7000000000041429,Scotland,http://data.ordnancesurvey.co.uk/id/country/scotland,,,
DG80BT,http://data.ordnancesurvey.co.uk/id/postcodeunit/DG80BT,DG8 0BT,,,,other,Postcode,236527.000,558650.000,3500,18000,,,,,,,,,,,,,Dumfries and Galloway,http://data.ordnancesurvey.co.uk/id/7000000000031903,http://data.ordnancesurvey.co.uk/ontology/admingeo/UnitaryAuthority,Scotland,http://data.ordnancesurvey.co.uk/id/7000000000041429,Scotland,http://data.ordnancesurvey.co.uk/id/country/scotland,,,
DG89LA,http://data.ordnancesurvey.co.uk/id/postcodeunit/DG89LA,DG8 9LA,,,,other,Postcode,234934.000,542941.000,3500,18000,,,,,,,,,,,,,Dumfries and Galloway,http://data.ordnancesurvey.co.uk/id/7000000000031903,http://data.ordnancesurvey.co.uk/ontology/admingeo/UnitaryAuthority,Scotland,http://data.ordnancesurvey.co.uk/id/7000000000041429,Scotland,http://data.ordnancesurvey.co.uk/id/country/scotland,,,
DG80BY,http://data.ordnancesurvey.co.uk/id/postcodeunit/DG80BY,DG8 0BY,,,,other,Postcode,236354.000,557522.000,3500,18000,,,,,,,Spittal,http://data.ordnancesurvey.co.uk/id/4000000074565686,http://www.ordnancesurvey.co.uk/xml/codelists/localtype.xml#hamlet,,,,Dumfries and Galloway,http://data.ordnancesurvey.co.uk/id/7000000000031903,http://data.ordnancesurvey.co.uk/ontology/admingeo/UnitaryAuthority,Scotland,http://data.ordnancesurvey.co.uk/id/7000000000041429,Scotland,http://data.ordnancesurvey.co.uk/id/country/scotland,,,
DG89RQ,http://data.ordnancesurvey.co.uk/id/postcodeunit/DG89RQ,DG8 9RQ,,,,other,Postcode,233949.000,548430.000,3500,18000,,,,,,,,,,,,,Dumfries and Galloway,http://data.ordnancesurvey.co.uk/id/7000000000031903,http://data.ordnancesurvey.co.uk/ontology/admingeo/UnitaryAuthority,Scotland,http://data.ordnancesurvey.co.uk/id/7000000000041429,Scotland,http://data.ordnancesurvey.co.uk/id/country/scotland,,,
DG89QR,http://data.ordnancesurvey.co.uk/id/postcodeunit/DG89QR,DG8 9QR,,,,other,Postcode,233046.000,546009.000,3500,18000,,,,,,,,,,,,,Dumfries and Galloway,http://data.ordnancesurvey.co.uk/id/7000000000031903,http://data.ordnancesurvey.co.uk/ontology/admingeo/UnitaryAuthority,Scotland,http://data.ordnancesurvey.co.uk/id/7000000000041429,Scotland,http://data.ordnancesurvey.co.uk/id/country/scotland,,,
DG89BA,http://data.ordnancesurvey.co.uk/id/postcodeunit/DG89BA,DG8 9BA,,,,other,Postcode,238081.000,553691.000,3500,18000,,,,,,,,,,,,,Dumfries and Galloway,http://data.ordnancesurvey.co.uk/id/7000000000031903,http://data.ordnancesurvey.co.uk/ontology/admingeo/UnitaryAuthority,Scotland,http://data.ordnancesurvey.co.uk/id/7000000000041429,Scotland,http://data.ordnancesurvey.co.uk/id/country/scotland,,,
DG89LU,http://data.ordnancesurvey.co.uk/id/postcodeunit/DG89LU,DG8 9LU,,,,other,Postcode,234582.000,546426.000,3500,18000,,,,,,,Mochrum,http://data.ordnancesurvey.co.uk/id/4000000074565683,http://www.ordnancesurvey.co.uk/xml/codelists/localtype.xml#village,,,,Dumfries and Galloway,http://data.ordnancesurvey.co.uk/id/7000000000031903,http://data.ordnancesurvey.co.uk/ontology/admingeo/UnitaryAuthority,Scotland,http://data.ordnancesurvey.co.uk/id/7000000000041429,Scotland,http://data.ordnancesurvey.co.uk/id/country/scotland,,,
DG80NZ,http://data.ordnancesurvey.co.uk/id/postcodeunit/DG80NZ,DG8 0NZ,,,,other,Postcode,220808.000,559238.000,3500,18000,,,,,,,,,,,,,Dumfries and Galloway,http://data.ordnancesurvey.co.uk/id/7000000000031903,http://data.ordnancesurvey.co.uk/ontology/admingeo/UnitaryAuthority,Scotland,http://data.ordnancesurvey.co.uk/id/7000000000041429,Scotland,http://data.ordnancesurvey.co.uk/id/country/scotland,,,
DG89NB,http://data.ordnancesurvey.co.uk/id/postcodeunit/DG89NB,DG8 9NB,,,,other,Postcode,236149.000,548018.000,3500,18000,,,,,,,,,,,,,Dumfries and Galloway,http://data.ordnancesurvey.co.uk/id/7000000000031903,http://data.ordnancesurvey.co.uk/ontology/admingeo/UnitaryAuthority,Scotland,http://data.ordnancesurvey.co.uk/id/7000000000041429,Scotland,http://data.ordnancesurvey.co.uk/id/country/scotland,,,
DG89DJ,http://data.ordnancesurvey.co.uk/id/postcodeunit/DG89DJ,DG8 9DJ,,,,other,Postcode,239503.000,556587.000,3500,18000,,,,,,,,,,,,,Dumfries and Galloway,http://data.ordnancesurvey.co.uk/id/7000000000031903,http://data.ordnancesurvey.co.uk/ontology/admingeo/UnitaryAuthority,Scotland,http://data.ordnancesurvey.co.uk/id/7000000000041429,Scotland,http://data.ordnancesurvey.co.uk/id/country/scotland,,,
DG89RH,http://data.ordnancesurvey.co.uk/id/postcodeunit/DG89RH,DG8 9RH,,,,other,Postcode,233104.000,549992.000,3500,18000,,,,,,,,,,,,,Dumfries and Galloway,http://data.ordnancesurvey.co.uk/id/7000000000031903,http://data.ordnancesurvey.co.uk/ontology/admingeo/UnitaryAuthority,Scotland,http://data.ordnancesurvey.co.uk/id/7000000000041429,Scotland,http://data.ordnancesurvey.co.uk/id/country/scotland,,,
DG89LJ,http://data.ordnancesurvey.co.uk/id/postcodeunit/DG89LJ,DG8 9LJ,,,,other,Postcode,236069.000,540935.000,3500,18000,,,,,,,Monreith,http://data.ordnancesurvey.co.uk/id/4000000074565369,http://www.ordnancesurvey.co.uk/xml/codelists/localtype.xml#village,,,,Dumfries and Galloway,http://data.ordnancesurvey.co.uk/id/7000000000031903,http://data.ordnancesurvey.co.uk/ontology/admingeo/UnitaryAuthority,Scotland,http://data.ordnancesurvey.co.uk/id/7000000000041429,Scotland,http://data.ordnancesurvey.co.uk/id/country/scotland,,,
DG80JX,http://data.ordnancesurvey.co.uk/id/postcodeunit/DG80JX,DG8 0JX,,,,other,Postcode,223052.000,551982.000,3500,18000,,,,,,,,,,,,,Dumfries and Galloway,http://data.ordnancesurvey.co.uk/id/7000000000031903,http://data.ordnancesurvey.co.uk/ontology/admingeo/UnitaryAuthority,Scotland,http://data.ordnancesurvey.co.uk/id/7000000000041429,Scotland,http://data.ordnancesurvey.co.uk/id/country/scotland,,,
DG80DW,http://data.ordnancesurvey.co.uk/id/postcodeunit/DG80DW,DG8 0DW,,,,other,Postcode,229032.000,559872.000,3500,18000,,,,,,,,,,,,,Dumfries and Galloway,http://data.ordnancesurvey.co.uk/id/7000000000031903,http://data.ordnancesurvey.co.uk/ontology/admingeo/UnitaryAuthority,Scotland,http://data.ordnancesurvey.co.uk/id/7000000000041429,Scotland,http://data.ordnancesurvey.co.uk/id/country/scotland,,,
DG89SR,http://data.ordnancesurvey.co.uk/id/postcodeunit/DG89SR,DG8 9SR,,,,other,Postcode,234125.000,543337.000,3500,18000,,,,,,,Port William,http://data.ordnancesurvey.co.uk/id/4000000074566000,http://www.ordnancesurvey.co.uk/xml/codelists/localtype.xml#village,,,,Dumfries and Galloway,http://data.ordnancesurvey.co.uk/id/7000000000031903,http://data.ordnancesurvey.co.uk/ontology/admingeo/UnitaryAuthority,Scotland,http://data.ordnancesurvey.co.uk/id/7000000000041429,Scotland,http://data.ordnancesurvey.co.uk/id/country/scotland,,,
DG89NE,http://data.ordnancesurvey.co.uk/id/postcodeunit/DG89NE,DG8 9NE,,,,other,Postcode,235085.000,549827.000,3500,18000,,,,,,,,,,,,,Dumfries and Galloway,http://data.ordnancesurvey.co.uk/id/7000000000031903,http://data.ordnancesurvey.co.uk/ontology/admingeo/UnitaryAuthority,Scotland,http://data.ordnancesurvey.co.uk/id/7000000000041429,Scotland,http://data.ordnancesurvey.co.uk/id/country/scotland,,,
DG80DP,http://data.ordnancesurvey.co.uk/id/postcodeunit/DG80DP,DG8 0DP,,,,other,Postcode,229437.000,558265.000,3500,18000,,,,,,,,,,,,,Dumfries and Galloway,http://data.ordnancesurvey.co.uk/id/7000000000031903,http://data.ordnancesurvey.co.uk/ontology/admingeo/UnitaryAuthority,Scotland,http://data.ordnancesurvey.co.uk/id/7000000000041429,Scotland,http://data.ordnancesurvey.co.uk/id/country/scotland,,,
DG89NA,http://data.ordnancesurvey.co.uk/id/postcodeunit/DG89NA,DG8 9NA,,,,other,Postcode,235203.000,547521.000,3500,18000,,,,,,,,,,,,,Dumfries and Galloway,http://data.ordnancesurvey.co.uk/id/7000000000031903,http://data.ordnancesurvey.co.uk/ontology/admingeo/UnitaryAuthority,Scotland,http://data.ordnancesurvey.co.uk/id/7000000000041429,Scotland,http://data.ordnancesurvey.co.uk/id/country/scotland,,,
DG80QW,http://data.ordnancesurvey.co.uk/id/postcodeunit/DG80QW,DG8 0QW,,,,other,Postcode,220196.000,557694.000,3500,18000,,,,,,,Glenluce,http://data.ordnancesurvey.co.uk/id/4000000074566341,http://www.ordnancesurvey.co.uk/xml/codelists/localtype.xml#village,,,,Dumfries and Galloway,http://data.ordnancesurvey.co.uk/id/7000000000031903,http://data.ordnancesurvey.co.uk/ontology/admingeo/UnitaryAuthority,Scotland,http://data.ordnancesurvey.co.uk/id/7000000000041429,Scotland,http://data.ordnancesurvey.co.uk/id/country/scotland,,,
DG80LA,http://data.ordnancesurvey.co.uk/id/postcodeunit/DG80LA,DG8 0LA,,,,other,Postcode,221733.000,552482.000,3500,18000,,,,,,,,,,,,,Dumfries and Galloway,http://data.ordnancesurvey.co.uk/id/7000000000031903,http://data.ordnancesurvey.co.uk/ontology/admingeo/UnitaryAuthority,Scotland,http://data.ordnancesurvey.co.uk/id/7000000000041429,Scotland,http://data.ordnancesurvey.co.uk/id/country/scotland,,,
DG89LS,http://data.ordnancesurvey.co.uk/id/postcodeunit/DG89LS,DG8 9LS,,,,other,Postcode,233864.000,544697.000,3500,18000,,,,,,,,,,,,,Dumfries and Galloway,http://data.ordnancesurvey.co.uk/id/7000000000031903,http://data.ordnancesurvey.co.uk/ontology/admingeo/UnitaryAuthority,Scotland,http://data.ordnancesurvey.co.uk/id/7000000000041429,Scotland,http://data.ordnancesurvey.co.uk/id/country/scotland,,,
DG89PT,http://data.ordnancesurvey.co.uk/id/postcodeunit/DG89PT,DG8 9PT,,,,other,Postcode,237551.000,545270.000,3500,18000,,,,,,,,,,,,,Dumfries and Galloway,http://data.ordnancesurvey.co.uk/id/7000000000031903,http://data.ordnancesurvey.co.uk/ontology/admingeo/UnitaryAuthority,Scotland,http://data.ordnancesurvey.co.uk/id/7000000000041429,Scotland,http://data.ordnancesurvey.co.uk/id/country/scotland,,,
DG89QS,http://data.ordnancesurvey.co.uk/id/postcodeunit/DG89QS,DG8 9QS,,,,other,Postcode,231832.000,546163.000,3500,18000,,,,,,,,,,,,,Dumfries and Galloway,http://data.ordnancesurvey.co.uk/id/7000000000031903,http://data.ordnancesurvey.co.uk/ontology/admingeo/UnitaryAuthority,Scotland,http://data.ordnancesurvey.co.uk/id/7000000000041429,Scotland,http://data.ordnancesurvey.co.uk/id/country/scotland,,,
DG80NJ,http://data.ordnancesurvey.co.uk/id/postcodeunit/DG80NJ,DG8 0NJ,,,,other,Postcode,220326.000,555235.000,3500,18000,,,,,,,,,,,,,Dumfries and Galloway,http://data.ordnancesurvey.co.uk/id/7000000000031903,http://data.ordnancesurvey.co.uk/ontology/admingeo/UnitaryAuthority,Scotland,http://data.ordnancesurvey.co.uk/id/7000000000041429,Scotland,http://data.ordnancesurvey.co.uk/id/country/scotland,,,
DG89SQ,http://data.ordnancesurvey.co.uk/id/postcodeunit/DG89SQ,DG8 9SQ,,,,other,Postcode,233816.000,543530.000,3500,18000,,,,,,,Port William,http://data.ordnancesurvey.co.uk/id/4000000074566000,http://www.ordnancesurvey.co.uk/xml/codelists/localtype.xml#village,,,,Dumfries and Galloway,http://data.ordnancesurvey.co.uk/id/7000000000031903,http://data.ordnancesurvey.co.uk/ontology/admingeo/UnitaryAuthority,Scotland,http://data.ordnancesurvey.co.uk/id/7000000000041429,Scotland,http://data.ordnancesurvey.co.uk/id/country/scotland,,,
DG89RP,http://data.ordnancesurvey.co.uk/id/postcodeunit/DG89RP,DG8 9RP,,,,other,Postcode,230630.000,551027.000,3500,18000,,,,,,,,,,,,,Dumfries and Galloway,http://data.ordnancesurvey.co.uk/id/7000000000031903,http://data.ordnancesurvey.co.uk/ontology/admingeo/UnitaryAuthority,Scotland,http://data.ordnancesurvey.co.uk/id/7000000000041429,Scotland,http://data.ordnancesurvey.co.uk/id/country/scotland,,,
DG89PS,http://data.ordnancesurvey.co.uk/id/postcodeunit/DG89PS,DG8 9PS,,,,other,Postcode,236614.000,547728.000,3500,18000,,,,,,,,,,,,,Dumfries and Galloway,http://data.ordnancesurvey.co.uk/id/7000000000031903,http://data.ordnancesurvey.co.uk/ontology/admingeo/UnitaryAuthority,Scotland,http://data.ordnancesurvey.co.uk/id/7000000000041429,Scotland,http://data.ordnancesurvey.co.uk/id/country/scotland,,,
DG89RN,http://data.ordnancesurvey.co.uk/id/postcodeunit/DG89RN,DG8 9RN,,,,other,Postcode,233374.000,551844.000,3500,18000,,,,,,,,,,,,,Dumfries and Galloway,http://data.ordnancesurvey.co.uk/id/7000000000031903,http://data.ordnancesurvey.co.uk/ontology/admingeo/UnitaryAuthority,Scotland,http://data.ordnancesurvey.co.uk/id/7000000000041429,Scotland,http://data.ordnancesurvey.co.uk/id/country/scotland,,,
DG80QL,http://data.ordnancesurvey.co.uk/id/postcodeunit/DG80QL,DG8 0QL,,,,other,Postcode,220018.000,557624.000,3500,18000,,,,,,,Glenluce,http://data.ordnancesurvey.co.uk/id/4000000074566341,http://www.ordnancesurvey.co.uk/xml/codelists/localtype.xml#village,,,,Dumfries and Galloway,http://data.ordnancesurvey.co.uk/id/7000000000031903,http://data.ordnancesurvey.co.uk/ontology/admingeo/UnitaryAuthority,Scotland,http://data.ordnancesurvey.co.uk/id/7000000000041429,Scotland,http://data.ordnancesurvey.co.uk/id/country/scotland,,,
DG89QZ,http://data.ordnancesurvey.co.uk/id/postcodeunit/DG89QZ,DG8 9QZ,,,,other,Postcode,232267.000,547327.000,3500,18000,,,,,,,Elrig,http://data.ordnancesurvey.co.uk/id/4000000074566002,http://www.ordnancesurvey.co.uk/xml/codelists/localtype.xml#hamlet,,,,Dumfries and Galloway,http://data.ordnancesurvey.co.uk/id/7000000000031903,http://data.ordnancesurvey.co.uk/ontology/admingeo/UnitaryAuthority,Scotland,http://data.ordnancesurvey.co.uk/id/7000000000041429,Scotland,http://data.ordnancesurvey.co.uk/id/country/scotland,,,
DG80BS,http://data.ordnancesurvey.co.uk/id/postcodeunit/DG80BS,DG8 0BS,,,,other,Postcode,235643.000,559903.000,3500,18000,,,,,,,,,,,,,Dumfries and Galloway,http://data.ordnancesurvey.co.uk/id/7000000000031903,http://data.ordnancesurvey.co.uk/ontology/admingeo/UnitaryAuthority,Scotland,http://data.ordnancesurvey.co.uk/id/7000000000041429,Scotland,http://data.ordnancesurvey.co.uk/id/country/scotland,,,
DG80LD,http://data.ordnancesurvey.co.uk/id/postcodeunit/DG80LD,DG8 0LD,,,,other,Postcode,224106.000,554883.000,3500,18000,,,,,,,,,,,,,Dumfries and Galloway,http://data.ordnancesurvey.co.uk/id/7000000000031903,http://data.ordnancesurvey.co.uk/ontology/admingeo/UnitaryAuthority,Scotland,http://data.ordnancesurvey.co.uk/id/7000000000041429,Scotland,http://data.ordnancesurvey.co.uk/id/country/scotland,,,
DG89PH,http://data.ordnancesurvey.co.uk/id/postcodeunit/DG89PH,DG8 9PH,,,,other,Postcode,237717.000,547333.000,3500,18000,,,,,,,,,,,,,Dumfries and Galloway,http://data.ordnancesurvey.co.uk/id/7000000000031903,http://data.ordnancesurvey.co.uk/ontology/admingeo/UnitaryAuthority,Scotland,http://data.ordnancesurvey.co.uk/id/7000000000041429,Scotland,http://data.ordnancesurvey.co.uk/id/country/scotland,,,
DG89NF,http://data.ordnancesurvey.co.uk/id/postcodeunit/DG89NF,DG8 9NF,,,,other,Postcode,236210.000,549571.000,3500,18000,,,,,,,Barrachan,http://data.ordnancesurvey.co.uk/id/4000000074566001,http://www.ordnancesurvey.co.uk/xml/codelists/localtype.xml#hamlet,,,,Dumfries and Galloway,http://data.ordnancesurvey.co.uk/id/7000000000031903,http://data.ordnancesurvey.co.uk/ontology/admingeo/UnitaryAuthority,Scotland,http://data.ordnancesurvey.co.uk/id/7000000000041429,Scotland,http://data.ordnancesurvey.co.uk/id/country/scotland,,,
DG80JS,http://data.ordnancesurvey.co.uk/id/postcodeunit/DG80JS,DG8 0JS,,,,other,Postcode,223799.000,552421.000,3500,18000,,,,,,,,,,,,,Dumfries and Galloway,http://data.ordnancesurvey.co.uk/id/7000000000031903,http://data.ordnancesurvey.co.uk/ontology/admingeo/UnitaryAuthority,Scotland,http://data.ordnancesurvey.co.uk/id/7000000000041429,Scotland,http://data.ordnancesurvey.co.uk/id/country/scotland,,,
DG80LG,http://data.ordnancesurvey.co.uk/id/postcodeunit/DG80LG,DG8 0LG,,,,other,Postcode,225071.000,559425.000,3500,18000,,,,,,,,,,,,,Dumfries and Galloway,http://data.ordnancesurvey.co.uk/id/7000000000031903,http://data.ordnancesurvey.co.uk/ontology/admingeo/UnitaryAuthority,Scotland,http://data.ordnancesurvey.co.uk/id/7000000000041429,Scotland,http://data.ordnancesurvey.co.uk/id/country/scotland,,,
DG89SA,http://data.ordnancesurvey.co.uk/id/postcodeunit/DG89SA,DG8 9SA,,,,other,Postcode,233967.000,543379.000,3500,18000,,,,,,,Port William,http://data.ordnancesurvey.co.uk/id/4000000074566000,http://www.ordnancesurvey.co.uk/xml/codelists/localtype.xml#village,,,,Dumfries and Galloway,http://data.ordnancesurvey.co.uk/id/7000000000031903,http://data.ordnancesurvey.co.uk/ontology/admingeo/UnitaryAuthority,Scotland,http://data.ordnancesurvey.co.uk/id/7000000000041429,Scotland,http://data.ordnancesurvey.co.uk/id/country/scotland,,,
DG80JR,http://data.ordnancesurvey.co.uk/id/postcodeunit/DG80JR,DG8 0JR,,,,other,Postcode,223305.000,552209.000,3500,18000,,,,,,,Auchenmalg,http://data.ordnancesurvey.co.uk/id/4000000074566346,http://www.ordnancesurvey.co.uk/xml/codelists/localtype.xml#hamlet,,,,Dumfries and Galloway,http://data.ordnancesurvey.co.uk/id/7000000000031903,http://data.ordnancesurvey.co.uk/ontology/admingeo/UnitaryAuthority,Scotland,http://data.ordnancesurvey.co.uk/id/7000000000041429,Scotland,http://data.ordnancesurvey.co.uk/id/country/scotland,,,
DG80NT,http://data.ordnancesurvey.co.uk/id/postcodeunit/DG80NT,DG8 0NT,,,,other,Postcode,221001.000,557690.000,3500,18000,,,,,,,,,,,,,Dumfries and Galloway,http://data.ordnancesurvey.co.uk/id/7000000000031903,http://data.ordnancesurvey.co.uk/ontology/admingeo/UnitaryAuthority,Scotland,http://data.ordnancesurvey.co.uk/id/7000000000041429,Scotland,http://data.ordnancesurvey.co.uk/id/country/scotland,,,
DG89QA,http://data.ordnancesurvey.co.uk/id/postcodeunit/DG89QA,DG8 9QA,,,,other,Postcode,238730.000,547146.000,3500,18000,,,,,,,,,,,,,Dumfries and Galloway,http://data.ordnancesurvey.co.uk/id/7000000000031903,http://data.ordnancesurvey.co.uk/ontology/admingeo/UnitaryAuthority,Scotland,http://data.ordnancesurvey.co.uk/id/7000000000041429,Scotland,http://data.ordnancesurvey.co.uk/id/country/scotland,,,
DG80DA,http://data.ordnancesurvey.co.uk/id/postcodeunit/DG80DA,DG8 0DA,,,,other,Postcode,236062.000,557866.000,3500,18000,,,,,,,Spittal,http://data.ordnancesurvey.co.uk/id/4000000074565686,http://www.ordnancesurvey.co.uk/xml/codelists/localtype.xml#hamlet,,,,Dumfries and Galloway,http://data.ordnancesurvey.co.uk/id/7000000000031903,http://data.ordnancesurvey.co.uk/ontology/admingeo/UnitaryAuthority,Scotland,http://data.ordnancesurvey.co.uk/id/7000000000041429,Scotland,http://data.ordnancesurvey.co.uk/id/country/scotland,,,
DG89SW,http://data.ordnancesurvey.co.uk/id/postcodeunit/DG89SW,DG8 9SW,,,,other,Postcode,234040.000,543331.000,3500,18000,,,,,,,Port William,http://data.ordnancesurvey.co.uk/id/4000000074566000,http://www.ordnancesurvey.co.uk/xml/codelists/localtype.xml#village,,,,Dumfries and Galloway,http://data.ordnancesurvey.co.uk/id/7000000000031903,http://data.ordnancesurvey.co.uk/ontology/admingeo/UnitaryAuthority,Scotland,http://data.ordnancesurvey.co.uk/id/7000000000041429,Scotland,http://data.ordnancesurvey.co.uk/id/country/scotland,,,
DG89PE,http://data.ordnancesurvey.co.uk/id/postcodeunit/DG89PE,DG8 9PE,,,,other,Postcode,237730.000,552092.000,3500,18000,,,,,,,,,,,,,Dumfries and Galloway,http://data.ordnancesurvey.co.uk/id/7000000000031903,http://data.ordnancesurvey.co.uk/ontology/admingeo/UnitaryAuthority,Scotland,http://data.ordnancesurvey.co.uk/id/7000000000041429,Scotland,http://data.ordnancesurvey.co.uk/id/country/scotland,,,
DG80PU,http://data.ordnancesurvey.co.uk/id/postcodeunit/DG80PU,DG8 0PU,,,,other,Postcode,220307.000,557595.000,3500,18000,,,,,,,Glenluce,http://data.ordnancesurvey.co.uk/id/4000000074566341,http://www.ordnancesurvey.co.uk/xml/codelists/localtype.xml#village,,,,Dumfries and Galloway,http://data.ordnancesurvey.co.uk/id/7000000000031903,http://data.ordnancesurvey.co.uk/ontology/admingeo/UnitaryAuthority,Scotland,http://data.ordnancesurvey.co.uk/id/7000000000041429,Scotland,http://data.ordnancesurvey.co.uk/id/country/scotland,,,
DG80JJ,http://data.ordnancesurvey.co.uk/id/postcodeunit/DG80JJ,DG8 0JJ,,,,other,Postcode,221481.000,554339.000,3500,18000,,,,,,,,,,,,,Dumfries and Galloway,http://data.ordnancesurvey.co.uk/id/7000000000031903,http://data.ordnancesurvey.co.uk/ontology/admingeo/UnitaryAuthority,Scotland,http://data.ordnancesurvey.co.uk/id/7000000000041429,Scotland,http://data.ordnancesurvey.co.uk/id/country/scotland,,,
DG89RJ,http://data.ordnancesurvey.co.uk/id/postcodeunit/DG89RJ,DG8 9RJ,,,,other,Postcode,233501.000,551617.000,3500,18000,,,,,,,,,,,,,Dumfries and Galloway,http://data.ordnancesurvey.co.uk/id/7000000000031903,http://data.ordnancesurvey.co.uk/ontology/admingeo/UnitaryAuthority,Scotland,http://data.ordnancesurvey.co.uk/id/7000000000041429,Scotland,http://data.ordnancesurvey.co.uk/id/country/scotland,,,
DG80PX,http://data.ordnancesurvey.co.uk/id/postcodeunit/DG80PX,DG8 0PX,,,,other,Postcode,220062.000,557626.000,3500,18000,,,,,,,Glenluce,http://data.ordnancesurvey.co.uk/id/4000000074566341,http://www.ordnancesurvey.co.uk/xml/codelists/localtype.xml#village,,,,Dumfries and Galloway,http://data.ordnancesurvey.co.uk/id/7000000000031903,http://data.ordnancesurvey.co.uk/ontology/admingeo/UnitaryAuthority,Scotland,http://data.ordnancesurvey.co.uk/id/7000000000041429,Scotland,http://data.ordnancesurvey.co.uk/id/country/scotland,,,
DG89LX,http://data.ordnancesurvey.co.uk/id/postcodeunit/DG89LX,DG8 9LX,,,,other,Postcode,233987.000,546781.000,3500,18000,,,,,,,,,,,,,Dumfries and Galloway,http://data.ordnancesurvey.co.uk/id/7000000000031903,http://data.ordnancesurvey.co.uk/ontology/admingeo/UnitaryAuthority,Scotland,http://data.ordnancesurvey.co.uk/id/7000000000041429,Scotland,http://data.ordnancesurvey.co.uk/id/country/scotland,,,
DG89PL,http://data.ordnancesurvey.co.uk/id/postcodeunit/DG89PL,DG8 9PL,,,,other,Postcode,237009.000,546053.000,3500,18000,,,,,,,,,,,,,Dumfries and Galloway,http://data.ordnancesurvey.co.uk/id/7000000000031903,http://data.ordnancesurvey.co.uk/ontology/admingeo/UnitaryAuthority,Scotland,http://data.ordnancesurvey.co.uk/id/7000000000041429,Scotland,http://data.ordnancesurvey.co.uk/id/country/scotland,,,
DG89QN,http://data.ordnancesurvey.co.uk/id/postcodeunit/DG89QN,DG8 9QN,,,,other,Postcode,233904.000,543837.000,3500,18000,,,,,,,Port William,http://data.ordnancesurvey.co.uk/id/4000000074566000,http://www.ordnancesurvey.co.uk/xml/codelists/localtype.xml#village,,,,Dumfries and Galloway,http://data.ordnancesurvey.co.uk/id/7000000000031903,http://data.ordnancesurvey.co.uk/ontology/admingeo/UnitaryAuthority,Scotland,http://data.ordnancesurvey.co.uk/id/7000000000041429,Scotland,http://data.ordnancesurvey.co.uk/id/country/scotland,,,
DG89QP,http://data.ordnancesurvey.co.uk/id/postcodeunit/DG89QP,DG8 9QP,,,,other,Postcode,233731.000,544396.000,3500,18000,,,,,,,Port William,http://data.ordnancesurvey.co.uk/id/4000000074566000,http://www.ordnancesurvey.co.uk/xml/codelists/localtype.xml#village,,,,Dumfries and Galloway,http://data.ordnancesurvey.co.uk/id/7000000000031903,http://data.ordnancesurvey.co.uk/ontology/admingeo/UnitaryAuthority,Scotland,http://data.ordnancesurvey.co.uk/id/7000000000041429,Scotland,http://data.ordnancesurvey.co.uk/id/country/scotland,,,
DG80JH,http://data.ordnancesurvey.co.uk/id/postcodeunit/DG80JH,DG8 0JH,,,,other,Postcode,222030.000,555672.000,3500,18000,,,,,,,,,,,,,Dumfries and Galloway,http://data.ordnancesurvey.co.uk/id/7000000000031903,http://data.ordnancesurvey.co.uk/ontology/admingeo/UnitaryAuthority,Scotland,http://data.ordnancesurvey.co.uk/id/7000000000041429,Scotland,http://data.ordnancesurvey.co.uk/id/country/scotland,,,
DG89JY,http://data.ordnancesurvey.co.uk/id/postcodeunit/DG89JY,DG8 9JY,,,,other,Postcode,235131.000,544385.000,3500,18000,,,,,,,,,,,,,Dumfries and Galloway,http://data.ordnancesurvey.co.uk/id/7000000000031903,http://data.ordnancesurvey.co.uk/ontology/admingeo/UnitaryAuthority,Scotland,http://data.ordnancesurvey.co.uk/id/7000000000041429,Scotland,http://data.ordnancesurvey.co.uk/id/country/scotland,,,
DG89SG,http://data.ordnancesurvey.co.uk/id/postcodeunit/DG89SG,DG8 9SG,,,,other,Postcode,233814.000,543464.000,3500,18000,,,,,,,Port William,http://data.ordnancesurvey.co.uk/id/4000000074566000,http://www.ordnancesurvey.co.uk/xml/codelists/localtype.xml#village,,,,Dumfries and Galloway,http://data.ordnancesurvey.co.uk/id/7000000000031903,http://data.ordnancesurvey.co.uk/ontology/admingeo/UnitaryAuthority,Scotland,http://data.ordnancesurvey.co.uk/id/7000000000041429,Scotland,http://data.ordnancesurvey.co.uk/id/country/scotland,,,
DG89QJ,http://data.ordnancesurvey.co.uk/id/postcodeunit/DG89QJ,DG8 9QJ,,,,other,Postcode,233879.000,543945.000,3500,18000,,,,,,,Port William,http://data.ordnancesurvey.co.uk/id/4000000074566000,http://www.ordnancesurvey.co.uk/xml/codelists/localtype.xml#village,,,,Dumfries and Galloway,http://data.ordnancesurvey.co.uk/id/7000000000031903,http://data.ordnancesurvey.co.uk/ontology/admingeo/UnitaryAuthority,Scotland,http://data.ordnancesurvey.co.uk/id/7000000000041429,Scotland,http://data.ordnancesurvey.co.uk/id/country/scotland,,,
DG89LB,http://data.ordnancesurvey.co.uk/id/postcodeunit/DG89LB,DG8 9LB,,,,other,Postcode,235550.000,542882.000,3500,18000,,,,,,,,,,,,,Dumfries and Galloway,http://data.ordnancesurvey.co.uk/id/7000000000031903,http://data.ordnancesurvey.co.uk/ontology/admingeo/UnitaryAuthority,Scotland,http://data.ordnancesurvey.co.uk/id/7000000000041429,Scotland,http://data.ordnancesurvey.co.uk/id/country/scotland,,,
DG89RS,http://data.ordnancesurvey.co.uk/id/postcodeunit/DG89RS,DG8 9RS,,,,other,Postcode,230793.000,554089.000,3500,18000,,,,,,,,,,,,,Dumfries and Galloway,http://data.ordnancesurvey.co.uk/id/7000000000031903,http://data.ordnancesurvey.co.uk/ontology/admingeo/UnitaryAuthority,Scotland,http://data.ordnancesurvey.co.uk/id/7000000000041429,Scotland,http://data.ordnancesurvey.co.uk/id/country/scotland,,,
DG89QT,http://data.ordnancesurvey.co.uk/id/postcodeunit/DG89QT,DG8 9QT,,,,other,Postcode,230807.000,547526.000,3500,18000,,,,,,,,,,,,,Dumfries and Galloway,http://data.ordnancesurvey.co.uk/id/7000000000031903,http://data.ordnancesurvey.co.uk/ontology/admingeo/UnitaryAuthority,Scotland,http://data.ordnancesurvey.co.uk/id/7000000000041429,Scotland,http://data.ordnancesurvey.co.uk/id/country/scotland,,,
DG80JW,http://data.ordnancesurvey.co.uk/id/postcodeunit/DG80JW,DG8 0JW,,,,other,Postcode,222844.000,553563.000,3500,18000,,,,,,,,,,,,,Dumfries and Galloway,http://data.ordnancesurvey.co.uk/id/7000000000031903,http://data.ordnancesurvey.co.uk/ontology/admingeo/UnitaryAuthority,Scotland,http://data.ordnancesurvey.co.uk/id/7000000000041429,Scotland,http://data.ordnancesurvey.co.uk/id/country/scotland,,,
DG89NG,http://data.ordnancesurvey.co.uk/id/postcodeunit/DG89NG,DG8 9NG,,,,other,Postcode,236760.000,550312.000,3500,18000,,,,,,,,,,,,,Dumfries and Galloway,http://data.ordnancesurvey.co.uk/id/7000000000031903,http://data.ordnancesurvey.co.uk/ontology/admingeo/UnitaryAuthority,Scotland,http://data.ordnancesurvey.co.uk/id/7000000000041429,Scotland,http://data.ordnancesurvey.co.uk/id/country/scotland,,,
DG89LL,http://data.ordnancesurvey.co.uk/id/postcodeunit/DG89LL,DG8 9LL,,,,other,Postcode,236041.000,541037.000,3500,18000,,,,,,,,,,,,,Dumfries and Galloway,http://data.ordnancesurvey.co.uk/id/7000000000031903,http://data.ordnancesurvey.co.uk/ontology/admingeo/UnitaryAuthority,Scotland,http://data.ordnancesurvey.co.uk/id/7000000000041429,Scotland,http://data.ordnancesurvey.co.uk/id/country/scotland,,,
DG89RB,http://data.ordnancesurvey.co.uk/id/postcodeunit/DG89RB,DG8 9RB,,,,other,Postcode,232604.000,547937.000,3500,18000,,,,,,,,,,,,,Dumfries and Galloway,http://data.ordnancesurvey.co.uk/id/7000000000031903,http://data.ordnancesurvey.co.uk/ontology/admingeo/UnitaryAuthority,Scotland,http://data.ordnancesurvey.co.uk/id/7000000000041429,Scotland,http://data.ordnancesurvey.co.uk/id/country/scotland,,,
DG88NH,http://data.ordnancesurvey.co.uk/id/postcodeunit/DG88NH,DG8 8NH,,,,other,Postcode,237526.000,540786.000,3500,18000,,,,,,,,,,,,,Dumfries and Galloway,http://data.ordnancesurvey.co.uk/id/7000000000031903,http://data.ordnancesurvey.co.uk/ontology/admingeo/UnitaryAuthority,Scotland,http://data.ordnancesurvey.co.uk/id/7000000000041429,Scotland,http://data.ordnancesurvey.co.uk/id/country/scotland,,,
DG88NQ,http://data.ordnancesurvey.co.uk/id/postcodeunit/DG88NQ,DG8 8NQ,,,,other,Postcode,237422.000,540212.000,3500,18000,,,,,,,,,,,,,Dumfries and Galloway,http://data.ordnancesurvey.co.uk/id/7000000000031903,http://data.ordnancesurvey.co.uk/ontology/admingeo/UnitaryAuthority,Scotland,http://data.ordnancesurvey.co.uk/id/7000000000041429,Scotland,http://data.ordnancesurvey.co.uk/id/country/scotland,,,
DG89LW,http://data.ordnancesurvey.co.uk/id/postcodeunit/DG89LW,DG8 9LW,,,,other,Postcode,235603.000,541488.000,3500,18000,,,,,,,,,,,,,Dumfries and Galloway,http://data.ordnancesurvey.co.uk/id/7000000000031903,http://data.ordnancesurvey.co.uk/ontology/admingeo/UnitaryAuthority,Scotland,http://data.ordnancesurvey.co.uk/id/7000000000041429,Scotland,http://data.ordnancesurvey.co.uk/id/country/scotland,,,
DG89LR,http://data.ordnancesurvey.co.uk/id/postcodeunit/DG89LR,DG8 9LR,,,,other,Postcode,235138.000,542494.000,3500,18000,,,,,,,,,,,,,Dumfries and Galloway,http://data.ordnancesurvey.co.uk/id/7000000000031903,http://data.ordnancesurvey.co.uk/ontology/admingeo/UnitaryAuthority,Scotland,http://data.ordnancesurvey.co.uk/id/7000000000041429,Scotland,http://data.ordnancesurvey.co.uk/id/country/scotland,,,
DG89QH,http://data.ordnancesurvey.co.uk/id/postcodeunit/DG89QH,DG8 9QH,,,,other,Postcode,233798.000,544044.000,3500,18000,,,,,,,Port William,http://data.ordnancesurvey.co.uk/id/4000000074566000,http://www.ordnancesurvey.co.uk/xml/codelists/localtype.xml#village,,,,Dumfries and Galloway,http://data.ordnancesurvey.co.uk/id/7000000000031903,http://data.ordnancesurvey.co.uk/ontology/admingeo/UnitaryAuthority,Scotland,http://data.ordnancesurvey.co.uk/id/7000000000041429,Scotland,http://data.ordnancesurvey.co.uk/id/country/scotland,,,
DG89RR,http://data.ordnancesurvey.co.uk/id/postcodeunit/DG89RR,DG8 9RR,,,,other,Postcode,230306.000,552524.000,3500,18000,,,,,,,,,,,,,Dumfries and Galloway,http://data.ordnancesurvey.co.uk/id/7000000000031903,http://data.ordnancesurvey.co.uk/ontology/admingeo/UnitaryAuthority,Scotland,http://data.ordnancesurvey.co.uk/id/7000000000041429,Scotland,http://data.ordnancesurvey.co.uk/id/country/scotland,,,
DG80DF,http://data.ordnancesurvey.co.uk/id/postcodeunit/DG80DF,DG8 0DF,,,,other,Postcode,230125.000,558970.000,3500,18000,,,,,,,,,,,,,Dumfries and Galloway,http://data.ordnancesurvey.co.uk/id/7000000000031903,http://data.ordnancesurvey.co.uk/ontology/admingeo/UnitaryAuthority,Scotland,http://data.ordnancesurvey.co.uk/id/7000000000041429,Scotland,http://data.ordnancesurvey.co.uk/id/country/scotland,,,
DG89AX,http://data.ordnancesurvey.co.uk/id/postcodeunit/DG89AX,DG8 9AX,,,,other,Postcode,239459.000,553182.000,3500,18000,,,,,,,,,,,,,Dumfries and Galloway,http://data.ordnancesurvey.co.uk/id/7000000000031903,http://data.ordnancesurvey.co.uk/ontology/admingeo/UnitaryAuthority,Scotland,http://data.ordnancesurvey.co.uk/id/7000000000041429,Scotland,http://data.ordnancesurvey.co.uk/id/country/scotland,,,
DG89BQ,http://data.ordnancesurvey.co.uk/id/postcodeunit/DG89BQ,DG8 9BQ,,,,other,Postcode,235550.000,555750.000,3500,18000,,,,,,,,,,,,,Dumfries and Galloway,http://data.ordnancesurvey.co.uk/id/7000000000031903,http://data.ordnancesurvey.co.uk/ontology/admingeo/UnitaryAuthority,Scotland,http://data.ordnancesurvey.co.uk/id/7000000000041429,Scotland,http://data.ordnancesurvey.co.uk/id/country/scotland,,,
DG89PX,http://data.ordnancesurvey.co.uk/id/postcodeunit/DG89PX,DG8 9PX,,,,other,Postcode,238375.000,543933.000,3500,18000,,,,,,,,,,,,,Dumfries and Galloway,http://data.ordnancesurvey.co.uk/id/7000000000031903,http://data.ordnancesurvey.co.uk/ontology/admingeo/UnitaryAuthority,Scotland,http://data.ordnancesurvey.co.uk/id/7000000000041429,Scotland,http://data.ordnancesurvey.co.uk/id/country/scotland,,,
DG80LR,http://data.ordnancesurvey.co.uk/id/postcodeunit/DG80LR,DG8 0LR,,,,other,Postcode,220166.000,559756.000,3500,18000,,,,,,,,,,,,,Dumfries and Galloway,http://data.ordnancesurvey.co.uk/id/7000000000031903,http://data.ordnancesurvey.co.uk/ontology/admingeo/UnitaryAuthority,Scotland,http://data.ordnancesurvey.co.uk/id/7000000000041429,Scotland,http://data.ordnancesurvey.co.uk/id/country/scotland,,,
DG80LF,http://data.ordnancesurvey.co.uk/id/postcodeunit/DG80LF,DG8 0LF,,,,other,Postcode,222305.000,558380.000,3500,18000,,,,,,,,,,,,,Dumfries and Galloway,http://data.ordnancesurvey.co.uk/id/7000000000031903,http://data.ordnancesurvey.co.uk/ontology/admingeo/UnitaryAuthority,Scotland,http://data.ordnancesurvey.co.uk/id/7000000000041429,Scotland,http://data.ordnancesurvey.co.uk/id/country/scotland,,,
DG80JQ,http://data.ordnancesurvey.co.uk/id/postcodeunit/DG80JQ,DG8 0JQ,,,,other,Postcode,221139.000,557112.000,3500,18000,,,,,,,,,,,,,Dumfries and Galloway,http://data.ordnancesurvey.co.uk/id/7000000000031903,http://data.ordnancesurvey.co.uk/ontology/admingeo/UnitaryAuthority,Scotland,http://data.ordnancesurvey.co.uk/id/7000000000041429,Scotland,http://data.ordnancesurvey.co.uk/id/country/scotland,,,
DG88NJ,http://data.ordnancesurvey.co.uk/id/postcodeunit/DG88NJ,DG8 8NJ,,,,other,Postcode,236848.000,540511.000,3500,18000,,,,,,,,,,,,,Dumfries and Galloway,http://data.ordnancesurvey.co.uk/id/7000000000031903,http://data.ordnancesurvey.co.uk/ontology/admingeo/UnitaryAuthority,Scotland,http://data.ordnancesurvey.co.uk/id/7000000000041429,Scotland,http://data.ordnancesurvey.co.uk/id/country/scotland,,,
DG89PY,http://data.ordnancesurvey.co.uk/id/postcodeunit/DG89PY,DG8 9PY,,,,other,Postcode,239161.000,545565.000,3500,18000,,,,,,,,,,,,,Dumfries and Galloway,http://data.ordnancesurvey.co.uk/id/7000000000031903,http://data.ordnancesurvey.co.uk/ontology/admingeo/UnitaryAuthority,Scotland,http://data.ordnancesurvey.co.uk/id/7000000000041429,Scotland,http://data.ordnancesurvey.co.uk/id/country/scotland,,,
DG89PN,http://data.ordnancesurvey.co.uk/id/postcodeunit/DG89PN,DG8 9PN,,,,other,Postcode,235975.000,545187.000,3500,18000,,,,,,,,,,,,,Dumfries and Galloway,http://data.ordnancesurvey.co.uk/id/7000000000031903,http://data.ordnancesurvey.co.uk/ontology/admingeo/UnitaryAuthority,Scotland,http://data.ordnancesurvey.co.uk/id/7000000000041429,Scotland,http://data.ordnancesurvey.co.uk/id/country/scotland,,,
DG89BD,http://data.ordnancesurvey.co.uk/id/postcodeunit/DG89BD,DG8 9BD,,,,other,Postcode,237046.000,551789.000,3500,18000,,,,,,,,,,,,,Dumfries and Galloway,http://data.ordnancesurvey.co.uk/id/7000000000031903,http://data.ordnancesurvey.co.uk/ontology/admingeo/UnitaryAuthority,Scotland,http://data.ordnancesurvey.co.uk/id/7000000000041429,Scotland,http://data.ordnancesurvey.co.uk/id/country/scotland,,,
DG89JX,http://data.ordnancesurvey.co.uk/id/postcodeunit/DG89JX,DG8 9JX,,,,other,Postcode,234203.000,543427.000,3500,18000,,,,,,,Port William,http://data.ordnancesurvey.co.uk/id/4000000074566000,http://www.ordnancesurvey.co.uk/xml/codelists/localtype.xml#village,,,,Dumfries and Galloway,http://data.ordnancesurvey.co.uk/id/7000000000031903,http://data.ordnancesurvey.co.uk/ontology/admingeo/UnitaryAuthority,Scotland,http://data.ordnancesurvey.co.uk/id/7000000000041429,Scotland,http://data.ordnancesurvey.co.uk/id/country/scotland,,,
DG80DB,http://data.ordnancesurvey.co.uk/id/postcodeunit/DG80DB,DG8 0DB,,,,other,Postcode,235220.000,558483.000,3500,18000,,,,,,,,,,,,,Dumfries and Galloway,http://data.ordnancesurvey.co.uk/id/7000000000031903,http://data.ordnancesurvey.co.uk/ontology/admingeo/UnitaryAuthority,Scotland,http://data.ordnancesurvey.co.uk/id/7000000000041429,Scotland,http://data.ordnancesurvey.co.uk/id/country/scotland,,,
DG89RU,http://data.ordnancesurvey.co.uk/id/postcodeunit/DG89RU,DG8 9RU,,,,other,Postcode,228809.000,549368.000,3500,18000,,,,,,,,,,,,,Dumfries and Galloway,http://data.ordnancesurvey.co.uk/id/7000000000031903,http://data.ordnancesurvey.co.uk/ontology/admingeo/UnitaryAuthority,Scotland,http://data.ordnancesurvey.co.uk/id/7000000000041429,Scotland,http://data.ordnancesurvey.co.uk/id/country/scotland,,,
DG89PP,http://data.ordnancesurvey.co.uk/id/postcodeunit/DG89PP,DG8 9PP,,,,other,Postcode,235009.000,546296.000,3500,18000,,,,,,,,,,,,,Dumfries and Galloway,http://data.ordnancesurvey.co.uk/id/7000000000031903,http://data.ordnancesurvey.co.uk/ontology/admingeo/UnitaryAuthority,Scotland,http://data.ordnancesurvey.co.uk/id/7000000000041429,Scotland,http://data.ordnancesurvey.co.uk/id/country/scotland,,,
DG89QX,http://data.ordnancesurvey.co.uk/id/postcodeunit/DG89QX,DG8 9QX,,,,other,Postcode,229137.000,548541.000,3500,18000,,,,,,,,,,,,,Dumfries and Galloway,http://data.ordnancesurvey.co.uk/id/7000000000031903,http://data.ordnancesurvey.co.uk/ontology/admingeo/UnitaryAuthority,Scotland,http://data.ordnancesurvey.co.uk/id/7000000000041429,Scotland,http://data.ordnancesurvey.co.uk/id/country/scotland,,,
DG80JF,http://data.ordnancesurvey.co.uk/id/postcodeunit/DG80JF,DG8 0JF,,,,other,Postcode,220201.000,556654.000,3500,18000,,,,,,,,,,,,,Dumfries and Galloway,http://data.ordnancesurvey.co.uk/id/7000000000031903,http://data.ordnancesurvey.co.uk/ontology/admingeo/UnitaryAuthority,Scotland,http://data.ordnancesurvey.co.uk/id/7000000000041429,Scotland,http://data.ordnancesurvey.co.uk/id/country/scotland,,,
DG89PQ,http://data.ordnancesurvey.co.uk/id/postcodeunit/DG89PQ,DG8 9PQ,,,,other,Postcode,238171.000,547988.000,3500,18000,,,,,,,,,,,,,Dumfries and Galloway,http://data.ordnancesurvey.co.uk/id/7000000000031903,http://data.ordnancesurvey.co.uk/ontology/admingeo/UnitaryAuthority,Scotland,http://data.ordnancesurvey.co.uk/id/7000000000041429,Scotland,http://data.ordnancesurvey.co.uk/id/country/scotland,,,
DG89LE,http://data.ordnancesurvey.co.uk/id/postcodeunit/DG89LE,DG8 9LE,,,,other,Postcode,236246.000,543993.000,3500,18000,,,,,,,,,,,,,Dumfries and Galloway,http://data.ordnancesurvey.co.uk/id/7000000000031903,http://data.ordnancesurvey.co.uk/ontology/admingeo/UnitaryAuthority,Scotland,http://data.ordnancesurvey.co.uk/id/7000000000041429,Scotland,http://data.ordnancesurvey.co.uk/id/country/scotland,,,
DG89RL,http://data.ordnancesurvey.co.uk/id/postcodeunit/DG89RL,DG8 9RL,,,,other,Postcode,234755.000,552435.000,3500,18000,,,,,,,,,,,,,Dumfries and Galloway,http://data.ordnancesurvey.co.uk/id/7000000000031903,http://data.ordnancesurvey.co.uk/ontology/admingeo/UnitaryAuthority,Scotland,http://data.ordnancesurvey.co.uk/id/7000000000041429,Scotland,http://data.ordnancesurvey.co.uk/id/country/scotland,,,
DG86TQ,http://data.ordnancesurvey.co.uk/id/postcodeunit/DG86TQ,DG8 6TQ,,,,other,Postcode,233876.000,543708.000,3500,18000,,,,,,,Port William,http://data.ordnancesurvey.co.uk/id/4000000074566000,http://www.ordnancesurvey.co.uk/xml/codelists/localtype.xml#village,,,,Dumfries and Galloway,http://data.ordnancesurvey.co.uk/id/7000000000031903,http://data.ordnancesurvey.co.uk/ontology/admingeo/UnitaryAuthority,Scotland,http://data.ordnancesurvey.co.uk/id/7000000000041429,Scotland,http://data.ordnancesurvey.co.uk/id/country/scotland,,,
DG80DR,http://data.ordnancesurvey.co.uk/id/postcodeunit/DG80DR,DG8 0DR,,,,other,Postcode,229717.000,554947.000,3500,18000,,,,,,,,,,,,,Dumfries and Galloway,http://data.ordnancesurvey.co.uk/id/7000000000031903,http://data.ordnancesurvey.co.uk/ontology/admingeo/UnitaryAuthority,Scotland,http://data.ordnancesurvey.co.uk/id/7000000000041429,Scotland,http://data.ordnancesurvey.co.uk/id/country/scotland,,,
DG89JZ,http://data.ordnancesurvey.co.uk/id/postcodeunit/DG89JZ,DG8 9JZ,,,,other,Postcode,234667.000,543383.000,3500,18000,,,,,,,,,,,,,Dumfries and Galloway,http://data.ordnancesurvey.co.uk/id/7000000000031903,http://data.ordnancesurvey.co.uk/ontology/admingeo/UnitaryAuthority,Scotland,http://data.ordnancesurvey.co.uk/id/7000000000041429,Scotland,http://data.ordnancesurvey.co.uk/id/country/scotland,,,
DG89RG,http://data.ordnancesurvey.co.uk/id/postcodeunit/DG89RG,DG8 9RG,,,,other,Postcode,232749.000,549316.000,3500,18000,,,,,,,Loch Head,http://data.ordnancesurvey.co.uk/id/4000000074566003,http://www.ordnancesurvey.co.uk/xml/codelists/localtype.xml#hamlet,,,,Dumfries and Galloway,http://data.ordnancesurvey.co.uk/id/7000000000031903,http://data.ordnancesurvey.co.uk/ontology/admingeo/UnitaryAuthority,Scotland,http://data.ordnancesurvey.co.uk/id/7000000000041429,Scotland,http://data.ordnancesurvey.co.uk/id/country/scotland,,,
DG89QL,http://data.ordnancesurvey.co.uk/id/postcodeunit/DG89QL,DG8 9QL,,,,other,Postcode,233900.000,544040.000,3500,18000,,,,,,,Port William,http://data.ordnancesurvey.co.uk/id/4000000074566000,http://www.ordnancesurvey.co.uk/xml/codelists/localtype.xml#village,,,,Dumfries and Galloway,http://data.ordnancesurvey.co.uk/id/7000000000031903,http://data.ordnancesurvey.co.uk/ontology/admingeo/UnitaryAuthority,Scotland,http://data.ordnancesurvey.co.uk/id/7000000000041429,Scotland,http://data.ordnancesurvey.co.uk/id/country/scotland,,,
DG89LH,http://data.ordnancesurvey.co.uk/id/postcodeunit/DG89LH,DG8 9LH,,,,other,Postcode,235057.000,541079.000,3500,18000,,,,,,,Monreith,http://data.ordnancesurvey.co.uk/id/4000000074565369,http://www.ordnancesurvey.co.uk/xml/codelists/localtype.xml#village,,,,Dumfries and Galloway,http://data.ordnancesurvey.co.uk/id/7000000000031903,http://data.ordnancesurvey.co.uk/ontology/admingeo/UnitaryAuthority,Scotland,http://data.ordnancesurvey.co.uk/id/7000000000041429,Scotland,http://data.ordnancesurvey.co.uk/id/country/scotland,,,
DG89PJ,http://data.ordnancesurvey.co.uk/id/postcodeunit/DG89PJ,DG8 9PJ,,,,other,Postcode,237297.000,546606.000,3500,18000,,,,,,,,,,,,,Dumfries and Galloway,http://data.ordnancesurvey.co.uk/id/7000000000031903,http://data.ordnancesurvey.co.uk/ontology/admingeo/UnitaryAuthority,Scotland,http://data.ordnancesurvey.co.uk/id/7000000000041429,Scotland,http://data.ordnancesurvey.co.uk/id/country/scotland,,,
DG89LG,http://data.ordnancesurvey.co.uk/id/postcodeunit/DG89LG,DG8 9LG,,,,other,Postcode,234262.000,542565.000,3500,18000,,,,,,,,,,,,,Dumfries and Galloway,http://data.ordnancesurvey.co.uk/id/7000000000031903,http://data.ordnancesurvey.co.uk/ontology/admingeo/UnitaryAuthority,Scotland,http://data.ordnancesurvey.co.uk/id/7000000000041429,Scotland,http://data.ordnancesurvey.co.uk/id/country/scotland,,,
DG89PR,http://data.ordnancesurvey.co.uk/id/postcodeunit/DG89PR,DG8 9PR,,,,other,Postcode,235595.000,546308.000,3500,18000,,,,,,,,,,,,,Dumfries and Galloway,http://data.ordnancesurvey.co.uk/id/7000000000031903,http://data.ordnancesurvey.co.uk/ontology/admingeo/UnitaryAuthority,Scotland,http://data.ordnancesurvey.co.uk/id/7000000000041429,Scotland,http://data.ordnancesurvey.co.uk/id/country/scotland,,,
DG80PF,http://data.ordnancesurvey.co.uk/id/postcodeunit/DG80PF,DG8 0PF,,,,other,Postcode,220311.000,557688.000,3500,18000,,,,,,,Glenluce,http://data.ordnancesurvey.co.uk/id/4000000074566341,http://www.ordnancesurvey.co.uk/xml/codelists/localtype.xml#village,,,,Dumfries and Galloway,http://data.ordnancesurvey.co.uk/id/7000000000031903,http://data.ordnancesurvey.co.uk/ontology/admingeo/UnitaryAuthority,Scotland,http://data.ordnancesurvey.co.uk/id/7000000000041429,Scotland,http://data.ordnancesurvey.co.uk/id/country/scotland,,,
DG89PD,http://data.ordnancesurvey.co.uk/id/postcodeunit/DG89PD,DG8 9PD,,,,other,Postcode,238249.000,551551.000,3500,18000,,,,,,,,,,,,,Dumfries and Galloway,http://data.ordnancesurvey.co.uk/id/7000000000031903,http://data.ordnancesurvey.co.uk/ontology/admingeo/UnitaryAuthority,Scotland,http://data.ordnancesurvey.co.uk/id/7000000000041429,Scotland,http://data.ordnancesurvey.co.uk/id/country/scotland,,,
DG80NS,http://data.ordnancesurvey.co.uk/id/postcodeunit/DG80NS,DG8 0NS,,,,other,Postcode,220596.000,557521.000,3500,18000,,,,,,,Glenluce,http://data.ordnancesurvey.co.uk/id/4000000074566341,http://www.ordnancesurvey.co.uk/xml/codelists/localtype.xml#village,,,,Dumfries and Galloway,http://data.ordnancesurvey.co.uk/id/7000000000031903,http://data.ordnancesurvey.co.uk/ontology/admingeo/UnitaryAuthority,Scotland,http://data.ordnancesurvey.co.uk/id/7000000000041429,Scotland,http://data.ordnancesurvey.co.uk/id/country/scotland,,,
DG80LE,http://data.ordnancesurvey.co.uk/id/postcodeunit/DG80LE,DG8 0LE,,,,other,Postcode,225323.000,554188.000,3500,18000,,,,,,,,,,,,,Dumfries and Galloway,http://data.ordnancesurvey.co.uk/id/7000000000031903,http://data.ordnancesurvey.co.uk/ontology/admingeo/UnitaryAuthority,Scotland,http://data.ordnancesurvey.co.uk/id/7000000000041429,Scotland,http://data.ordnancesurvey.co.uk/id/country/scotland,,,
DG89SH,http://data.ordnancesurvey.co.uk/id/postcodeunit/DG89SH,DG8 9SH,,,,other,Postcode,233877.000,543382.000,3500,18000,,,,,,,Port William,http://data.ordnancesurvey.co.uk/id/4000000074566000,http://www.ordnancesurvey.co.uk/xml/codelists/localtype.xml#village,,,,Dumfries and Galloway,http://data.ordnancesurvey.co.uk/id/7000000000031903,http://data.ordnancesurvey.co.uk/ontology/admingeo/UnitaryAuthority,Scotland,http://data.ordnancesurvey.co.uk/id/7000000000041429,Scotland,http://data.ordnancesurvey.co.uk/id/country/scotland,,,
DG80LB,http://data.ordnancesurvey.co.uk/id/postcodeunit/DG80LB,DG8 0LB,,,,other,Postcode,222927.000,554960.000,3500,18000,,,,,,,,,,,,,Dumfries and Galloway,http://data.ordnancesurvey.co.uk/id/7000000000031903,http://data.ordnancesurvey.co.uk/ontology/admingeo/UnitaryAuthority,Scotland,http://data.ordnancesurvey.co.uk/id/7000000000041429,Scotland,http://data.ordnancesurvey.co.uk/id/country/scotland,,,
DG89LN,http://data.ordnancesurvey.co.uk/id/postcodeunit/DG89LN,DG8 9LN,,,,other,Postcode,236905.000,541342.000,3500,18000,,,,,,,,,,,,,Dumfries and Galloway,http://data.ordnancesurvey.co.uk/id/7000000000031903,http://data.ordnancesurvey.co.uk/ontology/admingeo/UnitaryAuthority,Scotland,http://data.ordnancesurvey.co.uk/id/7000000000041429,Scotland,http://data.ordnancesurvey.co.uk/id/country/scotland,,,
DG89PW,http://data.ordnancesurvey.co.uk/id/postcodeunit/DG89PW,DG8 9PW,,,,other,Postcode,235341.000,545451.000,3500,18000,,,,,,,,,,,,,Dumfries and Galloway,http://data.ordnancesurvey.co.uk/id/7000000000031903,http://data.ordnancesurvey.co.uk/ontology/admingeo/UnitaryAuthority,Scotland,http://data.ordnancesurvey.co.uk/id/7000000000041429,Scotland,http://data.ordnancesurvey.co.uk/id/country/scotland,,,
f1c7f844-7082-4931-8bc2-7a279fcfed08,http://data.ordnancesurvey.co.uk/id/f1c7f844-7082-4931-8bc2-7a279fcfed08,Main Street,,,,transportNetwork,Section Of Named Road,232220.856,547532.359,4000,25000,232145.776,547225.502,232344.495,547858.758,DG8,http://data.ordnancesurvey.co.uk/id/postcodedistrict/DG8,Elrig,http://data.ordnancesurvey.co.uk/id/4000000074566002,http://www.ordnancesurvey.co.uk/xml/codelists/localtype.xml#hamlet,,,,Dumfries and Galloway,http://data.ordnancesurvey.co.uk/id/7000000000031903,http://data.ordnancesurvey.co.uk/ontology/admingeo/UnitaryAuthority,Scotland,http://data.ordnancesurvey.co.uk/id/7000000000041429,Scotland,http://data.ordnancesurvey.co.uk/id/country/scotland,osgb4000000006895586,,
osgb4000000006897281,http://data.ordnancesurvey.co.uk/id/4000000006897281,B7052,,,,transportNetwork,Numbered Road,239338.000,551144.000,77000,250000,235586.000,546200.834,246754.036,557971.000,DG8,http://data.ordnancesurvey.co.uk/id/postcodedistrict/DG8,,,,,,,Dumfries and Galloway,http://data.ordnancesurvey.co.uk/id/7000000000031903,http://data.ordnancesurvey.co.uk/ontology/admingeo/UnitaryAuthority,Scotland,http://data.ordnancesurvey.co.uk/id/7000000000041429,Scotland,http://data.ordnancesurvey.co.uk/id/country/scotland,,,
osgb4000000006895213,http://data.ordnancesurvey.co.uk/id/4000000006895213,High Street,,,,transportNetwork,Named Road,234085.000,543497.000,2000,20000,233915.000,543464.000,234240.000,543540.000,DG8,http://data.ordnancesurvey.co.uk/id/postcodedistrict/DG8,Port William,http://data.ordnancesurvey.co.uk/id/4000000074566000,http://www.ordnancesurvey.co.uk/xml/codelists/localtype.xml#village,,,,Dumfries and Galloway,http://data.ordnancesurvey.co.uk/id/7000000000031903,http://data.ordnancesurvey.co.uk/ontology/admingeo/UnitaryAuthority,Scotland,http://data.ordnancesurvey.co.uk/id/7000000000041429,Scotland,http://data.ordnancesurvey.co.uk/id/country/scotland,,,
89d8f639-7f34-4856-a8ed-65b41dd6ad76,http://data.ordnancesurvey.co.uk/id/89d8f639-7f34-4856-a8ed-65b41dd6ad76,High Street,,,,transportNetwork,Section Of Named Road,234085.000,543497.000,2000,25000,233915.000,543468.239,234221.707,543540.000,DG8,http://data.ordnancesurvey.co.uk/id/postcodedistrict/DG8,Port William,http://data.ordnancesurvey.co.uk/id/4000000074566000,http://www.ordnancesurvey.co.uk/xml/codelists/localtype.xml#village,,,,Dumfries and Galloway,http://data.ordnancesurvey.co.uk/id/7000000000031903,http://data.ordnancesurvey.co.uk/ontology/admingeo/UnitaryAuthority,Scotland,http://data.ordnancesurvey.co.uk/id/7000000000041429,Scotland,http://data.ordnancesurvey.co.uk/id/country/scotland,osgb4000000006895213,,
osgb4000000006895591,http://data.ordnancesurvey.co.uk/id/4000000006895591,Church Street,,,,transportNetwork,Named Road,233865.000,543964.000,1000,20000,233791.000,543953.000,233931.690,543973.615,DG8,http://data.ordnancesurvey.co.uk/id/postcodedistrict/DG8,Port William,http://data.ordnancesurvey.co.uk/id/4000000074566000,http://www.ordnancesurvey.co.uk/xml/codelists/localtype.xml#village,,,,Dumfries and Galloway,http://data.ordnancesurvey.co.uk/id/7000000000031903,http://data.ordnancesurvey.co.uk/ontology/admingeo/UnitaryAuthority,Scotland,http://data.ordnancesurvey.co.uk/id/7000000000041429,Scotland,http://data.ordnancesurvey.co.uk/id/country/scotland,,,
osgb4000000006895588,http://data.ordnancesurvey.co.uk/id/4000000006895588,Bowling Green Road,,,,transportNetwork,Named Road,234069.303,543375.601,2000,20000,234017.000,543201.548,234114.000,543492.000,DG8,http://data.ordnancesurvey.co.uk/id/postcodedistrict/DG8,Port William,http://data.ordnancesurvey.co.uk/id/4000000074566000,http://www.ordnancesurvey.co.uk/xml/codelists/localtype.xml#village,,,,Dumfries and Galloway,http://data.ordnancesurvey.co.uk/id/7000000000031903,http://data.ordnancesurvey.co.uk/ontology/admingeo/UnitaryAuthority,Scotland,http://data.ordnancesurvey.co.uk/id/7000000000041429,Scotland,http://data.ordnancesurvey.co.uk/id/country/scotland,,,
osgb4000000006896273,http://data.ordnancesurvey.co.uk/id/4000000006896273,Glenjorrie Avenue,,,,transportNetwork,Named Road,220179.000,557700.000,1000,20000,220170.521,557633.124,220180.000,557776.652,DG8,http://data.ordnancesurvey.co.uk/id/postcodedistrict/DG8,Glenluce,http://data.ordnancesurvey.co.uk/id/4000000074566341,http://www.ordnancesurvey.co.uk/xml/codelists/localtype.xml#village,,,,Dumfries and Galloway,http://data.ordnancesurvey.co.uk/id/7000000000031903,http://data.ordnancesurvey.co.uk/ontology/admingeo/UnitaryAuthority,Scotland,http://data.ordnancesurvey.co.uk/id/7000000000041429,Scotland,http://data.ordnancesurvey.co.uk/id/country/scotland,,,
osgb4000000006895587,http://data.ordnancesurvey.co.uk/id/4000000006895587,Harbour Road,,,,transportNetwork,Named Road,233795.000,543665.000,1000,20000,233690.000,543596.000,233813.000,543728.000,DG8,http://data.ordnancesurvey.co.uk/id/postcodedistrict/DG8,,,,,,,Dumfries and Galloway,http://data.ordnancesurvey.co.uk/id/7000000000031903,http://data.ordnancesurvey.co.uk/ontology/admingeo/UnitaryAuthority,Scotland,http://data.ordnancesurvey.co.uk/id/7000000000041429,Scotland,http://data.ordnancesurvey.co.uk/id/country/scotland,,,
osgb4000000006904621,http://data.ordnancesurvey.co.uk/id/4000000006904621,B733,,,,transportNetwork,Numbered Road,236135.000,557819.000,82000,250000,230586.000,555121.150,243217.750,561612.000,DG8,http://data.ordnancesurvey.co.uk/id/postcodedistrict/DG8,Spittal,http://data.ordnancesurvey.co.uk/id/4000000074565686,http://www.ordnancesurvey.co.uk/xml/codelists/localtype.xml#hamlet,,,,Dumfries and Galloway,http://data.ordnancesurvey.co.uk/id/7000000000031903,http://data.ordnancesurvey.co.uk/ontology/admingeo/UnitaryAuthority,Scotland,http://data.ordnancesurvey.co.uk/id/7000000000041429,Scotland,http://data.ordnancesurvey.co.uk/id/country/scotland,,,
osgb4000000006899670,http://data.ordnancesurvey.co.uk/id/4000000006899670,A747,,,,transportNetwork,Numbered Road,230659.005,546776.892,140000,1000000,220985.000,538312.575,242479.335,557443.000,DG8,http://data.ordnancesurvey.co.uk/id/postcodedistrict/DG8,,,,,,,Dumfries and Galloway,http://data.ordnancesurvey.co.uk/id/7000000000031903,http://data.ordnancesurvey.co.uk/ontology/admingeo/UnitaryAuthority,Scotland,http://data.ordnancesurvey.co.uk/id/7000000000041429,Scotland,http://data.ordnancesurvey.co.uk/id/country/scotland,,,
osgb4000000006895590,http://data.ordnancesurvey.co.uk/id/4000000006895590,Commercial Street,,,,transportNetwork,Named Road,233813.000,543505.000,1000,20000,233813.000,543505.000,233915.000,543540.000,DG8,http://data.ordnancesurvey.co.uk/id/postcodedistrict/DG8,Port William,http://data.ordnancesurvey.co.uk/id/4000000074566000,http://www.ordnancesurvey.co.uk/xml/codelists/localtype.xml#village,,,,Dumfries and Galloway,http://data.ordnancesurvey.co.uk/id/7000000000031903,http://data.ordnancesurvey.co.uk/ontology/admingeo/UnitaryAuthority,Scotland,http://data.ordnancesurvey.co.uk/id/7000000000041429,Scotland,http://data.ordnancesurvey.co.uk/id/country/scotland,,,
osgb4000000006895589,http://data.ordnancesurvey.co.uk/id/4000000006895589,Dourie Drive,,,,transportNetwork,Named Road,234172.000,543340.000,1000,20000,234069.303,543268.000,234179.000,543375.601,DG8,http://data.ordnancesurvey.co.uk/id/postcodedistrict/DG8,Port William,http://data.ordnancesurvey.co.uk/id/4000000074566000,http://www.ordnancesurvey.co.uk/xml/codelists/localtype.xml#village,,,,Dumfries and Galloway,http://data.ordnancesurvey.co.uk/id/7000000000031903,http://data.ordnancesurvey.co.uk/ontology/admingeo/UnitaryAuthority,Scotland,http://data.ordnancesurvey.co.uk/id/7000000000041429,Scotland,http://data.ordnancesurvey.co.uk/id/country/scotland,,,
osgb4000000006904785,http://data.ordnancesurvey.co.uk/id/4000000006904785,The Square,,,,transportNetwork,Named Road,233841.000,543606.000,1000,20000,233813.000,543596.000,233865.000,543618.000,DG8,http://data.ordnancesurvey.co.uk/id/postcodedistrict/DG8,Port William,http://data.ordnancesurvey.co.uk/id/4000000074566000,http://www.ordnancesurvey.co.uk/xml/codelists/localtype.xml#village,,,,Dumfries and Galloway,http://data.ordnancesurvey.co.uk/id/7000000000031903,http://data.ordnancesurvey.co.uk/ontology/admingeo/UnitaryAuthority,Scotland,http://data.ordnancesurvey.co.uk/id/7000000000041429,Scotland,http://data.ordnancesurvey.co.uk/id/country/scotland,,,
825f253a-da10-491d-938c-4808dd967c76,http://data.ordnancesurvey.co.uk/id/825f253a-da10-491d-938c-4808dd967c76,St Medans,,,,transportNetwork,Section Of Named Road,236004.198,541035.954,1000,25000,235929.425,540983.162,236064.983,541120.721,DG8,http://data.ordnancesurvey.co.uk/id/postcodedistrict/DG8,Monreith,http://data.ordnancesurvey.co.uk/id/4000000074565369,http://www.ordnancesurvey.co.uk/xml/codelists/localtype.xml#village,,,,Dumfries and Galloway,http://data.ordnancesurvey.co.uk/id/7000000000031903,http://data.ordnancesurvey.co.uk/ontology/admingeo/UnitaryAuthority,Scotland,http://data.ordnancesurvey.co.uk/id/7000000000041429,Scotland,http://data.ordnancesurvey.co.uk/id/country/scotland,osgb5000005155824332,,
osgb4000000006896916,http://data.ordnancesurvey.co.uk/id/4000000006896916,Seaview Terrace,,,,transportNetwork,Named Road,233883.904,544048.492,1000,20000,233871.917,543969.000,233897.000,544111.945,DG8,http://data.ordnancesurvey.co.uk/id/postcodedistrict/DG8,Port William,http://data.ordnancesurvey.co.uk/id/4000000074566000,http://www.ordnancesurvey.co.uk/xml/codelists/localtype.xml#village,,,,Dumfries and Galloway,http://data.ordnancesurvey.co.uk/id/7000000000031903,http://data.ordnancesurvey.co.uk/ontology/admingeo/UnitaryAuthority,Scotland,http://data.ordnancesurvey.co.uk/id/7000000000041429,Scotland,http://data.ordnancesurvey.co.uk/id/country/scotland,,,
osgb4000000006896264,http://data.ordnancesurvey.co.uk/id/4000000006896264,Myrton Crescent,,,,transportNetwork,Named Road,234092.000,543285.000,1000,20000,234034.000,543268.000,234147.000,543286.000,DG8,http://data.ordnancesurvey.co.uk/id/postcodedistrict/DG8,Port William,http://data.ordnancesurvey.co.uk/id/4000000074566000,http://www.ordnancesurvey.co.uk/xml/codelists/localtype.xml#village,,,,Dumfries and Galloway,http://data.ordnancesurvey.co.uk/id/7000000000031903,http://data.ordnancesurvey.co.uk/ontology/admingeo/UnitaryAuthority,Scotland,http://data.ordnancesurvey.co.uk/id/7000000000041429,Scotland,http://data.ordnancesurvey.co.uk/id/country/scotland,,,
osgb4000000006895586,http://data.ordnancesurvey.co.uk/id/4000000006895586,Main Street,,,,transportNetwork,Named Road,232220.856,547532.359,4000,20000,232145.776,547225.292,232344.605,547858.758,DG8,http://data.ordnancesurvey.co.uk/id/postcodedistrict/DG8,Elrig,http://data.ordnancesurvey.co.uk/id/4000000074566002,http://www.ordnancesurvey.co.uk/xml/codelists/localtype.xml#hamlet,,,,Dumfries and Galloway,http://data.ordnancesurvey.co.uk/id/7000000000031903,http://data.ordnancesurvey.co.uk/ontology/admingeo/UnitaryAuthority,Scotland,http://data.ordnancesurvey.co.uk/id/7000000000041429,Scotland,http://data.ordnancesurvey.co.uk/id/country/scotland,,,
osgb4000000006895609,http://data.ordnancesurvey.co.uk/id/4000000006895609,Crofthill Road,,,,transportNetwork,Named Road,220095.852,557660.798,1000,20000,219994.397,557632.881,220128.263,557660.798,DG8,http://data.ordnancesurvey.co.uk/id/postcodedistrict/DG8,Glenluce,http://data.ordnancesurvey.co.uk/id/4000000074566341,http://www.ordnancesurvey.co.uk/xml/codelists/localtype.xml#village,,,,Dumfries and Galloway,http://data.ordnancesurvey.co.uk/id/7000000000031903,http://data.ordnancesurvey.co.uk/ontology/admingeo/UnitaryAuthority,Scotland,http://data.ordnancesurvey.co.uk/id/7000000000041429,Scotland,http://data.ordnancesurvey.co.uk/id/country/scotland,,,
osgb4000000006897266,http://data.ordnancesurvey.co.uk/id/4000000006897266,B7085,,,,transportNetwork,Numbered Road,238070.000,547853.806,60000,250000,233869.000,543310.000,241844.496,552613.763,DG8,http://data.ordnancesurvey.co.uk/id/postcodedistrict/DG8,,,,,,,Dumfries and Galloway,http://data.ordnancesurvey.co.uk/id/7000000000031903,http://data.ordnancesurvey.co.uk/ontology/admingeo/UnitaryAuthority,Scotland,http://data.ordnancesurvey.co.uk/id/7000000000041429,Scotland,http://data.ordnancesurvey.co.uk/id/country/scotland,,,
osgb4000000006904784,http://data.ordnancesurvey.co.uk/id/4000000006904784,Second Sands,,,,transportNetwork,Named Road,233730.267,544460.873,1000,20000,233644.710,544359.977,233776.969,544545.246,DG8,http://data.ordnancesurvey.co.uk/id/postcodedistrict/DG8,Port William,http://data.ordnancesurvey.co.uk/id/4000000074566000,http://www.ordnancesurvey.co.uk/xml/codelists/localtype.xml#village,,,,Dumfries and Galloway,http://data.ordnancesurvey.co.uk/id/7000000000031903,http://data.ordnancesurvey.co.uk/ontology/admingeo/UnitaryAuthority,Scotland,http://data.ordnancesurvey.co.uk/id/7000000000041429,Scotland,http://data.ordnancesurvey.co.uk/id/country/scotland,,,
osgb4000000006895592,http://data.ordnancesurvey.co.uk/id/4000000006895592,Main Street,,,,transportNetwork,Named Road,234721.000,546446.000,1000,20000,234666.000,546358.000,234804.763,546496.881,DG8,http://data.ordnancesurvey.co.uk/id/postcodedistrict/DG8,Mochrum,http://data.ordnancesurvey.co.uk/id/4000000074565683,http://www.ordnancesurvey.co.uk/xml/codelists/localtype.xml#village,,,,Dumfries and Galloway,http://data.ordnancesurvey.co.uk/id/7000000000031903,http://data.ordnancesurvey.co.uk/ontology/admingeo/UnitaryAuthority,Scotland,http://data.ordnancesurvey.co.uk/id/7000000000041429,Scotland,http://data.ordnancesurvey.co.uk/id/country/scotland,,,
osgb4000000006904783,http://data.ordnancesurvey.co.uk/id/4000000006904783,Manx View,,,,transportNetwork,Named Road,233984.465,543378.804,1000,20000,233950.665,543348.265,234034.723,543439.055,DG8,http://data.ordnancesurvey.co.uk/id/postcodedistrict/DG8,Port William,http://data.ordnancesurvey.co.uk/id/4000000074566000,http://www.ordnancesurvey.co.uk/xml/codelists/localtype.xml#village,,,,Dumfries and Galloway,http://data.ordnancesurvey.co.uk/id/7000000000031903,http://data.ordnancesurvey.co.uk/ontology/admingeo/UnitaryAuthority,Scotland,http://data.ordnancesurvey.co.uk/id/7000000000041429,Scotland,http://data.ordnancesurvey.co.uk/id/country/scotland,,,
osgb4000000006895212,http://data.ordnancesurvey.co.uk/id/4000000006895212,South Street,,,,transportNetwork,Named Road,233848.000,543410.000,2000,20000,233802.000,543251.000,233941.000,543596.000,DG8,http://data.ordnancesurvey.co.uk/id/postcodedistrict/DG8,Port William,http://data.ordnancesurvey.co.uk/id/4000000074566000,http://www.ordnancesurvey.co.uk/xml/codelists/localtype.xml#village,,,,Dumfries and Galloway,http://data.ordnancesurvey.co.uk/id/7000000000031903,http://data.ordnancesurvey.co.uk/ontology/admingeo/UnitaryAuthority,Scotland,http://data.ordnancesurvey.co.uk/id/7000000000041429,Scotland,http://data.ordnancesurvey.co.uk/id/country/scotland,,,
osgb5000005155824332,http://data.ordnancesurvey.co.uk/id/5000005155824332,St Medans,,,,transportNetwork,Named Road,236004.198,541035.954,1000,20000,235929.425,540983.162,236080.781,541120.721,DG8,http://data.ordnancesurvey.co.uk/id/postcodedistrict/DG8,Monreith,http://data.ordnancesurvey.co.uk/id/4000000074565369,http://www.ordnancesurvey.co.uk/xml/codelists/localtype.xml#village,,,,Dumfries and Galloway,http://data.ordnancesurvey.co.uk/id/7000000000031903,http://data.ordnancesurvey.co.uk/ontology/admingeo/UnitaryAuthority,Scotland,http://data.ordnancesurvey.co.uk/id/7000000000041429,Scotland,http://data.ordnancesurvey.co.uk/id/country/scotland,,,
osgb4000000006899675,http://data.ordnancesurvey.co.uk/id/4000000006899675,B7005,,,,transportNetwork,Numbered Road,235309.000,552414.000,101000,250000,227143.879,549906.000,242699.950,556799.800,DG8,http://data.ordnancesurvey.co.uk/id/postcodedistrict/DG8,,,,,,,Dumfries and Galloway,http://data.ordnancesurvey.co.uk/id/7000000000031903,http://data.ordnancesurvey.co.uk/ontology/admingeo/UnitaryAuthority,Scotland,http://data.ordnancesurvey.co.uk/id/7000000000041429,Scotland,http://data.ordnancesurvey.co.uk/id/country/scotland,,,
03d5dd06-3191-49f4-8d2a-5196a42aa24c,http://data.ordnancesurvey.co.uk/id/03d5dd06-3191-49f4-8d2a-5196a42aa24c,Harbour Road,,,,transportNetwork,Section Of Named Road,233796.638,543651.645,1000,25000,233795.000,543596.000,233813.000,543697.288,DG8,http://data.ordnancesurvey.co.uk/id/postcodedistrict/DG8,Port William,http://data.ordnancesurvey.co.uk/id/4000000074566000,http://www.ordnancesurvey.co.uk/xml/codelists/localtype.xml#village,,,,Dumfries and Galloway,http://data.ordnancesurvey.co.uk/id/7000000000031903,http://data.ordnancesurvey.co.uk/ontology/admingeo/UnitaryAuthority,Scotland,http://data.ordnancesurvey.co.uk/id/7000000000041429,Scotland,http://data.ordnancesurvey.co.uk/id/country/scotland,osgb4000000006895587,,
osgb4000000006895085,http://data.ordnancesurvey.co.uk/id/4000000006895085,Main Street,,,,transportNetwork,Named Road,233808.000,543868.000,5000,20000,233760.000,543540.000,233915.000,544266.000,DG8,http://data.ordnancesurvey.co.uk/id/postcodedistrict/DG8,Port William,http://data.ordnancesurvey.co.uk/id/4000000074566000,http://www.ordnancesurvey.co.uk/xml/codelists/localtype.xml#village,,,,Dumfries and Galloway,http://data.ordnancesurvey.co.uk/id/7000000000031903,http://data.ordnancesurvey.co.uk/ontology/admingeo/UnitaryAuthority,Scotland,http://data.ordnancesurvey.co.uk/id/7000000000041429,Scotland,http://data.ordnancesurvey.co.uk/id/country/scotland,,,
DG89SN,http://data.ordnancesurvey.co.uk/id/postcodeunit/DG89SN,DG8 9SN,,,,other,Postcode,234006.000,543454.000,3500,18000,,,,,,,Port William,http://data.ordnancesurvey.co.uk/id/4000000074566000,http://www.ordnancesurvey.co.uk/xml/codelists/localtype.xml#village,,,,Dumfries and Galloway,http://data.ordnancesurvey.co.uk/id/7000000000031903,http://data.ordnancesurvey.co.uk/ontology/admingeo/UnitaryAuthority,Scotland,http://data.ordnancesurvey.co.uk/id/7000000000041429,Scotland,http://data.ordnancesurvey.co.uk/id/country/scotland,,,
DG89LY,http://data.ordnancesurvey.co.uk/id/postcodeunit/DG89LY,DG8 9LY,,,,other,Postcode,234786.000,546503.000,3500,18000,,,,,,,Mochrum,http://data.ordnancesurvey.co.uk/id/4000000074565683,http://www.ordnancesurvey.co.uk/xml/codelists/localtype.xml#village,,,,Dumfries and Galloway,http://data.ordnancesurvey.co.uk/id/7000000000031903,http://data.ordnancesurvey.co.uk/ontology/admingeo/UnitaryAuthority,Scotland,http://data.ordnancesurvey.co.uk/id/7000000000041429,Scotland,http://data.ordnancesurvey.co.uk/id/country/scotland,,,
DG80BZ,http://data.ordnancesurvey.co.uk/id/postcodeunit/DG80BZ,DG8 0BZ,,,,other,Postcode,236261.000,557649.000,3500,18000,,,,,,,Spittal,http://data.ordnancesurvey.co.uk/id/4000000074565686,http://www.ordnancesurvey.co.uk/xml/codelists/localtype.xml#hamlet,,,,Dumfries and Galloway,http://data.ordnancesurvey.co.uk/id/7000000000031903,http://data.ordnancesurvey.co.uk/ontology/admingeo/UnitaryAuthority,Scotland,http://data.ordnancesurvey.co.uk/id/7000000000041429,Scotland,http://data.ordnancesurvey.co.uk/id/country/scotland,,,
DG89RD,http://data.ordnancesurvey.co.uk/id/postcodeunit/DG89RD,DG8 9RD,,,,other,Postcode,232156.000,547704.000,3500,18000,,,,,,,Elrig,http://data.ordnancesurvey.co.uk/id/4000000074566002,http://www.ordnancesurvey.co.uk/xml/codelists/localtype.xml#hamlet,,,,Dumfries and Galloway,http://data.ordnancesurvey.co.uk/id/7000000000031903,http://data.ordnancesurvey.co.uk/ontology/admingeo/UnitaryAuthority,Scotland,http://data.ordnancesurvey.co.uk/id/7000000000041429,Scotland,http://data.ordnancesurvey.co.uk/id/country/scotland,,,
DG89QE,http://data.ordnancesurvey.co.uk/id/postcodeunit/DG89QE,DG8 9QE,,,,other,Postcode,233764.000,544435.000,3500,18000,,,,,,,Port William,http://data.ordnancesurvey.co.uk/id/4000000074566000,http://www.ordnancesurvey.co.uk/xml/codelists/localtype.xml#village,,,,Dumfries and Galloway,http://data.ordnancesurvey.co.uk/id/7000000000031903,http://data.ordnancesurvey.co.uk/ontology/admingeo/UnitaryAuthority,Scotland,http://data.ordnancesurvey.co.uk/id/7000000000041429,Scotland,http://data.ordnancesurvey.co.uk/id/country/scotland,,,
DG89SJ,http://data.ordnancesurvey.co.uk/id/postcodeunit/DG89SJ,DG8 9SJ,,,,other,Postcode,233880.000,543539.000,3500,18000,,,,,,,Port William,http://data.ordnancesurvey.co.uk/id/4000000074566000,http://www.ordnancesurvey.co.uk/xml/codelists/localtype.xml#village,,,,Dumfries and Galloway,http://data.ordnancesurvey.co.uk/id/7000000000031903,http://data.ordnancesurvey.co.uk/ontology/admingeo/UnitaryAuthority,Scotland,http://data.ordnancesurvey.co.uk/id/7000000000041429,Scotland,http://data.ordnancesurvey.co.uk/id/country/scotland,,,
osgb4000000006895089,http://data.ordnancesurvey.co.uk/id/4000000006895089,Main Street,,,,transportNetwork,Named Road,220179.926,557633.124,7000,20000,219734.632,557349.701,220758.000,557661.000,DG8,http://data.ordnancesurvey.co.uk/id/postcodedistrict/DG8,Glenluce,http://data.ordnancesurvey.co.uk/id/4000000074566341,http://www.ordnancesurvey.co.uk/xml/codelists/localtype.xml#village,,,,Dumfries and Galloway,http://data.ordnancesurvey.co.uk/id/7000000000031903,http://data.ordnancesurvey.co.uk/ontology/admingeo/UnitaryAuthority,Scotland,http://data.ordnancesurvey.co.uk/id/7000000000041429,Scotland,http://data.ordnancesurvey.co.uk/id/country/scotland,,,
