﻿osgb4000000074338456,http://data.ordnancesurvey.co.uk/id/4000000074338456,Portyerrock,,,,populatedPlace,Hamlet,247750.340,538805.100,5000,25000,247401.611,538619.394,247901.611,539119.394,DG8,http://data.ordnancesurvey.co.uk/id/postcodedistrict/DG8,,,,,,,Dumfries and Galloway,http://data.ordnancesurvey.co.uk/id/7000000000031903,http://data.ordnancesurvey.co.uk/ontology/admingeo/UnitaryAuthority,Scotland,http://data.ordnancesurvey.co.uk/id/7000000000041429,Scotland,http://data.ordnancesurvey.co.uk/id/country/scotland,,,http://sws.geonames.org/2639984
osgb4000000074564743,http://data.ordnancesurvey.co.uk/id/4000000074564743,Glasserton,,,,populatedPlace,Other Settlement,241285.120,539448.760,15000,25000,239855.172,538686.452,242157.845,539595.202,DG8,http://data.ordnancesurvey.co.uk/id/postcodedistrict/DG8,,,,,,,Dumfries and Galloway,http://data.ordnancesurvey.co.uk/id/7000000000031903,http://data.ordnancesurvey.co.uk/ontology/admingeo/UnitaryAuthority,Scotland,http://data.ordnancesurvey.co.uk/id/7000000000041429,Scotland,http://data.ordnancesurvey.co.uk/id/country/scotland,,http://dbpedia.org/resource/Glasserton,
osgb4000000074564741,http://data.ordnancesurvey.co.uk/id/4000000074564741,Isle of Whithorn,,,,populatedPlace,Village,247566.860,536547.430,6000,250000,247080.946,536140.401,247996.403,536728.602,DG8,http://data.ordnancesurvey.co.uk/id/postcodedistrict/DG8,,,,,,,Dumfries and Galloway,http://data.ordnancesurvey.co.uk/id/7000000000031903,http://data.ordnancesurvey.co.uk/ontology/admingeo/UnitaryAuthority,Scotland,http://data.ordnancesurvey.co.uk/id/7000000000041429,Scotland,http://data.ordnancesurvey.co.uk/id/country/scotland,,http://dbpedia.org/resource/Isle_of_Whithorn,http://sws.geonames.org/2646008
DG88LH,http://data.ordnancesurvey.co.uk/id/postcodeunit/DG88LH,DG8 8LH,,,,other,Postcode,247721.000,536627.000,3500,18000,,,,,,,Isle of Whithorn,http://data.ordnancesurvey.co.uk/id/4000000074564741,http://www.ordnancesurvey.co.uk/xml/codelists/localtype.xml#village,,,,Dumfries and Galloway,http://data.ordnancesurvey.co.uk/id/7000000000031903,http://data.ordnancesurvey.co.uk/ontology/admingeo/UnitaryAuthority,Scotland,http://data.ordnancesurvey.co.uk/id/7000000000041429,Scotland,http://data.ordnancesurvey.co.uk/id/country/scotland,,,
DG88ND,http://data.ordnancesurvey.co.uk/id/postcodeunit/DG88ND,DG8 8ND,,,,other,Postcode,241166.000,538834.000,3500,18000,,,,,,,Glasserton,http://data.ordnancesurvey.co.uk/id/4000000074564743,http://www.ordnancesurvey.co.uk/xml/codelists/localtype.xml#otherSettlement,,,,Dumfries and Galloway,http://data.ordnancesurvey.co.uk/id/7000000000031903,http://data.ordnancesurvey.co.uk/ontology/admingeo/UnitaryAuthority,Scotland,http://data.ordnancesurvey.co.uk/id/7000000000041429,Scotland,http://data.ordnancesurvey.co.uk/id/country/scotland,,,
DG88HP,http://data.ordnancesurvey.co.uk/id/postcodeunit/DG88HP,DG8 8HP,,,,other,Postcode,246265.000,539650.000,3500,18000,,,,,,,,,,,,,Dumfries and Galloway,http://data.ordnancesurvey.co.uk/id/7000000000031903,http://data.ordnancesurvey.co.uk/ontology/admingeo/UnitaryAuthority,Scotland,http://data.ordnancesurvey.co.uk/id/7000000000041429,Scotland,http://data.ordnancesurvey.co.uk/id/country/scotland,,,
DG88HZ,http://data.ordnancesurvey.co.uk/id/postcodeunit/DG88HZ,DG8 8HZ,,,,other,Postcode,244306.000,535670.000,3500,18000,,,,,,,,,,,,,Dumfries and Galloway,http://data.ordnancesurvey.co.uk/id/7000000000031903,http://data.ordnancesurvey.co.uk/ontology/admingeo/UnitaryAuthority,Scotland,http://data.ordnancesurvey.co.uk/id/7000000000041429,Scotland,http://data.ordnancesurvey.co.uk/id/country/scotland,,,
DG88NL,http://data.ordnancesurvey.co.uk/id/postcodeunit/DG88NL,DG8 8NL,,,,other,Postcode,247134.000,536377.000,3500,18000,,,,,,,Isle of Whithorn,http://data.ordnancesurvey.co.uk/id/4000000074564741,http://www.ordnancesurvey.co.uk/xml/codelists/localtype.xml#village,,,,Dumfries and Galloway,http://data.ordnancesurvey.co.uk/id/7000000000031903,http://data.ordnancesurvey.co.uk/ontology/admingeo/UnitaryAuthority,Scotland,http://data.ordnancesurvey.co.uk/id/7000000000041429,Scotland,http://data.ordnancesurvey.co.uk/id/country/scotland,,,
DG88LS,http://data.ordnancesurvey.co.uk/id/postcodeunit/DG88LS,DG8 8LS,,,,other,Postcode,247819.000,536609.000,3500,18000,,,,,,,Isle of Whithorn,http://data.ordnancesurvey.co.uk/id/4000000074564741,http://www.ordnancesurvey.co.uk/xml/codelists/localtype.xml#village,,,,Dumfries and Galloway,http://data.ordnancesurvey.co.uk/id/7000000000031903,http://data.ordnancesurvey.co.uk/ontology/admingeo/UnitaryAuthority,Scotland,http://data.ordnancesurvey.co.uk/id/7000000000041429,Scotland,http://data.ordnancesurvey.co.uk/id/country/scotland,,,
DG88QF,http://data.ordnancesurvey.co.uk/id/postcodeunit/DG88QF,DG8 8QF,,,,other,Postcode,244404.000,539911.000,3500,18000,,,,,,,Whithorn,http://data.ordnancesurvey.co.uk/id/4000000074564742,http://www.ordnancesurvey.co.uk/xml/codelists/localtype.xml#town,,,,Dumfries and Galloway,http://data.ordnancesurvey.co.uk/id/7000000000031903,http://data.ordnancesurvey.co.uk/ontology/admingeo/UnitaryAuthority,Scotland,http://data.ordnancesurvey.co.uk/id/7000000000041429,Scotland,http://data.ordnancesurvey.co.uk/id/country/scotland,,,
DG88LT,http://data.ordnancesurvey.co.uk/id/postcodeunit/DG88LT,DG8 8LT,,,,other,Postcode,247262.000,536402.000,3500,18000,,,,,,,Isle of Whithorn,http://data.ordnancesurvey.co.uk/id/4000000074564741,http://www.ordnancesurvey.co.uk/xml/codelists/localtype.xml#village,,,,Dumfries and Galloway,http://data.ordnancesurvey.co.uk/id/7000000000031903,http://data.ordnancesurvey.co.uk/ontology/admingeo/UnitaryAuthority,Scotland,http://data.ordnancesurvey.co.uk/id/7000000000041429,Scotland,http://data.ordnancesurvey.co.uk/id/country/scotland,,,
DG88HS,http://data.ordnancesurvey.co.uk/id/postcodeunit/DG88HS,DG8 8HS,,,,other,Postcode,245512.000,539605.000,3500,18000,,,,,,,,,,,,,Dumfries and Galloway,http://data.ordnancesurvey.co.uk/id/7000000000031903,http://data.ordnancesurvey.co.uk/ontology/admingeo/UnitaryAuthority,Scotland,http://data.ordnancesurvey.co.uk/id/7000000000041429,Scotland,http://data.ordnancesurvey.co.uk/id/country/scotland,,,
DG88JZ,http://data.ordnancesurvey.co.uk/id/postcodeunit/DG88JZ,DG8 8JZ,,,,other,Postcode,246057.000,537446.000,3500,18000,,,,,,,,,,,,,Dumfries and Galloway,http://data.ordnancesurvey.co.uk/id/7000000000031903,http://data.ordnancesurvey.co.uk/ontology/admingeo/UnitaryAuthority,Scotland,http://data.ordnancesurvey.co.uk/id/7000000000041429,Scotland,http://data.ordnancesurvey.co.uk/id/country/scotland,,,
DG88QP,http://data.ordnancesurvey.co.uk/id/postcodeunit/DG88QP,DG8 8QP,,,,other,Postcode,244299.000,539797.000,3500,18000,,,,,,,Whithorn,http://data.ordnancesurvey.co.uk/id/4000000074564742,http://www.ordnancesurvey.co.uk/xml/codelists/localtype.xml#town,,,,Dumfries and Galloway,http://data.ordnancesurvey.co.uk/id/7000000000031903,http://data.ordnancesurvey.co.uk/ontology/admingeo/UnitaryAuthority,Scotland,http://data.ordnancesurvey.co.uk/id/7000000000041429,Scotland,http://data.ordnancesurvey.co.uk/id/country/scotland,,,
DG88QN,http://data.ordnancesurvey.co.uk/id/postcodeunit/DG88QN,DG8 8QN,,,,other,Postcode,244452.000,539771.000,3500,18000,,,,,,,Whithorn,http://data.ordnancesurvey.co.uk/id/4000000074564742,http://www.ordnancesurvey.co.uk/xml/codelists/localtype.xml#town,,,,Dumfries and Galloway,http://data.ordnancesurvey.co.uk/id/7000000000031903,http://data.ordnancesurvey.co.uk/ontology/admingeo/UnitaryAuthority,Scotland,http://data.ordnancesurvey.co.uk/id/7000000000041429,Scotland,http://data.ordnancesurvey.co.uk/id/country/scotland,,,
DG88LN,http://data.ordnancesurvey.co.uk/id/postcodeunit/DG88LN,DG8 8LN,,,,other,Postcode,247630.000,536498.000,3500,18000,,,,,,,Isle of Whithorn,http://data.ordnancesurvey.co.uk/id/4000000074564741,http://www.ordnancesurvey.co.uk/xml/codelists/localtype.xml#village,,,,Dumfries and Galloway,http://data.ordnancesurvey.co.uk/id/7000000000031903,http://data.ordnancesurvey.co.uk/ontology/admingeo/UnitaryAuthority,Scotland,http://data.ordnancesurvey.co.uk/id/7000000000041429,Scotland,http://data.ordnancesurvey.co.uk/id/country/scotland,,,
DG88LJ,http://data.ordnancesurvey.co.uk/id/postcodeunit/DG88LJ,DG8 8LJ,,,,other,Postcode,247756.000,536559.000,3500,18000,,,,,,,Isle of Whithorn,http://data.ordnancesurvey.co.uk/id/4000000074564741,http://www.ordnancesurvey.co.uk/xml/codelists/localtype.xml#village,,,,Dumfries and Galloway,http://data.ordnancesurvey.co.uk/id/7000000000031903,http://data.ordnancesurvey.co.uk/ontology/admingeo/UnitaryAuthority,Scotland,http://data.ordnancesurvey.co.uk/id/7000000000041429,Scotland,http://data.ordnancesurvey.co.uk/id/country/scotland,,,
DG88JG,http://data.ordnancesurvey.co.uk/id/postcodeunit/DG88JG,DG8 8JG,,,,other,Postcode,247972.000,538226.000,3500,18000,,,,,,,,,,,,,Dumfries and Galloway,http://data.ordnancesurvey.co.uk/id/7000000000031903,http://data.ordnancesurvey.co.uk/ontology/admingeo/UnitaryAuthority,Scotland,http://data.ordnancesurvey.co.uk/id/7000000000041429,Scotland,http://data.ordnancesurvey.co.uk/id/country/scotland,,,
DG88QJ,http://data.ordnancesurvey.co.uk/id/postcodeunit/DG88QJ,DG8 8QJ,,,,other,Postcode,244341.000,539735.000,3500,18000,,,,,,,Whithorn,http://data.ordnancesurvey.co.uk/id/4000000074564742,http://www.ordnancesurvey.co.uk/xml/codelists/localtype.xml#town,,,,Dumfries and Galloway,http://data.ordnancesurvey.co.uk/id/7000000000031903,http://data.ordnancesurvey.co.uk/ontology/admingeo/UnitaryAuthority,Scotland,http://data.ordnancesurvey.co.uk/id/7000000000041429,Scotland,http://data.ordnancesurvey.co.uk/id/country/scotland,,,
DG88JY,http://data.ordnancesurvey.co.uk/id/postcodeunit/DG88JY,DG8 8JY,,,,other,Postcode,245488.000,537463.000,3500,18000,,,,,,,,,,,,,Dumfries and Galloway,http://data.ordnancesurvey.co.uk/id/7000000000031903,http://data.ordnancesurvey.co.uk/ontology/admingeo/UnitaryAuthority,Scotland,http://data.ordnancesurvey.co.uk/id/7000000000041429,Scotland,http://data.ordnancesurvey.co.uk/id/country/scotland,,,
DG88HU,http://data.ordnancesurvey.co.uk/id/postcodeunit/DG88HU,DG8 8HU,,,,other,Postcode,244716.000,539014.000,3500,18000,,,,,,,,,,,,,Dumfries and Galloway,http://data.ordnancesurvey.co.uk/id/7000000000031903,http://data.ordnancesurvey.co.uk/ontology/admingeo/UnitaryAuthority,Scotland,http://data.ordnancesurvey.co.uk/id/7000000000041429,Scotland,http://data.ordnancesurvey.co.uk/id/country/scotland,,,
DG88HX,http://data.ordnancesurvey.co.uk/id/postcodeunit/DG88HX,DG8 8HX,,,,other,Postcode,245411.000,538097.000,3500,18000,,,,,,,,,,,,,Dumfries and Galloway,http://data.ordnancesurvey.co.uk/id/7000000000031903,http://data.ordnancesurvey.co.uk/ontology/admingeo/UnitaryAuthority,Scotland,http://data.ordnancesurvey.co.uk/id/7000000000041429,Scotland,http://data.ordnancesurvey.co.uk/id/country/scotland,,,
DG88LG,http://data.ordnancesurvey.co.uk/id/postcodeunit/DG88LG,DG8 8LG,,,,other,Postcode,247858.000,536435.000,3500,18000,,,,,,,Isle of Whithorn,http://data.ordnancesurvey.co.uk/id/4000000074564741,http://www.ordnancesurvey.co.uk/xml/codelists/localtype.xml#village,,,,Dumfries and Galloway,http://data.ordnancesurvey.co.uk/id/7000000000031903,http://data.ordnancesurvey.co.uk/ontology/admingeo/UnitaryAuthority,Scotland,http://data.ordnancesurvey.co.uk/id/7000000000041429,Scotland,http://data.ordnancesurvey.co.uk/id/country/scotland,,,
DG88NB,http://data.ordnancesurvey.co.uk/id/postcodeunit/DG88NB,DG8 8NB,,,,other,Postcode,241808.000,538790.000,3500,18000,,,,,,,Glasserton,http://data.ordnancesurvey.co.uk/id/4000000074564743,http://www.ordnancesurvey.co.uk/xml/codelists/localtype.xml#otherSettlement,,,,Dumfries and Galloway,http://data.ordnancesurvey.co.uk/id/7000000000031903,http://data.ordnancesurvey.co.uk/ontology/admingeo/UnitaryAuthority,Scotland,http://data.ordnancesurvey.co.uk/id/7000000000041429,Scotland,http://data.ordnancesurvey.co.uk/id/country/scotland,,,
DG88LR,http://data.ordnancesurvey.co.uk/id/postcodeunit/DG88LR,DG8 8LR,,,,other,Postcode,247939.000,536345.000,3500,18000,,,,,,,Isle of Whithorn,http://data.ordnancesurvey.co.uk/id/4000000074564741,http://www.ordnancesurvey.co.uk/xml/codelists/localtype.xml#village,,,,Dumfries and Galloway,http://data.ordnancesurvey.co.uk/id/7000000000031903,http://data.ordnancesurvey.co.uk/ontology/admingeo/UnitaryAuthority,Scotland,http://data.ordnancesurvey.co.uk/id/7000000000041429,Scotland,http://data.ordnancesurvey.co.uk/id/country/scotland,,,
DG88LL,http://data.ordnancesurvey.co.uk/id/postcodeunit/DG88LL,DG8 8LL,,,,other,Postcode,247852.000,536304.000,3500,18000,,,,,,,Isle of Whithorn,http://data.ordnancesurvey.co.uk/id/4000000074564741,http://www.ordnancesurvey.co.uk/xml/codelists/localtype.xml#village,,,,Dumfries and Galloway,http://data.ordnancesurvey.co.uk/id/7000000000031903,http://data.ordnancesurvey.co.uk/ontology/admingeo/UnitaryAuthority,Scotland,http://data.ordnancesurvey.co.uk/id/7000000000041429,Scotland,http://data.ordnancesurvey.co.uk/id/country/scotland,,,
DG88QG,http://data.ordnancesurvey.co.uk/id/postcodeunit/DG88QG,DG8 8QG,,,,other,Postcode,244261.000,539746.000,3500,18000,,,,,,,Whithorn,http://data.ordnancesurvey.co.uk/id/4000000074564742,http://www.ordnancesurvey.co.uk/xml/codelists/localtype.xml#town,,,,Dumfries and Galloway,http://data.ordnancesurvey.co.uk/id/7000000000031903,http://data.ordnancesurvey.co.uk/ontology/admingeo/UnitaryAuthority,Scotland,http://data.ordnancesurvey.co.uk/id/7000000000041429,Scotland,http://data.ordnancesurvey.co.uk/id/country/scotland,,,
DG88JQ,http://data.ordnancesurvey.co.uk/id/postcodeunit/DG88JQ,DG8 8JQ,,,,other,Postcode,247748.000,538892.000,3500,18000,,,,,,,Portyerrock,http://data.ordnancesurvey.co.uk/id/4000000074338456,http://www.ordnancesurvey.co.uk/xml/codelists/localtype.xml#hamlet,,,,Dumfries and Galloway,http://data.ordnancesurvey.co.uk/id/7000000000031903,http://data.ordnancesurvey.co.uk/ontology/admingeo/UnitaryAuthority,Scotland,http://data.ordnancesurvey.co.uk/id/7000000000041429,Scotland,http://data.ordnancesurvey.co.uk/id/country/scotland,,,
DG88JS,http://data.ordnancesurvey.co.uk/id/postcodeunit/DG88JS,DG8 8JS,,,,other,Postcode,244185.000,538556.000,3500,18000,,,,,,,,,,,,,Dumfries and Galloway,http://data.ordnancesurvey.co.uk/id/7000000000031903,http://data.ordnancesurvey.co.uk/ontology/admingeo/UnitaryAuthority,Scotland,http://data.ordnancesurvey.co.uk/id/7000000000041429,Scotland,http://data.ordnancesurvey.co.uk/id/country/scotland,,,
DG88LZ,http://data.ordnancesurvey.co.uk/id/postcodeunit/DG88LZ,DG8 8LZ,,,,other,Postcode,242618.000,538833.000,3500,18000,,,,,,,,,,,,,Dumfries and Galloway,http://data.ordnancesurvey.co.uk/id/7000000000031903,http://data.ordnancesurvey.co.uk/ontology/admingeo/UnitaryAuthority,Scotland,http://data.ordnancesurvey.co.uk/id/7000000000041429,Scotland,http://data.ordnancesurvey.co.uk/id/country/scotland,,,
DG88HT,http://data.ordnancesurvey.co.uk/id/postcodeunit/DG88HT,DG8 8HT,,,,other,Postcode,244658.000,539592.000,3500,18000,,,,,,,,,,,,,Dumfries and Galloway,http://data.ordnancesurvey.co.uk/id/7000000000031903,http://data.ordnancesurvey.co.uk/ontology/admingeo/UnitaryAuthority,Scotland,http://data.ordnancesurvey.co.uk/id/7000000000041429,Scotland,http://data.ordnancesurvey.co.uk/id/country/scotland,,,
DG88LU,http://data.ordnancesurvey.co.uk/id/postcodeunit/DG88LU,DG8 8LU,,,,other,Postcode,242849.000,538103.000,3500,18000,,,,,,,,,,,,,Dumfries and Galloway,http://data.ordnancesurvey.co.uk/id/7000000000031903,http://data.ordnancesurvey.co.uk/ontology/admingeo/UnitaryAuthority,Scotland,http://data.ordnancesurvey.co.uk/id/7000000000041429,Scotland,http://data.ordnancesurvey.co.uk/id/country/scotland,,,
DG88JA,http://data.ordnancesurvey.co.uk/id/postcodeunit/DG88JA,DG8 8JA,,,,other,Postcode,245247.000,535144.000,3500,18000,,,,,,,,,,,,,Dumfries and Galloway,http://data.ordnancesurvey.co.uk/id/7000000000031903,http://data.ordnancesurvey.co.uk/ontology/admingeo/UnitaryAuthority,Scotland,http://data.ordnancesurvey.co.uk/id/7000000000041429,Scotland,http://data.ordnancesurvey.co.uk/id/country/scotland,,,
DG88JU,http://data.ordnancesurvey.co.uk/id/postcodeunit/DG88JU,DG8 8JU,,,,other,Postcode,243022.000,536575.000,3500,18000,,,,,,,,,,,,,Dumfries and Galloway,http://data.ordnancesurvey.co.uk/id/7000000000031903,http://data.ordnancesurvey.co.uk/ontology/admingeo/UnitaryAuthority,Scotland,http://data.ordnancesurvey.co.uk/id/7000000000041429,Scotland,http://data.ordnancesurvey.co.uk/id/country/scotland,,,
DG88JB,http://data.ordnancesurvey.co.uk/id/postcodeunit/DG88JB,DG8 8JB,,,,other,Postcode,245072.000,534433.000,3500,18000,,,,,,,,,,,,,Dumfries and Galloway,http://data.ordnancesurvey.co.uk/id/7000000000031903,http://data.ordnancesurvey.co.uk/ontology/admingeo/UnitaryAuthority,Scotland,http://data.ordnancesurvey.co.uk/id/7000000000041429,Scotland,http://data.ordnancesurvey.co.uk/id/country/scotland,,,
DG88LE,http://data.ordnancesurvey.co.uk/id/postcodeunit/DG88LE,DG8 8LE,,,,other,Postcode,247610.000,536525.000,3500,18000,,,,,,,Isle of Whithorn,http://data.ordnancesurvey.co.uk/id/4000000074564741,http://www.ordnancesurvey.co.uk/xml/codelists/localtype.xml#village,,,,Dumfries and Galloway,http://data.ordnancesurvey.co.uk/id/7000000000031903,http://data.ordnancesurvey.co.uk/ontology/admingeo/UnitaryAuthority,Scotland,http://data.ordnancesurvey.co.uk/id/7000000000041429,Scotland,http://data.ordnancesurvey.co.uk/id/country/scotland,,,
DG88JT,http://data.ordnancesurvey.co.uk/id/postcodeunit/DG88JT,DG8 8JT,,,,other,Postcode,243725.000,538073.000,3500,18000,,,,,,,,,,,,,Dumfries and Galloway,http://data.ordnancesurvey.co.uk/id/7000000000031903,http://data.ordnancesurvey.co.uk/ontology/admingeo/UnitaryAuthority,Scotland,http://data.ordnancesurvey.co.uk/id/7000000000041429,Scotland,http://data.ordnancesurvey.co.uk/id/country/scotland,,,
DG88LF,http://data.ordnancesurvey.co.uk/id/postcodeunit/DG88LF,DG8 8LF,,,,other,Postcode,247576.000,536557.000,3500,18000,,,,,,,Isle of Whithorn,http://data.ordnancesurvey.co.uk/id/4000000074564741,http://www.ordnancesurvey.co.uk/xml/codelists/localtype.xml#village,,,,Dumfries and Galloway,http://data.ordnancesurvey.co.uk/id/7000000000031903,http://data.ordnancesurvey.co.uk/ontology/admingeo/UnitaryAuthority,Scotland,http://data.ordnancesurvey.co.uk/id/7000000000041429,Scotland,http://data.ordnancesurvey.co.uk/id/country/scotland,,,
DG88LP,http://data.ordnancesurvey.co.uk/id/postcodeunit/DG88LP,DG8 8LP,,,,other,Postcode,247650.000,536604.000,3500,18000,,,,,,,Isle of Whithorn,http://data.ordnancesurvey.co.uk/id/4000000074564741,http://www.ordnancesurvey.co.uk/xml/codelists/localtype.xml#village,,,,Dumfries and Galloway,http://data.ordnancesurvey.co.uk/id/7000000000031903,http://data.ordnancesurvey.co.uk/ontology/admingeo/UnitaryAuthority,Scotland,http://data.ordnancesurvey.co.uk/id/7000000000041429,Scotland,http://data.ordnancesurvey.co.uk/id/country/scotland,,,
DG88JD,http://data.ordnancesurvey.co.uk/id/postcodeunit/DG88JD,DG8 8JD,,,,other,Postcode,246770.000,535707.000,3500,18000,,,,,,,,,,,,,Dumfries and Galloway,http://data.ordnancesurvey.co.uk/id/7000000000031903,http://data.ordnancesurvey.co.uk/ontology/admingeo/UnitaryAuthority,Scotland,http://data.ordnancesurvey.co.uk/id/7000000000041429,Scotland,http://data.ordnancesurvey.co.uk/id/country/scotland,,,
DG88JF,http://data.ordnancesurvey.co.uk/id/postcodeunit/DG88JF,DG8 8JF,,,,other,Postcode,247713.000,537350.000,3500,18000,,,,,,,,,,,,,Dumfries and Galloway,http://data.ordnancesurvey.co.uk/id/7000000000031903,http://data.ordnancesurvey.co.uk/ontology/admingeo/UnitaryAuthority,Scotland,http://data.ordnancesurvey.co.uk/id/7000000000041429,Scotland,http://data.ordnancesurvey.co.uk/id/country/scotland,,,
DG88NA,http://data.ordnancesurvey.co.uk/id/postcodeunit/DG88NA,DG8 8NA,,,,other,Postcode,243529.000,539515.000,3500,18000,,,,,,,,,,,,,Dumfries and Galloway,http://data.ordnancesurvey.co.uk/id/7000000000031903,http://data.ordnancesurvey.co.uk/ontology/admingeo/UnitaryAuthority,Scotland,http://data.ordnancesurvey.co.uk/id/7000000000041429,Scotland,http://data.ordnancesurvey.co.uk/id/country/scotland,,,
DG88JH,http://data.ordnancesurvey.co.uk/id/postcodeunit/DG88JH,DG8 8JH,,,,other,Postcode,247167.000,539302.000,3500,18000,,,,,,,,,,,,,Dumfries and Galloway,http://data.ordnancesurvey.co.uk/id/7000000000031903,http://data.ordnancesurvey.co.uk/ontology/admingeo/UnitaryAuthority,Scotland,http://data.ordnancesurvey.co.uk/id/7000000000041429,Scotland,http://data.ordnancesurvey.co.uk/id/country/scotland,,,
DG88LD,http://data.ordnancesurvey.co.uk/id/postcodeunit/DG88LD,DG8 8LD,,,,other,Postcode,247465.000,536512.000,3500,18000,,,,,,,Isle of Whithorn,http://data.ordnancesurvey.co.uk/id/4000000074564741,http://www.ordnancesurvey.co.uk/xml/codelists/localtype.xml#village,,,,Dumfries and Galloway,http://data.ordnancesurvey.co.uk/id/7000000000031903,http://data.ordnancesurvey.co.uk/ontology/admingeo/UnitaryAuthority,Scotland,http://data.ordnancesurvey.co.uk/id/7000000000041429,Scotland,http://data.ordnancesurvey.co.uk/id/country/scotland,,,
DG88LY,http://data.ordnancesurvey.co.uk/id/postcodeunit/DG88LY,DG8 8LY,,,,other,Postcode,242074.000,538087.000,3500,18000,,,,,,,,,,,,,Dumfries and Galloway,http://data.ordnancesurvey.co.uk/id/7000000000031903,http://data.ordnancesurvey.co.uk/ontology/admingeo/UnitaryAuthority,Scotland,http://data.ordnancesurvey.co.uk/id/7000000000041429,Scotland,http://data.ordnancesurvey.co.uk/id/country/scotland,,,
DG88QE,http://data.ordnancesurvey.co.uk/id/postcodeunit/DG88QE,DG8 8QE,,,,other,Postcode,244377.000,539905.000,3500,18000,,,,,,,Whithorn,http://data.ordnancesurvey.co.uk/id/4000000074564742,http://www.ordnancesurvey.co.uk/xml/codelists/localtype.xml#town,,,,Dumfries and Galloway,http://data.ordnancesurvey.co.uk/id/7000000000031903,http://data.ordnancesurvey.co.uk/ontology/admingeo/UnitaryAuthority,Scotland,http://data.ordnancesurvey.co.uk/id/7000000000041429,Scotland,http://data.ordnancesurvey.co.uk/id/country/scotland,,,
DG88HY,http://data.ordnancesurvey.co.uk/id/postcodeunit/DG88HY,DG8 8HY,,,,other,Postcode,244834.000,537077.000,3500,18000,,,,,,,,,,,,,Dumfries and Galloway,http://data.ordnancesurvey.co.uk/id/7000000000031903,http://data.ordnancesurvey.co.uk/ontology/admingeo/UnitaryAuthority,Scotland,http://data.ordnancesurvey.co.uk/id/7000000000041429,Scotland,http://data.ordnancesurvey.co.uk/id/country/scotland,,,
DG88LX,http://data.ordnancesurvey.co.uk/id/postcodeunit/DG88LX,DG8 8LX,,,,other,Postcode,242109.000,537130.000,3500,18000,,,,,,,,,,,,,Dumfries and Galloway,http://data.ordnancesurvey.co.uk/id/7000000000031903,http://data.ordnancesurvey.co.uk/ontology/admingeo/UnitaryAuthority,Scotland,http://data.ordnancesurvey.co.uk/id/7000000000041429,Scotland,http://data.ordnancesurvey.co.uk/id/country/scotland,,,
DG88JE,http://data.ordnancesurvey.co.uk/id/postcodeunit/DG88JE,DG8 8JE,,,,other,Postcode,247406.000,536179.000,3500,18000,,,,,,,Isle of Whithorn,http://data.ordnancesurvey.co.uk/id/4000000074564741,http://www.ordnancesurvey.co.uk/xml/codelists/localtype.xml#village,,,,Dumfries and Galloway,http://data.ordnancesurvey.co.uk/id/7000000000031903,http://data.ordnancesurvey.co.uk/ontology/admingeo/UnitaryAuthority,Scotland,http://data.ordnancesurvey.co.uk/id/7000000000041429,Scotland,http://data.ordnancesurvey.co.uk/id/country/scotland,,,
DG88QQ,http://data.ordnancesurvey.co.uk/id/postcodeunit/DG88QQ,DG8 8QQ,,,,other,Postcode,244327.000,539831.000,3500,18000,,,,,,,Whithorn,http://data.ordnancesurvey.co.uk/id/4000000074564742,http://www.ordnancesurvey.co.uk/xml/codelists/localtype.xml#town,,,,Dumfries and Galloway,http://data.ordnancesurvey.co.uk/id/7000000000031903,http://data.ordnancesurvey.co.uk/ontology/admingeo/UnitaryAuthority,Scotland,http://data.ordnancesurvey.co.uk/id/7000000000041429,Scotland,http://data.ordnancesurvey.co.uk/id/country/scotland,,,
DG88LB,http://data.ordnancesurvey.co.uk/id/postcodeunit/DG88LB,DG8 8LB,,,,other,Postcode,247440.000,536576.000,3500,18000,,,,,,,Isle of Whithorn,http://data.ordnancesurvey.co.uk/id/4000000074564741,http://www.ordnancesurvey.co.uk/xml/codelists/localtype.xml#village,,,,Dumfries and Galloway,http://data.ordnancesurvey.co.uk/id/7000000000031903,http://data.ordnancesurvey.co.uk/ontology/admingeo/UnitaryAuthority,Scotland,http://data.ordnancesurvey.co.uk/id/7000000000041429,Scotland,http://data.ordnancesurvey.co.uk/id/country/scotland,,,
DG88QH,http://data.ordnancesurvey.co.uk/id/postcodeunit/DG88QH,DG8 8QH,,,,other,Postcode,244330.000,539795.000,3500,18000,,,,,,,Whithorn,http://data.ordnancesurvey.co.uk/id/4000000074564742,http://www.ordnancesurvey.co.uk/xml/codelists/localtype.xml#town,,,,Dumfries and Galloway,http://data.ordnancesurvey.co.uk/id/7000000000031903,http://data.ordnancesurvey.co.uk/ontology/admingeo/UnitaryAuthority,Scotland,http://data.ordnancesurvey.co.uk/id/7000000000041429,Scotland,http://data.ordnancesurvey.co.uk/id/country/scotland,,,
DG88QL,http://data.ordnancesurvey.co.uk/id/postcodeunit/DG88QL,DG8 8QL,,,,other,Postcode,244369.000,539741.000,3500,18000,,,,,,,Whithorn,http://data.ordnancesurvey.co.uk/id/4000000074564742,http://www.ordnancesurvey.co.uk/xml/codelists/localtype.xml#town,,,,Dumfries and Galloway,http://data.ordnancesurvey.co.uk/id/7000000000031903,http://data.ordnancesurvey.co.uk/ontology/admingeo/UnitaryAuthority,Scotland,http://data.ordnancesurvey.co.uk/id/7000000000041429,Scotland,http://data.ordnancesurvey.co.uk/id/country/scotland,,,
DG88JX,http://data.ordnancesurvey.co.uk/id/postcodeunit/DG88JX,DG8 8JX,,,,other,Postcode,244338.000,537830.000,3500,18000,,,,,,,,,,,,,Dumfries and Galloway,http://data.ordnancesurvey.co.uk/id/7000000000031903,http://data.ordnancesurvey.co.uk/ontology/admingeo/UnitaryAuthority,Scotland,http://data.ordnancesurvey.co.uk/id/7000000000041429,Scotland,http://data.ordnancesurvey.co.uk/id/country/scotland,,,
3709dbb2-bb76-47df-bc72-4317e74296ef,http://data.ordnancesurvey.co.uk/id/3709dbb2-bb76-47df-bc72-4317e74296ef,Green Croft,,,,transportNetwork,Section Of Named Road,244479.000,539833.000,1000,25000,244390.000,539711.903,244481.827,539909.000,DG8,http://data.ordnancesurvey.co.uk/id/postcodedistrict/DG8,Whithorn,http://data.ordnancesurvey.co.uk/id/4000000074564742,http://www.ordnancesurvey.co.uk/xml/codelists/localtype.xml#town,,,,Dumfries and Galloway,http://data.ordnancesurvey.co.uk/id/7000000000031903,http://data.ordnancesurvey.co.uk/ontology/admingeo/UnitaryAuthority,Scotland,http://data.ordnancesurvey.co.uk/id/7000000000041429,Scotland,http://data.ordnancesurvey.co.uk/id/country/scotland,osgb4000000006895882,,
osgb4000000006896501,http://data.ordnancesurvey.co.uk/id/4000000006896501,Boyach Road,,,,transportNetwork,Named Road,247421.514,536616.473,1000,20000,247419.381,536567.837,247472.425,536644.915,DG8,http://data.ordnancesurvey.co.uk/id/postcodedistrict/DG8,Isle of Whithorn,http://data.ordnancesurvey.co.uk/id/4000000074564741,http://www.ordnancesurvey.co.uk/xml/codelists/localtype.xml#village,,,,Dumfries and Galloway,http://data.ordnancesurvey.co.uk/id/7000000000031903,http://data.ordnancesurvey.co.uk/ontology/admingeo/UnitaryAuthority,Scotland,http://data.ordnancesurvey.co.uk/id/7000000000041429,Scotland,http://data.ordnancesurvey.co.uk/id/country/scotland,,,
osgb4000000006895881,http://data.ordnancesurvey.co.uk/id/4000000006895881,High Street,,,,transportNetwork,Named Road,244390.000,539909.000,1000,20000,244366.000,539867.000,244422.000,539976.000,DG8,http://data.ordnancesurvey.co.uk/id/postcodedistrict/DG8,Whithorn,http://data.ordnancesurvey.co.uk/id/4000000074564742,http://www.ordnancesurvey.co.uk/xml/codelists/localtype.xml#town,,,,Dumfries and Galloway,http://data.ordnancesurvey.co.uk/id/7000000000031903,http://data.ordnancesurvey.co.uk/ontology/admingeo/UnitaryAuthority,Scotland,http://data.ordnancesurvey.co.uk/id/7000000000041429,Scotland,http://data.ordnancesurvey.co.uk/id/country/scotland,,,
osgb4000000006895878,http://data.ordnancesurvey.co.uk/id/4000000006895878,Boyach Crescent,,,,transportNetwork,Named Road,247481.527,536553.616,1000,20000,247400.553,536471.737,247483.282,536567.837,DG8,http://data.ordnancesurvey.co.uk/id/postcodedistrict/DG8,Isle of Whithorn,http://data.ordnancesurvey.co.uk/id/4000000074564741,http://www.ordnancesurvey.co.uk/xml/codelists/localtype.xml#village,,,,Dumfries and Galloway,http://data.ordnancesurvey.co.uk/id/7000000000031903,http://data.ordnancesurvey.co.uk/ontology/admingeo/UnitaryAuthority,Scotland,http://data.ordnancesurvey.co.uk/id/7000000000041429,Scotland,http://data.ordnancesurvey.co.uk/id/country/scotland,,,
osgb4000000006895882,http://data.ordnancesurvey.co.uk/id/4000000006895882,Green Croft,,,,transportNetwork,Named Road,244479.000,539833.000,1000,20000,244390.000,539711.903,244493.000,539909.000,DG8,http://data.ordnancesurvey.co.uk/id/postcodedistrict/DG8,Whithorn,http://data.ordnancesurvey.co.uk/id/4000000074564742,http://www.ordnancesurvey.co.uk/xml/codelists/localtype.xml#town,,,,Dumfries and Galloway,http://data.ordnancesurvey.co.uk/id/7000000000031903,http://data.ordnancesurvey.co.uk/ontology/admingeo/UnitaryAuthority,Scotland,http://data.ordnancesurvey.co.uk/id/7000000000041429,Scotland,http://data.ordnancesurvey.co.uk/id/country/scotland,,,
38ecc1b7-f311-425e-9970-d1000e29f5c4,http://data.ordnancesurvey.co.uk/id/38ecc1b7-f311-425e-9970-d1000e29f5c4,Isle Street,,,,transportNetwork,Section Of Named Road,244350.814,539761.499,1000,25000,244350.814,539655.712,244366.154,539867.000,DG8,http://data.ordnancesurvey.co.uk/id/postcodedistrict/DG8,Whithorn,http://data.ordnancesurvey.co.uk/id/4000000074564742,http://www.ordnancesurvey.co.uk/xml/codelists/localtype.xml#town,,,,Dumfries and Galloway,http://data.ordnancesurvey.co.uk/id/7000000000031903,http://data.ordnancesurvey.co.uk/ontology/admingeo/UnitaryAuthority,Scotland,http://data.ordnancesurvey.co.uk/id/7000000000041429,Scotland,http://data.ordnancesurvey.co.uk/id/country/scotland,osgb4000000006896502,,
osgb4000000006895348,http://data.ordnancesurvey.co.uk/id/4000000006895348,Main Street,,,,transportNetwork,Named Road,247773.000,536520.000,2000,20000,247566.862,536372.837,247882.470,536547.439,DG8,http://data.ordnancesurvey.co.uk/id/postcodedistrict/DG8,Isle of Whithorn,http://data.ordnancesurvey.co.uk/id/4000000074564741,http://www.ordnancesurvey.co.uk/xml/codelists/localtype.xml#village,,,,Dumfries and Galloway,http://data.ordnancesurvey.co.uk/id/7000000000031903,http://data.ordnancesurvey.co.uk/ontology/admingeo/UnitaryAuthority,Scotland,http://data.ordnancesurvey.co.uk/id/7000000000041429,Scotland,http://data.ordnancesurvey.co.uk/id/country/scotland,,,
osgb4000000006902821,http://data.ordnancesurvey.co.uk/id/4000000006902821,Green Lane,,,,transportNetwork,Named Road,244383.130,539946.294,1000,20000,244355.880,539880.860,244422.000,539976.000,DG8,http://data.ordnancesurvey.co.uk/id/postcodedistrict/DG8,Whithorn,http://data.ordnancesurvey.co.uk/id/4000000074564742,http://www.ordnancesurvey.co.uk/xml/codelists/localtype.xml#town,,,,Dumfries and Galloway,http://data.ordnancesurvey.co.uk/id/7000000000031903,http://data.ordnancesurvey.co.uk/ontology/admingeo/UnitaryAuthority,Scotland,http://data.ordnancesurvey.co.uk/id/7000000000041429,Scotland,http://data.ordnancesurvey.co.uk/id/country/scotland,,,
osgb4000000006916045,http://data.ordnancesurvey.co.uk/id/4000000006916045,Boyach Terrace,,,,transportNetwork,Named Road,247358.874,536493.151,1000,20000,247355.865,536462.888,247403.296,536527.132,DG8,http://data.ordnancesurvey.co.uk/id/postcodedistrict/DG8,Isle of Whithorn,http://data.ordnancesurvey.co.uk/id/4000000074564741,http://www.ordnancesurvey.co.uk/xml/codelists/localtype.xml#village,,,,Dumfries and Galloway,http://data.ordnancesurvey.co.uk/id/7000000000031903,http://data.ordnancesurvey.co.uk/ontology/admingeo/UnitaryAuthority,Scotland,http://data.ordnancesurvey.co.uk/id/7000000000041429,Scotland,http://data.ordnancesurvey.co.uk/id/country/scotland,,,
7a72777d-41dd-450a-8ddb-fdcc26743d13,http://data.ordnancesurvey.co.uk/id/7a72777d-41dd-450a-8ddb-fdcc26743d13,Harbour Row,,,,transportNetwork,Section Of Named Road,247815.465,536258.786,1000,25000,247809.495,536248.995,247882.470,536372.837,DG8,http://data.ordnancesurvey.co.uk/id/postcodedistrict/DG8,Isle of Whithorn,http://data.ordnancesurvey.co.uk/id/4000000074564741,http://www.ordnancesurvey.co.uk/xml/codelists/localtype.xml#village,,,,Dumfries and Galloway,http://data.ordnancesurvey.co.uk/id/7000000000031903,http://data.ordnancesurvey.co.uk/ontology/admingeo/UnitaryAuthority,Scotland,http://data.ordnancesurvey.co.uk/id/7000000000041429,Scotland,http://data.ordnancesurvey.co.uk/id/country/scotland,osgb4000000006895879,,
osgb4000000006895879,http://data.ordnancesurvey.co.uk/id/4000000006895879,Harbour Row,,,,transportNetwork,Named Road,247815.465,536258.786,1000,20000,247753.000,536235.505,247882.470,536372.837,DG8,http://data.ordnancesurvey.co.uk/id/postcodedistrict/DG8,Isle of Whithorn,http://data.ordnancesurvey.co.uk/id/4000000074564741,http://www.ordnancesurvey.co.uk/xml/codelists/localtype.xml#village,,,,Dumfries and Galloway,http://data.ordnancesurvey.co.uk/id/7000000000031903,http://data.ordnancesurvey.co.uk/ontology/admingeo/UnitaryAuthority,Scotland,http://data.ordnancesurvey.co.uk/id/7000000000041429,Scotland,http://data.ordnancesurvey.co.uk/id/country/scotland,,,
f1bca7e6-207d-40d1-b44d-2d085ac89cdd,http://data.ordnancesurvey.co.uk/id/f1bca7e6-207d-40d1-b44d-2d085ac89cdd,B7004,,,,transportNetwork,Section Of Numbered Road,244366.000,539867.000,8000,25000,244345.000,539655.712,244680.328,540873.066,DG8,http://data.ordnancesurvey.co.uk/id/postcodedistrict/DG8,Whithorn,http://data.ordnancesurvey.co.uk/id/4000000074564742,http://www.ordnancesurvey.co.uk/xml/codelists/localtype.xml#town,,,,Dumfries and Galloway,http://data.ordnancesurvey.co.uk/id/7000000000031903,http://data.ordnancesurvey.co.uk/ontology/admingeo/UnitaryAuthority,Scotland,http://data.ordnancesurvey.co.uk/id/7000000000041429,Scotland,http://data.ordnancesurvey.co.uk/id/country/scotland,osgb4000000006899680,,
osgb4000000006896503,http://data.ordnancesurvey.co.uk/id/4000000006896503,Kilncroft,,,,transportNetwork,Named Road,244440.000,539936.000,1000,20000,244420.000,539896.000,244467.982,539940.000,DG8,http://data.ordnancesurvey.co.uk/id/postcodedistrict/DG8,Whithorn,http://data.ordnancesurvey.co.uk/id/4000000074564742,http://www.ordnancesurvey.co.uk/xml/codelists/localtype.xml#town,,,,Dumfries and Galloway,http://data.ordnancesurvey.co.uk/id/7000000000031903,http://data.ordnancesurvey.co.uk/ontology/admingeo/UnitaryAuthority,Scotland,http://data.ordnancesurvey.co.uk/id/7000000000041429,Scotland,http://data.ordnancesurvey.co.uk/id/country/scotland,,,
osgb4000000006895880,http://data.ordnancesurvey.co.uk/id/4000000006895880,Glasserton Street,,,,transportNetwork,Named Road,244307.000,539771.000,1000,20000,244169.000,539698.000,244366.000,539867.000,DG8,http://data.ordnancesurvey.co.uk/id/postcodedistrict/DG8,Whithorn,http://data.ordnancesurvey.co.uk/id/4000000074564742,http://www.ordnancesurvey.co.uk/xml/codelists/localtype.xml#town,,,,Dumfries and Galloway,http://data.ordnancesurvey.co.uk/id/7000000000031903,http://data.ordnancesurvey.co.uk/ontology/admingeo/UnitaryAuthority,Scotland,http://data.ordnancesurvey.co.uk/id/7000000000041429,Scotland,http://data.ordnancesurvey.co.uk/id/country/scotland,,,
DG88LA,http://data.ordnancesurvey.co.uk/id/postcodeunit/DG88LA,DG8 8LA,,,,other,Postcode,247180.000,536463.000,3500,18000,,,,,,,Isle of Whithorn,http://data.ordnancesurvey.co.uk/id/4000000074564741,http://www.ordnancesurvey.co.uk/xml/codelists/localtype.xml#village,,,,Dumfries and Galloway,http://data.ordnancesurvey.co.uk/id/7000000000031903,http://data.ordnancesurvey.co.uk/ontology/admingeo/UnitaryAuthority,Scotland,http://data.ordnancesurvey.co.uk/id/7000000000041429,Scotland,http://data.ordnancesurvey.co.uk/id/country/scotland,,,
DG88LQ,http://data.ordnancesurvey.co.uk/id/postcodeunit/DG88LQ,DG8 8LQ,,,,other,Postcode,247514.000,536420.000,3500,18000,,,,,,,Isle of Whithorn,http://data.ordnancesurvey.co.uk/id/4000000074564741,http://www.ordnancesurvey.co.uk/xml/codelists/localtype.xml#village,,,,Dumfries and Galloway,http://data.ordnancesurvey.co.uk/id/7000000000031903,http://data.ordnancesurvey.co.uk/ontology/admingeo/UnitaryAuthority,Scotland,http://data.ordnancesurvey.co.uk/id/7000000000041429,Scotland,http://data.ordnancesurvey.co.uk/id/country/scotland,,,
DG88JW,http://data.ordnancesurvey.co.uk/id/postcodeunit/DG88JW,DG8 8JW,,,,other,Postcode,247371.000,536501.000,3500,18000,,,,,,,Isle of Whithorn,http://data.ordnancesurvey.co.uk/id/4000000074564741,http://www.ordnancesurvey.co.uk/xml/codelists/localtype.xml#village,,,,Dumfries and Galloway,http://data.ordnancesurvey.co.uk/id/7000000000031903,http://data.ordnancesurvey.co.uk/ontology/admingeo/UnitaryAuthority,Scotland,http://data.ordnancesurvey.co.uk/id/7000000000041429,Scotland,http://data.ordnancesurvey.co.uk/id/country/scotland,,,
DG88NE,http://data.ordnancesurvey.co.uk/id/postcodeunit/DG88NE,DG8 8NE,,,,other,Postcode,240371.000,539255.000,3500,18000,,,,,,,Glasserton,http://data.ordnancesurvey.co.uk/id/4000000074564743,http://www.ordnancesurvey.co.uk/xml/codelists/localtype.xml#otherSettlement,,,,Dumfries and Galloway,http://data.ordnancesurvey.co.uk/id/7000000000031903,http://data.ordnancesurvey.co.uk/ontology/admingeo/UnitaryAuthority,Scotland,http://data.ordnancesurvey.co.uk/id/7000000000041429,Scotland,http://data.ordnancesurvey.co.uk/id/country/scotland,,,
osgb4000000006895877,http://data.ordnancesurvey.co.uk/id/4000000006895877,Rosie's Brae,,,,transportNetwork,Named Road,247288.684,536359.889,1000,20000,247220.326,536288.000,247373.000,536427.536,DG8,http://data.ordnancesurvey.co.uk/id/postcodedistrict/DG8,Isle of Whithorn,http://data.ordnancesurvey.co.uk/id/4000000074564741,http://www.ordnancesurvey.co.uk/xml/codelists/localtype.xml#village,,,,Dumfries and Galloway,http://data.ordnancesurvey.co.uk/id/7000000000031903,http://data.ordnancesurvey.co.uk/ontology/admingeo/UnitaryAuthority,Scotland,http://data.ordnancesurvey.co.uk/id/7000000000041429,Scotland,http://data.ordnancesurvey.co.uk/id/country/scotland,,,
DG88QW,http://data.ordnancesurvey.co.uk/id/postcodeunit/DG88QW,DG8 8QW,,,,other,Postcode,244462.000,539907.000,3500,18000,,,,,,,Whithorn,http://data.ordnancesurvey.co.uk/id/4000000074564742,http://www.ordnancesurvey.co.uk/xml/codelists/localtype.xml#town,,,,Dumfries and Galloway,http://data.ordnancesurvey.co.uk/id/7000000000031903,http://data.ordnancesurvey.co.uk/ontology/admingeo/UnitaryAuthority,Scotland,http://data.ordnancesurvey.co.uk/id/7000000000041429,Scotland,http://data.ordnancesurvey.co.uk/id/country/scotland,,,
osgb4000000006895347,http://data.ordnancesurvey.co.uk/id/4000000006895347,Tonderghie Road,,,,transportNetwork,Named Road,247513.000,536398.000,2000,20000,247373.000,536288.000,247566.862,536547.439,DG8,http://data.ordnancesurvey.co.uk/id/postcodedistrict/DG8,Isle of Whithorn,http://data.ordnancesurvey.co.uk/id/4000000074564741,http://www.ordnancesurvey.co.uk/xml/codelists/localtype.xml#village,,,,Dumfries and Galloway,http://data.ordnancesurvey.co.uk/id/7000000000031903,http://data.ordnancesurvey.co.uk/ontology/admingeo/UnitaryAuthority,Scotland,http://data.ordnancesurvey.co.uk/id/7000000000041429,Scotland,http://data.ordnancesurvey.co.uk/id/country/scotland,,,
osgb4000000006896502,http://data.ordnancesurvey.co.uk/id/4000000006896502,Isle Street,,,,transportNetwork,Named Road,244350.814,539761.499,1000,20000,244350.814,539654.000,244366.154,539867.000,DG8,http://data.ordnancesurvey.co.uk/id/postcodedistrict/DG8,Whithorn,http://data.ordnancesurvey.co.uk/id/4000000074564742,http://www.ordnancesurvey.co.uk/xml/codelists/localtype.xml#town,,,,Dumfries and Galloway,http://data.ordnancesurvey.co.uk/id/7000000000031903,http://data.ordnancesurvey.co.uk/ontology/admingeo/UnitaryAuthority,Scotland,http://data.ordnancesurvey.co.uk/id/7000000000041429,Scotland,http://data.ordnancesurvey.co.uk/id/country/scotland,,,
