﻿osgb4000000074563451,http://data.ordnancesurvey.co.uk/id/4000000074563451,Colvend,,,,populatedPlace,Village,286794.240,554631.110,10000,250000,286298.208,554292.765,287802.825,554981.058,DG5,http://data.ordnancesurvey.co.uk/id/postcodedistrict/DG5,,,,,,,Dumfries and Galloway,http://data.ordnancesurvey.co.uk/id/7000000000031903,http://data.ordnancesurvey.co.uk/ontology/admingeo/UnitaryAuthority,Scotland,http://data.ordnancesurvey.co.uk/id/7000000000041429,Scotland,http://data.ordnancesurvey.co.uk/id/country/scotland,,,
osgb4000000074563450,http://data.ordnancesurvey.co.uk/id/4000000074563450,Caulkerbush,,,,populatedPlace,Hamlet,292684.960,557233.760,5000,25000,292291.271,556992.690,293048.201,557492.690,DG2,http://data.ordnancesurvey.co.uk/id/postcodedistrict/DG2,,,,,,,Dumfries and Galloway,http://data.ordnancesurvey.co.uk/id/7000000000031903,http://data.ordnancesurvey.co.uk/ontology/admingeo/UnitaryAuthority,Scotland,http://data.ordnancesurvey.co.uk/id/7000000000041429,Scotland,http://data.ordnancesurvey.co.uk/id/country/scotland,,,
osgb4000000074566668,http://data.ordnancesurvey.co.uk/id/4000000074566668,Kirkbean,,,,populatedPlace,Village,297810.330,559147.160,3000,250000,297612.397,558988.131,298112.397,559496.285,DG2,http://data.ordnancesurvey.co.uk/id/postcodedistrict/DG2,,,,,,,Dumfries and Galloway,http://data.ordnancesurvey.co.uk/id/7000000000031903,http://data.ordnancesurvey.co.uk/ontology/admingeo/UnitaryAuthority,Scotland,http://data.ordnancesurvey.co.uk/id/7000000000041429,Scotland,http://data.ordnancesurvey.co.uk/id/country/scotland,,,http://sws.geonames.org/2645320
osgb4000000074563454,http://data.ordnancesurvey.co.uk/id/4000000074563454,Barnbarroch,,,,populatedPlace,Hamlet,283887.000,556826.000,5000,25000,283783.934,556296.761,284378.840,557370.094,DG5,http://data.ordnancesurvey.co.uk/id/postcodedistrict/DG5,,,,,,,Dumfries and Galloway,http://data.ordnancesurvey.co.uk/id/7000000000031903,http://data.ordnancesurvey.co.uk/ontology/admingeo/UnitaryAuthority,Scotland,http://data.ordnancesurvey.co.uk/id/7000000000041429,Scotland,http://data.ordnancesurvey.co.uk/id/country/scotland,,,
osgb4000000074566667,http://data.ordnancesurvey.co.uk/id/4000000074566667,Southerness,,,,populatedPlace,Village,297555.000,554459.000,7000,250000,297256.323,554218.936,297790.001,555362.268,DG2,http://data.ordnancesurvey.co.uk/id/postcodedistrict/DG2,,,,,,,Dumfries and Galloway,http://data.ordnancesurvey.co.uk/id/7000000000031903,http://data.ordnancesurvey.co.uk/ontology/admingeo/UnitaryAuthority,Scotland,http://data.ordnancesurvey.co.uk/id/7000000000041429,Scotland,http://data.ordnancesurvey.co.uk/id/country/scotland,,http://dbpedia.org/resource/Southerness,
osgb4000000074563452,http://data.ordnancesurvey.co.uk/id/4000000074563452,Rockcliffe,,,,populatedPlace,Village,285019.500,553653.340,11000,250000,284314.026,552638.448,285672.284,554319.667,DG5,http://data.ordnancesurvey.co.uk/id/postcodedistrict/DG5,,,,,,,Dumfries and Galloway,http://data.ordnancesurvey.co.uk/id/7000000000031903,http://data.ordnancesurvey.co.uk/ontology/admingeo/UnitaryAuthority,Scotland,http://data.ordnancesurvey.co.uk/id/7000000000041429,Scotland,http://data.ordnancesurvey.co.uk/id/country/scotland,,"http://dbpedia.org/resource/Rockcliffe,_Dumfries_and_Galloway",http://sws.geonames.org/2639257
osgb4000000074566669,http://data.ordnancesurvey.co.uk/id/4000000074566669,Prestonmill,,,,populatedPlace,Hamlet,296471.000,557685.000,5000,25000,296187.193,557430.704,296687.193,557930.704,DG2,http://data.ordnancesurvey.co.uk/id/postcodedistrict/DG2,,,,,,,Dumfries and Galloway,http://data.ordnancesurvey.co.uk/id/7000000000031903,http://data.ordnancesurvey.co.uk/ontology/admingeo/UnitaryAuthority,Scotland,http://data.ordnancesurvey.co.uk/id/7000000000041429,Scotland,http://data.ordnancesurvey.co.uk/id/country/scotland,,,
osgb4000000074541932,http://data.ordnancesurvey.co.uk/id/4000000074541932,Sandyhills,,,,populatedPlace,Village,288776.440,555577.980,11000,250000,288124.704,554828.851,289886.706,555971.704,DG5,http://data.ordnancesurvey.co.uk/id/postcodedistrict/DG5,,,,,,,Dumfries and Galloway,http://data.ordnancesurvey.co.uk/id/7000000000031903,http://data.ordnancesurvey.co.uk/ontology/admingeo/UnitaryAuthority,Scotland,http://data.ordnancesurvey.co.uk/id/7000000000041429,Scotland,http://data.ordnancesurvey.co.uk/id/country/scotland,,,
osgb4000000074813568,http://data.ordnancesurvey.co.uk/id/4000000074813568,Carsethorn,,,,populatedPlace,Village,299302.008,559836.597,5000,250000,298948.938,559258.083,299448.938,560057.365,DG2,http://data.ordnancesurvey.co.uk/id/postcodedistrict/DG2,,,,,,,Dumfries and Galloway,http://data.ordnancesurvey.co.uk/id/7000000000031903,http://data.ordnancesurvey.co.uk/ontology/admingeo/UnitaryAuthority,Scotland,http://data.ordnancesurvey.co.uk/id/7000000000041429,Scotland,http://data.ordnancesurvey.co.uk/id/country/scotland,,,
osgb4000000074563455,http://data.ordnancesurvey.co.uk/id/4000000074563455,Mainsriddle,,,,populatedPlace,Hamlet,294873.870,556842.180,5000,25000,294411.208,556520.270,295083.453,557020.270,DG2,http://data.ordnancesurvey.co.uk/id/postcodedistrict/DG2,,,,,,,Dumfries and Galloway,http://data.ordnancesurvey.co.uk/id/7000000000031903,http://data.ordnancesurvey.co.uk/ontology/admingeo/UnitaryAuthority,Scotland,http://data.ordnancesurvey.co.uk/id/7000000000041429,Scotland,http://data.ordnancesurvey.co.uk/id/country/scotland,,,
osgb4000000074543266,http://data.ordnancesurvey.co.uk/id/4000000074543266,Scaur,gla,Kippford,eng,populatedPlace,Village,283735.580,554976.480,11000,250000,283547.829,554149.396,284120.539,555838.522,DG5,http://data.ordnancesurvey.co.uk/id/postcodedistrict/DG5,,,,,,,Dumfries and Galloway,http://data.ordnancesurvey.co.uk/id/7000000000031903,http://data.ordnancesurvey.co.uk/ontology/admingeo/UnitaryAuthority,Scotland,http://data.ordnancesurvey.co.uk/id/7000000000041429,Scotland,http://data.ordnancesurvey.co.uk/id/country/scotland,,http://dbpedia.org/resource/Kippford,http://sws.geonames.org/2645345
osgb4000000074334473,http://data.ordnancesurvey.co.uk/id/4000000074334473,Port O' Warren Bay,,,,populatedPlace,Hamlet,287999.000,553571.870,5000,25000,287757.887,553306.995,288257.887,553806.995,DG5,http://data.ordnancesurvey.co.uk/id/postcodedistrict/DG5,,,,,,,Dumfries and Galloway,http://data.ordnancesurvey.co.uk/id/7000000000031903,http://data.ordnancesurvey.co.uk/ontology/admingeo/UnitaryAuthority,Scotland,http://data.ordnancesurvey.co.uk/id/7000000000041429,Scotland,http://data.ordnancesurvey.co.uk/id/country/scotland,,,
osgb4000000074563456,http://data.ordnancesurvey.co.uk/id/4000000074563456,Palnackie,,,,populatedPlace,Village,282033.000,556878.000,7000,250000,281790.253,556456.705,282290.253,557465.406,DG7,http://data.ordnancesurvey.co.uk/id/postcodedistrict/DG7,,,,,,,Dumfries and Galloway,http://data.ordnancesurvey.co.uk/id/7000000000031903,http://data.ordnancesurvey.co.uk/ontology/admingeo/UnitaryAuthority,Scotland,http://data.ordnancesurvey.co.uk/id/7000000000041429,Scotland,http://data.ordnancesurvey.co.uk/id/country/scotland,,http://dbpedia.org/resource/Palnackie,http://sws.geonames.org/2640666
osgb4000000074541926,http://data.ordnancesurvey.co.uk/id/4000000074541926,Portling,,,,populatedPlace,Village,288145.050,554094.760,5000,250000,287966.851,553633.043,288466.851,554469.144,DG5,http://data.ordnancesurvey.co.uk/id/postcodedistrict/DG5,,,,,,,Dumfries and Galloway,http://data.ordnancesurvey.co.uk/id/7000000000031903,http://data.ordnancesurvey.co.uk/ontology/admingeo/UnitaryAuthority,Scotland,http://data.ordnancesurvey.co.uk/id/7000000000041429,Scotland,http://data.ordnancesurvey.co.uk/id/country/scotland,,,
DG71PD,http://data.ordnancesurvey.co.uk/id/postcodeunit/DG71PD,DG7 1PD,,,,other,Postcode,282604.000,558796.000,3500,18000,,,,,,,,,,,,,Dumfries and Galloway,http://data.ordnancesurvey.co.uk/id/7000000000031903,http://data.ordnancesurvey.co.uk/ontology/admingeo/UnitaryAuthority,Scotland,http://data.ordnancesurvey.co.uk/id/7000000000041429,Scotland,http://data.ordnancesurvey.co.uk/id/country/scotland,,,
DG54QJ,http://data.ordnancesurvey.co.uk/id/postcodeunit/DG54QJ,DG5 4QJ,,,,other,Postcode,285454.000,553486.000,3500,18000,,,,,,,Rockcliffe,http://data.ordnancesurvey.co.uk/id/4000000074563452,http://www.ordnancesurvey.co.uk/xml/codelists/localtype.xml#village,,,,Dumfries and Galloway,http://data.ordnancesurvey.co.uk/id/7000000000031903,http://data.ordnancesurvey.co.uk/ontology/admingeo/UnitaryAuthority,Scotland,http://data.ordnancesurvey.co.uk/id/7000000000041429,Scotland,http://data.ordnancesurvey.co.uk/id/country/scotland,,,
DG54LG,http://data.ordnancesurvey.co.uk/id/postcodeunit/DG54LG,DG5 4LG,,,,other,Postcode,283914.000,556077.000,3500,18000,,,,,,,,,,,,,Dumfries and Galloway,http://data.ordnancesurvey.co.uk/id/7000000000031903,http://data.ordnancesurvey.co.uk/ontology/admingeo/UnitaryAuthority,Scotland,http://data.ordnancesurvey.co.uk/id/7000000000041429,Scotland,http://data.ordnancesurvey.co.uk/id/country/scotland,,,
DG54QU,http://data.ordnancesurvey.co.uk/id/postcodeunit/DG54QU,DG5 4QU,,,,other,Postcode,283622.000,559591.000,3500,18000,,,,,,,,,,,,,Dumfries and Galloway,http://data.ordnancesurvey.co.uk/id/7000000000031903,http://data.ordnancesurvey.co.uk/ontology/admingeo/UnitaryAuthority,Scotland,http://data.ordnancesurvey.co.uk/id/7000000000041429,Scotland,http://data.ordnancesurvey.co.uk/id/country/scotland,,,
DG28AH,http://data.ordnancesurvey.co.uk/id/postcodeunit/DG28AH,DG2 8AH,,,,other,Postcode,292488.000,556332.000,3500,18000,,,,,,,,,,,,,Dumfries and Galloway,http://data.ordnancesurvey.co.uk/id/7000000000031903,http://data.ordnancesurvey.co.uk/ontology/admingeo/UnitaryAuthority,Scotland,http://data.ordnancesurvey.co.uk/id/7000000000041429,Scotland,http://data.ordnancesurvey.co.uk/id/country/scotland,,,
DG54QT,http://data.ordnancesurvey.co.uk/id/postcodeunit/DG54QT,DG5 4QT,,,,other,Postcode,283321.000,557607.000,3500,18000,,,,,,,,,,,,,Dumfries and Galloway,http://data.ordnancesurvey.co.uk/id/7000000000031903,http://data.ordnancesurvey.co.uk/ontology/admingeo/UnitaryAuthority,Scotland,http://data.ordnancesurvey.co.uk/id/7000000000041429,Scotland,http://data.ordnancesurvey.co.uk/id/country/scotland,,,
DG71PP,http://data.ordnancesurvey.co.uk/id/postcodeunit/DG71PP,DG7 1PP,,,,other,Postcode,282143.000,554783.000,3500,18000,,,,,,,,,,,,,Dumfries and Galloway,http://data.ordnancesurvey.co.uk/id/7000000000031903,http://data.ordnancesurvey.co.uk/ontology/admingeo/UnitaryAuthority,Scotland,http://data.ordnancesurvey.co.uk/id/7000000000041429,Scotland,http://data.ordnancesurvey.co.uk/id/country/scotland,,,
DG71QH,http://data.ordnancesurvey.co.uk/id/postcodeunit/DG71QH,DG7 1QH,,,,other,Postcode,281375.000,555415.000,3500,18000,,,,,,,,,,,,,Dumfries and Galloway,http://data.ordnancesurvey.co.uk/id/7000000000031903,http://data.ordnancesurvey.co.uk/ontology/admingeo/UnitaryAuthority,Scotland,http://data.ordnancesurvey.co.uk/id/7000000000041429,Scotland,http://data.ordnancesurvey.co.uk/id/country/scotland,,,
DG54LL,http://data.ordnancesurvey.co.uk/id/postcodeunit/DG54LL,DG5 4LL,,,,other,Postcode,283814.000,555569.000,3500,18000,,,,,,,Scaur / Kippford,http://data.ordnancesurvey.co.uk/id/4000000074543266,http://www.ordnancesurvey.co.uk/xml/codelists/localtype.xml#village,,,,Dumfries and Galloway,http://data.ordnancesurvey.co.uk/id/7000000000031903,http://data.ordnancesurvey.co.uk/ontology/admingeo/UnitaryAuthority,Scotland,http://data.ordnancesurvey.co.uk/id/7000000000041429,Scotland,http://data.ordnancesurvey.co.uk/id/country/scotland,,,
DG54QD,http://data.ordnancesurvey.co.uk/id/postcodeunit/DG54QD,DG5 4QD,,,,other,Postcode,286759.000,554616.000,3500,18000,,,,,,,Colvend,http://data.ordnancesurvey.co.uk/id/4000000074563451,http://www.ordnancesurvey.co.uk/xml/codelists/localtype.xml#village,,,,Dumfries and Galloway,http://data.ordnancesurvey.co.uk/id/7000000000031903,http://data.ordnancesurvey.co.uk/ontology/admingeo/UnitaryAuthority,Scotland,http://data.ordnancesurvey.co.uk/id/7000000000041429,Scotland,http://data.ordnancesurvey.co.uk/id/country/scotland,,,
DG71NL,http://data.ordnancesurvey.co.uk/id/postcodeunit/DG71NL,DG7 1NL,,,,other,Postcode,280575.000,559670.000,3500,18000,,,,,,,,,,,,,Dumfries and Galloway,http://data.ordnancesurvey.co.uk/id/7000000000031903,http://data.ordnancesurvey.co.uk/ontology/admingeo/UnitaryAuthority,Scotland,http://data.ordnancesurvey.co.uk/id/7000000000041429,Scotland,http://data.ordnancesurvey.co.uk/id/country/scotland,,,
DG54NP,http://data.ordnancesurvey.co.uk/id/postcodeunit/DG54NP,DG5 4NP,,,,other,Postcode,285757.000,558925.000,3500,18000,,,,,,,,,,,,,Dumfries and Galloway,http://data.ordnancesurvey.co.uk/id/7000000000031903,http://data.ordnancesurvey.co.uk/ontology/admingeo/UnitaryAuthority,Scotland,http://data.ordnancesurvey.co.uk/id/7000000000041429,Scotland,http://data.ordnancesurvey.co.uk/id/country/scotland,,,
DG71PF,http://data.ordnancesurvey.co.uk/id/postcodeunit/DG71PF,DG7 1PF,,,,other,Postcode,281898.000,557246.000,3500,18000,,,,,,,Palnackie,http://data.ordnancesurvey.co.uk/id/4000000074563456,http://www.ordnancesurvey.co.uk/xml/codelists/localtype.xml#village,,,,Dumfries and Galloway,http://data.ordnancesurvey.co.uk/id/7000000000031903,http://data.ordnancesurvey.co.uk/ontology/admingeo/UnitaryAuthority,Scotland,http://data.ordnancesurvey.co.uk/id/7000000000041429,Scotland,http://data.ordnancesurvey.co.uk/id/country/scotland,,,
DG71PG,http://data.ordnancesurvey.co.uk/id/postcodeunit/DG71PG,DG7 1PG,,,,other,Postcode,282017.000,556826.000,3500,18000,,,,,,,Palnackie,http://data.ordnancesurvey.co.uk/id/4000000074563456,http://www.ordnancesurvey.co.uk/xml/codelists/localtype.xml#village,,,,Dumfries and Galloway,http://data.ordnancesurvey.co.uk/id/7000000000031903,http://data.ordnancesurvey.co.uk/ontology/admingeo/UnitaryAuthority,Scotland,http://data.ordnancesurvey.co.uk/id/7000000000041429,Scotland,http://data.ordnancesurvey.co.uk/id/country/scotland,,,
DG54LE,http://data.ordnancesurvey.co.uk/id/postcodeunit/DG54LE,DG5 4LE,,,,other,Postcode,284314.000,556382.000,3500,18000,,,,,,,Barnbarroch,http://data.ordnancesurvey.co.uk/id/4000000074563454,http://www.ordnancesurvey.co.uk/xml/codelists/localtype.xml#hamlet,,,,Dumfries and Galloway,http://data.ordnancesurvey.co.uk/id/7000000000031903,http://data.ordnancesurvey.co.uk/ontology/admingeo/UnitaryAuthority,Scotland,http://data.ordnancesurvey.co.uk/id/7000000000041429,Scotland,http://data.ordnancesurvey.co.uk/id/country/scotland,,,
DG54PT,http://data.ordnancesurvey.co.uk/id/postcodeunit/DG54PT,DG5 4PT,,,,other,Postcode,289034.000,555207.000,3500,18000,,,,,,,Sandyhills,http://data.ordnancesurvey.co.uk/id/4000000074541932,http://www.ordnancesurvey.co.uk/xml/codelists/localtype.xml#village,,,,Dumfries and Galloway,http://data.ordnancesurvey.co.uk/id/7000000000031903,http://data.ordnancesurvey.co.uk/ontology/admingeo/UnitaryAuthority,Scotland,http://data.ordnancesurvey.co.uk/id/7000000000041429,Scotland,http://data.ordnancesurvey.co.uk/id/country/scotland,,,
DG54XL,http://data.ordnancesurvey.co.uk/id/postcodeunit/DG54XL,DG5 4XL,,,,other,Postcode,285619.000,553353.000,3500,18000,,,,,,,Rockcliffe,http://data.ordnancesurvey.co.uk/id/4000000074563452,http://www.ordnancesurvey.co.uk/xml/codelists/localtype.xml#village,,,,Dumfries and Galloway,http://data.ordnancesurvey.co.uk/id/7000000000031903,http://data.ordnancesurvey.co.uk/ontology/admingeo/UnitaryAuthority,Scotland,http://data.ordnancesurvey.co.uk/id/7000000000041429,Scotland,http://data.ordnancesurvey.co.uk/id/country/scotland,,,
DG28AD,http://data.ordnancesurvey.co.uk/id/postcodeunit/DG28AD,DG2 8AD,,,,other,Postcode,297030.000,557347.000,3500,18000,,,,,,,,,,,,,Dumfries and Galloway,http://data.ordnancesurvey.co.uk/id/7000000000031903,http://data.ordnancesurvey.co.uk/ontology/admingeo/UnitaryAuthority,Scotland,http://data.ordnancesurvey.co.uk/id/7000000000041429,Scotland,http://data.ordnancesurvey.co.uk/id/country/scotland,,,
DG71QQ,http://data.ordnancesurvey.co.uk/id/postcodeunit/DG71QQ,DG7 1QQ,,,,other,Postcode,281129.000,556490.000,3500,18000,,,,,,,,,,,,,Dumfries and Galloway,http://data.ordnancesurvey.co.uk/id/7000000000031903,http://data.ordnancesurvey.co.uk/ontology/admingeo/UnitaryAuthority,Scotland,http://data.ordnancesurvey.co.uk/id/7000000000041429,Scotland,http://data.ordnancesurvey.co.uk/id/country/scotland,,,
DG28AZ,http://data.ordnancesurvey.co.uk/id/postcodeunit/DG28AZ,DG2 8AZ,,,,other,Postcode,297604.000,554437.000,3500,18000,,,,,,,Southerness,http://data.ordnancesurvey.co.uk/id/4000000074566667,http://www.ordnancesurvey.co.uk/xml/codelists/localtype.xml#village,,,,Dumfries and Galloway,http://data.ordnancesurvey.co.uk/id/7000000000031903,http://data.ordnancesurvey.co.uk/ontology/admingeo/UnitaryAuthority,Scotland,http://data.ordnancesurvey.co.uk/id/7000000000041429,Scotland,http://data.ordnancesurvey.co.uk/id/country/scotland,,,
DG54QG,http://data.ordnancesurvey.co.uk/id/postcodeunit/DG54QG,DG5 4QG,,,,other,Postcode,285347.000,553643.000,3500,18000,,,,,,,Rockcliffe,http://data.ordnancesurvey.co.uk/id/4000000074563452,http://www.ordnancesurvey.co.uk/xml/codelists/localtype.xml#village,,,,Dumfries and Galloway,http://data.ordnancesurvey.co.uk/id/7000000000031903,http://data.ordnancesurvey.co.uk/ontology/admingeo/UnitaryAuthority,Scotland,http://data.ordnancesurvey.co.uk/id/7000000000041429,Scotland,http://data.ordnancesurvey.co.uk/id/country/scotland,,,
DG28BJ,http://data.ordnancesurvey.co.uk/id/postcodeunit/DG28BJ,DG2 8BJ,,,,other,Postcode,299136.000,558396.000,3500,18000,,,,,,,,,,,,,Dumfries and Galloway,http://data.ordnancesurvey.co.uk/id/7000000000031903,http://data.ordnancesurvey.co.uk/ontology/admingeo/UnitaryAuthority,Scotland,http://data.ordnancesurvey.co.uk/id/7000000000041429,Scotland,http://data.ordnancesurvey.co.uk/id/country/scotland,,,
DG28AS,http://data.ordnancesurvey.co.uk/id/postcodeunit/DG28AS,DG2 8AS,,,,other,Postcode,291659.000,556368.000,3500,18000,,,,,,,,,,,,,Dumfries and Galloway,http://data.ordnancesurvey.co.uk/id/7000000000031903,http://data.ordnancesurvey.co.uk/ontology/admingeo/UnitaryAuthority,Scotland,http://data.ordnancesurvey.co.uk/id/7000000000041429,Scotland,http://data.ordnancesurvey.co.uk/id/country/scotland,,,
DG28DW,http://data.ordnancesurvey.co.uk/id/postcodeunit/DG28DW,DG2 8DW,,,,other,Postcode,297842.000,559191.000,3500,18000,,,,,,,Kirkbean,http://data.ordnancesurvey.co.uk/id/4000000074566668,http://www.ordnancesurvey.co.uk/xml/codelists/localtype.xml#village,,,,Dumfries and Galloway,http://data.ordnancesurvey.co.uk/id/7000000000031903,http://data.ordnancesurvey.co.uk/ontology/admingeo/UnitaryAuthority,Scotland,http://data.ordnancesurvey.co.uk/id/7000000000041429,Scotland,http://data.ordnancesurvey.co.uk/id/country/scotland,,,
DG54PU,http://data.ordnancesurvey.co.uk/id/postcodeunit/DG54PU,DG5 4PU,,,,other,Postcode,288519.000,555298.000,3500,18000,,,,,,,Sandyhills,http://data.ordnancesurvey.co.uk/id/4000000074541932,http://www.ordnancesurvey.co.uk/xml/codelists/localtype.xml#village,,,,Dumfries and Galloway,http://data.ordnancesurvey.co.uk/id/7000000000031903,http://data.ordnancesurvey.co.uk/ontology/admingeo/UnitaryAuthority,Scotland,http://data.ordnancesurvey.co.uk/id/7000000000041429,Scotland,http://data.ordnancesurvey.co.uk/id/country/scotland,,,
DG54LB,http://data.ordnancesurvey.co.uk/id/postcodeunit/DG54LB,DG5 4LB,,,,other,Postcode,283758.000,555244.000,3500,18000,,,,,,,Scaur / Kippford,http://data.ordnancesurvey.co.uk/id/4000000074543266,http://www.ordnancesurvey.co.uk/xml/codelists/localtype.xml#village,,,,Dumfries and Galloway,http://data.ordnancesurvey.co.uk/id/7000000000031903,http://data.ordnancesurvey.co.uk/ontology/admingeo/UnitaryAuthority,Scotland,http://data.ordnancesurvey.co.uk/id/7000000000041429,Scotland,http://data.ordnancesurvey.co.uk/id/country/scotland,,,
DG54QW,http://data.ordnancesurvey.co.uk/id/postcodeunit/DG54QW,DG5 4QW,,,,other,Postcode,285168.000,555576.000,3500,18000,,,,,,,,,,,,,Dumfries and Galloway,http://data.ordnancesurvey.co.uk/id/7000000000031903,http://data.ordnancesurvey.co.uk/ontology/admingeo/UnitaryAuthority,Scotland,http://data.ordnancesurvey.co.uk/id/7000000000041429,Scotland,http://data.ordnancesurvey.co.uk/id/country/scotland,,,
DG54QH,http://data.ordnancesurvey.co.uk/id/postcodeunit/DG54QH,DG5 4QH,,,,other,Postcode,285081.000,553482.000,3500,18000,,,,,,,Rockcliffe,http://data.ordnancesurvey.co.uk/id/4000000074563452,http://www.ordnancesurvey.co.uk/xml/codelists/localtype.xml#village,,,,Dumfries and Galloway,http://data.ordnancesurvey.co.uk/id/7000000000031903,http://data.ordnancesurvey.co.uk/ontology/admingeo/UnitaryAuthority,Scotland,http://data.ordnancesurvey.co.uk/id/7000000000041429,Scotland,http://data.ordnancesurvey.co.uk/id/country/scotland,,,
DG71NW,http://data.ordnancesurvey.co.uk/id/postcodeunit/DG71NW,DG7 1NW,,,,other,Postcode,281400.000,558344.000,3500,18000,,,,,,,,,,,,,Dumfries and Galloway,http://data.ordnancesurvey.co.uk/id/7000000000031903,http://data.ordnancesurvey.co.uk/ontology/admingeo/UnitaryAuthority,Scotland,http://data.ordnancesurvey.co.uk/id/7000000000041429,Scotland,http://data.ordnancesurvey.co.uk/id/country/scotland,,,
DG54QS,http://data.ordnancesurvey.co.uk/id/postcodeunit/DG54QS,DG5 4QS,,,,other,Postcode,283912.000,557046.000,3500,18000,,,,,,,Barnbarroch,http://data.ordnancesurvey.co.uk/id/4000000074563454,http://www.ordnancesurvey.co.uk/xml/codelists/localtype.xml#hamlet,,,,Dumfries and Galloway,http://data.ordnancesurvey.co.uk/id/7000000000031903,http://data.ordnancesurvey.co.uk/ontology/admingeo/UnitaryAuthority,Scotland,http://data.ordnancesurvey.co.uk/id/7000000000041429,Scotland,http://data.ordnancesurvey.co.uk/id/country/scotland,,,
DG28BH,http://data.ordnancesurvey.co.uk/id/postcodeunit/DG28BH,DG2 8BH,,,,other,Postcode,298134.000,558582.000,3500,18000,,,,,,,,,,,,,Dumfries and Galloway,http://data.ordnancesurvey.co.uk/id/7000000000031903,http://data.ordnancesurvey.co.uk/ontology/admingeo/UnitaryAuthority,Scotland,http://data.ordnancesurvey.co.uk/id/7000000000041429,Scotland,http://data.ordnancesurvey.co.uk/id/country/scotland,,,
DG54PE,http://data.ordnancesurvey.co.uk/id/postcodeunit/DG54PE,DG5 4PE,,,,other,Postcode,288854.000,558305.000,3500,18000,,,,,,,,,,,,,Dumfries and Galloway,http://data.ordnancesurvey.co.uk/id/7000000000031903,http://data.ordnancesurvey.co.uk/ontology/admingeo/UnitaryAuthority,Scotland,http://data.ordnancesurvey.co.uk/id/7000000000041429,Scotland,http://data.ordnancesurvey.co.uk/id/country/scotland,,,
DG28AT,http://data.ordnancesurvey.co.uk/id/postcodeunit/DG28AT,DG2 8AT,,,,other,Postcode,292339.000,557082.000,3500,18000,,,,,,,Caulkerbush,http://data.ordnancesurvey.co.uk/id/4000000074563450,http://www.ordnancesurvey.co.uk/xml/codelists/localtype.xml#hamlet,,,,Dumfries and Galloway,http://data.ordnancesurvey.co.uk/id/7000000000031903,http://data.ordnancesurvey.co.uk/ontology/admingeo/UnitaryAuthority,Scotland,http://data.ordnancesurvey.co.uk/id/7000000000041429,Scotland,http://data.ordnancesurvey.co.uk/id/country/scotland,,,
DG71PR,http://data.ordnancesurvey.co.uk/id/postcodeunit/DG71PR,DG7 1PR,,,,other,Postcode,281972.000,556741.000,3500,18000,,,,,,,Palnackie,http://data.ordnancesurvey.co.uk/id/4000000074563456,http://www.ordnancesurvey.co.uk/xml/codelists/localtype.xml#village,,,,Dumfries and Galloway,http://data.ordnancesurvey.co.uk/id/7000000000031903,http://data.ordnancesurvey.co.uk/ontology/admingeo/UnitaryAuthority,Scotland,http://data.ordnancesurvey.co.uk/id/7000000000041429,Scotland,http://data.ordnancesurvey.co.uk/id/country/scotland,,,
DG54QB,http://data.ordnancesurvey.co.uk/id/postcodeunit/DG54QB,DG5 4QB,,,,other,Postcode,287108.000,554353.000,3500,18000,,,,,,,Colvend,http://data.ordnancesurvey.co.uk/id/4000000074563451,http://www.ordnancesurvey.co.uk/xml/codelists/localtype.xml#village,,,,Dumfries and Galloway,http://data.ordnancesurvey.co.uk/id/7000000000031903,http://data.ordnancesurvey.co.uk/ontology/admingeo/UnitaryAuthority,Scotland,http://data.ordnancesurvey.co.uk/id/7000000000041429,Scotland,http://data.ordnancesurvey.co.uk/id/country/scotland,,,
DG71QY,http://data.ordnancesurvey.co.uk/id/postcodeunit/DG71QY,DG7 1QY,,,,other,Postcode,280278.000,551645.000,3500,18000,,,,,,,Auchencairn,http://data.ordnancesurvey.co.uk/id/4000000074563453,http://www.ordnancesurvey.co.uk/xml/codelists/localtype.xml#village,,,,Dumfries and Galloway,http://data.ordnancesurvey.co.uk/id/7000000000031903,http://data.ordnancesurvey.co.uk/ontology/admingeo/UnitaryAuthority,Scotland,http://data.ordnancesurvey.co.uk/id/7000000000041429,Scotland,http://data.ordnancesurvey.co.uk/id/country/scotland,,,
DG54PG,http://data.ordnancesurvey.co.uk/id/postcodeunit/DG54PG,DG5 4PG,,,,other,Postcode,290110.000,559234.000,3500,18000,,,,,,,,,,,,,Dumfries and Galloway,http://data.ordnancesurvey.co.uk/id/7000000000031903,http://data.ordnancesurvey.co.uk/ontology/admingeo/UnitaryAuthority,Scotland,http://data.ordnancesurvey.co.uk/id/7000000000041429,Scotland,http://data.ordnancesurvey.co.uk/id/country/scotland,,,
DG71PH,http://data.ordnancesurvey.co.uk/id/postcodeunit/DG71PH,DG7 1PH,,,,other,Postcode,282110.000,556746.000,3500,18000,,,,,,,Palnackie,http://data.ordnancesurvey.co.uk/id/4000000074563456,http://www.ordnancesurvey.co.uk/xml/codelists/localtype.xml#village,,,,Dumfries and Galloway,http://data.ordnancesurvey.co.uk/id/7000000000031903,http://data.ordnancesurvey.co.uk/ontology/admingeo/UnitaryAuthority,Scotland,http://data.ordnancesurvey.co.uk/id/7000000000041429,Scotland,http://data.ordnancesurvey.co.uk/id/country/scotland,,,
DG71PN,http://data.ordnancesurvey.co.uk/id/postcodeunit/DG71PN,DG7 1PN,,,,other,Postcode,282583.000,556034.000,3500,18000,,,,,,,,,,,,,Dumfries and Galloway,http://data.ordnancesurvey.co.uk/id/7000000000031903,http://data.ordnancesurvey.co.uk/ontology/admingeo/UnitaryAuthority,Scotland,http://data.ordnancesurvey.co.uk/id/7000000000041429,Scotland,http://data.ordnancesurvey.co.uk/id/country/scotland,,,
DG54LN,http://data.ordnancesurvey.co.uk/id/postcodeunit/DG54LN,DG5 4LN,,,,other,Postcode,283754.000,555087.000,3500,18000,,,,,,,Scaur / Kippford,http://data.ordnancesurvey.co.uk/id/4000000074543266,http://www.ordnancesurvey.co.uk/xml/codelists/localtype.xml#village,,,,Dumfries and Galloway,http://data.ordnancesurvey.co.uk/id/7000000000031903,http://data.ordnancesurvey.co.uk/ontology/admingeo/UnitaryAuthority,Scotland,http://data.ordnancesurvey.co.uk/id/7000000000041429,Scotland,http://data.ordnancesurvey.co.uk/id/country/scotland,,,
DG54NS,http://data.ordnancesurvey.co.uk/id/postcodeunit/DG54NS,DG5 4NS,,,,other,Postcode,287935.000,556626.000,3500,18000,,,,,,,,,,,,,Dumfries and Galloway,http://data.ordnancesurvey.co.uk/id/7000000000031903,http://data.ordnancesurvey.co.uk/ontology/admingeo/UnitaryAuthority,Scotland,http://data.ordnancesurvey.co.uk/id/7000000000041429,Scotland,http://data.ordnancesurvey.co.uk/id/country/scotland,,,
DG54QP,http://data.ordnancesurvey.co.uk/id/postcodeunit/DG54QP,DG5 4QP,,,,other,Postcode,284674.000,556102.000,3500,18000,,,,,,,,,,,,,Dumfries and Galloway,http://data.ordnancesurvey.co.uk/id/7000000000031903,http://data.ordnancesurvey.co.uk/ontology/admingeo/UnitaryAuthority,Scotland,http://data.ordnancesurvey.co.uk/id/7000000000041429,Scotland,http://data.ordnancesurvey.co.uk/id/country/scotland,,,
DG54GX,http://data.ordnancesurvey.co.uk/id/postcodeunit/DG54GX,DG5 4GX,,,,other,Postcode,284266.000,555904.000,3500,18000,,,,,,,,,,,,,Dumfries and Galloway,http://data.ordnancesurvey.co.uk/id/7000000000031903,http://data.ordnancesurvey.co.uk/ontology/admingeo/UnitaryAuthority,Scotland,http://data.ordnancesurvey.co.uk/id/7000000000041429,Scotland,http://data.ordnancesurvey.co.uk/id/country/scotland,,,
DG28AL,http://data.ordnancesurvey.co.uk/id/postcodeunit/DG28AL,DG2 8AL,,,,other,Postcode,292124.000,558568.000,3500,18000,,,,,,,,,,,,,Dumfries and Galloway,http://data.ordnancesurvey.co.uk/id/7000000000031903,http://data.ordnancesurvey.co.uk/ontology/admingeo/UnitaryAuthority,Scotland,http://data.ordnancesurvey.co.uk/id/7000000000041429,Scotland,http://data.ordnancesurvey.co.uk/id/country/scotland,,,
DG54QQ,http://data.ordnancesurvey.co.uk/id/postcodeunit/DG54QQ,DG5 4QQ,,,,other,Postcode,284786.000,553803.000,3500,18000,,,,,,,Rockcliffe,http://data.ordnancesurvey.co.uk/id/4000000074563452,http://www.ordnancesurvey.co.uk/xml/codelists/localtype.xml#village,,,,Dumfries and Galloway,http://data.ordnancesurvey.co.uk/id/7000000000031903,http://data.ordnancesurvey.co.uk/ontology/admingeo/UnitaryAuthority,Scotland,http://data.ordnancesurvey.co.uk/id/7000000000041429,Scotland,http://data.ordnancesurvey.co.uk/id/country/scotland,,,
DG28AP,http://data.ordnancesurvey.co.uk/id/postcodeunit/DG28AP,DG2 8AP,,,,other,Postcode,290916.000,557964.000,3500,18000,,,,,,,,,,,,,Dumfries and Galloway,http://data.ordnancesurvey.co.uk/id/7000000000031903,http://data.ordnancesurvey.co.uk/ontology/admingeo/UnitaryAuthority,Scotland,http://data.ordnancesurvey.co.uk/id/7000000000041429,Scotland,http://data.ordnancesurvey.co.uk/id/country/scotland,,,
DG54PA,http://data.ordnancesurvey.co.uk/id/postcodeunit/DG54PA,DG5 4PA,,,,other,Postcode,290510.000,555713.000,3500,18000,,,,,,,,,,,,,Dumfries and Galloway,http://data.ordnancesurvey.co.uk/id/7000000000031903,http://data.ordnancesurvey.co.uk/ontology/admingeo/UnitaryAuthority,Scotland,http://data.ordnancesurvey.co.uk/id/7000000000041429,Scotland,http://data.ordnancesurvey.co.uk/id/country/scotland,,,
DG54GH,http://data.ordnancesurvey.co.uk/id/postcodeunit/DG54GH,DG5 4GH,,,,other,Postcode,283651.000,555578.000,3500,18000,,,,,,,Scaur / Kippford,http://data.ordnancesurvey.co.uk/id/4000000074543266,http://www.ordnancesurvey.co.uk/xml/codelists/localtype.xml#village,,,,Dumfries and Galloway,http://data.ordnancesurvey.co.uk/id/7000000000031903,http://data.ordnancesurvey.co.uk/ontology/admingeo/UnitaryAuthority,Scotland,http://data.ordnancesurvey.co.uk/id/7000000000041429,Scotland,http://data.ordnancesurvey.co.uk/id/country/scotland,,,
DG54PY,http://data.ordnancesurvey.co.uk/id/postcodeunit/DG54PY,DG5 4PY,,,,other,Postcode,288459.000,554991.000,3500,18000,,,,,,,Sandyhills,http://data.ordnancesurvey.co.uk/id/4000000074541932,http://www.ordnancesurvey.co.uk/xml/codelists/localtype.xml#village,,,,Dumfries and Galloway,http://data.ordnancesurvey.co.uk/id/7000000000031903,http://data.ordnancesurvey.co.uk/ontology/admingeo/UnitaryAuthority,Scotland,http://data.ordnancesurvey.co.uk/id/7000000000041429,Scotland,http://data.ordnancesurvey.co.uk/id/country/scotland,,,
DG54LJ,http://data.ordnancesurvey.co.uk/id/postcodeunit/DG54LJ,DG5 4LJ,,,,other,Postcode,283854.000,554482.000,3500,18000,,,,,,,Scaur / Kippford,http://data.ordnancesurvey.co.uk/id/4000000074543266,http://www.ordnancesurvey.co.uk/xml/codelists/localtype.xml#village,,,,Dumfries and Galloway,http://data.ordnancesurvey.co.uk/id/7000000000031903,http://data.ordnancesurvey.co.uk/ontology/admingeo/UnitaryAuthority,Scotland,http://data.ordnancesurvey.co.uk/id/7000000000041429,Scotland,http://data.ordnancesurvey.co.uk/id/country/scotland,,,
DG54LF,http://data.ordnancesurvey.co.uk/id/postcodeunit/DG54LF,DG5 4LF,,,,other,Postcode,284319.000,556189.000,3500,18000,,,,,,,,,,,,,Dumfries and Galloway,http://data.ordnancesurvey.co.uk/id/7000000000031903,http://data.ordnancesurvey.co.uk/ontology/admingeo/UnitaryAuthority,Scotland,http://data.ordnancesurvey.co.uk/id/7000000000041429,Scotland,http://data.ordnancesurvey.co.uk/id/country/scotland,,,
DG28AE,http://data.ordnancesurvey.co.uk/id/postcodeunit/DG28AE,DG2 8AE,,,,other,Postcode,296496.000,557700.000,3500,18000,,,,,,,Prestonmill,http://data.ordnancesurvey.co.uk/id/4000000074566669,http://www.ordnancesurvey.co.uk/xml/codelists/localtype.xml#hamlet,,,,Dumfries and Galloway,http://data.ordnancesurvey.co.uk/id/7000000000031903,http://data.ordnancesurvey.co.uk/ontology/admingeo/UnitaryAuthority,Scotland,http://data.ordnancesurvey.co.uk/id/7000000000041429,Scotland,http://data.ordnancesurvey.co.uk/id/country/scotland,,,
DG54PF,http://data.ordnancesurvey.co.uk/id/postcodeunit/DG54PF,DG5 4PF,,,,other,Postcode,289175.000,559432.000,3500,18000,,,,,,,,,,,,,Dumfries and Galloway,http://data.ordnancesurvey.co.uk/id/7000000000031903,http://data.ordnancesurvey.co.uk/ontology/admingeo/UnitaryAuthority,Scotland,http://data.ordnancesurvey.co.uk/id/7000000000041429,Scotland,http://data.ordnancesurvey.co.uk/id/country/scotland,,,
DG28AU,http://data.ordnancesurvey.co.uk/id/postcodeunit/DG28AU,DG2 8AU,,,,other,Postcode,295124.000,556299.000,3500,18000,,,,,,,,,,,,,Dumfries and Galloway,http://data.ordnancesurvey.co.uk/id/7000000000031903,http://data.ordnancesurvey.co.uk/ontology/admingeo/UnitaryAuthority,Scotland,http://data.ordnancesurvey.co.uk/id/7000000000041429,Scotland,http://data.ordnancesurvey.co.uk/id/country/scotland,,,
DG54PD,http://data.ordnancesurvey.co.uk/id/postcodeunit/DG54PD,DG5 4PD,,,,other,Postcode,288416.000,557897.000,3500,18000,,,,,,,,,,,,,Dumfries and Galloway,http://data.ordnancesurvey.co.uk/id/7000000000031903,http://data.ordnancesurvey.co.uk/ontology/admingeo/UnitaryAuthority,Scotland,http://data.ordnancesurvey.co.uk/id/7000000000041429,Scotland,http://data.ordnancesurvey.co.uk/id/country/scotland,,,
DG28DR,http://data.ordnancesurvey.co.uk/id/postcodeunit/DG28DR,DG2 8DR,,,,other,Postcode,299295.000,559804.000,3500,18000,,,,,,,Carsethorn,http://data.ordnancesurvey.co.uk/id/4000000074813568,http://www.ordnancesurvey.co.uk/xml/codelists/localtype.xml#village,,,,Dumfries and Galloway,http://data.ordnancesurvey.co.uk/id/7000000000031903,http://data.ordnancesurvey.co.uk/ontology/admingeo/UnitaryAuthority,Scotland,http://data.ordnancesurvey.co.uk/id/7000000000041429,Scotland,http://data.ordnancesurvey.co.uk/id/country/scotland,,,
DG54NR,http://data.ordnancesurvey.co.uk/id/postcodeunit/DG54NR,DG5 4NR,,,,other,Postcode,287482.000,557989.000,3500,18000,,,,,,,,,,,,,Dumfries and Galloway,http://data.ordnancesurvey.co.uk/id/7000000000031903,http://data.ordnancesurvey.co.uk/ontology/admingeo/UnitaryAuthority,Scotland,http://data.ordnancesurvey.co.uk/id/7000000000041429,Scotland,http://data.ordnancesurvey.co.uk/id/country/scotland,,,
DG54LW,http://data.ordnancesurvey.co.uk/id/postcodeunit/DG54LW,DG5 4LW,,,,other,Postcode,283811.000,554824.000,3500,18000,,,,,,,Scaur / Kippford,http://data.ordnancesurvey.co.uk/id/4000000074543266,http://www.ordnancesurvey.co.uk/xml/codelists/localtype.xml#village,,,,Dumfries and Galloway,http://data.ordnancesurvey.co.uk/id/7000000000031903,http://data.ordnancesurvey.co.uk/ontology/admingeo/UnitaryAuthority,Scotland,http://data.ordnancesurvey.co.uk/id/7000000000041429,Scotland,http://data.ordnancesurvey.co.uk/id/country/scotland,,,
DG28AF,http://data.ordnancesurvey.co.uk/id/postcodeunit/DG28AF,DG2 8AF,,,,other,Postcode,295776.000,557159.000,3500,18000,,,,,,,,,,,,,Dumfries and Galloway,http://data.ordnancesurvey.co.uk/id/7000000000031903,http://data.ordnancesurvey.co.uk/ontology/admingeo/UnitaryAuthority,Scotland,http://data.ordnancesurvey.co.uk/id/7000000000041429,Scotland,http://data.ordnancesurvey.co.uk/id/country/scotland,,,
DG54GA,http://data.ordnancesurvey.co.uk/id/postcodeunit/DG54GA,DG5 4GA,,,,other,Postcode,283649.000,555515.000,3500,18000,,,,,,,Scaur / Kippford,http://data.ordnancesurvey.co.uk/id/4000000074543266,http://www.ordnancesurvey.co.uk/xml/codelists/localtype.xml#village,,,,Dumfries and Galloway,http://data.ordnancesurvey.co.uk/id/7000000000031903,http://data.ordnancesurvey.co.uk/ontology/admingeo/UnitaryAuthority,Scotland,http://data.ordnancesurvey.co.uk/id/7000000000041429,Scotland,http://data.ordnancesurvey.co.uk/id/country/scotland,,,
DG54NU,http://data.ordnancesurvey.co.uk/id/postcodeunit/DG54NU,DG5 4NU,,,,other,Postcode,288596.000,555709.000,3500,18000,,,,,,,Sandyhills,http://data.ordnancesurvey.co.uk/id/4000000074541932,http://www.ordnancesurvey.co.uk/xml/codelists/localtype.xml#village,,,,Dumfries and Galloway,http://data.ordnancesurvey.co.uk/id/7000000000031903,http://data.ordnancesurvey.co.uk/ontology/admingeo/UnitaryAuthority,Scotland,http://data.ordnancesurvey.co.uk/id/7000000000041429,Scotland,http://data.ordnancesurvey.co.uk/id/country/scotland,,,
DG28DS,http://data.ordnancesurvey.co.uk/id/postcodeunit/DG28DS,DG2 8DS,,,,other,Postcode,299265.000,559872.000,3500,18000,,,,,,,Carsethorn,http://data.ordnancesurvey.co.uk/id/4000000074813568,http://www.ordnancesurvey.co.uk/xml/codelists/localtype.xml#village,,,,Dumfries and Galloway,http://data.ordnancesurvey.co.uk/id/7000000000031903,http://data.ordnancesurvey.co.uk/ontology/admingeo/UnitaryAuthority,Scotland,http://data.ordnancesurvey.co.uk/id/7000000000041429,Scotland,http://data.ordnancesurvey.co.uk/id/country/scotland,,,
DG28AB,http://data.ordnancesurvey.co.uk/id/postcodeunit/DG28AB,DG2 8AB,,,,other,Postcode,296644.000,558632.000,3500,18000,,,,,,,,,,,,,Dumfries and Galloway,http://data.ordnancesurvey.co.uk/id/7000000000031903,http://data.ordnancesurvey.co.uk/ontology/admingeo/UnitaryAuthority,Scotland,http://data.ordnancesurvey.co.uk/id/7000000000041429,Scotland,http://data.ordnancesurvey.co.uk/id/country/scotland,,,
DG28AG,http://data.ordnancesurvey.co.uk/id/postcodeunit/DG28AG,DG2 8AG,,,,other,Postcode,294783.000,556806.000,3500,18000,,,,,,,Mainsriddle,http://data.ordnancesurvey.co.uk/id/4000000074563455,http://www.ordnancesurvey.co.uk/xml/codelists/localtype.xml#hamlet,,,,Dumfries and Galloway,http://data.ordnancesurvey.co.uk/id/7000000000031903,http://data.ordnancesurvey.co.uk/ontology/admingeo/UnitaryAuthority,Scotland,http://data.ordnancesurvey.co.uk/id/7000000000041429,Scotland,http://data.ordnancesurvey.co.uk/id/country/scotland,,,
DG54LH,http://data.ordnancesurvey.co.uk/id/postcodeunit/DG54LH,DG5 4LH,,,,other,Postcode,283743.000,555728.000,3500,18000,,,,,,,Scaur / Kippford,http://data.ordnancesurvey.co.uk/id/4000000074543266,http://www.ordnancesurvey.co.uk/xml/codelists/localtype.xml#village,,,,Dumfries and Galloway,http://data.ordnancesurvey.co.uk/id/7000000000031903,http://data.ordnancesurvey.co.uk/ontology/admingeo/UnitaryAuthority,Scotland,http://data.ordnancesurvey.co.uk/id/7000000000041429,Scotland,http://data.ordnancesurvey.co.uk/id/country/scotland,,,
DG28BE,http://data.ordnancesurvey.co.uk/id/postcodeunit/DG28BE,DG2 8BE,,,,other,Postcode,296778.000,556479.000,3500,18000,,,,,,,,,,,,,Dumfries and Galloway,http://data.ordnancesurvey.co.uk/id/7000000000031903,http://data.ordnancesurvey.co.uk/ontology/admingeo/UnitaryAuthority,Scotland,http://data.ordnancesurvey.co.uk/id/7000000000041429,Scotland,http://data.ordnancesurvey.co.uk/id/country/scotland,,,
DG28AW,http://data.ordnancesurvey.co.uk/id/postcodeunit/DG28AW,DG2 8AW,,,,other,Postcode,290964.000,559342.000,3500,18000,,,,,,,,,,,,,Dumfries and Galloway,http://data.ordnancesurvey.co.uk/id/7000000000031903,http://data.ordnancesurvey.co.uk/ontology/admingeo/UnitaryAuthority,Scotland,http://data.ordnancesurvey.co.uk/id/7000000000041429,Scotland,http://data.ordnancesurvey.co.uk/id/country/scotland,,,
DG71PE,http://data.ordnancesurvey.co.uk/id/postcodeunit/DG71PE,DG7 1PE,,,,other,Postcode,282216.000,557792.000,3500,18000,,,,,,,,,,,,,Dumfries and Galloway,http://data.ordnancesurvey.co.uk/id/7000000000031903,http://data.ordnancesurvey.co.uk/ontology/admingeo/UnitaryAuthority,Scotland,http://data.ordnancesurvey.co.uk/id/7000000000041429,Scotland,http://data.ordnancesurvey.co.uk/id/country/scotland,,,
DG28AQ,http://data.ordnancesurvey.co.uk/id/postcodeunit/DG28AQ,DG2 8AQ,,,,other,Postcode,293897.000,557024.000,3500,18000,,,,,,,,,,,,,Dumfries and Galloway,http://data.ordnancesurvey.co.uk/id/7000000000031903,http://data.ordnancesurvey.co.uk/ontology/admingeo/UnitaryAuthority,Scotland,http://data.ordnancesurvey.co.uk/id/7000000000041429,Scotland,http://data.ordnancesurvey.co.uk/id/country/scotland,,,
DG71QZ,http://data.ordnancesurvey.co.uk/id/postcodeunit/DG71QZ,DG7 1QZ,,,,other,Postcode,281632.000,550494.000,3500,18000,,,,,,,,,,,,,Dumfries and Galloway,http://data.ordnancesurvey.co.uk/id/7000000000031903,http://data.ordnancesurvey.co.uk/ontology/admingeo/UnitaryAuthority,Scotland,http://data.ordnancesurvey.co.uk/id/7000000000041429,Scotland,http://data.ordnancesurvey.co.uk/id/country/scotland,,,
DG54PZ,http://data.ordnancesurvey.co.uk/id/postcodeunit/DG54PZ,DG5 4PZ,,,,other,Postcode,288109.000,554029.000,3500,18000,,,,,,,Portling,http://data.ordnancesurvey.co.uk/id/4000000074541926,http://www.ordnancesurvey.co.uk/xml/codelists/localtype.xml#village,,,,Dumfries and Galloway,http://data.ordnancesurvey.co.uk/id/7000000000031903,http://data.ordnancesurvey.co.uk/ontology/admingeo/UnitaryAuthority,Scotland,http://data.ordnancesurvey.co.uk/id/7000000000041429,Scotland,http://data.ordnancesurvey.co.uk/id/country/scotland,,,
DG54QE,http://data.ordnancesurvey.co.uk/id/postcodeunit/DG54QE,DG5 4QE,,,,other,Postcode,285705.000,554072.000,3500,18000,,,,,,,,,,,,,Dumfries and Galloway,http://data.ordnancesurvey.co.uk/id/7000000000031903,http://data.ordnancesurvey.co.uk/ontology/admingeo/UnitaryAuthority,Scotland,http://data.ordnancesurvey.co.uk/id/7000000000041429,Scotland,http://data.ordnancesurvey.co.uk/id/country/scotland,,,
DG54QR,http://data.ordnancesurvey.co.uk/id/postcodeunit/DG54QR,DG5 4QR,,,,other,Postcode,284166.000,556586.000,3500,18000,,,,,,,Barnbarroch,http://data.ordnancesurvey.co.uk/id/4000000074563454,http://www.ordnancesurvey.co.uk/xml/codelists/localtype.xml#hamlet,,,,Dumfries and Galloway,http://data.ordnancesurvey.co.uk/id/7000000000031903,http://data.ordnancesurvey.co.uk/ontology/admingeo/UnitaryAuthority,Scotland,http://data.ordnancesurvey.co.uk/id/7000000000041429,Scotland,http://data.ordnancesurvey.co.uk/id/country/scotland,,,
DG71NN,http://data.ordnancesurvey.co.uk/id/postcodeunit/DG71NN,DG7 1NN,,,,other,Postcode,280971.000,558457.000,3500,18000,,,,,,,,,,,,,Dumfries and Galloway,http://data.ordnancesurvey.co.uk/id/7000000000031903,http://data.ordnancesurvey.co.uk/ontology/admingeo/UnitaryAuthority,Scotland,http://data.ordnancesurvey.co.uk/id/7000000000041429,Scotland,http://data.ordnancesurvey.co.uk/id/country/scotland,,,
DG54NZ,http://data.ordnancesurvey.co.uk/id/postcodeunit/DG54NZ,DG5 4NZ,,,,other,Postcode,289395.000,555504.000,3500,18000,,,,,,,Sandyhills,http://data.ordnancesurvey.co.uk/id/4000000074541932,http://www.ordnancesurvey.co.uk/xml/codelists/localtype.xml#village,,,,Dumfries and Galloway,http://data.ordnancesurvey.co.uk/id/7000000000031903,http://data.ordnancesurvey.co.uk/ontology/admingeo/UnitaryAuthority,Scotland,http://data.ordnancesurvey.co.uk/id/7000000000041429,Scotland,http://data.ordnancesurvey.co.uk/id/country/scotland,,,
DG54RH,http://data.ordnancesurvey.co.uk/id/postcodeunit/DG54RH,DG5 4RH,,,,other,Postcode,284506.000,555980.000,3500,18000,,,,,,,,,,,,,Dumfries and Galloway,http://data.ordnancesurvey.co.uk/id/7000000000031903,http://data.ordnancesurvey.co.uk/ontology/admingeo/UnitaryAuthority,Scotland,http://data.ordnancesurvey.co.uk/id/7000000000041429,Scotland,http://data.ordnancesurvey.co.uk/id/country/scotland,,,
DG28BG,http://data.ordnancesurvey.co.uk/id/postcodeunit/DG28BG,DG2 8BG,,,,other,Postcode,298626.000,556593.000,3500,18000,,,,,,,,,,,,,Dumfries and Galloway,http://data.ordnancesurvey.co.uk/id/7000000000031903,http://data.ordnancesurvey.co.uk/ontology/admingeo/UnitaryAuthority,Scotland,http://data.ordnancesurvey.co.uk/id/7000000000041429,Scotland,http://data.ordnancesurvey.co.uk/id/country/scotland,,,
DG54QF,http://data.ordnancesurvey.co.uk/id/postcodeunit/DG54QF,DG5 4QF,,,,other,Postcode,284847.000,553863.000,3500,18000,,,,,,,Rockcliffe,http://data.ordnancesurvey.co.uk/id/4000000074563452,http://www.ordnancesurvey.co.uk/xml/codelists/localtype.xml#village,,,,Dumfries and Galloway,http://data.ordnancesurvey.co.uk/id/7000000000031903,http://data.ordnancesurvey.co.uk/ontology/admingeo/UnitaryAuthority,Scotland,http://data.ordnancesurvey.co.uk/id/7000000000041429,Scotland,http://data.ordnancesurvey.co.uk/id/country/scotland,,,
DG71NP,http://data.ordnancesurvey.co.uk/id/postcodeunit/DG71NP,DG7 1NP,,,,other,Postcode,280827.000,559848.000,3500,18000,,,,,,,,,,,,,Dumfries and Galloway,http://data.ordnancesurvey.co.uk/id/7000000000031903,http://data.ordnancesurvey.co.uk/ontology/admingeo/UnitaryAuthority,Scotland,http://data.ordnancesurvey.co.uk/id/7000000000041429,Scotland,http://data.ordnancesurvey.co.uk/id/country/scotland,,,
DG71PS,http://data.ordnancesurvey.co.uk/id/postcodeunit/DG71PS,DG7 1PS,,,,other,Postcode,281986.000,556810.000,3500,18000,,,,,,,Palnackie,http://data.ordnancesurvey.co.uk/id/4000000074563456,http://www.ordnancesurvey.co.uk/xml/codelists/localtype.xml#village,,,,Dumfries and Galloway,http://data.ordnancesurvey.co.uk/id/7000000000031903,http://data.ordnancesurvey.co.uk/ontology/admingeo/UnitaryAuthority,Scotland,http://data.ordnancesurvey.co.uk/id/7000000000041429,Scotland,http://data.ordnancesurvey.co.uk/id/country/scotland,,,
DG28AA,http://data.ordnancesurvey.co.uk/id/postcodeunit/DG28AA,DG2 8AA,,,,other,Postcode,297686.000,558576.000,3500,18000,,,,,,,,,,,,,Dumfries and Galloway,http://data.ordnancesurvey.co.uk/id/7000000000031903,http://data.ordnancesurvey.co.uk/ontology/admingeo/UnitaryAuthority,Scotland,http://data.ordnancesurvey.co.uk/id/7000000000041429,Scotland,http://data.ordnancesurvey.co.uk/id/country/scotland,,,
DG28AX,http://data.ordnancesurvey.co.uk/id/postcodeunit/DG28AX,DG2 8AX,,,,other,Postcode,296399.000,555640.000,3500,18000,,,,,,,,,,,,,Dumfries and Galloway,http://data.ordnancesurvey.co.uk/id/7000000000031903,http://data.ordnancesurvey.co.uk/ontology/admingeo/UnitaryAuthority,Scotland,http://data.ordnancesurvey.co.uk/id/7000000000041429,Scotland,http://data.ordnancesurvey.co.uk/id/country/scotland,,,
DG28AR,http://data.ordnancesurvey.co.uk/id/postcodeunit/DG28AR,DG2 8AR,,,,other,Postcode,291017.000,556584.000,3500,18000,,,,,,,,,,,,,Dumfries and Galloway,http://data.ordnancesurvey.co.uk/id/7000000000031903,http://data.ordnancesurvey.co.uk/ontology/admingeo/UnitaryAuthority,Scotland,http://data.ordnancesurvey.co.uk/id/7000000000041429,Scotland,http://data.ordnancesurvey.co.uk/id/country/scotland,,,
DG71PQ,http://data.ordnancesurvey.co.uk/id/postcodeunit/DG71PQ,DG7 1PQ,,,,other,Postcode,282087.000,556886.000,3500,18000,,,,,,,Palnackie,http://data.ordnancesurvey.co.uk/id/4000000074563456,http://www.ordnancesurvey.co.uk/xml/codelists/localtype.xml#village,,,,Dumfries and Galloway,http://data.ordnancesurvey.co.uk/id/7000000000031903,http://data.ordnancesurvey.co.uk/ontology/admingeo/UnitaryAuthority,Scotland,http://data.ordnancesurvey.co.uk/id/7000000000041429,Scotland,http://data.ordnancesurvey.co.uk/id/country/scotland,,,
DG71QJ,http://data.ordnancesurvey.co.uk/id/postcodeunit/DG71QJ,DG7 1QJ,,,,other,Postcode,280690.000,554778.000,3500,18000,,,,,,,,,,,,,Dumfries and Galloway,http://data.ordnancesurvey.co.uk/id/7000000000031903,http://data.ordnancesurvey.co.uk/ontology/admingeo/UnitaryAuthority,Scotland,http://data.ordnancesurvey.co.uk/id/7000000000041429,Scotland,http://data.ordnancesurvey.co.uk/id/country/scotland,,,
DG28BL,http://data.ordnancesurvey.co.uk/id/postcodeunit/DG28BL,DG2 8BL,,,,other,Postcode,299376.000,559334.000,3500,18000,,,,,,,Carsethorn,http://data.ordnancesurvey.co.uk/id/4000000074813568,http://www.ordnancesurvey.co.uk/xml/codelists/localtype.xml#village,,,,Dumfries and Galloway,http://data.ordnancesurvey.co.uk/id/7000000000031903,http://data.ordnancesurvey.co.uk/ontology/admingeo/UnitaryAuthority,Scotland,http://data.ordnancesurvey.co.uk/id/7000000000041429,Scotland,http://data.ordnancesurvey.co.uk/id/country/scotland,,,
DG54PR,http://data.ordnancesurvey.co.uk/id/postcodeunit/DG54PR,DG5 4PR,,,,other,Postcode,285571.000,553473.000,3500,18000,,,,,,,Rockcliffe,http://data.ordnancesurvey.co.uk/id/4000000074563452,http://www.ordnancesurvey.co.uk/xml/codelists/localtype.xml#village,,,,Dumfries and Galloway,http://data.ordnancesurvey.co.uk/id/7000000000031903,http://data.ordnancesurvey.co.uk/ontology/admingeo/UnitaryAuthority,Scotland,http://data.ordnancesurvey.co.uk/id/7000000000041429,Scotland,http://data.ordnancesurvey.co.uk/id/country/scotland,,,
DG71PW,http://data.ordnancesurvey.co.uk/id/postcodeunit/DG71PW,DG7 1PW,,,,other,Postcode,281878.000,556507.000,3500,18000,,,,,,,Palnackie,http://data.ordnancesurvey.co.uk/id/4000000074563456,http://www.ordnancesurvey.co.uk/xml/codelists/localtype.xml#village,,,,Dumfries and Galloway,http://data.ordnancesurvey.co.uk/id/7000000000031903,http://data.ordnancesurvey.co.uk/ontology/admingeo/UnitaryAuthority,Scotland,http://data.ordnancesurvey.co.uk/id/7000000000041429,Scotland,http://data.ordnancesurvey.co.uk/id/country/scotland,,,
DG28BQ,http://data.ordnancesurvey.co.uk/id/postcodeunit/DG28BQ,DG2 8BQ,,,,other,Postcode,298953.000,557467.000,3500,18000,,,,,,,,,,,,,Dumfries and Galloway,http://data.ordnancesurvey.co.uk/id/7000000000031903,http://data.ordnancesurvey.co.uk/ontology/admingeo/UnitaryAuthority,Scotland,http://data.ordnancesurvey.co.uk/id/7000000000041429,Scotland,http://data.ordnancesurvey.co.uk/id/country/scotland,,,
DG54PX,http://data.ordnancesurvey.co.uk/id/postcodeunit/DG54PX,DG5 4PX,,,,other,Postcode,288952.000,554952.000,3500,18000,,,,,,,Sandyhills,http://data.ordnancesurvey.co.uk/id/4000000074541932,http://www.ordnancesurvey.co.uk/xml/codelists/localtype.xml#village,,,,Dumfries and Galloway,http://data.ordnancesurvey.co.uk/id/7000000000031903,http://data.ordnancesurvey.co.uk/ontology/admingeo/UnitaryAuthority,Scotland,http://data.ordnancesurvey.co.uk/id/7000000000041429,Scotland,http://data.ordnancesurvey.co.uk/id/country/scotland,,,
DG28BB,http://data.ordnancesurvey.co.uk/id/postcodeunit/DG28BB,DG2 8BB,,,,other,Postcode,297413.000,555016.000,3500,18000,,,,,,,Southerness,http://data.ordnancesurvey.co.uk/id/4000000074566667,http://www.ordnancesurvey.co.uk/xml/codelists/localtype.xml#village,,,,Dumfries and Galloway,http://data.ordnancesurvey.co.uk/id/7000000000031903,http://data.ordnancesurvey.co.uk/ontology/admingeo/UnitaryAuthority,Scotland,http://data.ordnancesurvey.co.uk/id/7000000000041429,Scotland,http://data.ordnancesurvey.co.uk/id/country/scotland,,,
DG71QL,http://data.ordnancesurvey.co.uk/id/postcodeunit/DG71QL,DG7 1QL,,,,other,Postcode,280266.000,553529.000,3500,18000,,,,,,,,,,,,,Dumfries and Galloway,http://data.ordnancesurvey.co.uk/id/7000000000031903,http://data.ordnancesurvey.co.uk/ontology/admingeo/UnitaryAuthority,Scotland,http://data.ordnancesurvey.co.uk/id/7000000000041429,Scotland,http://data.ordnancesurvey.co.uk/id/country/scotland,,,
DG71PL,http://data.ordnancesurvey.co.uk/id/postcodeunit/DG71PL,DG7 1PL,,,,other,Postcode,282168.000,556822.000,3500,18000,,,,,,,Palnackie,http://data.ordnancesurvey.co.uk/id/4000000074563456,http://www.ordnancesurvey.co.uk/xml/codelists/localtype.xml#village,,,,Dumfries and Galloway,http://data.ordnancesurvey.co.uk/id/7000000000031903,http://data.ordnancesurvey.co.uk/ontology/admingeo/UnitaryAuthority,Scotland,http://data.ordnancesurvey.co.uk/id/7000000000041429,Scotland,http://data.ordnancesurvey.co.uk/id/country/scotland,,,
osgb4000000006896009,http://data.ordnancesurvey.co.uk/id/4000000006896009,Barcloy Mill Road,,,,transportNetwork,Named Road,285534.347,553529.528,1000,20000,285493.068,553382.972,285565.390,553589.253,DG5,http://data.ordnancesurvey.co.uk/id/postcodedistrict/DG5,Rockcliffe,http://data.ordnancesurvey.co.uk/id/4000000074563452,http://www.ordnancesurvey.co.uk/xml/codelists/localtype.xml#village,,,,Dumfries and Galloway,http://data.ordnancesurvey.co.uk/id/7000000000031903,http://data.ordnancesurvey.co.uk/ontology/admingeo/UnitaryAuthority,Scotland,http://data.ordnancesurvey.co.uk/id/7000000000041429,Scotland,http://data.ordnancesurvey.co.uk/id/country/scotland,,,
osgb4000000006895164,http://data.ordnancesurvey.co.uk/id/4000000006895164,Barcloy Road,,,,transportNetwork,Named Road,285515.788,553208.296,6000,20000,285298.191,552743.501,285601.833,553691.044,DG5,http://data.ordnancesurvey.co.uk/id/postcodedistrict/DG5,Rockcliffe,http://data.ordnancesurvey.co.uk/id/4000000074563452,http://www.ordnancesurvey.co.uk/xml/codelists/localtype.xml#village,,,,Dumfries and Galloway,http://data.ordnancesurvey.co.uk/id/7000000000031903,http://data.ordnancesurvey.co.uk/ontology/admingeo/UnitaryAuthority,Scotland,http://data.ordnancesurvey.co.uk/id/7000000000041429,Scotland,http://data.ordnancesurvey.co.uk/id/country/scotland,,,
osgb4000000006908432,http://data.ordnancesurvey.co.uk/id/4000000006908432,Sandy Lane West,,,,transportNetwork,Named Road,297609.717,554896.951,2000,20000,297513.380,554795.000,297742.000,555064.272,DG2,http://data.ordnancesurvey.co.uk/id/postcodedistrict/DG2,Southerness,http://data.ordnancesurvey.co.uk/id/4000000074566667,http://www.ordnancesurvey.co.uk/xml/codelists/localtype.xml#village,,,,Dumfries and Galloway,http://data.ordnancesurvey.co.uk/id/7000000000031903,http://data.ordnancesurvey.co.uk/ontology/admingeo/UnitaryAuthority,Scotland,http://data.ordnancesurvey.co.uk/id/7000000000041429,Scotland,http://data.ordnancesurvey.co.uk/id/country/scotland,,,
506815e0-71fc-469c-b89b-dd3873c4fde3,http://data.ordnancesurvey.co.uk/id/506815e0-71fc-469c-b89b-dd3873c4fde3,Glen Road,,,,transportNetwork,Section Of Named Road,282130.461,556750.657,1000,25000,282035.937,556692.139,282229.499,556830.106,DG7,http://data.ordnancesurvey.co.uk/id/postcodedistrict/DG7,Palnackie,http://data.ordnancesurvey.co.uk/id/4000000074563456,http://www.ordnancesurvey.co.uk/xml/codelists/localtype.xml#village,,,,Dumfries and Galloway,http://data.ordnancesurvey.co.uk/id/7000000000031903,http://data.ordnancesurvey.co.uk/ontology/admingeo/UnitaryAuthority,Scotland,http://data.ordnancesurvey.co.uk/id/7000000000041429,Scotland,http://data.ordnancesurvey.co.uk/id/country/scotland,osgb4000000006895060,,
osgb4000000006895165,http://data.ordnancesurvey.co.uk/id/4000000006895165,Sandy Lane,,,,transportNetwork,Named Road,297722.697,554755.174,4000,20000,297547.934,554459.000,297742.000,555072.600,DG2,http://data.ordnancesurvey.co.uk/id/postcodedistrict/DG2,Southerness,http://data.ordnancesurvey.co.uk/id/4000000074566667,http://www.ordnancesurvey.co.uk/xml/codelists/localtype.xml#village,,,,Dumfries and Galloway,http://data.ordnancesurvey.co.uk/id/7000000000031903,http://data.ordnancesurvey.co.uk/ontology/admingeo/UnitaryAuthority,Scotland,http://data.ordnancesurvey.co.uk/id/7000000000041429,Scotland,http://data.ordnancesurvey.co.uk/id/country/scotland,,,
osgb4000000006895060,http://data.ordnancesurvey.co.uk/id/4000000006895060,Glen Road,,,,transportNetwork,Named Road,282422.861,556599.657,5000,20000,282035.937,556001.457,282611.000,556830.106,DG7,http://data.ordnancesurvey.co.uk/id/postcodedistrict/DG7,,,,,,,Dumfries and Galloway,http://data.ordnancesurvey.co.uk/id/7000000000031903,http://data.ordnancesurvey.co.uk/ontology/admingeo/UnitaryAuthority,Scotland,http://data.ordnancesurvey.co.uk/id/7000000000041429,Scotland,http://data.ordnancesurvey.co.uk/id/country/scotland,,,
osgb4000000006896010,http://data.ordnancesurvey.co.uk/id/4000000006896010,Oswald Crescent,,,,transportNetwork,Named Road,297540.000,554320.000,1000,20000,297451.049,554253.267,297631.000,554385.727,DG2,http://data.ordnancesurvey.co.uk/id/postcodedistrict/DG2,Southerness,http://data.ordnancesurvey.co.uk/id/4000000074566667,http://www.ordnancesurvey.co.uk/xml/codelists/localtype.xml#village,,,,Dumfries and Galloway,http://data.ordnancesurvey.co.uk/id/7000000000031903,http://data.ordnancesurvey.co.uk/ontology/admingeo/UnitaryAuthority,Scotland,http://data.ordnancesurvey.co.uk/id/7000000000041429,Scotland,http://data.ordnancesurvey.co.uk/id/country/scotland,,,
osgb4000000006896011,http://data.ordnancesurvey.co.uk/id/4000000006896011,Keswick Drive,,,,transportNetwork,Named Road,297668.681,554528.204,1000,20000,297622.893,554519.482,297715.000,554581.863,DG2,http://data.ordnancesurvey.co.uk/id/postcodedistrict/DG2,Southerness,http://data.ordnancesurvey.co.uk/id/4000000074566667,http://www.ordnancesurvey.co.uk/xml/codelists/localtype.xml#village,,,,Dumfries and Galloway,http://data.ordnancesurvey.co.uk/id/7000000000031903,http://data.ordnancesurvey.co.uk/ontology/admingeo/UnitaryAuthority,Scotland,http://data.ordnancesurvey.co.uk/id/7000000000041429,Scotland,http://data.ordnancesurvey.co.uk/id/country/scotland,,,
osgb4000000006896012,http://data.ordnancesurvey.co.uk/id/4000000006896012,Criffel Way,,,,transportNetwork,Named Road,297546.615,554999.813,1000,20000,297531.377,554937.433,297546.985,555065.437,DG2,http://data.ordnancesurvey.co.uk/id/postcodedistrict/DG2,Southerness,http://data.ordnancesurvey.co.uk/id/4000000074566667,http://www.ordnancesurvey.co.uk/xml/codelists/localtype.xml#village,,,,Dumfries and Galloway,http://data.ordnancesurvey.co.uk/id/7000000000031903,http://data.ordnancesurvey.co.uk/ontology/admingeo/UnitaryAuthority,Scotland,http://data.ordnancesurvey.co.uk/id/7000000000041429,Scotland,http://data.ordnancesurvey.co.uk/id/country/scotland,,,
osgb4000000006895382,http://data.ordnancesurvey.co.uk/id/4000000006895382,Merse Way,,,,transportNetwork,Named Road,283744.661,555663.857,2000,20000,283655.602,555451.657,283877.261,555783.257,DG5,http://data.ordnancesurvey.co.uk/id/postcodedistrict/DG5,Scaur / Kippford,http://data.ordnancesurvey.co.uk/id/4000000074543266,http://www.ordnancesurvey.co.uk/xml/codelists/localtype.xml#village,,,,Dumfries and Galloway,http://data.ordnancesurvey.co.uk/id/7000000000031903,http://data.ordnancesurvey.co.uk/ontology/admingeo/UnitaryAuthority,Scotland,http://data.ordnancesurvey.co.uk/id/7000000000041429,Scotland,http://data.ordnancesurvey.co.uk/id/country/scotland,,,
osgb4000000006895941,http://data.ordnancesurvey.co.uk/id/4000000006895941,Quarry Road,,,,transportNetwork,Named Road,283788.061,555381.257,1000,20000,283696.000,555365.125,283872.261,555398.057,DG5,http://data.ordnancesurvey.co.uk/id/postcodedistrict/DG5,Scaur / Kippford,http://data.ordnancesurvey.co.uk/id/4000000074543266,http://www.ordnancesurvey.co.uk/xml/codelists/localtype.xml#village,,,,Dumfries and Galloway,http://data.ordnancesurvey.co.uk/id/7000000000031903,http://data.ordnancesurvey.co.uk/ontology/admingeo/UnitaryAuthority,Scotland,http://data.ordnancesurvey.co.uk/id/7000000000041429,Scotland,http://data.ordnancesurvey.co.uk/id/country/scotland,,,
osgb4000000006896562,http://data.ordnancesurvey.co.uk/id/4000000006896562,Riverside Drive,,,,transportNetwork,Named Road,282168.000,556795.000,1000,20000,282130.461,556750.657,282212.893,556846.213,DG7,http://data.ordnancesurvey.co.uk/id/postcodedistrict/DG7,Palnackie,http://data.ordnancesurvey.co.uk/id/4000000074563456,http://www.ordnancesurvey.co.uk/xml/codelists/localtype.xml#village,,,,Dumfries and Galloway,http://data.ordnancesurvey.co.uk/id/7000000000031903,http://data.ordnancesurvey.co.uk/ontology/admingeo/UnitaryAuthority,Scotland,http://data.ordnancesurvey.co.uk/id/7000000000041429,Scotland,http://data.ordnancesurvey.co.uk/id/country/scotland,,,
osgb4000000006896645,http://data.ordnancesurvey.co.uk/id/4000000006896645,Hestan Court,,,,transportNetwork,Named Road,285573.714,553346.529,1000,20000,285507.015,553326.059,285628.559,553396.855,DG5,http://data.ordnancesurvey.co.uk/id/postcodedistrict/DG5,Rockcliffe,http://data.ordnancesurvey.co.uk/id/4000000074563452,http://www.ordnancesurvey.co.uk/xml/codelists/localtype.xml#village,,,,Dumfries and Galloway,http://data.ordnancesurvey.co.uk/id/7000000000031903,http://data.ordnancesurvey.co.uk/ontology/admingeo/UnitaryAuthority,Scotland,http://data.ordnancesurvey.co.uk/id/7000000000041429,Scotland,http://data.ordnancesurvey.co.uk/id/country/scotland,,,
osgb4000000006897273,http://data.ordnancesurvey.co.uk/id/4000000006897273,B793,,,,transportNetwork,Numbered Road,288397.070,559319.044,59000,250000,283768.000,557173.078,292783.922,562670.000,DG5,http://data.ordnancesurvey.co.uk/id/postcodedistrict/DG5,,,,,,,Dumfries and Galloway,http://data.ordnancesurvey.co.uk/id/7000000000031903,http://data.ordnancesurvey.co.uk/ontology/admingeo/UnitaryAuthority,Scotland,http://data.ordnancesurvey.co.uk/id/7000000000041429,Scotland,http://data.ordnancesurvey.co.uk/id/country/scotland,,,
osgb4000000006895943,http://data.ordnancesurvey.co.uk/id/4000000006895943,Port Road,,,,transportNetwork,Named Road,282112.750,556887.625,1000,20000,282035.937,556830.106,282157.508,556962.625,DG7,http://data.ordnancesurvey.co.uk/id/postcodedistrict/DG7,Palnackie,http://data.ordnancesurvey.co.uk/id/4000000074563456,http://www.ordnancesurvey.co.uk/xml/codelists/localtype.xml#village,,,,Dumfries and Galloway,http://data.ordnancesurvey.co.uk/id/7000000000031903,http://data.ordnancesurvey.co.uk/ontology/admingeo/UnitaryAuthority,Scotland,http://data.ordnancesurvey.co.uk/id/7000000000041429,Scotland,http://data.ordnancesurvey.co.uk/id/country/scotland,,,
osgb4000000006904065,http://data.ordnancesurvey.co.uk/id/4000000006904065,The Warren,,,,transportNetwork,Named Road,283921.342,555488.125,1000,20000,283857.081,555448.348,283967.506,555552.136,DG5,http://data.ordnancesurvey.co.uk/id/postcodedistrict/DG5,Scaur / Kippford,http://data.ordnancesurvey.co.uk/id/4000000074543266,http://www.ordnancesurvey.co.uk/xml/codelists/localtype.xml#village,,,,Dumfries and Galloway,http://data.ordnancesurvey.co.uk/id/7000000000031903,http://data.ordnancesurvey.co.uk/ontology/admingeo/UnitaryAuthority,Scotland,http://data.ordnancesurvey.co.uk/id/7000000000041429,Scotland,http://data.ordnancesurvey.co.uk/id/country/scotland,,,
osgb5000005209207857,http://data.ordnancesurvey.co.uk/id/5000005209207857,River View Park,,,,transportNetwork,Named Road,283845.152,556158.245,1000,20000,283803.875,556058.860,283893.525,556268.158,DG5,http://data.ordnancesurvey.co.uk/id/postcodedistrict/DG5,,,,,,,Dumfries and Galloway,http://data.ordnancesurvey.co.uk/id/7000000000031903,http://data.ordnancesurvey.co.uk/ontology/admingeo/UnitaryAuthority,Scotland,http://data.ordnancesurvey.co.uk/id/7000000000041429,Scotland,http://data.ordnancesurvey.co.uk/id/country/scotland,,,
osgb4000000006895942,http://data.ordnancesurvey.co.uk/id/4000000006895942,Pines Road,,,,transportNetwork,Named Road,283779.061,555286.457,1000,20000,283754.838,555198.808,283800.475,555376.525,DG5,http://data.ordnancesurvey.co.uk/id/postcodedistrict/DG5,Scaur / Kippford,http://data.ordnancesurvey.co.uk/id/4000000074543266,http://www.ordnancesurvey.co.uk/xml/codelists/localtype.xml#village,,,,Dumfries and Galloway,http://data.ordnancesurvey.co.uk/id/7000000000031903,http://data.ordnancesurvey.co.uk/ontology/admingeo/UnitaryAuthority,Scotland,http://data.ordnancesurvey.co.uk/id/7000000000041429,Scotland,http://data.ordnancesurvey.co.uk/id/country/scotland,,,
DG28EN,http://data.ordnancesurvey.co.uk/id/postcodeunit/DG28EN,DG2 8EN,,,,other,Postcode,299036.000,559963.000,3500,18000,,,,,,,Carsethorn,http://data.ordnancesurvey.co.uk/id/4000000074813568,http://www.ordnancesurvey.co.uk/xml/codelists/localtype.xml#village,,,,Dumfries and Galloway,http://data.ordnancesurvey.co.uk/id/7000000000031903,http://data.ordnancesurvey.co.uk/ontology/admingeo/UnitaryAuthority,Scotland,http://data.ordnancesurvey.co.uk/id/7000000000041429,Scotland,http://data.ordnancesurvey.co.uk/id/country/scotland,,,
DG28AY,http://data.ordnancesurvey.co.uk/id/postcodeunit/DG28AY,DG2 8AY,,,,other,Postcode,297424.000,555094.000,3500,18000,,,,,,,Southerness,http://data.ordnancesurvey.co.uk/id/4000000074566667,http://www.ordnancesurvey.co.uk/xml/codelists/localtype.xml#village,,,,Dumfries and Galloway,http://data.ordnancesurvey.co.uk/id/7000000000031903,http://data.ordnancesurvey.co.uk/ontology/admingeo/UnitaryAuthority,Scotland,http://data.ordnancesurvey.co.uk/id/7000000000041429,Scotland,http://data.ordnancesurvey.co.uk/id/country/scotland,,,
DG54NY,http://data.ordnancesurvey.co.uk/id/postcodeunit/DG54NY,DG5 4NY,,,,other,Postcode,289033.000,555312.000,3500,18000,,,,,,,Sandyhills,http://data.ordnancesurvey.co.uk/id/4000000074541932,http://www.ordnancesurvey.co.uk/xml/codelists/localtype.xml#village,,,,Dumfries and Galloway,http://data.ordnancesurvey.co.uk/id/7000000000031903,http://data.ordnancesurvey.co.uk/ontology/admingeo/UnitaryAuthority,Scotland,http://data.ordnancesurvey.co.uk/id/7000000000041429,Scotland,http://data.ordnancesurvey.co.uk/id/country/scotland,,,
DG54QN,http://data.ordnancesurvey.co.uk/id/postcodeunit/DG54QN,DG5 4QN,,,,other,Postcode,286492.000,554458.000,3500,18000,,,,,,,Colvend,http://data.ordnancesurvey.co.uk/id/4000000074563451,http://www.ordnancesurvey.co.uk/xml/codelists/localtype.xml#village,,,,Dumfries and Galloway,http://data.ordnancesurvey.co.uk/id/7000000000031903,http://data.ordnancesurvey.co.uk/ontology/admingeo/UnitaryAuthority,Scotland,http://data.ordnancesurvey.co.uk/id/7000000000041429,Scotland,http://data.ordnancesurvey.co.uk/id/country/scotland,,,
DG54QL,http://data.ordnancesurvey.co.uk/id/postcodeunit/DG54QL,DG5 4QL,,,,other,Postcode,285504.000,553183.000,3500,18000,,,,,,,Rockcliffe,http://data.ordnancesurvey.co.uk/id/4000000074563452,http://www.ordnancesurvey.co.uk/xml/codelists/localtype.xml#village,,,,Dumfries and Galloway,http://data.ordnancesurvey.co.uk/id/7000000000031903,http://data.ordnancesurvey.co.uk/ontology/admingeo/UnitaryAuthority,Scotland,http://data.ordnancesurvey.co.uk/id/7000000000041429,Scotland,http://data.ordnancesurvey.co.uk/id/country/scotland,,,
DG54GZ,http://data.ordnancesurvey.co.uk/id/postcodeunit/DG54GZ,DG5 4GZ,,,,other,Postcode,283962.000,555485.000,3500,18000,,,,,,,Scaur / Kippford,http://data.ordnancesurvey.co.uk/id/4000000074543266,http://www.ordnancesurvey.co.uk/xml/codelists/localtype.xml#village,,,,Dumfries and Galloway,http://data.ordnancesurvey.co.uk/id/7000000000031903,http://data.ordnancesurvey.co.uk/ontology/admingeo/UnitaryAuthority,Scotland,http://data.ordnancesurvey.co.uk/id/7000000000041429,Scotland,http://data.ordnancesurvey.co.uk/id/country/scotland,,,
DG28AJ,http://data.ordnancesurvey.co.uk/id/postcodeunit/DG28AJ,DG2 8AJ,,,,other,Postcode,292598.000,557116.000,3500,18000,,,,,,,Caulkerbush,http://data.ordnancesurvey.co.uk/id/4000000074563450,http://www.ordnancesurvey.co.uk/xml/codelists/localtype.xml#hamlet,,,,Dumfries and Galloway,http://data.ordnancesurvey.co.uk/id/7000000000031903,http://data.ordnancesurvey.co.uk/ontology/admingeo/UnitaryAuthority,Scotland,http://data.ordnancesurvey.co.uk/id/7000000000041429,Scotland,http://data.ordnancesurvey.co.uk/id/country/scotland,,,
osgb4000000006896563,http://data.ordnancesurvey.co.uk/id/4000000006896563,Yettan Terrace,,,,transportNetwork,Named Road,282046.000,556883.000,1000,20000,282033.000,556878.000,282079.219,556905.375,DG7,http://data.ordnancesurvey.co.uk/id/postcodedistrict/DG7,Palnackie,http://data.ordnancesurvey.co.uk/id/4000000074563456,http://www.ordnancesurvey.co.uk/xml/codelists/localtype.xml#village,,,,Dumfries and Galloway,http://data.ordnancesurvey.co.uk/id/7000000000031903,http://data.ordnancesurvey.co.uk/ontology/admingeo/UnitaryAuthority,Scotland,http://data.ordnancesurvey.co.uk/id/7000000000041429,Scotland,http://data.ordnancesurvey.co.uk/id/country/scotland,,,
DG54QA,http://data.ordnancesurvey.co.uk/id/postcodeunit/DG54QA,DG5 4QA,,,,other,Postcode,287617.000,554628.000,3500,18000,,,,,,,Colvend,http://data.ordnancesurvey.co.uk/id/4000000074563451,http://www.ordnancesurvey.co.uk/xml/codelists/localtype.xml#village,,,,Dumfries and Galloway,http://data.ordnancesurvey.co.uk/id/7000000000031903,http://data.ordnancesurvey.co.uk/ontology/admingeo/UnitaryAuthority,Scotland,http://data.ordnancesurvey.co.uk/id/7000000000041429,Scotland,http://data.ordnancesurvey.co.uk/id/country/scotland,,,
DG54PB,http://data.ordnancesurvey.co.uk/id/postcodeunit/DG54PB,DG5 4PB,,,,other,Postcode,283869.000,555368.000,3500,18000,,,,,,,Scaur / Kippford,http://data.ordnancesurvey.co.uk/id/4000000074543266,http://www.ordnancesurvey.co.uk/xml/codelists/localtype.xml#village,,,,Dumfries and Galloway,http://data.ordnancesurvey.co.uk/id/7000000000031903,http://data.ordnancesurvey.co.uk/ontology/admingeo/UnitaryAuthority,Scotland,http://data.ordnancesurvey.co.uk/id/7000000000041429,Scotland,http://data.ordnancesurvey.co.uk/id/country/scotland,,,
osgb4000000006895381,http://data.ordnancesurvey.co.uk/id/4000000006895381,Shore Road,,,,transportNetwork,Named Road,280182.000,551600.000,3000,20000,279978.000,551518.000,280438.000,551631.000,DG7,http://data.ordnancesurvey.co.uk/id/postcodedistrict/DG7,Auchencairn,http://data.ordnancesurvey.co.uk/id/4000000074563453,http://www.ordnancesurvey.co.uk/xml/codelists/localtype.xml#village,,,,Dumfries and Galloway,http://data.ordnancesurvey.co.uk/id/7000000000031903,http://data.ordnancesurvey.co.uk/ontology/admingeo/UnitaryAuthority,Scotland,http://data.ordnancesurvey.co.uk/id/7000000000041429,Scotland,http://data.ordnancesurvey.co.uk/id/country/scotland,,,
