﻿osgb4000000074548454,http://data.ordnancesurvey.co.uk/id/4000000074548454,Copshaw Holm,eng,Newcastleton,eng,populatedPlace,Village,348309.000,587525.000,10000,250000,347829.664,586909.948,348814.925,588475.480,TD9,http://data.ordnancesurvey.co.uk/id/postcodedistrict/TD9,,,,,,,Scottish Borders,http://data.ordnancesurvey.co.uk/id/7000000000036552,http://data.ordnancesurvey.co.uk/ontology/admingeo/UnitaryAuthority,Scotland,http://data.ordnancesurvey.co.uk/id/7000000000041429,Scotland,http://data.ordnancesurvey.co.uk/id/country/scotland,,,http://sws.geonames.org/2641675
osgb4000000074548453,http://data.ordnancesurvey.co.uk/id/4000000074548453,Kershopefoot,,,,populatedPlace,Hamlet,347615.000,582873.000,5000,25000,347445.173,582564.275,348103.203,583064.275,TD9,http://data.ordnancesurvey.co.uk/id/postcodedistrict/TD9,,,,Carlisle,http://data.ordnancesurvey.co.uk/id/7000000000012712,http://data.ordnancesurvey.co.uk/ontology/admingeo/District,Cumbria,http://data.ordnancesurvey.co.uk/id/7000000000013244,http://data.ordnancesurvey.co.uk/ontology/admingeo/County,North West,http://data.ordnancesurvey.co.uk/id/7000000000041431,England,http://data.ordnancesurvey.co.uk/id/country/england,,http://dbpedia.org/resource/Kershopefoot,http://sws.geonames.org/2645764
osgb4000000074549589,http://data.ordnancesurvey.co.uk/id/4000000074549589,Steele Road,,,,populatedPlace,Hamlet,352216.000,593181.000,5000,25000,352084.289,592890.025,352692.569,593390.025,TD9,http://data.ordnancesurvey.co.uk/id/postcodedistrict/TD9,,,,,,,Scottish Borders,http://data.ordnancesurvey.co.uk/id/7000000000036552,http://data.ordnancesurvey.co.uk/ontology/admingeo/UnitaryAuthority,Scotland,http://data.ordnancesurvey.co.uk/id/7000000000041429,Scotland,http://data.ordnancesurvey.co.uk/id/country/scotland,,,
osgb4000000074541212,http://data.ordnancesurvey.co.uk/id/4000000074541212,Sandholm,,,,populatedPlace,Hamlet,349300.740,589504.110,5000,25000,349111.626,589276.879,349611.626,589776.879,TD9,http://data.ordnancesurvey.co.uk/id/postcodedistrict/TD9,,,,,,,Scottish Borders,http://data.ordnancesurvey.co.uk/id/7000000000036552,http://data.ordnancesurvey.co.uk/ontology/admingeo/UnitaryAuthority,Scotland,http://data.ordnancesurvey.co.uk/id/7000000000041429,Scotland,http://data.ordnancesurvey.co.uk/id/country/scotland,,,
osgb4000000074554106,http://data.ordnancesurvey.co.uk/id/4000000074554106,Caulside,,,,populatedPlace,Hamlet,344403.050,580329.800,5000,25000,343628.525,579907.293,344886.392,580626.967,DG14,http://data.ordnancesurvey.co.uk/id/postcodedistrict/DG14,,,,,,,Dumfries and Galloway,http://data.ordnancesurvey.co.uk/id/7000000000031903,http://data.ordnancesurvey.co.uk/ontology/admingeo/UnitaryAuthority,Scotland,http://data.ordnancesurvey.co.uk/id/7000000000041429,Scotland,http://data.ordnancesurvey.co.uk/id/country/scotland,,,
osgb4000000074549942,http://data.ordnancesurvey.co.uk/id/4000000074549942,Saughtree,,,,populatedPlace,Other Settlement,356390.000,596678.000,15000,25000,356114.857,596504.505,356614.857,597004.505,TD9,http://data.ordnancesurvey.co.uk/id/postcodedistrict/TD9,,,,,,,Scottish Borders,http://data.ordnancesurvey.co.uk/id/7000000000036552,http://data.ordnancesurvey.co.uk/ontology/admingeo/UnitaryAuthority,Scotland,http://data.ordnancesurvey.co.uk/id/7000000000041429,Scotland,http://data.ordnancesurvey.co.uk/id/country/scotland,,,http://sws.geonames.org/2638493
TD90LY,http://data.ordnancesurvey.co.uk/id/postcodeunit/TD90LY,TD9 0LY,,,,other,Postcode,350391.000,595763.000,3500,18000,,,,,,,,,,,,,Scottish Borders,http://data.ordnancesurvey.co.uk/id/7000000000036552,http://data.ordnancesurvey.co.uk/ontology/admingeo/UnitaryAuthority,Scotland,http://data.ordnancesurvey.co.uk/id/7000000000041429,Scotland,http://data.ordnancesurvey.co.uk/id/country/scotland,,,
TD90QR,http://data.ordnancesurvey.co.uk/id/postcodeunit/TD90QR,TD9 0QR,,,,other,Postcode,348288.000,587445.000,3500,18000,,,,,,,Copshaw Holm / Newcastleton,http://data.ordnancesurvey.co.uk/id/4000000074548454,http://www.ordnancesurvey.co.uk/xml/codelists/localtype.xml#village,,,,Scottish Borders,http://data.ordnancesurvey.co.uk/id/7000000000036552,http://data.ordnancesurvey.co.uk/ontology/admingeo/UnitaryAuthority,Scotland,http://data.ordnancesurvey.co.uk/id/7000000000041429,Scotland,http://data.ordnancesurvey.co.uk/id/country/scotland,,,
TD90QN,http://data.ordnancesurvey.co.uk/id/postcodeunit/TD90QN,TD9 0QN,,,,other,Postcode,348219.000,587315.000,3500,18000,,,,,,,Copshaw Holm / Newcastleton,http://data.ordnancesurvey.co.uk/id/4000000074548454,http://www.ordnancesurvey.co.uk/xml/codelists/localtype.xml#village,,,,Scottish Borders,http://data.ordnancesurvey.co.uk/id/7000000000036552,http://data.ordnancesurvey.co.uk/ontology/admingeo/UnitaryAuthority,Scotland,http://data.ordnancesurvey.co.uk/id/7000000000041429,Scotland,http://data.ordnancesurvey.co.uk/id/country/scotland,,,
TD90SR,http://data.ordnancesurvey.co.uk/id/postcodeunit/TD90SR,TD9 0SR,,,,other,Postcode,359712.000,598169.000,3500,18000,,,,,,,,,,,,,Scottish Borders,http://data.ordnancesurvey.co.uk/id/7000000000036552,http://data.ordnancesurvey.co.uk/ontology/admingeo/UnitaryAuthority,Scotland,http://data.ordnancesurvey.co.uk/id/7000000000041429,Scotland,http://data.ordnancesurvey.co.uk/id/country/scotland,,,
TD90RW,http://data.ordnancesurvey.co.uk/id/postcodeunit/TD90RW,TD9 0RW,,,,other,Postcode,348366.000,587311.000,3500,18000,,,,,,,Copshaw Holm / Newcastleton,http://data.ordnancesurvey.co.uk/id/4000000074548454,http://www.ordnancesurvey.co.uk/xml/codelists/localtype.xml#village,,,,Scottish Borders,http://data.ordnancesurvey.co.uk/id/7000000000036552,http://data.ordnancesurvey.co.uk/ontology/admingeo/UnitaryAuthority,Scotland,http://data.ordnancesurvey.co.uk/id/7000000000041429,Scotland,http://data.ordnancesurvey.co.uk/id/country/scotland,,,
TD90RT,http://data.ordnancesurvey.co.uk/id/postcodeunit/TD90RT,TD9 0RT,,,,other,Postcode,348169.000,587710.000,3500,18000,,,,,,,Copshaw Holm / Newcastleton,http://data.ordnancesurvey.co.uk/id/4000000074548454,http://www.ordnancesurvey.co.uk/xml/codelists/localtype.xml#village,,,,Scottish Borders,http://data.ordnancesurvey.co.uk/id/7000000000036552,http://data.ordnancesurvey.co.uk/ontology/admingeo/UnitaryAuthority,Scotland,http://data.ordnancesurvey.co.uk/id/7000000000041429,Scotland,http://data.ordnancesurvey.co.uk/id/country/scotland,,,
TD90RQ,http://data.ordnancesurvey.co.uk/id/postcodeunit/TD90RQ,TD9 0RQ,,,,other,Postcode,348560.000,587740.000,3500,18000,,,,,,,Copshaw Holm / Newcastleton,http://data.ordnancesurvey.co.uk/id/4000000074548454,http://www.ordnancesurvey.co.uk/xml/codelists/localtype.xml#village,,,,Scottish Borders,http://data.ordnancesurvey.co.uk/id/7000000000036552,http://data.ordnancesurvey.co.uk/ontology/admingeo/UnitaryAuthority,Scotland,http://data.ordnancesurvey.co.uk/id/7000000000041429,Scotland,http://data.ordnancesurvey.co.uk/id/country/scotland,,,
TD90TT,http://data.ordnancesurvey.co.uk/id/postcodeunit/TD90TT,TD9 0TT,,,,other,Postcode,351334.000,580229.000,3500,18000,,,,,,,,,,Carlisle,http://data.ordnancesurvey.co.uk/id/7000000000012712,http://data.ordnancesurvey.co.uk/ontology/admingeo/District,Cumbria,http://data.ordnancesurvey.co.uk/id/7000000000013244,http://data.ordnancesurvey.co.uk/ontology/admingeo/County,North West,http://data.ordnancesurvey.co.uk/id/7000000000041431,England,http://data.ordnancesurvey.co.uk/id/country/england,,,
TD90RJ,http://data.ordnancesurvey.co.uk/id/postcodeunit/TD90RJ,TD9 0RJ,,,,other,Postcode,348529.000,587598.000,3500,18000,,,,,,,Copshaw Holm / Newcastleton,http://data.ordnancesurvey.co.uk/id/4000000074548454,http://www.ordnancesurvey.co.uk/xml/codelists/localtype.xml#village,,,,Scottish Borders,http://data.ordnancesurvey.co.uk/id/7000000000036552,http://data.ordnancesurvey.co.uk/ontology/admingeo/UnitaryAuthority,Scotland,http://data.ordnancesurvey.co.uk/id/7000000000041429,Scotland,http://data.ordnancesurvey.co.uk/id/country/scotland,,,
TD90QU,http://data.ordnancesurvey.co.uk/id/postcodeunit/TD90QU,TD9 0QU,,,,other,Postcode,348384.000,587567.000,3500,18000,,,,,,,Copshaw Holm / Newcastleton,http://data.ordnancesurvey.co.uk/id/4000000074548454,http://www.ordnancesurvey.co.uk/xml/codelists/localtype.xml#village,,,,Scottish Borders,http://data.ordnancesurvey.co.uk/id/7000000000036552,http://data.ordnancesurvey.co.uk/ontology/admingeo/UnitaryAuthority,Scotland,http://data.ordnancesurvey.co.uk/id/7000000000041429,Scotland,http://data.ordnancesurvey.co.uk/id/country/scotland,,,
TD90LS,http://data.ordnancesurvey.co.uk/id/postcodeunit/TD90LS,TD9 0LS,,,,other,Postcode,344758.000,596303.000,3500,18000,,,,,,,,,,,,,Scottish Borders,http://data.ordnancesurvey.co.uk/id/7000000000036552,http://data.ordnancesurvey.co.uk/ontology/admingeo/UnitaryAuthority,Scotland,http://data.ordnancesurvey.co.uk/id/7000000000041429,Scotland,http://data.ordnancesurvey.co.uk/id/country/scotland,,,
DG130HS,http://data.ordnancesurvey.co.uk/id/postcodeunit/DG130HS,DG13 0HS,,,,other,Postcode,340216.000,585159.000,3500,18000,,,,,,,,,,,,,Dumfries and Galloway,http://data.ordnancesurvey.co.uk/id/7000000000031903,http://data.ordnancesurvey.co.uk/ontology/admingeo/UnitaryAuthority,Scotland,http://data.ordnancesurvey.co.uk/id/7000000000041429,Scotland,http://data.ordnancesurvey.co.uk/id/country/scotland,,,
TD90QH,http://data.ordnancesurvey.co.uk/id/postcodeunit/TD90QH,TD9 0QH,,,,other,Postcode,348056.000,587154.000,3500,18000,,,,,,,Copshaw Holm / Newcastleton,http://data.ordnancesurvey.co.uk/id/4000000074548454,http://www.ordnancesurvey.co.uk/xml/codelists/localtype.xml#village,,,,Scottish Borders,http://data.ordnancesurvey.co.uk/id/7000000000036552,http://data.ordnancesurvey.co.uk/ontology/admingeo/UnitaryAuthority,Scotland,http://data.ordnancesurvey.co.uk/id/7000000000041429,Scotland,http://data.ordnancesurvey.co.uk/id/country/scotland,,,
TD90QQ,http://data.ordnancesurvey.co.uk/id/postcodeunit/TD90QQ,TD9 0QQ,,,,other,Postcode,348059.000,587283.000,3500,18000,,,,,,,Copshaw Holm / Newcastleton,http://data.ordnancesurvey.co.uk/id/4000000074548454,http://www.ordnancesurvey.co.uk/xml/codelists/localtype.xml#village,,,,Scottish Borders,http://data.ordnancesurvey.co.uk/id/7000000000036552,http://data.ordnancesurvey.co.uk/ontology/admingeo/UnitaryAuthority,Scotland,http://data.ordnancesurvey.co.uk/id/7000000000041429,Scotland,http://data.ordnancesurvey.co.uk/id/country/scotland,,,
TD90TY,http://data.ordnancesurvey.co.uk/id/postcodeunit/TD90TY,TD9 0TY,,,,other,Postcode,349279.000,588211.000,3500,18000,,,,,,,,,,,,,Scottish Borders,http://data.ordnancesurvey.co.uk/id/7000000000036552,http://data.ordnancesurvey.co.uk/ontology/admingeo/UnitaryAuthority,Scotland,http://data.ordnancesurvey.co.uk/id/7000000000041429,Scotland,http://data.ordnancesurvey.co.uk/id/country/scotland,,,
TD90TN,http://data.ordnancesurvey.co.uk/id/postcodeunit/TD90TN,TD9 0TN,,,,other,Postcode,349805.000,585710.000,3500,18000,,,,,,,,,,,,,Scottish Borders,http://data.ordnancesurvey.co.uk/id/7000000000036552,http://data.ordnancesurvey.co.uk/ontology/admingeo/UnitaryAuthority,Scotland,http://data.ordnancesurvey.co.uk/id/7000000000041429,Scotland,http://data.ordnancesurvey.co.uk/id/country/scotland,,,
TD90QS,http://data.ordnancesurvey.co.uk/id/postcodeunit/TD90QS,TD9 0QS,,,,other,Postcode,348360.000,587441.000,3500,18000,,,,,,,Copshaw Holm / Newcastleton,http://data.ordnancesurvey.co.uk/id/4000000074548454,http://www.ordnancesurvey.co.uk/xml/codelists/localtype.xml#village,,,,Scottish Borders,http://data.ordnancesurvey.co.uk/id/7000000000036552,http://data.ordnancesurvey.co.uk/ontology/admingeo/UnitaryAuthority,Scotland,http://data.ordnancesurvey.co.uk/id/7000000000041429,Scotland,http://data.ordnancesurvey.co.uk/id/country/scotland,,,
TD90LU,http://data.ordnancesurvey.co.uk/id/postcodeunit/TD90LU,TD9 0LU,,,,other,Postcode,349707.000,595953.000,3500,18000,,,,,,,,,,,,,Scottish Borders,http://data.ordnancesurvey.co.uk/id/7000000000036552,http://data.ordnancesurvey.co.uk/ontology/admingeo/UnitaryAuthority,Scotland,http://data.ordnancesurvey.co.uk/id/7000000000041429,Scotland,http://data.ordnancesurvey.co.uk/id/country/scotland,,,
TD90TQ,http://data.ordnancesurvey.co.uk/id/postcodeunit/TD90TQ,TD9 0TQ,,,,other,Postcode,345371.000,583747.000,3500,18000,,,,,,,,,,,,,Scottish Borders,http://data.ordnancesurvey.co.uk/id/7000000000036552,http://data.ordnancesurvey.co.uk/ontology/admingeo/UnitaryAuthority,Scotland,http://data.ordnancesurvey.co.uk/id/7000000000041429,Scotland,http://data.ordnancesurvey.co.uk/id/country/scotland,,,
TD90NA,http://data.ordnancesurvey.co.uk/id/postcodeunit/TD90NA,TD9 0NA,,,,other,Postcode,354064.000,597784.000,3500,18000,,,,,,,,,,,,,Scottish Borders,http://data.ordnancesurvey.co.uk/id/7000000000036552,http://data.ordnancesurvey.co.uk/ontology/admingeo/UnitaryAuthority,Scotland,http://data.ordnancesurvey.co.uk/id/7000000000041429,Scotland,http://data.ordnancesurvey.co.uk/id/country/scotland,,,
DG130HT,http://data.ordnancesurvey.co.uk/id/postcodeunit/DG130HT,DG13 0HT,,,,other,Postcode,340431.000,588311.000,3500,18000,,,,,,,,,,,,,Dumfries and Galloway,http://data.ordnancesurvey.co.uk/id/7000000000031903,http://data.ordnancesurvey.co.uk/ontology/admingeo/UnitaryAuthority,Scotland,http://data.ordnancesurvey.co.uk/id/7000000000041429,Scotland,http://data.ordnancesurvey.co.uk/id/country/scotland,,,
TD90SA,http://data.ordnancesurvey.co.uk/id/postcodeunit/TD90SA,TD9 0SA,,,,other,Postcode,349123.000,589312.000,3500,18000,,,,,,,,,,,,,Scottish Borders,http://data.ordnancesurvey.co.uk/id/7000000000036552,http://data.ordnancesurvey.co.uk/ontology/admingeo/UnitaryAuthority,Scotland,http://data.ordnancesurvey.co.uk/id/7000000000041429,Scotland,http://data.ordnancesurvey.co.uk/id/country/scotland,,,
TD90TA,http://data.ordnancesurvey.co.uk/id/postcodeunit/TD90TA,TD9 0TA,,,,other,Postcode,348047.000,587012.000,3500,18000,,,,,,,Copshaw Holm / Newcastleton,http://data.ordnancesurvey.co.uk/id/4000000074548454,http://www.ordnancesurvey.co.uk/xml/codelists/localtype.xml#village,,,,Scottish Borders,http://data.ordnancesurvey.co.uk/id/7000000000036552,http://data.ordnancesurvey.co.uk/ontology/admingeo/UnitaryAuthority,Scotland,http://data.ordnancesurvey.co.uk/id/7000000000041429,Scotland,http://data.ordnancesurvey.co.uk/id/country/scotland,,,
TD90TF,http://data.ordnancesurvey.co.uk/id/postcodeunit/TD90TF,TD9 0TF,,,,other,Postcode,347930.000,585629.000,3500,18000,,,,,,,,,,,,,Scottish Borders,http://data.ordnancesurvey.co.uk/id/7000000000036552,http://data.ordnancesurvey.co.uk/ontology/admingeo/UnitaryAuthority,Scotland,http://data.ordnancesurvey.co.uk/id/7000000000041429,Scotland,http://data.ordnancesurvey.co.uk/id/country/scotland,,,
TD90LX,http://data.ordnancesurvey.co.uk/id/postcodeunit/TD90LX,TD9 0LX,,,,other,Postcode,350705.000,595210.000,3500,18000,,,,,,,,,,,,,Scottish Borders,http://data.ordnancesurvey.co.uk/id/7000000000036552,http://data.ordnancesurvey.co.uk/ontology/admingeo/UnitaryAuthority,Scotland,http://data.ordnancesurvey.co.uk/id/7000000000041429,Scotland,http://data.ordnancesurvey.co.uk/id/country/scotland,,,
TD90QT,http://data.ordnancesurvey.co.uk/id/postcodeunit/TD90QT,TD9 0QT,,,,other,Postcode,348396.000,587463.000,3500,18000,,,,,,,Copshaw Holm / Newcastleton,http://data.ordnancesurvey.co.uk/id/4000000074548454,http://www.ordnancesurvey.co.uk/xml/codelists/localtype.xml#village,,,,Scottish Borders,http://data.ordnancesurvey.co.uk/id/7000000000036552,http://data.ordnancesurvey.co.uk/ontology/admingeo/UnitaryAuthority,Scotland,http://data.ordnancesurvey.co.uk/id/7000000000041429,Scotland,http://data.ordnancesurvey.co.uk/id/country/scotland,,,
TD90SF,http://data.ordnancesurvey.co.uk/id/postcodeunit/TD90SF,TD9 0SF,,,,other,Postcode,352354.000,591274.000,3500,18000,,,,,,,,,,,,,Scottish Borders,http://data.ordnancesurvey.co.uk/id/7000000000036552,http://data.ordnancesurvey.co.uk/ontology/admingeo/UnitaryAuthority,Scotland,http://data.ordnancesurvey.co.uk/id/7000000000041429,Scotland,http://data.ordnancesurvey.co.uk/id/country/scotland,,,
TD90LZ,http://data.ordnancesurvey.co.uk/id/postcodeunit/TD90LZ,TD9 0LZ,,,,other,Postcode,351269.000,598122.000,3500,18000,,,,,,,,,,,,,Scottish Borders,http://data.ordnancesurvey.co.uk/id/7000000000036552,http://data.ordnancesurvey.co.uk/ontology/admingeo/UnitaryAuthority,Scotland,http://data.ordnancesurvey.co.uk/id/7000000000041429,Scotland,http://data.ordnancesurvey.co.uk/id/country/scotland,,,
CA65QL,http://data.ordnancesurvey.co.uk/id/postcodeunit/CA65QL,CA6 5QL,,,,other,Postcode,348036.000,581860.000,3500,18000,,,,,,,,,,Carlisle,http://data.ordnancesurvey.co.uk/id/7000000000012712,http://data.ordnancesurvey.co.uk/ontology/admingeo/District,Cumbria,http://data.ordnancesurvey.co.uk/id/7000000000013244,http://data.ordnancesurvey.co.uk/ontology/admingeo/County,North West,http://data.ordnancesurvey.co.uk/id/7000000000041431,England,http://data.ordnancesurvey.co.uk/id/country/england,,,
TD90TB,http://data.ordnancesurvey.co.uk/id/postcodeunit/TD90TB,TD9 0TB,,,,other,Postcode,349109.000,588001.000,3500,18000,,,,,,,,,,,,,Scottish Borders,http://data.ordnancesurvey.co.uk/id/7000000000036552,http://data.ordnancesurvey.co.uk/ontology/admingeo/UnitaryAuthority,Scotland,http://data.ordnancesurvey.co.uk/id/7000000000041429,Scotland,http://data.ordnancesurvey.co.uk/id/country/scotland,,,
DG140RZ,http://data.ordnancesurvey.co.uk/id/postcodeunit/DG140RZ,DG14 0RZ,,,,other,Postcode,340534.000,580099.000,3500,18000,,,,,,,,,,,,,Dumfries and Galloway,http://data.ordnancesurvey.co.uk/id/7000000000031903,http://data.ordnancesurvey.co.uk/ontology/admingeo/UnitaryAuthority,Scotland,http://data.ordnancesurvey.co.uk/id/7000000000041429,Scotland,http://data.ordnancesurvey.co.uk/id/country/scotland,,,
TD90LP,http://data.ordnancesurvey.co.uk/id/postcodeunit/TD90LP,TD9 0LP,,,,other,Postcode,340111.000,599707.000,3500,18000,,,,,,,,,,,,,Scottish Borders,http://data.ordnancesurvey.co.uk/id/7000000000036552,http://data.ordnancesurvey.co.uk/ontology/admingeo/UnitaryAuthority,Scotland,http://data.ordnancesurvey.co.uk/id/7000000000041429,Scotland,http://data.ordnancesurvey.co.uk/id/country/scotland,,,
TD90SD,http://data.ordnancesurvey.co.uk/id/postcodeunit/TD90SD,TD9 0SD,,,,other,Postcode,349686.000,592785.000,3500,18000,,,,,,,,,,,,,Scottish Borders,http://data.ordnancesurvey.co.uk/id/7000000000036552,http://data.ordnancesurvey.co.uk/ontology/admingeo/UnitaryAuthority,Scotland,http://data.ordnancesurvey.co.uk/id/7000000000041429,Scotland,http://data.ordnancesurvey.co.uk/id/country/scotland,,,
TD90TD,http://data.ordnancesurvey.co.uk/id/postcodeunit/TD90TD,TD9 0TD,,,,other,Postcode,350244.000,587511.000,3500,18000,,,,,,,,,,,,,Scottish Borders,http://data.ordnancesurvey.co.uk/id/7000000000036552,http://data.ordnancesurvey.co.uk/ontology/admingeo/UnitaryAuthority,Scotland,http://data.ordnancesurvey.co.uk/id/7000000000041429,Scotland,http://data.ordnancesurvey.co.uk/id/country/scotland,,,
TD90RN,http://data.ordnancesurvey.co.uk/id/postcodeunit/TD90RN,TD9 0RN,,,,other,Postcode,348437.000,587412.000,3500,18000,,,,,,,Copshaw Holm / Newcastleton,http://data.ordnancesurvey.co.uk/id/4000000074548454,http://www.ordnancesurvey.co.uk/xml/codelists/localtype.xml#village,,,,Scottish Borders,http://data.ordnancesurvey.co.uk/id/7000000000036552,http://data.ordnancesurvey.co.uk/ontology/admingeo/UnitaryAuthority,Scotland,http://data.ordnancesurvey.co.uk/id/7000000000041429,Scotland,http://data.ordnancesurvey.co.uk/id/country/scotland,,,
TD90QL,http://data.ordnancesurvey.co.uk/id/postcodeunit/TD90QL,TD9 0QL,,,,other,Postcode,348249.000,587239.000,3500,18000,,,,,,,Copshaw Holm / Newcastleton,http://data.ordnancesurvey.co.uk/id/4000000074548454,http://www.ordnancesurvey.co.uk/xml/codelists/localtype.xml#village,,,,Scottish Borders,http://data.ordnancesurvey.co.uk/id/7000000000036552,http://data.ordnancesurvey.co.uk/ontology/admingeo/UnitaryAuthority,Scotland,http://data.ordnancesurvey.co.uk/id/7000000000041429,Scotland,http://data.ordnancesurvey.co.uk/id/country/scotland,,,
TD90TU,http://data.ordnancesurvey.co.uk/id/postcodeunit/TD90TU,TD9 0TU,,,,other,Postcode,352542.000,585218.000,3500,18000,,,,,,,,,,,,,Scottish Borders,http://data.ordnancesurvey.co.uk/id/7000000000036552,http://data.ordnancesurvey.co.uk/ontology/admingeo/UnitaryAuthority,Scotland,http://data.ordnancesurvey.co.uk/id/7000000000041429,Scotland,http://data.ordnancesurvey.co.uk/id/country/scotland,,,
TD90QJ,http://data.ordnancesurvey.co.uk/id/postcodeunit/TD90QJ,TD9 0QJ,,,,other,Postcode,348016.000,587099.000,3500,18000,,,,,,,Copshaw Holm / Newcastleton,http://data.ordnancesurvey.co.uk/id/4000000074548454,http://www.ordnancesurvey.co.uk/xml/codelists/localtype.xml#village,,,,Scottish Borders,http://data.ordnancesurvey.co.uk/id/7000000000036552,http://data.ordnancesurvey.co.uk/ontology/admingeo/UnitaryAuthority,Scotland,http://data.ordnancesurvey.co.uk/id/7000000000041429,Scotland,http://data.ordnancesurvey.co.uk/id/country/scotland,,,
CA65QJ,http://data.ordnancesurvey.co.uk/id/postcodeunit/CA65QJ,CA6 5QJ,,,,other,Postcode,347648.000,580852.000,3500,18000,,,,,,,,,,Carlisle,http://data.ordnancesurvey.co.uk/id/7000000000012712,http://data.ordnancesurvey.co.uk/ontology/admingeo/District,Cumbria,http://data.ordnancesurvey.co.uk/id/7000000000013244,http://data.ordnancesurvey.co.uk/ontology/admingeo/County,North West,http://data.ordnancesurvey.co.uk/id/7000000000041431,England,http://data.ordnancesurvey.co.uk/id/country/england,,,
TD90RS,http://data.ordnancesurvey.co.uk/id/postcodeunit/TD90RS,TD9 0RS,,,,other,Postcode,348132.000,587365.000,3500,18000,,,,,,,Copshaw Holm / Newcastleton,http://data.ordnancesurvey.co.uk/id/4000000074548454,http://www.ordnancesurvey.co.uk/xml/codelists/localtype.xml#village,,,,Scottish Borders,http://data.ordnancesurvey.co.uk/id/7000000000036552,http://data.ordnancesurvey.co.uk/ontology/admingeo/UnitaryAuthority,Scotland,http://data.ordnancesurvey.co.uk/id/7000000000041429,Scotland,http://data.ordnancesurvey.co.uk/id/country/scotland,,,
DG140RY,http://data.ordnancesurvey.co.uk/id/postcodeunit/DG140RY,DG14 0RY,,,,other,Postcode,341153.000,580745.000,3500,18000,,,,,,,,,,,,,Dumfries and Galloway,http://data.ordnancesurvey.co.uk/id/7000000000031903,http://data.ordnancesurvey.co.uk/ontology/admingeo/UnitaryAuthority,Scotland,http://data.ordnancesurvey.co.uk/id/7000000000041429,Scotland,http://data.ordnancesurvey.co.uk/id/country/scotland,,,
TD90SH,http://data.ordnancesurvey.co.uk/id/postcodeunit/TD90SH,TD9 0SH,,,,other,Postcode,350823.000,594882.000,3500,18000,,,,,,,,,,,,,Scottish Borders,http://data.ordnancesurvey.co.uk/id/7000000000036552,http://data.ordnancesurvey.co.uk/ontology/admingeo/UnitaryAuthority,Scotland,http://data.ordnancesurvey.co.uk/id/7000000000041429,Scotland,http://data.ordnancesurvey.co.uk/id/country/scotland,,,
TD90TX,http://data.ordnancesurvey.co.uk/id/postcodeunit/TD90TX,TD9 0TX,,,,other,Postcode,347377.000,588818.000,3500,18000,,,,,,,,,,,,,Scottish Borders,http://data.ordnancesurvey.co.uk/id/7000000000036552,http://data.ordnancesurvey.co.uk/ontology/admingeo/UnitaryAuthority,Scotland,http://data.ordnancesurvey.co.uk/id/7000000000041429,Scotland,http://data.ordnancesurvey.co.uk/id/country/scotland,,,
TD90RB,http://data.ordnancesurvey.co.uk/id/postcodeunit/TD90RB,TD9 0RB,,,,other,Postcode,348408.000,587681.000,3500,18000,,,,,,,Copshaw Holm / Newcastleton,http://data.ordnancesurvey.co.uk/id/4000000074548454,http://www.ordnancesurvey.co.uk/xml/codelists/localtype.xml#village,,,,Scottish Borders,http://data.ordnancesurvey.co.uk/id/7000000000036552,http://data.ordnancesurvey.co.uk/ontology/admingeo/UnitaryAuthority,Scotland,http://data.ordnancesurvey.co.uk/id/7000000000041429,Scotland,http://data.ordnancesurvey.co.uk/id/country/scotland,,,
TD90QF,http://data.ordnancesurvey.co.uk/id/postcodeunit/TD90QF,TD9 0QF,,,,other,Postcode,348101.000,587304.000,3500,18000,,,,,,,Copshaw Holm / Newcastleton,http://data.ordnancesurvey.co.uk/id/4000000074548454,http://www.ordnancesurvey.co.uk/xml/codelists/localtype.xml#village,,,,Scottish Borders,http://data.ordnancesurvey.co.uk/id/7000000000036552,http://data.ordnancesurvey.co.uk/ontology/admingeo/UnitaryAuthority,Scotland,http://data.ordnancesurvey.co.uk/id/7000000000041429,Scotland,http://data.ordnancesurvey.co.uk/id/country/scotland,,,
TD90SE,http://data.ordnancesurvey.co.uk/id/postcodeunit/TD90SE,TD9 0SE,,,,other,Postcode,350226.000,589643.000,3500,18000,,,,,,,,,,,,,Scottish Borders,http://data.ordnancesurvey.co.uk/id/7000000000036552,http://data.ordnancesurvey.co.uk/ontology/admingeo/UnitaryAuthority,Scotland,http://data.ordnancesurvey.co.uk/id/7000000000041429,Scotland,http://data.ordnancesurvey.co.uk/id/country/scotland,,,
TD90RD,http://data.ordnancesurvey.co.uk/id/postcodeunit/TD90RD,TD9 0RD,,,,other,Postcode,348464.000,587624.000,3500,18000,,,,,,,Copshaw Holm / Newcastleton,http://data.ordnancesurvey.co.uk/id/4000000074548454,http://www.ordnancesurvey.co.uk/xml/codelists/localtype.xml#village,,,,Scottish Borders,http://data.ordnancesurvey.co.uk/id/7000000000036552,http://data.ordnancesurvey.co.uk/ontology/admingeo/UnitaryAuthority,Scotland,http://data.ordnancesurvey.co.uk/id/7000000000041429,Scotland,http://data.ordnancesurvey.co.uk/id/country/scotland,,,
TD90TG,http://data.ordnancesurvey.co.uk/id/postcodeunit/TD90TG,TD9 0TG,,,,other,Postcode,347440.000,584568.000,3500,18000,,,,,,,,,,,,,Scottish Borders,http://data.ordnancesurvey.co.uk/id/7000000000036552,http://data.ordnancesurvey.co.uk/ontology/admingeo/UnitaryAuthority,Scotland,http://data.ordnancesurvey.co.uk/id/7000000000041429,Scotland,http://data.ordnancesurvey.co.uk/id/country/scotland,,,
NE481HU,http://data.ordnancesurvey.co.uk/id/postcodeunit/NE481HU,NE48 1HU,,,,other,Postcode,359573.000,589546.000,3500,18000,,,,,,,,,,,,,Northumberland,http://data.ordnancesurvey.co.uk/id/7000000000043674,http://data.ordnancesurvey.co.uk/ontology/admingeo/UnitaryAuthority,North East,http://data.ordnancesurvey.co.uk/id/7000000000041422,England,http://data.ordnancesurvey.co.uk/id/country/england,,,
TD90RU,http://data.ordnancesurvey.co.uk/id/postcodeunit/TD90RU,TD9 0RU,,,,other,Postcode,348333.000,587820.000,3500,18000,,,,,,,Copshaw Holm / Newcastleton,http://data.ordnancesurvey.co.uk/id/4000000074548454,http://www.ordnancesurvey.co.uk/xml/codelists/localtype.xml#village,,,,Scottish Borders,http://data.ordnancesurvey.co.uk/id/7000000000036552,http://data.ordnancesurvey.co.uk/ontology/admingeo/UnitaryAuthority,Scotland,http://data.ordnancesurvey.co.uk/id/7000000000041429,Scotland,http://data.ordnancesurvey.co.uk/id/country/scotland,,,
TD90RL,http://data.ordnancesurvey.co.uk/id/postcodeunit/TD90RL,TD9 0RL,,,,other,Postcode,348472.000,587480.000,3500,18000,,,,,,,Copshaw Holm / Newcastleton,http://data.ordnancesurvey.co.uk/id/4000000074548454,http://www.ordnancesurvey.co.uk/xml/codelists/localtype.xml#village,,,,Scottish Borders,http://data.ordnancesurvey.co.uk/id/7000000000036552,http://data.ordnancesurvey.co.uk/ontology/admingeo/UnitaryAuthority,Scotland,http://data.ordnancesurvey.co.uk/id/7000000000041429,Scotland,http://data.ordnancesurvey.co.uk/id/country/scotland,,,
TD90TL,http://data.ordnancesurvey.co.uk/id/postcodeunit/TD90TL,TD9 0TL,,,,other,Postcode,348202.000,583920.000,3500,18000,,,,,,,,,,,,,Scottish Borders,http://data.ordnancesurvey.co.uk/id/7000000000036552,http://data.ordnancesurvey.co.uk/ontology/admingeo/UnitaryAuthority,Scotland,http://data.ordnancesurvey.co.uk/id/7000000000041429,Scotland,http://data.ordnancesurvey.co.uk/id/country/scotland,,,
TD90QP,http://data.ordnancesurvey.co.uk/id/postcodeunit/TD90QP,TD9 0QP,,,,other,Postcode,348298.000,587318.000,3500,18000,,,,,,,Copshaw Holm / Newcastleton,http://data.ordnancesurvey.co.uk/id/4000000074548454,http://www.ordnancesurvey.co.uk/xml/codelists/localtype.xml#village,,,,Scottish Borders,http://data.ordnancesurvey.co.uk/id/7000000000036552,http://data.ordnancesurvey.co.uk/ontology/admingeo/UnitaryAuthority,Scotland,http://data.ordnancesurvey.co.uk/id/7000000000041429,Scotland,http://data.ordnancesurvey.co.uk/id/country/scotland,,,
TD90SL,http://data.ordnancesurvey.co.uk/id/postcodeunit/TD90SL,TD9 0SL,,,,other,Postcode,354635.000,594517.000,3500,18000,,,,,,,,,,,,,Scottish Borders,http://data.ordnancesurvey.co.uk/id/7000000000036552,http://data.ordnancesurvey.co.uk/ontology/admingeo/UnitaryAuthority,Scotland,http://data.ordnancesurvey.co.uk/id/7000000000041429,Scotland,http://data.ordnancesurvey.co.uk/id/country/scotland,,,
TD90SP,http://data.ordnancesurvey.co.uk/id/postcodeunit/TD90SP,TD9 0SP,,,,other,Postcode,356778.000,599775.000,3500,18000,,,,,,,,,,,,,Scottish Borders,http://data.ordnancesurvey.co.uk/id/7000000000036552,http://data.ordnancesurvey.co.uk/ontology/admingeo/UnitaryAuthority,Scotland,http://data.ordnancesurvey.co.uk/id/7000000000041429,Scotland,http://data.ordnancesurvey.co.uk/id/country/scotland,,,
TD90SB,http://data.ordnancesurvey.co.uk/id/postcodeunit/TD90SB,TD9 0SB,,,,other,Postcode,349801.000,590649.000,3500,18000,,,,,,,,,,,,,Scottish Borders,http://data.ordnancesurvey.co.uk/id/7000000000036552,http://data.ordnancesurvey.co.uk/ontology/admingeo/UnitaryAuthority,Scotland,http://data.ordnancesurvey.co.uk/id/7000000000041429,Scotland,http://data.ordnancesurvey.co.uk/id/country/scotland,,,
TD90RP,http://data.ordnancesurvey.co.uk/id/postcodeunit/TD90RP,TD9 0RP,,,,other,Postcode,348288.000,587224.000,3500,18000,,,,,,,Copshaw Holm / Newcastleton,http://data.ordnancesurvey.co.uk/id/4000000074548454,http://www.ordnancesurvey.co.uk/xml/codelists/localtype.xml#village,,,,Scottish Borders,http://data.ordnancesurvey.co.uk/id/7000000000036552,http://data.ordnancesurvey.co.uk/ontology/admingeo/UnitaryAuthority,Scotland,http://data.ordnancesurvey.co.uk/id/7000000000041429,Scotland,http://data.ordnancesurvey.co.uk/id/country/scotland,,,
TD90RA,http://data.ordnancesurvey.co.uk/id/postcodeunit/TD90RA,TD9 0RA,,,,other,Postcode,348418.000,587751.000,3500,18000,,,,,,,Copshaw Holm / Newcastleton,http://data.ordnancesurvey.co.uk/id/4000000074548454,http://www.ordnancesurvey.co.uk/xml/codelists/localtype.xml#village,,,,Scottish Borders,http://data.ordnancesurvey.co.uk/id/7000000000036552,http://data.ordnancesurvey.co.uk/ontology/admingeo/UnitaryAuthority,Scotland,http://data.ordnancesurvey.co.uk/id/7000000000041429,Scotland,http://data.ordnancesurvey.co.uk/id/country/scotland,,,
TD90TJ,http://data.ordnancesurvey.co.uk/id/postcodeunit/TD90TJ,TD9 0TJ,,,,other,Postcode,347603.000,582818.000,3500,18000,,,,,,,Kershopefoot,http://data.ordnancesurvey.co.uk/id/4000000074548453,http://www.ordnancesurvey.co.uk/xml/codelists/localtype.xml#hamlet,Carlisle,http://data.ordnancesurvey.co.uk/id/7000000000012712,http://data.ordnancesurvey.co.uk/ontology/admingeo/District,Cumbria,http://data.ordnancesurvey.co.uk/id/7000000000013244,http://data.ordnancesurvey.co.uk/ontology/admingeo/County,North West,http://data.ordnancesurvey.co.uk/id/7000000000041431,England,http://data.ordnancesurvey.co.uk/id/country/england,,,
TD90TW,http://data.ordnancesurvey.co.uk/id/postcodeunit/TD90TW,TD9 0TW,,,,other,Postcode,351468.000,582046.000,3500,18000,,,,,,,,,,Carlisle,http://data.ordnancesurvey.co.uk/id/7000000000012712,http://data.ordnancesurvey.co.uk/ontology/admingeo/District,Cumbria,http://data.ordnancesurvey.co.uk/id/7000000000013244,http://data.ordnancesurvey.co.uk/ontology/admingeo/County,North West,http://data.ordnancesurvey.co.uk/id/7000000000041431,England,http://data.ordnancesurvey.co.uk/id/country/england,,,
TD90RG,http://data.ordnancesurvey.co.uk/id/postcodeunit/TD90RG,TD9 0RG,,,,other,Postcode,348513.000,587835.000,3500,18000,,,,,,,Copshaw Holm / Newcastleton,http://data.ordnancesurvey.co.uk/id/4000000074548454,http://www.ordnancesurvey.co.uk/xml/codelists/localtype.xml#village,,,,Scottish Borders,http://data.ordnancesurvey.co.uk/id/7000000000036552,http://data.ordnancesurvey.co.uk/ontology/admingeo/UnitaryAuthority,Scotland,http://data.ordnancesurvey.co.uk/id/7000000000041429,Scotland,http://data.ordnancesurvey.co.uk/id/country/scotland,,,
TD90SN,http://data.ordnancesurvey.co.uk/id/postcodeunit/TD90SN,TD9 0SN,,,,other,Postcode,354837.000,595194.000,3500,18000,,,,,,,,,,,,,Scottish Borders,http://data.ordnancesurvey.co.uk/id/7000000000036552,http://data.ordnancesurvey.co.uk/ontology/admingeo/UnitaryAuthority,Scotland,http://data.ordnancesurvey.co.uk/id/7000000000041429,Scotland,http://data.ordnancesurvey.co.uk/id/country/scotland,,,
TD90QD,http://data.ordnancesurvey.co.uk/id/postcodeunit/TD90QD,TD9 0QD,,,,other,Postcode,348291.000,587521.000,3500,18000,,,,,,,Copshaw Holm / Newcastleton,http://data.ordnancesurvey.co.uk/id/4000000074548454,http://www.ordnancesurvey.co.uk/xml/codelists/localtype.xml#village,,,,Scottish Borders,http://data.ordnancesurvey.co.uk/id/7000000000036552,http://data.ordnancesurvey.co.uk/ontology/admingeo/UnitaryAuthority,Scotland,http://data.ordnancesurvey.co.uk/id/7000000000041429,Scotland,http://data.ordnancesurvey.co.uk/id/country/scotland,,,
DG140RU,http://data.ordnancesurvey.co.uk/id/postcodeunit/DG140RU,DG14 0RU,,,,other,Postcode,345597.000,580157.000,3500,18000,,,,,,,,,,,,,Scottish Borders,http://data.ordnancesurvey.co.uk/id/7000000000036552,http://data.ordnancesurvey.co.uk/ontology/admingeo/UnitaryAuthority,Scotland,http://data.ordnancesurvey.co.uk/id/7000000000041429,Scotland,http://data.ordnancesurvey.co.uk/id/country/scotland,,,
TD90RX,http://data.ordnancesurvey.co.uk/id/postcodeunit/TD90RX,TD9 0RX,,,,other,Postcode,348371.000,587858.000,3500,18000,,,,,,,Copshaw Holm / Newcastleton,http://data.ordnancesurvey.co.uk/id/4000000074548454,http://www.ordnancesurvey.co.uk/xml/codelists/localtype.xml#village,,,,Scottish Borders,http://data.ordnancesurvey.co.uk/id/7000000000036552,http://data.ordnancesurvey.co.uk/ontology/admingeo/UnitaryAuthority,Scotland,http://data.ordnancesurvey.co.uk/id/7000000000041429,Scotland,http://data.ordnancesurvey.co.uk/id/country/scotland,,,
TD90QX,http://data.ordnancesurvey.co.uk/id/postcodeunit/TD90QX,TD9 0QX,,,,other,Postcode,348167.000,587587.000,3500,18000,,,,,,,Copshaw Holm / Newcastleton,http://data.ordnancesurvey.co.uk/id/4000000074548454,http://www.ordnancesurvey.co.uk/xml/codelists/localtype.xml#village,,,,Scottish Borders,http://data.ordnancesurvey.co.uk/id/7000000000036552,http://data.ordnancesurvey.co.uk/ontology/admingeo/UnitaryAuthority,Scotland,http://data.ordnancesurvey.co.uk/id/7000000000041429,Scotland,http://data.ordnancesurvey.co.uk/id/country/scotland,,,
TD90QW,http://data.ordnancesurvey.co.uk/id/postcodeunit/TD90QW,TD9 0QW,,,,other,Postcode,348281.000,587259.000,3500,18000,,,,,,,Copshaw Holm / Newcastleton,http://data.ordnancesurvey.co.uk/id/4000000074548454,http://www.ordnancesurvey.co.uk/xml/codelists/localtype.xml#village,,,,Scottish Borders,http://data.ordnancesurvey.co.uk/id/7000000000036552,http://data.ordnancesurvey.co.uk/ontology/admingeo/UnitaryAuthority,Scotland,http://data.ordnancesurvey.co.uk/id/7000000000041429,Scotland,http://data.ordnancesurvey.co.uk/id/country/scotland,,,
TD90SJ,http://data.ordnancesurvey.co.uk/id/postcodeunit/TD90SJ,TD9 0SJ,,,,other,Postcode,350655.000,593483.000,3500,18000,,,,,,,,,,,,,Scottish Borders,http://data.ordnancesurvey.co.uk/id/7000000000036552,http://data.ordnancesurvey.co.uk/ontology/admingeo/UnitaryAuthority,Scotland,http://data.ordnancesurvey.co.uk/id/7000000000041429,Scotland,http://data.ordnancesurvey.co.uk/id/country/scotland,,,
TD90TE,http://data.ordnancesurvey.co.uk/id/postcodeunit/TD90TE,TD9 0TE,,,,other,Postcode,349919.000,586652.000,3500,18000,,,,,,,,,,,,,Scottish Borders,http://data.ordnancesurvey.co.uk/id/7000000000036552,http://data.ordnancesurvey.co.uk/ontology/admingeo/UnitaryAuthority,Scotland,http://data.ordnancesurvey.co.uk/id/7000000000041429,Scotland,http://data.ordnancesurvey.co.uk/id/country/scotland,,,
TD90SQ,http://data.ordnancesurvey.co.uk/id/postcodeunit/TD90SQ,TD9 0SQ,,,,other,Postcode,352489.000,593289.000,3500,18000,,,,,,,Steele Road,http://data.ordnancesurvey.co.uk/id/4000000074549589,http://www.ordnancesurvey.co.uk/xml/codelists/localtype.xml#hamlet,,,,Scottish Borders,http://data.ordnancesurvey.co.uk/id/7000000000036552,http://data.ordnancesurvey.co.uk/ontology/admingeo/UnitaryAuthority,Scotland,http://data.ordnancesurvey.co.uk/id/7000000000041429,Scotland,http://data.ordnancesurvey.co.uk/id/country/scotland,,,
TD90QZ,http://data.ordnancesurvey.co.uk/id/postcodeunit/TD90QZ,TD9 0QZ,,,,other,Postcode,348268.000,587661.000,3500,18000,,,,,,,Copshaw Holm / Newcastleton,http://data.ordnancesurvey.co.uk/id/4000000074548454,http://www.ordnancesurvey.co.uk/xml/codelists/localtype.xml#village,,,,Scottish Borders,http://data.ordnancesurvey.co.uk/id/7000000000036552,http://data.ordnancesurvey.co.uk/ontology/admingeo/UnitaryAuthority,Scotland,http://data.ordnancesurvey.co.uk/id/7000000000041429,Scotland,http://data.ordnancesurvey.co.uk/id/country/scotland,,,
TD90NB,http://data.ordnancesurvey.co.uk/id/postcodeunit/TD90NB,TD9 0NB,,,,other,Postcode,350438.000,599208.000,3500,18000,,,,,,,,,,,,,Scottish Borders,http://data.ordnancesurvey.co.uk/id/7000000000036552,http://data.ordnancesurvey.co.uk/ontology/admingeo/UnitaryAuthority,Scotland,http://data.ordnancesurvey.co.uk/id/7000000000041429,Scotland,http://data.ordnancesurvey.co.uk/id/country/scotland,,,
TD90LT,http://data.ordnancesurvey.co.uk/id/postcodeunit/TD90LT,TD9 0LT,,,,other,Postcode,346963.000,597089.000,3500,18000,,,,,,,,,,,,,Scottish Borders,http://data.ordnancesurvey.co.uk/id/7000000000036552,http://data.ordnancesurvey.co.uk/ontology/admingeo/UnitaryAuthority,Scotland,http://data.ordnancesurvey.co.uk/id/7000000000041429,Scotland,http://data.ordnancesurvey.co.uk/id/country/scotland,,,
DG140RT,http://data.ordnancesurvey.co.uk/id/postcodeunit/DG140RT,DG14 0RT,,,,other,Postcode,344198.000,580201.000,3500,18000,,,,,,,Caulside,http://data.ordnancesurvey.co.uk/id/4000000074554106,http://www.ordnancesurvey.co.uk/xml/codelists/localtype.xml#hamlet,,,,Dumfries and Galloway,http://data.ordnancesurvey.co.uk/id/7000000000031903,http://data.ordnancesurvey.co.uk/ontology/admingeo/UnitaryAuthority,Scotland,http://data.ordnancesurvey.co.uk/id/7000000000041429,Scotland,http://data.ordnancesurvey.co.uk/id/country/scotland,,,
TD90TH,http://data.ordnancesurvey.co.uk/id/postcodeunit/TD90TH,TD9 0TH,,,,other,Postcode,346574.000,581510.000,3500,18000,,,,,,,,,,,,,Scottish Borders,http://data.ordnancesurvey.co.uk/id/7000000000036552,http://data.ordnancesurvey.co.uk/ontology/admingeo/UnitaryAuthority,Scotland,http://data.ordnancesurvey.co.uk/id/7000000000041429,Scotland,http://data.ordnancesurvey.co.uk/id/country/scotland,,,
TD90QY,http://data.ordnancesurvey.co.uk/id/postcodeunit/TD90QY,TD9 0QY,,,,other,Postcode,347905.000,587550.000,3500,18000,,,,,,,Copshaw Holm / Newcastleton,http://data.ordnancesurvey.co.uk/id/4000000074548454,http://www.ordnancesurvey.co.uk/xml/codelists/localtype.xml#village,,,,Scottish Borders,http://data.ordnancesurvey.co.uk/id/7000000000036552,http://data.ordnancesurvey.co.uk/ontology/admingeo/UnitaryAuthority,Scotland,http://data.ordnancesurvey.co.uk/id/7000000000041429,Scotland,http://data.ordnancesurvey.co.uk/id/country/scotland,,,
TD90RH,http://data.ordnancesurvey.co.uk/id/postcodeunit/TD90RH,TD9 0RH,,,,other,Postcode,348427.000,587547.000,3500,18000,,,,,,,Copshaw Holm / Newcastleton,http://data.ordnancesurvey.co.uk/id/4000000074548454,http://www.ordnancesurvey.co.uk/xml/codelists/localtype.xml#village,,,,Scottish Borders,http://data.ordnancesurvey.co.uk/id/7000000000036552,http://data.ordnancesurvey.co.uk/ontology/admingeo/UnitaryAuthority,Scotland,http://data.ordnancesurvey.co.uk/id/7000000000041429,Scotland,http://data.ordnancesurvey.co.uk/id/country/scotland,,,
TD90SG,http://data.ordnancesurvey.co.uk/id/postcodeunit/TD90SG,TD9 0SG,,,,other,Postcode,352778.000,591996.000,3500,18000,,,,,,,,,,,,,Scottish Borders,http://data.ordnancesurvey.co.uk/id/7000000000036552,http://data.ordnancesurvey.co.uk/ontology/admingeo/UnitaryAuthority,Scotland,http://data.ordnancesurvey.co.uk/id/7000000000041429,Scotland,http://data.ordnancesurvey.co.uk/id/country/scotland,,,
DG130HU,http://data.ordnancesurvey.co.uk/id/postcodeunit/DG130HU,DG13 0HU,,,,other,Postcode,341421.000,590796.000,3500,18000,,,,,,,,,,,,,Dumfries and Galloway,http://data.ordnancesurvey.co.uk/id/7000000000031903,http://data.ordnancesurvey.co.uk/ontology/admingeo/UnitaryAuthority,Scotland,http://data.ordnancesurvey.co.uk/id/7000000000041429,Scotland,http://data.ordnancesurvey.co.uk/id/country/scotland,,,
TD90TP,http://data.ordnancesurvey.co.uk/id/postcodeunit/TD90TP,TD9 0TP,,,,other,Postcode,351904.000,581137.000,3500,18000,,,,,,,,,,Carlisle,http://data.ordnancesurvey.co.uk/id/7000000000012712,http://data.ordnancesurvey.co.uk/ontology/admingeo/District,Cumbria,http://data.ordnancesurvey.co.uk/id/7000000000013244,http://data.ordnancesurvey.co.uk/ontology/admingeo/County,North West,http://data.ordnancesurvey.co.uk/id/7000000000041431,England,http://data.ordnancesurvey.co.uk/id/country/england,,,
TD90RF,http://data.ordnancesurvey.co.uk/id/postcodeunit/TD90RF,TD9 0RF,,,,other,Postcode,348493.000,587691.000,3500,18000,,,,,,,Copshaw Holm / Newcastleton,http://data.ordnancesurvey.co.uk/id/4000000074548454,http://www.ordnancesurvey.co.uk/xml/codelists/localtype.xml#village,,,,Scottish Borders,http://data.ordnancesurvey.co.uk/id/7000000000036552,http://data.ordnancesurvey.co.uk/ontology/admingeo/UnitaryAuthority,Scotland,http://data.ordnancesurvey.co.uk/id/7000000000041429,Scotland,http://data.ordnancesurvey.co.uk/id/country/scotland,,,
TD90RZ,http://data.ordnancesurvey.co.uk/id/postcodeunit/TD90RZ,TD9 0RZ,,,,other,Postcode,348649.000,588180.000,3500,18000,,,,,,,Copshaw Holm / Newcastleton,http://data.ordnancesurvey.co.uk/id/4000000074548454,http://www.ordnancesurvey.co.uk/xml/codelists/localtype.xml#village,,,,Scottish Borders,http://data.ordnancesurvey.co.uk/id/7000000000036552,http://data.ordnancesurvey.co.uk/ontology/admingeo/UnitaryAuthority,Scotland,http://data.ordnancesurvey.co.uk/id/7000000000041429,Scotland,http://data.ordnancesurvey.co.uk/id/country/scotland,,,
osgb4000000007148586,http://data.ordnancesurvey.co.uk/id/4000000007148586,B6357,,,,transportNetwork,Numbered Road,348980.841,589101.116,250000,337000,320472.000,566430.000,364863.883,618208.055,TD9,http://data.ordnancesurvey.co.uk/id/postcodedistrict/TD9,,,,,,,Scottish Borders,http://data.ordnancesurvey.co.uk/id/7000000000036552,http://data.ordnancesurvey.co.uk/ontology/admingeo/UnitaryAuthority,Scotland,http://data.ordnancesurvey.co.uk/id/7000000000041429,Scotland,http://data.ordnancesurvey.co.uk/id/country/scotland,,,
osgb4000000007147916,http://data.ordnancesurvey.co.uk/id/4000000007147916,Copshaw Place,,,,transportNetwork,Named Road,348149.000,587344.000,1000,20000,348112.944,587318.000,348198.000,587357.211,TD9,http://data.ordnancesurvey.co.uk/id/postcodedistrict/TD9,Copshaw Holm / Newcastleton,http://data.ordnancesurvey.co.uk/id/4000000074548454,http://www.ordnancesurvey.co.uk/xml/codelists/localtype.xml#village,,,,Scottish Borders,http://data.ordnancesurvey.co.uk/id/7000000000036552,http://data.ordnancesurvey.co.uk/ontology/admingeo/UnitaryAuthority,Scotland,http://data.ordnancesurvey.co.uk/id/7000000000041429,Scotland,http://data.ordnancesurvey.co.uk/id/country/scotland,,,
osgb4000000007146753,http://data.ordnancesurvey.co.uk/id/4000000007146753,Montagu Street,,,,transportNetwork,Named Road,348257.567,587654.172,1000,20000,348179.000,587603.000,348352.000,587696.000,TD9,http://data.ordnancesurvey.co.uk/id/postcodedistrict/TD9,Copshaw Holm / Newcastleton,http://data.ordnancesurvey.co.uk/id/4000000074548454,http://www.ordnancesurvey.co.uk/xml/codelists/localtype.xml#village,,,,Scottish Borders,http://data.ordnancesurvey.co.uk/id/7000000000036552,http://data.ordnancesurvey.co.uk/ontology/admingeo/UnitaryAuthority,Scotland,http://data.ordnancesurvey.co.uk/id/7000000000041429,Scotland,http://data.ordnancesurvey.co.uk/id/country/scotland,,,
osgb4000000007146750,http://data.ordnancesurvey.co.uk/id/4000000007146750,George Street,,,,transportNetwork,Named Road,348268.346,587347.269,1000,20000,348187.372,587294.534,348366.458,587391.481,TD9,http://data.ordnancesurvey.co.uk/id/postcodedistrict/TD9,Copshaw Holm / Newcastleton,http://data.ordnancesurvey.co.uk/id/4000000074548454,http://www.ordnancesurvey.co.uk/xml/codelists/localtype.xml#village,,,,Scottish Borders,http://data.ordnancesurvey.co.uk/id/7000000000036552,http://data.ordnancesurvey.co.uk/ontology/admingeo/UnitaryAuthority,Scotland,http://data.ordnancesurvey.co.uk/id/7000000000041429,Scotland,http://data.ordnancesurvey.co.uk/id/country/scotland,,,
osgb4000000007146756,http://data.ordnancesurvey.co.uk/id/4000000007146756,Henry Street,,,,transportNetwork,Named Road,348521.912,587707.071,1000,20000,348435.909,587674.000,348581.000,587756.862,TD9,http://data.ordnancesurvey.co.uk/id/postcodedistrict/TD9,Copshaw Holm / Newcastleton,http://data.ordnancesurvey.co.uk/id/4000000074548454,http://www.ordnancesurvey.co.uk/xml/codelists/localtype.xml#village,,,,Scottish Borders,http://data.ordnancesurvey.co.uk/id/7000000000036552,http://data.ordnancesurvey.co.uk/ontology/admingeo/UnitaryAuthority,Scotland,http://data.ordnancesurvey.co.uk/id/7000000000041429,Scotland,http://data.ordnancesurvey.co.uk/id/country/scotland,,,
osgb4000000007147915,http://data.ordnancesurvey.co.uk/id/4000000007147915,South Liddle Street,,,,transportNetwork,Named Road,348324.538,587248.512,1000,20000,348282.000,587206.000,348366.458,587294.534,TD9,http://data.ordnancesurvey.co.uk/id/postcodedistrict/TD9,Copshaw Holm / Newcastleton,http://data.ordnancesurvey.co.uk/id/4000000074548454,http://www.ordnancesurvey.co.uk/xml/codelists/localtype.xml#village,,,,Scottish Borders,http://data.ordnancesurvey.co.uk/id/7000000000036552,http://data.ordnancesurvey.co.uk/ontology/admingeo/UnitaryAuthority,Scotland,http://data.ordnancesurvey.co.uk/id/7000000000041429,Scotland,http://data.ordnancesurvey.co.uk/id/country/scotland,,,
osgb4000000007146752,http://data.ordnancesurvey.co.uk/id/4000000007146752,Doncaster Street,,,,transportNetwork,Named Road,348379.614,587485.964,1000,20000,348309.000,587440.366,348463.043,587525.000,TD9,http://data.ordnancesurvey.co.uk/id/postcodedistrict/TD9,Copshaw Holm / Newcastleton,http://data.ordnancesurvey.co.uk/id/4000000074548454,http://www.ordnancesurvey.co.uk/xml/codelists/localtype.xml#village,,,,Scottish Borders,http://data.ordnancesurvey.co.uk/id/7000000000036552,http://data.ordnancesurvey.co.uk/ontology/admingeo/UnitaryAuthority,Scotland,http://data.ordnancesurvey.co.uk/id/7000000000041429,Scotland,http://data.ordnancesurvey.co.uk/id/country/scotland,,,
osgb4000000007176141,http://data.ordnancesurvey.co.uk/id/4000000007176141,Frank Coutts Court,,,,transportNetwork,Named Road,348179.000,587696.000,1000,20000,348170.429,587682.000,348186.504,587709.132,TD9,http://data.ordnancesurvey.co.uk/id/postcodedistrict/TD9,Copshaw Holm / Newcastleton,http://data.ordnancesurvey.co.uk/id/4000000074548454,http://www.ordnancesurvey.co.uk/xml/codelists/localtype.xml#village,,,,Scottish Borders,http://data.ordnancesurvey.co.uk/id/7000000000036552,http://data.ordnancesurvey.co.uk/ontology/admingeo/UnitaryAuthority,Scotland,http://data.ordnancesurvey.co.uk/id/7000000000041429,Scotland,http://data.ordnancesurvey.co.uk/id/country/scotland,,,
osgb4000000007147913,http://data.ordnancesurvey.co.uk/id/4000000007147913,Ashwell Place,,,,transportNetwork,Named Road,348157.664,587274.141,1000,20000,348117.000,587267.000,348170.000,587312.643,TD9,http://data.ordnancesurvey.co.uk/id/postcodedistrict/TD9,Copshaw Holm / Newcastleton,http://data.ordnancesurvey.co.uk/id/4000000074548454,http://www.ordnancesurvey.co.uk/xml/codelists/localtype.xml#village,,,,Scottish Borders,http://data.ordnancesurvey.co.uk/id/7000000000036552,http://data.ordnancesurvey.co.uk/ontology/admingeo/UnitaryAuthority,Scotland,http://data.ordnancesurvey.co.uk/id/7000000000041429,Scotland,http://data.ordnancesurvey.co.uk/id/country/scotland,,,
osgb4000000007146754,http://data.ordnancesurvey.co.uk/id/4000000007146754,Whitchester Street,,,,transportNetwork,Named Road,348422.621,587563.314,1000,20000,348352.000,587515.739,348508.015,587603.000,TD9,http://data.ordnancesurvey.co.uk/id/postcodedistrict/TD9,Copshaw Holm / Newcastleton,http://data.ordnancesurvey.co.uk/id/4000000074548454,http://www.ordnancesurvey.co.uk/xml/codelists/localtype.xml#village,,,,Scottish Borders,http://data.ordnancesurvey.co.uk/id/7000000000036552,http://data.ordnancesurvey.co.uk/ontology/admingeo/UnitaryAuthority,Scotland,http://data.ordnancesurvey.co.uk/id/7000000000041429,Scotland,http://data.ordnancesurvey.co.uk/id/country/scotland,,,
osgb4000000007146749,http://data.ordnancesurvey.co.uk/id/4000000007146749,Scott Street,,,,transportNetwork,Named Road,348045.461,587267.310,1000,20000,348036.743,587215.000,348142.000,587342.282,TD9,http://data.ordnancesurvey.co.uk/id/postcodedistrict/TD9,Copshaw Holm / Newcastleton,http://data.ordnancesurvey.co.uk/id/4000000074548454,http://www.ordnancesurvey.co.uk/xml/codelists/localtype.xml#village,,,,Scottish Borders,http://data.ordnancesurvey.co.uk/id/7000000000036552,http://data.ordnancesurvey.co.uk/ontology/admingeo/UnitaryAuthority,Scotland,http://data.ordnancesurvey.co.uk/id/7000000000041429,Scotland,http://data.ordnancesurvey.co.uk/id/country/scotland,,,
osgb4000000007146751,http://data.ordnancesurvey.co.uk/id/4000000007146751,Union Street,,,,transportNetwork,Named Road,348350.497,587432.565,1000,20000,348279.000,587387.715,348433.331,587469.000,TD9,http://data.ordnancesurvey.co.uk/id/postcodedistrict/TD9,Copshaw Holm / Newcastleton,http://data.ordnancesurvey.co.uk/id/4000000074548454,http://www.ordnancesurvey.co.uk/xml/codelists/localtype.xml#village,,,,Scottish Borders,http://data.ordnancesurvey.co.uk/id/7000000000036552,http://data.ordnancesurvey.co.uk/ontology/admingeo/UnitaryAuthority,Scotland,http://data.ordnancesurvey.co.uk/id/7000000000041429,Scotland,http://data.ordnancesurvey.co.uk/id/country/scotland,,,
osgb4000000007145435,http://data.ordnancesurvey.co.uk/id/4000000007145435,Mid Liddle Street,,,,transportNetwork,Named Road,348463.043,587440.366,2000,20000,348366.458,587294.534,348530.519,587577.438,TD9,http://data.ordnancesurvey.co.uk/id/postcodedistrict/TD9,Copshaw Holm / Newcastleton,http://data.ordnancesurvey.co.uk/id/4000000074548454,http://www.ordnancesurvey.co.uk/xml/codelists/localtype.xml#village,,,,Scottish Borders,http://data.ordnancesurvey.co.uk/id/7000000000036552,http://data.ordnancesurvey.co.uk/ontology/admingeo/UnitaryAuthority,Scotland,http://data.ordnancesurvey.co.uk/id/7000000000041429,Scotland,http://data.ordnancesurvey.co.uk/id/country/scotland,,,
osgb4000000007145436,http://data.ordnancesurvey.co.uk/id/4000000007145436,North Hermitage Street,,,,transportNetwork,Named Road,348517.242,587907.823,4000,20000,348352.000,587603.000,348664.902,588180.460,TD9,http://data.ordnancesurvey.co.uk/id/postcodedistrict/TD9,Copshaw Holm / Newcastleton,http://data.ordnancesurvey.co.uk/id/4000000074548454,http://www.ordnancesurvey.co.uk/xml/codelists/localtype.xml#village,,,,Scottish Borders,http://data.ordnancesurvey.co.uk/id/7000000000036552,http://data.ordnancesurvey.co.uk/ontology/admingeo/UnitaryAuthority,Scotland,http://data.ordnancesurvey.co.uk/id/7000000000041429,Scotland,http://data.ordnancesurvey.co.uk/id/country/scotland,,,
osgb4000000007146757,http://data.ordnancesurvey.co.uk/id/4000000007146757,Houghton Park,,,,transportNetwork,Named Road,348511.000,587783.000,1000,20000,348478.000,587745.000,348585.000,587800.000,TD9,http://data.ordnancesurvey.co.uk/id/postcodedistrict/TD9,Copshaw Holm / Newcastleton,http://data.ordnancesurvey.co.uk/id/4000000074548454,http://www.ordnancesurvey.co.uk/xml/codelists/localtype.xml#village,,,,Scottish Borders,http://data.ordnancesurvey.co.uk/id/7000000000036552,http://data.ordnancesurvey.co.uk/ontology/admingeo/UnitaryAuthority,Scotland,http://data.ordnancesurvey.co.uk/id/7000000000041429,Scotland,http://data.ordnancesurvey.co.uk/id/country/scotland,,,
osgb4000000007147917,http://data.ordnancesurvey.co.uk/id/4000000007147917,North Liddle Street,,,,transportNetwork,Named Road,348580.000,587671.000,1000,20000,348530.519,587577.438,348581.000,587674.000,TD9,http://data.ordnancesurvey.co.uk/id/postcodedistrict/TD9,Copshaw Holm / Newcastleton,http://data.ordnancesurvey.co.uk/id/4000000074548454,http://www.ordnancesurvey.co.uk/xml/codelists/localtype.xml#village,,,,Scottish Borders,http://data.ordnancesurvey.co.uk/id/7000000000036552,http://data.ordnancesurvey.co.uk/ontology/admingeo/UnitaryAuthority,Scotland,http://data.ordnancesurvey.co.uk/id/7000000000041429,Scotland,http://data.ordnancesurvey.co.uk/id/country/scotland,,,
osgb4000000007147912,http://data.ordnancesurvey.co.uk/id/4000000007147912,Walter Street,,,,transportNetwork,Named Road,348250.000,587223.195,1000,20000,348170.000,587206.000,348282.000,587267.000,TD9,http://data.ordnancesurvey.co.uk/id/postcodedistrict/TD9,Copshaw Holm / Newcastleton,http://data.ordnancesurvey.co.uk/id/4000000074548454,http://www.ordnancesurvey.co.uk/xml/codelists/localtype.xml#village,,,,Scottish Borders,http://data.ordnancesurvey.co.uk/id/7000000000036552,http://data.ordnancesurvey.co.uk/ontology/admingeo/UnitaryAuthority,Scotland,http://data.ordnancesurvey.co.uk/id/7000000000041429,Scotland,http://data.ordnancesurvey.co.uk/id/country/scotland,,,
osgb5000005193197065,http://data.ordnancesurvey.co.uk/id/5000005193197065,North Hermitage Sqaure,,,,transportNetwork,Named Road,348458.322,587829.886,1000,20000,348452.648,587800.000,348503.568,587864.446,TD9,http://data.ordnancesurvey.co.uk/id/postcodedistrict/TD9,Copshaw Holm / Newcastleton,http://data.ordnancesurvey.co.uk/id/4000000074548454,http://www.ordnancesurvey.co.uk/xml/codelists/localtype.xml#village,,,,Scottish Borders,http://data.ordnancesurvey.co.uk/id/7000000000036552,http://data.ordnancesurvey.co.uk/ontology/admingeo/UnitaryAuthority,Scotland,http://data.ordnancesurvey.co.uk/id/7000000000041429,Scotland,http://data.ordnancesurvey.co.uk/id/country/scotland,,,
osgb4000000007147909,http://data.ordnancesurvey.co.uk/id/4000000007147909,Douglas Square,,,,transportNetwork,Named Road,348309.000,587525.000,1000,20000,348309.000,587525.000,348352.000,587603.000,TD9,http://data.ordnancesurvey.co.uk/id/postcodedistrict/TD9,Copshaw Holm / Newcastleton,http://data.ordnancesurvey.co.uk/id/4000000074548454,http://www.ordnancesurvey.co.uk/xml/codelists/localtype.xml#village,,,,Scottish Borders,http://data.ordnancesurvey.co.uk/id/7000000000036552,http://data.ordnancesurvey.co.uk/ontology/admingeo/UnitaryAuthority,Scotland,http://data.ordnancesurvey.co.uk/id/7000000000041429,Scotland,http://data.ordnancesurvey.co.uk/id/country/scotland,,,
osgb4000000007147914,http://data.ordnancesurvey.co.uk/id/4000000007147914,South Hermitage Square,,,,transportNetwork,Named Road,348185.333,587325.099,1000,20000,348157.664,587259.017,348213.322,587325.099,TD9,http://data.ordnancesurvey.co.uk/id/postcodedistrict/TD9,Copshaw Holm / Newcastleton,http://data.ordnancesurvey.co.uk/id/4000000074548454,http://www.ordnancesurvey.co.uk/xml/codelists/localtype.xml#village,,,,Scottish Borders,http://data.ordnancesurvey.co.uk/id/7000000000036552,http://data.ordnancesurvey.co.uk/ontology/admingeo/UnitaryAuthority,Scotland,http://data.ordnancesurvey.co.uk/id/7000000000041429,Scotland,http://data.ordnancesurvey.co.uk/id/country/scotland,,,
osgb4000000007147910,http://data.ordnancesurvey.co.uk/id/4000000007147910,Stopford Street,,,,transportNetwork,Named Road,348250.000,587291.085,1000,20000,348198.000,587248.512,348324.538,587318.000,TD9,http://data.ordnancesurvey.co.uk/id/postcodedistrict/TD9,Copshaw Holm / Newcastleton,http://data.ordnancesurvey.co.uk/id/4000000074548454,http://www.ordnancesurvey.co.uk/xml/codelists/localtype.xml#village,,,,Scottish Borders,http://data.ordnancesurvey.co.uk/id/7000000000036552,http://data.ordnancesurvey.co.uk/ontology/admingeo/UnitaryAuthority,Scotland,http://data.ordnancesurvey.co.uk/id/7000000000041429,Scotland,http://data.ordnancesurvey.co.uk/id/country/scotland,,,
osgb4000000007147911,http://data.ordnancesurvey.co.uk/id/4000000007147911,Buccleuch Terrace,,,,transportNetwork,Named Road,348094.794,587148.656,1000,20000,348031.685,587142.000,348104.000,587188.779,TD9,http://data.ordnancesurvey.co.uk/id/postcodedistrict/TD9,Copshaw Holm / Newcastleton,http://data.ordnancesurvey.co.uk/id/4000000074548454,http://www.ordnancesurvey.co.uk/xml/codelists/localtype.xml#village,,,,Scottish Borders,http://data.ordnancesurvey.co.uk/id/7000000000036552,http://data.ordnancesurvey.co.uk/ontology/admingeo/UnitaryAuthority,Scotland,http://data.ordnancesurvey.co.uk/id/7000000000041429,Scotland,http://data.ordnancesurvey.co.uk/id/country/scotland,,,
osgb4000000007148480,http://data.ordnancesurvey.co.uk/id/4000000007148480,Oliver Place,,,,transportNetwork,Named Road,348498.633,587666.148,1000,20000,348490.012,587658.000,348521.912,587707.071,TD9,http://data.ordnancesurvey.co.uk/id/postcodedistrict/TD9,Copshaw Holm / Newcastleton,http://data.ordnancesurvey.co.uk/id/4000000074548454,http://www.ordnancesurvey.co.uk/xml/codelists/localtype.xml#village,,,,Scottish Borders,http://data.ordnancesurvey.co.uk/id/7000000000036552,http://data.ordnancesurvey.co.uk/ontology/admingeo/UnitaryAuthority,Scotland,http://data.ordnancesurvey.co.uk/id/7000000000041429,Scotland,http://data.ordnancesurvey.co.uk/id/country/scotland,,,
osgb4000000007146755,http://data.ordnancesurvey.co.uk/id/4000000007146755,Whitchester Lane,,,,transportNetwork,Named Road,348433.000,587630.000,1000,20000,348381.000,587577.438,348530.519,587658.000,TD9,http://data.ordnancesurvey.co.uk/id/postcodedistrict/TD9,Copshaw Holm / Newcastleton,http://data.ordnancesurvey.co.uk/id/4000000074548454,http://www.ordnancesurvey.co.uk/xml/codelists/localtype.xml#village,,,,Scottish Borders,http://data.ordnancesurvey.co.uk/id/7000000000036552,http://data.ordnancesurvey.co.uk/ontology/admingeo/UnitaryAuthority,Scotland,http://data.ordnancesurvey.co.uk/id/7000000000041429,Scotland,http://data.ordnancesurvey.co.uk/id/country/scotland,,,
TD90SW,http://data.ordnancesurvey.co.uk/id/postcodeunit/TD90SW,TD9 0SW,,,,other,Postcode,356383.000,596659.000,3500,18000,,,,,,,Saughtree,http://data.ordnancesurvey.co.uk/id/4000000074549942,http://www.ordnancesurvey.co.uk/xml/codelists/localtype.xml#otherSettlement,,,,Scottish Borders,http://data.ordnancesurvey.co.uk/id/7000000000036552,http://data.ordnancesurvey.co.uk/ontology/admingeo/UnitaryAuthority,Scotland,http://data.ordnancesurvey.co.uk/id/7000000000041429,Scotland,http://data.ordnancesurvey.co.uk/id/country/scotland,,,
TD90RE,http://data.ordnancesurvey.co.uk/id/postcodeunit/TD90RE,TD9 0RE,,,,other,Postcode,348511.000,587752.000,3500,18000,,,,,,,Copshaw Holm / Newcastleton,http://data.ordnancesurvey.co.uk/id/4000000074548454,http://www.ordnancesurvey.co.uk/xml/codelists/localtype.xml#village,,,,Scottish Borders,http://data.ordnancesurvey.co.uk/id/7000000000036552,http://data.ordnancesurvey.co.uk/ontology/admingeo/UnitaryAuthority,Scotland,http://data.ordnancesurvey.co.uk/id/7000000000041429,Scotland,http://data.ordnancesurvey.co.uk/id/country/scotland,,,
TD90QE,http://data.ordnancesurvey.co.uk/id/postcodeunit/TD90QE,TD9 0QE,,,,other,Postcode,348214.000,587368.000,3500,18000,,,,,,,Copshaw Holm / Newcastleton,http://data.ordnancesurvey.co.uk/id/4000000074548454,http://www.ordnancesurvey.co.uk/xml/codelists/localtype.xml#village,,,,Scottish Borders,http://data.ordnancesurvey.co.uk/id/7000000000036552,http://data.ordnancesurvey.co.uk/ontology/admingeo/UnitaryAuthority,Scotland,http://data.ordnancesurvey.co.uk/id/7000000000041429,Scotland,http://data.ordnancesurvey.co.uk/id/country/scotland,,,
TD90QG,http://data.ordnancesurvey.co.uk/id/postcodeunit/TD90QG,TD9 0QG,,,,other,Postcode,348144.000,587243.000,3500,18000,,,,,,,Copshaw Holm / Newcastleton,http://data.ordnancesurvey.co.uk/id/4000000074548454,http://www.ordnancesurvey.co.uk/xml/codelists/localtype.xml#village,,,,Scottish Borders,http://data.ordnancesurvey.co.uk/id/7000000000036552,http://data.ordnancesurvey.co.uk/ontology/admingeo/UnitaryAuthority,Scotland,http://data.ordnancesurvey.co.uk/id/7000000000041429,Scotland,http://data.ordnancesurvey.co.uk/id/country/scotland,,,
osgb4000000007147918,http://data.ordnancesurvey.co.uk/id/4000000007147918,Moss Road,,,,transportNetwork,Named Road,348363.274,587795.382,1000,20000,348336.077,587756.862,348435.909,587809.966,TD9,http://data.ordnancesurvey.co.uk/id/postcodedistrict/TD9,Copshaw Holm / Newcastleton,http://data.ordnancesurvey.co.uk/id/4000000074548454,http://www.ordnancesurvey.co.uk/xml/codelists/localtype.xml#village,,,,Scottish Borders,http://data.ordnancesurvey.co.uk/id/7000000000036552,http://data.ordnancesurvey.co.uk/ontology/admingeo/UnitaryAuthority,Scotland,http://data.ordnancesurvey.co.uk/id/7000000000041429,Scotland,http://data.ordnancesurvey.co.uk/id/country/scotland,,,
osgb4000000007146748,http://data.ordnancesurvey.co.uk/id/4000000007146748,Langholm Street,,,,transportNetwork,Named Road,348190.827,587588.678,2000,20000,348076.000,587525.000,348309.000,587668.000,TD9,http://data.ordnancesurvey.co.uk/id/postcodedistrict/TD9,Copshaw Holm / Newcastleton,http://data.ordnancesurvey.co.uk/id/4000000074548454,http://www.ordnancesurvey.co.uk/xml/codelists/localtype.xml#village,,,,Scottish Borders,http://data.ordnancesurvey.co.uk/id/7000000000036552,http://data.ordnancesurvey.co.uk/ontology/admingeo/UnitaryAuthority,Scotland,http://data.ordnancesurvey.co.uk/id/7000000000041429,Scotland,http://data.ordnancesurvey.co.uk/id/country/scotland,,,
osgb4000000007148481,http://data.ordnancesurvey.co.uk/id/4000000007148481,Moss Place,,,,transportNetwork,Named Road,348395.272,587857.205,1000,20000,348363.274,587795.382,348414.459,587889.618,TD9,http://data.ordnancesurvey.co.uk/id/postcodedistrict/TD9,Copshaw Holm / Newcastleton,http://data.ordnancesurvey.co.uk/id/4000000074548454,http://www.ordnancesurvey.co.uk/xml/codelists/localtype.xml#village,,,,Scottish Borders,http://data.ordnancesurvey.co.uk/id/7000000000036552,http://data.ordnancesurvey.co.uk/ontology/admingeo/UnitaryAuthority,Scotland,http://data.ordnancesurvey.co.uk/id/7000000000041429,Scotland,http://data.ordnancesurvey.co.uk/id/country/scotland,,,
